id,category_id,title,content,display_order,created_at,updated_at,test_id
92,1,Trạng ngữ (Adverbial),"
# Trạng ngữ (Adverbial)

## 1. Khái niệm

Adverbial (A) là trạng ngữ, cung cấp thêm thông tin về:

- thời gian
- địa điểm
- cách thức
- tần suất
- nguyên nhân

## 2. Trạng ngữ thời gian

The manager arrived yesterday.

yesterday = thời gian

## 3. Trạng ngữ địa điểm

She works in the office.

in the office = địa điểm

## 4. Trạng ngữ cách thức

He works carefully.

carefully = cách thức

## 5. Trạng ngữ có thể đứng ở nhiều vị trí

Yesterday, the manager arrived.

The manager arrived yesterday.

## 6. Mẹo TOEIC

Trạng ngữ thường có thể được di chuyển hoặc loại bỏ mà câu vẫn giữ được cấu trúc chính.

Ví dụ:

The manager works.

The manager works in the office.

",6,2026-08-08 18:01:10.540921,2026-08-08 18:01:10.540921,
94,1,Cấu trúc S + V + O,"
# Cấu trúc S + V + O

## 1. Công thức

S + V + O

S = Subject
V = Verb
O = Object

## 2. Ví dụ

She reads the report.

She = S
reads = V
the report = O

The manager checks the documents.

The manager = S
checks = V
the documents = O

## 3. Đặc điểm

Động từ trong cấu trúc này thường là ngoại động từ, cần có Object để hoàn chỉnh ý nghĩa.

## 4. Mẹo TOEIC

Nếu sau động từ cần một đối tượng chịu tác động, hãy kiểm tra cấu trúc S + V + O.

",8,2026-08-08 18:01:10.540921,2026-08-08 18:01:10.540921,
95,1,Cấu trúc S + V + C,"
# Cấu trúc S + V + C

## 1. Công thức

S + V + C

C = Complement

## 2. Ví dụ

She is a manager.

She = S
is = V
a manager = C

The office is large.

The office = S
is = V
large = C

## 3. Động từ thường gặp

Cấu trúc này thường xuất hiện với linking verbs:

- be
- become
- seem
- look
- feel
- sound

Ví dụ:

The plan seems effective.

## 4. Phân biệt

S + V + O:

She reads a report.

S + V + C:

She is a manager.

",9,2026-08-08 18:01:10.540921,2026-08-08 18:01:10.540921,
96,1,Cấu trúc S + V + O + O,"
# Cấu trúc S + V + O + O

## 1. Công thức

S + V + O + O

Có hai tân ngữ:

- Indirect Object (IO): tân ngữ gián tiếp
- Direct Object (DO): tân ngữ trực tiếp

## 2. Ví dụ

She gave me a report.

She = S
gave = V
me = IO
a report = DO

## 3. Một số động từ thường gặp

- give
- send
- show
- tell
- offer
- lend
- buy

Ví dụ:

The manager sent me an email.

## 4. Cách hiểu

Người nhận = tân ngữ gián tiếp.

Vật được trao/gửi = tân ngữ trực tiếp.

",10,2026-08-08 18:01:10.540921,2026-08-08 18:01:10.540921,
97,1,Cấu trúc S + V + O + C,"
# Cấu trúc S + V + O + C

## 1. Công thức

S + V + O + C

C = bổ ngữ cho Object.

## 2. Ví dụ

They elected him president.

They = S
elected = V
him = O
president = C

## 3. Một số động từ thường gặp

- make
- call
- name
- elect
- consider
- find

Ví dụ:

The company appointed John manager.

John = Object
manager = Complement

## 4. Phân biệt với S + V + O + O

S + V + O + O:

She gave me a book.

""me"" và ""a book"" đều là Object.

S + V + O + C:

They made him manager.

""him"" = Object
""manager"" = Complement.

",11,2026-08-08 18:01:10.540921,2026-08-08 18:01:10.540921,
98,1,Câu khẳng định,"
# Câu khẳng định

## 1. Khái niệm

Câu khẳng định dùng để đưa ra một thông tin hoặc khẳng định một sự việc.

## 2. Cấu trúc cơ bản

S + V + ...

Ví dụ:

She works at the company.

The manager checks the report.

## 3. Với động từ TO BE

S + be + ...

Ví dụ:

She is a manager.

They are busy.

## 4. Với động từ thường

S + V + ...

Ví dụ:

He works every day.

She studies English.

## 5. Mẹo TOEIC

Hãy xác định chủ ngữ và động từ trước, sau đó mới xác định các thành phần còn lại.

",12,2026-08-08 18:01:10.540921,2026-08-08 18:01:10.540921,
99,1,Câu phủ định,"
# Câu phủ định

## 1. Với động từ TO BE

S + be + not + ...

Ví dụ:

She is not busy.

They are not ready.

## 2. Với động từ thường

S + do/does + not + V nguyên mẫu

Ví dụ:

She does not work here.

They do not work here.

## 3. Với quá khứ đơn

S + did not + V nguyên mẫu

Ví dụ:

He did not attend the meeting.

## 4. Lưu ý

Sau do, does hoặc did, động từ chính phải trở về dạng nguyên mẫu.

Sai:

She does not works here.

Đúng:

She does not work here.

## 5. Mẹo TOEIC

Đây là một bẫy thường gặp trong câu hỏi ngữ pháp: sau does/did không chia động từ chính.

",13,2026-08-08 18:01:10.540921,2026-08-08 18:01:10.540921,
100,1,Câu nghi vấn,"
# Câu nghi vấn

## 1. Câu hỏi Yes/No

Với TO BE:

Be + S + ...?

Ví dụ:

Is she a manager?

Are they ready?

Với động từ thường:

Do/Does + S + V...?

Ví dụ:

Does she work here?

Do they need help?

## 2. Câu hỏi WH

Từ hỏi thường gặp:

- What
- Where
- When
- Why
- Who
- How

Ví dụ:

Where does she work?

When does the meeting start?

## 3. Lưu ý

Sau do/does/did, động từ chính dùng dạng nguyên mẫu.

Does he works here? ❌

Does he work here? ✅

## 4. Mẹo TOEIC

Khi gặp câu hỏi, xác định:

1. Từ để hỏi
2. Trợ động từ
3. Chủ ngữ
4. Động từ chính

",14,2026-08-08 18:01:10.540921,2026-08-08 18:01:10.540921,
101,1,Câu mệnh lệnh,"
# Câu mệnh lệnh

## 1. Khái niệm

Câu mệnh lệnh dùng để yêu cầu, hướng dẫn hoặc ra lệnh cho người khác thực hiện một hành động.

## 2. Công thức

V nguyên mẫu + ...

Ví dụ:

Open the door.

Close the window.

Check the report.

## 3. Câu mệnh lệnh phủ định

Do not + V nguyên mẫu

Ví dụ:

Do not open the door.

Don't forget the meeting.

## 4. Mệnh lệnh lịch sự

Please + V nguyên mẫu.

Ví dụ:

Please send the report.

Please check this document.

## 5. Mẹo TOEIC

Câu mệnh lệnh thường không có chủ ngữ được viết ra. Chủ ngữ ngầm hiểu là ""you"".

",15,2026-08-08 18:01:10.540921,2026-08-08 18:01:10.540921,
113,3,Danh từ số ít,"
# Danh từ số ít

## 1. Khái niệm

Danh từ số ít (Singular Noun) dùng để chỉ một người, một vật hoặc một sự việc.

Ví dụ:

- employee
- manager
- company
- office
- report

## 2. Với danh từ đếm được

Danh từ đếm được số ít thường cần một từ hạn định đi trước.

Ví dụ:

a manager

an employee

the company

my office

## 3. A và AN

Dùng ""a"" trước âm phụ âm:

a manager

a company

Dùng ""an"" trước âm nguyên âm:

an employee

an office

## 4. Ví dụ

The manager is busy.

A customer called the office.

## 5. Mẹo TOEIC

Không nên để danh từ đếm được số ít đứng một mình trong những trường hợp cần từ hạn định.

Ví dụ:

I am manager. ❌

I am a manager. ✅

",2,2026-08-08 18:01:10.540921,2026-08-08 18:01:10.540921,
135,5,Động từ Have,"
# Động từ Have

## 1. Khái niệm

Have là động từ thường dùng để diễn tả:

- sở hữu
- có
- trải nghiệm
- thực hiện một số hoạt động

Các dạng thường gặp:

- have
- has
- had

## 2. Have ở hiện tại

Dùng **have** với:

- I
- you
- we
- they

Ví dụ:

They have a meeting.

Dùng **has** với:

- he
- she
- it

Ví dụ:

She has a new computer.

## 3. Have ở quá khứ

Had được dùng với mọi chủ ngữ.

Ví dụ:

She had a meeting yesterday.

They had a problem.

## 4. Have mang nghĩa sở hữu

Ví dụ:

The company has three offices.

She has a new laptop.

## 5. Phủ định

Với have là động từ thường, dùng do/does/did.

Ví dụ:

I do not have enough time.

She does not have a car.

They did not have a meeting.

## 6. Lưu ý

Sau does/did, dùng have nguyên mẫu.

She doesn't has a car. ❌

She doesn't have a car. ✅
",4,2026-08-08 18:01:10.540921,2026-08-08 18:01:10.540921,
102,2,Tổng quan về từ loại,"
# Tổng quan về từ loại

## 1. Từ loại là gì?

Từ loại (Parts of Speech) là cách phân loại các từ dựa trên chức năng và cách sử dụng của chúng trong câu.

Trong tiếng Anh cơ bản, các từ loại quan trọng gồm:

- Noun (N): Danh từ
- Verb (V): Động từ
- Adjective (Adj): Tính từ
- Adverb (Adv): Trạng từ
- Pronoun (Pron): Đại từ
- Preposition (Prep): Giới từ
- Conjunction (Conj): Liên từ

## 2. Danh từ – Noun

Danh từ dùng để chỉ người, vật, địa điểm hoặc sự việc.

Ví dụ:

The manager works here.

""manager"" = Noun

## 3. Động từ – Verb

Động từ diễn tả hành động hoặc trạng thái.

Ví dụ:

She works every day.

""works"" = Verb

## 4. Tính từ – Adjective

Tính từ mô tả danh từ.

Ví dụ:

The office is large.

""large"" = Adjective

## 5. Trạng từ – Adverb

Trạng từ bổ nghĩa cho động từ, tính từ hoặc trạng từ khác.

Ví dụ:

She works carefully.

""carefully"" = Adverb

## 6. Đại từ – Pronoun

Đại từ được dùng thay thế cho danh từ.

Ví dụ:

John is a manager. He works here.

""He"" = Pronoun

## 7. Giới từ – Preposition

Giới từ thể hiện mối quan hệ giữa các thành phần trong câu.

Ví dụ:

She works in the office.

""in"" = Preposition

## 8. Liên từ – Conjunction

Liên từ dùng để nối các từ, cụm từ hoặc mệnh đề.

Ví dụ:

She works hard and studies English.

""and"" = Conjunction

## 9. Mẹo TOEIC

Trong Part 5, việc nhận biết từ loại rất quan trọng.

Nếu chỗ trống nằm trước danh từ, có thể cần một tính từ.

Nếu chỗ trống đứng sau chủ ngữ và cần hành động, có thể cần động từ.

Nếu chỗ trống bổ nghĩa cho động từ, có thể cần trạng từ.

",1,2026-08-08 18:01:10.540921,2026-08-08 18:01:10.540921,
104,2,Động từ (Verb),"
# Động từ (Verb)

## 1. Khái niệm

Verb (V) là động từ, dùng để diễn tả:

- hành động
- trạng thái
- sự tồn tại

Ví dụ:

work
study
send
receive
be
have

## 2. Động từ hành động

Ví dụ:

The employee sends an email.

""sends"" = Verb

## 3. Động từ trạng thái

Ví dụ:

She knows the answer.

""knows"" = Verb

## 4. Động từ TO BE

Các dạng cơ bản:

- am
- is
- are
- was
- were

Ví dụ:

The office is large.

""is"" = Verb

## 5. Động từ trong câu

Một câu hoàn chỉnh thường cần một động từ chính.

Ví dụ:

The manager works here.

The manager = Subject
works = Verb

## 6. Mẹo TOEIC

Nếu câu đã có chủ ngữ nhưng chưa có động từ chính, hãy kiểm tra các đáp án có dạng động từ.

",3,2026-08-08 18:01:10.540921,2026-08-08 18:01:10.540921,
105,2,Tính từ (Adjective),"
# Tính từ (Adjective)

## 1. Khái niệm

Adjective (Adj) là tính từ, dùng để mô tả hoặc bổ nghĩa cho danh từ.

Ví dụ:

a large office

""large"" = Adjective
""office"" = Noun

## 2. Tính từ đứng trước danh từ

Cấu trúc:

Adjective + Noun

Ví dụ:

a new employee

a successful company

an important meeting

## 3. Tính từ sau TO BE

Tính từ có thể đứng sau động từ TO BE để mô tả chủ ngữ.

Ví dụ:

The office is large.

The employees are busy.

## 4. Tính từ sau linking verbs

Một số linking verbs thường gặp:

- become
- seem
- look
- feel
- sound

Ví dụ:

The plan seems effective.

## 5. Mẹo TOEIC

Khi chỗ trống đứng ngay trước một danh từ, hãy kiểm tra khả năng cần Adjective.

Ví dụ:

The company hired a ___ manager.

A. success
B. successfully
C. successful
D. succeed

Đáp án: C. successful

",4,2026-08-08 18:01:10.540921,2026-08-08 18:01:10.540921,
106,2,Trạng từ (Adverb),"
# Trạng từ (Adverb)

## 1. Khái niệm

Adverb (Adv) là trạng từ, dùng để bổ nghĩa cho:

- động từ
- tính từ
- trạng từ khác
- đôi khi toàn bộ câu

Ví dụ:

She works carefully.

""carefully"" = Adverb

## 2. Trạng từ bổ nghĩa cho động từ

Ví dụ:

He works carefully.

carefully bổ nghĩa cho works.

## 3. Trạng từ bổ nghĩa cho tính từ

Ví dụ:

The office is very large.

""very"" bổ nghĩa cho ""large"".

## 4. Trạng từ chỉ cách thức

Các trạng từ như:

- carefully
- quickly
- slowly
- efficiently

Ví dụ:

She completed the task quickly.

## 5. Dấu hiệu nhận biết

Nhiều trạng từ được thành lập bằng:

Adjective + ly

Ví dụ:

careful → carefully

quick → quickly

efficient → efficiently

Tuy nhiên, không phải mọi trạng từ đều có đuôi -ly.

## 6. Mẹo TOEIC

Nếu chỗ trống dùng để bổ nghĩa cho động từ, hãy kiểm tra khả năng cần trạng từ.

",5,2026-08-08 18:01:10.540921,2026-08-08 18:01:10.540921,
107,2,Đại từ (Pronoun),"
# Đại từ (Pronoun)

## 1. Khái niệm

Pronoun (Pron) là đại từ, dùng để thay thế cho danh từ hoặc cụm danh từ.

Ví dụ:

John is a manager. He works here.

""He"" thay thế cho ""John"".

## 2. Đại từ nhân xưng

Một số đại từ thường gặp:

- I
- you
- he
- she
- it
- we
- they

Ví dụ:

She works at the company.

## 3. Đại từ làm chủ ngữ

Ví dụ:

He works here.

""They"" are employees.

## 4. Đại từ làm tân ngữ

Một số dạng:

- me
- you
- him
- her
- it
- us
- them

Ví dụ:

The manager called me.

""me"" = Object Pronoun

## 5. Đại từ sở hữu

Ví dụ:

This book is mine.

""mine"" = Possessive Pronoun

## 6. Mẹo TOEIC

Khi chỗ trống nằm ở vị trí chủ ngữ hoặc tân ngữ, hãy kiểm tra xem có cần đại từ hay không.

",6,2026-08-08 18:01:10.540921,2026-08-08 18:01:10.540921,
108,2,Giới từ (Preposition),"
# Giới từ (Preposition)

## 1. Khái niệm

Preposition (Prep) là giới từ, dùng để thể hiện mối quan hệ giữa các từ hoặc cụm từ trong câu.

Một số giới từ cơ bản:

- in
- on
- at
- from
- to
- for
- with
- by
- about
- of

## 2. Giới từ chỉ thời gian

Ví dụ:

The meeting starts at 9 a.m.

She works on Monday.

He arrived in June.

## 3. Giới từ chỉ địa điểm

Ví dụ:

She works in the office.

The report is on the desk.

He is at the station.

## 4. Giới từ đi với danh từ

Ví dụ:

information about the company

the manager of the department

## 5. Giới từ đi với đại từ

Ví dụ:

This gift is for him.

She works with them.

## 6. Mẹo TOEIC

Nhiều câu TOEIC kiểm tra việc chọn đúng giới từ trong các cụm từ cố định.

Không nên chỉ dịch từng từ; cần xem xét cả cụm từ.

",7,2026-08-08 18:01:10.540921,2026-08-08 18:01:10.540921,
109,2,Liên từ (Conjunction),"
# Liên từ (Conjunction)

## 1. Khái niệm

Conjunction (Conj) là liên từ, dùng để nối:

- từ với từ
- cụm từ với cụm từ
- mệnh đề với mệnh đề

## 2. Một số liên từ cơ bản

- and
- but
- or
- so
- because
- although

## 3. AND

Dùng để nối các thành phần có ý nghĩa bổ sung.

Ví dụ:

She works and studies English.

## 4. BUT

Dùng để thể hiện sự tương phản.

Ví dụ:

The job is difficult but interesting.

## 5. OR

Dùng để đưa ra lựa chọn.

Ví dụ:

You can call or email us.

## 6. BECAUSE

Dùng để chỉ nguyên nhân.

Ví dụ:

She stayed home because she was sick.

## 7. ALTHOUGH

Dùng để thể hiện sự tương phản/nhượng bộ.

Ví dụ:

Although it was raining, he went to work.

## 8. Mẹo TOEIC

Khi gặp liên từ, hãy xem hai thành phần mà nó nối có phù hợp về cấu trúc hay không.

",8,2026-08-08 18:01:10.540921,2026-08-08 18:01:10.540921,
87,1,Các thành phần cơ bản của câu,"
# Các thành phần cơ bản của câu

## 1. Tổng quan

Một câu tiếng Anh thường được tạo thành từ nhiều thành phần khác nhau. Những thành phần quan trọng nhất gồm:

- Subject (S): Chủ ngữ
- Verb (V): Động từ
- Object (O): Tân ngữ
- Complement (C): Bổ ngữ
- Adverbial (A): Trạng ngữ

Các thành phần này kết hợp với nhau để tạo thành những cấu trúc câu khác nhau.

## 2. Chủ ngữ – Subject

Chủ ngữ là người, vật hoặc sự việc thực hiện hành động hoặc được nói đến trong câu.

Ví dụ:

The manager works hard.
→ Người quản lý làm việc chăm chỉ.

The employees are busy.
→ Các nhân viên đang bận.

## 3. Động từ – Verb

Động từ diễn tả hành động hoặc trạng thái.

Ví dụ:

She works every day.
→ Cô ấy làm việc mỗi ngày.

The office is large.
→ Văn phòng rộng.

## 4. Tân ngữ – Object

Tân ngữ là đối tượng chịu tác động của hành động.

Ví dụ:

She reads the report.

She = Subject
reads = Verb
the report = Object

## 5. Bổ ngữ – Complement

Bổ ngữ cung cấp thông tin bổ sung cho chủ ngữ hoặc tân ngữ.

Ví dụ:

She is a manager.

a manager = Complement

## 6. Trạng ngữ – Adverbial

Trạng ngữ cung cấp thông tin về thời gian, địa điểm, cách thức hoặc nguyên nhân.

Ví dụ:

He works in the office.

in the office = Adverbial

## 7. Mẹo TOEIC

Trong Part 5, hãy xác định trước:

1. Chủ ngữ ở đâu?
2. Động từ chính ở đâu?
3. Sau động từ có cần Object hoặc Complement không?

Nắm được thành phần câu sẽ giúp xác định nhanh cấu trúc của câu.
",1,2026-08-08 18:01:10.540921,2026-08-08 18:01:10.540921,
88,1,Chủ ngữ (Subject),"
# Chủ ngữ (Subject)

## 1. Khái niệm

Subject (S) là chủ ngữ của câu. Chủ ngữ thường là người, vật hoặc sự việc thực hiện hành động hoặc được mô tả.

## 2. Vị trí

Chủ ngữ thường đứng trước động từ.

Cấu trúc:

S + V

Ví dụ:

The manager works.
→ Người quản lý làm việc.

The employees work.
→ Các nhân viên làm việc.

## 3. Chủ ngữ có thể là

### Danh từ

The company is successful.

### Đại từ

She works here.

### Cụm danh từ

The new manager works here.

## 4. Mẹo TOEIC

Khi gặp câu Part 5, hãy tìm chủ ngữ trước rồi xác định động từ cần chia theo chủ ngữ.

Ví dụ:

The manager ___ every day.

A. work
B. works
C. working
D. worked

Đáp án: B. works

Vì chủ ngữ ""The manager"" là số ít.
",2,2026-08-08 18:01:10.540921,2026-08-08 18:01:10.540921,
89,1,Động từ (Verb),"
# Động từ (Verb)

## 1. Khái niệm

Verb (V) là động từ. Động từ diễn tả hành động hoặc trạng thái của chủ thể.

Ví dụ:

The employee works.

She studies English.

The company is successful.

## 2. Động từ hành động

Các động từ như:

- work
- study
- open
- close
- send
- receive

Ví dụ:

The employee sends an email.

## 3. Động từ trạng thái

Một số động từ mô tả trạng thái:

- be
- know
- like
- need
- want

Ví dụ:

She knows the answer.

## 4. Động từ trong câu

Câu tiếng Anh hoàn chỉnh thường cần có động từ chính.

Ví dụ:

The manager works here.

S = The manager
V = works

## 5. Mẹo TOEIC

Nếu câu đã có chủ ngữ nhưng thiếu động từ chính, đáp án thường cần một dạng động từ phù hợp.

",3,2026-08-08 18:01:10.540921,2026-08-08 18:01:10.540921,
90,1,Tân ngữ (Object),"
# Tân ngữ (Object)

## 1. Khái niệm

Object (O) là tân ngữ, thường là người hoặc vật chịu tác động của hành động.

Ví dụ:

She reads the report.

She = Subject
reads = Verb
the report = Object

## 2. Vị trí

Tân ngữ thường đứng sau động từ ngoại động từ.

Cấu trúc:

S + V + O

Ví dụ:

The manager checks the document.

The manager = S
checks = V
the document = O

## 3. Tân ngữ có thể là

Danh từ:

She opened the door.

Đại từ:

The manager called me.

Cụm danh từ:

We received the new report.

## 4. Mẹo TOEIC

Nếu sau động từ cần một đối tượng chịu tác động, hãy kiểm tra khả năng xuất hiện của Object.

",4,2026-08-08 18:01:10.540921,2026-08-08 18:01:10.540921,
91,1,Bổ ngữ (Complement),"
# Bổ ngữ (Complement)

## 1. Khái niệm

Complement (C) là bổ ngữ, cung cấp thông tin cần thiết để hoàn chỉnh ý nghĩa của câu.

## 2. Bổ ngữ cho chủ ngữ

Cấu trúc:

S + V + C

Ví dụ:

She is a manager.

She = S
is = V
a manager = C

## 3. Bổ ngữ có thể là tính từ

The office is large.

large = Complement

## 4. Bổ ngữ có thể là danh từ

He is a teacher.

a teacher = Complement

## 5. Phân biệt Object và Complement

Object nhận tác động của hành động.

She reads a book.

""a book"" = Object

Complement mô tả hoặc xác định chủ thể.

She is a teacher.

""a teacher"" = Complement

## 6. Mẹo TOEIC

Sau các linking verbs như be, become, seem, feel, look, sound, thường có Complement.

",5,2026-08-08 18:01:10.540921,2026-08-08 18:01:10.540921,
93,1,Cấu trúc S + V,"
# Cấu trúc S + V

## 1. Công thức

S + V

Trong đó:

S = Subject
V = Verb

Đây là cấu trúc câu cơ bản nhất.

## 2. Ví dụ

Employees work.

Employees = S
work = V

The manager arrived.

The manager = S
arrived = V

## 3. Động từ không cần tân ngữ

Một số động từ có thể sử dụng mà không cần Object.

Ví dụ:

The baby sleeps.

The meeting ended.

The employees arrived.

## 4. Mẹo TOEIC

Nếu động từ không cần Object thì không nên cố thêm một danh từ làm tân ngữ.

",7,2026-08-08 18:01:10.540921,2026-08-08 18:01:10.540921,
185,10,Liên từ ALTHOUGH,"

# Liên từ ALTHOUGH

## 1. Ý nghĩa

Although có nghĩa là ""mặc dù"", dùng để diễn tả sự tương phản giữa hai mệnh đề.

## 2. Cấu trúc

Although + S + V, S + V.

Ví dụ:

Although it was raining, we went outside.

## 3. Although ở giữa câu

We went outside although it was raining.

## 4. Không dùng BUT cùng với ALTHOUGH

Sai:

Although it was raining, but we went outside.

Đúng:

Although it was raining, we went outside.

Hoặc:

It was raining, but we went outside.

## 5. Mẹo TOEIC

Nếu đã dùng ALTHOUGH để mở đầu mệnh đề nhượng bộ thì không thêm BUT trong cùng cấu trúc.

",7,2026-08-08 18:01:10.540921,2026-08-08 18:01:10.540921,
103,2,Danh từ (Noun),"
# Danh từ (Noun)

## 1. Khái niệm

Noun (N) là danh từ, dùng để chỉ:

- người
- vật
- địa điểm
- sự việc
- ý tưởng

Ví dụ:

manager
company
office
meeting
information

## 2. Ví dụ trong câu

The manager checks the report.

""manager"" = Noun

The company is successful.

""company"" = Noun

## 3. Vị trí thường gặp

Danh từ có thể đứng:

- Sau mạo từ
- Sau tính từ
- Làm chủ ngữ
- Làm tân ngữ

Ví dụ:

The new manager arrived.

new = Adjective
manager = Noun

## 4. Danh từ làm chủ ngữ

The employee works hard.

""employee"" là chủ ngữ và là danh từ.

## 5. Danh từ làm tân ngữ

She reads the report.

""report"" là tân ngữ và là danh từ.

## 6. Mẹo TOEIC

Khi gặp chỗ trống trước một động từ, hãy kiểm tra xem vị trí đó có cần danh từ làm chủ ngữ hay không.

",2,2026-08-08 18:01:10.540921,2026-08-08 18:01:10.540921,
180,10,Liên từ AND,"

# Liên từ AND

## 1. Ý nghĩa

And có nghĩa là ""và"", dùng để nối những thành phần có cùng vai trò hoặc nối các ý bổ sung cho nhau.

## 2. Nối từ

The manager and the assistant are working.

## 3. Nối cụm từ

She likes reading and listening to music.

## 4. Nối mệnh đề

The company opened a new office, and sales increased.

## 5. Mẹo TOEIC

Khi hai phần được nối có ý nghĩa bổ sung hoặc liệt kê, AND thường là lựa chọn phù hợp.

",2,2026-08-08 18:01:10.540921,2026-08-08 18:01:10.540921,
182,10,Liên từ OR,"

# Liên từ OR

## 1. Ý nghĩa

Or có nghĩa là ""hoặc"", dùng để đưa ra lựa chọn hoặc khả năng thay thế.

## 2. Cấu trúc

A or B

Ví dụ:

You can call me or send me an email.

## 3. Nối mệnh đề

You can stay here, or you can leave now.

## 4. Trong câu hỏi

Would you like tea or coffee?

## 5. Mẹo TOEIC

Khi câu thể hiện sự lựa chọn giữa hai hoặc nhiều khả năng, OR thường được sử dụng.

",4,2026-08-08 18:01:10.540921,2026-08-08 18:01:10.540921,
198,12,Cách sử dụng hiện tại tiếp diễn,"
# Cách sử dụng hiện tại tiếp diễn

## 1. Hành động đang xảy ra tại thời điểm nói

Ví dụ:

She is talking to a customer.

→ Cô ấy đang nói chuyện với một khách hàng.

The employees are working.

→ Các nhân viên đang làm việc.

## 2. Hành động đang diễn ra xung quanh hiện tại

Không nhất thiết hành động phải xảy ra đúng tại thời điểm nói.

Ví dụ:

I am studying English this month.

→ Tôi đang học tiếng Anh trong tháng này.

## 3. Tình huống tạm thời

Ví dụ:

She is working at the Seoul office this week.

→ Cô ấy đang làm việc tại văn phòng Seoul tuần này.

## 4. Mẹo TOEIC

Các từ như:

- now
- right now
- at the moment
- currently

thường gợi ý hiện tại tiếp diễn.
",2,2026-08-08 18:01:10.540921,2026-08-08 18:01:10.540921,
125,4,Đại từ nhân xưng làm tân ngữ,"
# Đại từ nhân xưng làm tân ngữ

## 1. Khái niệm

Đại từ nhân xưng làm tân ngữ được sử dụng sau động từ hoặc giới từ.

Các dạng thường gặp:

| Chủ ngữ | Tân ngữ |
|---|---|
| I | me |
| you | you |
| he | him |
| she | her |
| it | it |
| we | us |
| they | them |

## 2. Sau động từ

Ví dụ:

The manager called me.

She helped him.

The company hired them.

## 3. Sau giới từ

Ví dụ:

This letter is for her.

The manager talked to us.

The company worked with them.

## 4. Lỗi thường gặp

She called I. ❌

She called me. ✅

The manager spoke to he. ❌

The manager spoke to him. ✅

## 5. Mẹo TOEIC

Sau động từ hoặc giới từ, nếu cần đại từ chỉ người/vật chịu tác động, thường phải dùng dạng tân ngữ.

",3,2026-08-08 18:01:10.540921,2026-08-08 18:01:10.540921,
142,6,Tính từ là gì?,"
# Tính từ là gì?

## 1. Khái niệm

Adjective (Adj) là tính từ. Tính từ dùng để mô tả đặc điểm, tính chất hoặc trạng thái của người, vật hoặc sự việc.

Ví dụ:

The company is successful.
→ Công ty thành công.

She has a new computer.
→ Cô ấy có một chiếc máy tính mới.

## 2. Tính từ thường mô tả

- kích thước
- màu sắc
- tính chất
- cảm xúc
- tình trạng
- đặc điểm

Ví dụ:

a large office
→ một văn phòng lớn

a new computer
→ một chiếc máy tính mới

a busy employee
→ một nhân viên bận rộn

## 3. Vị trí cơ bản của tính từ

Tính từ thường đứng:

### Trước danh từ

a large company

a new employee

### Sau linking verb

The company is large.

The employee is busy.

## 4. Mẹo TOEIC

Trong Part 5, nếu sau chỗ trống là một danh từ và cần mô tả danh từ đó, đáp án thường có thể là tính từ.

Ví dụ:

The company hired a ___ manager.

A. success
B. successfully
C. successful
D. succeed

Đáp án: C. successful
",1,2026-08-08 18:01:10.540921,2026-08-08 18:01:10.540921,
158,8,Mạo từ là gì?,"
# Mạo từ là gì?

## 1. Khái niệm

Article (mạo từ) là từ đứng trước danh từ để cho biết danh từ đó đang được nói đến theo nghĩa chung hay một đối tượng cụ thể.

Ba mạo từ quan trọng:

- a
- an
- the

Ngoài ra, trong một số trường hợp danh từ không cần mạo từ.

## 2. Ba trường hợp cơ bản

### A

Dùng trước danh từ đếm được số ít khi nói đến một đối tượng chưa xác định.

Ví dụ:

a manager

a company

a report

### AN

Dùng trước danh từ đếm được số ít khi từ tiếp theo bắt đầu bằng âm nguyên âm.

Ví dụ:

an employee

an office

an hour

### THE

Dùng khi người nói và người nghe đã biết hoặc xác định được đối tượng đang được nói đến.

Ví dụ:

the manager

the report

the office

## 3. Không dùng mạo từ

Một số danh từ được dùng không có a, an hoặc the khi nói theo nghĩa chung.

Ví dụ:

Employees need training.

Information is important.

## 4. Mẹo TOEIC

Khi gặp câu hỏi về mạo từ, hãy xác định:

1. Danh từ có đếm được không?
2. Nếu đếm được, số ít hay số nhiều?
3. Đối tượng có xác định hay chưa?
4. Nếu dùng a/an, hãy xét âm đầu của từ tiếp theo.
",1,2026-08-08 18:01:10.540921,2026-08-08 18:01:10.540921,
167,9,Giới từ là gì?,"
# Giới từ là gì?

## 1. Khái niệm

Preposition (giới từ) là từ dùng để thể hiện mối quan hệ giữa một danh từ hoặc đại từ với các thành phần khác trong câu.

Giới từ thường diễn tả:

- Thời gian
- Địa điểm
- Phương hướng
- Khoảng cách
- Mối quan hệ

## 2. Một số giới từ cơ bản

Các giới từ thường gặp trong TOEIC:

- in
- on
- at
- from
- to
- for
- with
- by
- about
- of

## 3. Ví dụ

She works in an office.

→ in an office = trong một văn phòng.

The meeting starts at 9 a.m.

→ at 9 a.m. = vào lúc 9 giờ.

The report is on the desk.

→ on the desk = trên bàn.

## 4. Cấu trúc

Preposition + noun/pronoun

Ví dụ:

- in the office
- on the table
- with him
- for the company
- from Monday

## 5. Mẹo TOEIC

Trong Part 5, nếu chỗ trống đứng trước danh từ hoặc cụm danh từ, hãy kiểm tra xem câu có cần một giới từ hay không.

Ví dụ:

The manager works ___ the office.

A. in
B. quickly
C. successful
D. manage

Đáp án: A. in
",1,2026-08-08 18:01:10.540921,2026-08-08 18:01:10.540921,
215,14,Tương lai với WILL,"
# Tương lai với WILL

## 1. Khái niệm

WILL được sử dụng để nói về một hành động hoặc sự việc sẽ xảy ra trong tương lai.

Cấu trúc cơ bản:

S + will + V nguyên mẫu

Ví dụ:

I will call you tomorrow.
→ Tôi sẽ gọi cho bạn vào ngày mai.

The company will open a new office.
→ Công ty sẽ mở một văn phòng mới.

## 2. Cách dùng cơ bản

WILL thường được sử dụng khi:

- Quyết định được đưa ra ngay tại thời điểm nói.
- Dự đoán về tương lai.
- Đưa ra lời hứa.
- Đưa ra lời đề nghị hoặc yêu cầu.

Ví dụ:

I'll help you with the report.
→ Tôi sẽ giúp bạn làm báo cáo.

## 3. Dạng viết tắt

will = 'll

I will → I'll
You will → You'll
He will → He'll
She will → She'll
We will → We'll
They will → They'll

## 4. Mẹo TOEIC

Khi thấy dấu hiệu tương lai và cấu trúc cần động từ sau chủ ngữ, hãy kiểm tra khả năng sử dụng:

S + will + V nguyên mẫu

Không chia động từ sau WILL.

Ví dụ:

The manager will ___ the meeting tomorrow.

A. attend
B. attends
C. attending
D. attended

Đáp án: A. attend
",1,2026-08-08 18:01:10.540921,2026-08-08 18:01:10.540921,
234,16,Từ chỉ số lượng là gì?,"
# Từ chỉ số lượng là gì?

## 1. Khái niệm

Từ chỉ số lượng (Quantifiers) được sử dụng để nói về số lượng của người, vật hoặc sự việc.

Một số từ chỉ số lượng thường gặp:

- some
- any
- much
- many
- a lot of
- lots of
- few
- a few
- little
- a little

## 2. Danh từ đếm được và không đếm được

Đây là kiến thức quan trọng khi sử dụng từ chỉ số lượng.

### Danh từ đếm được

Có thể đếm bằng số:

- one employee
- two employees
- three books

### Danh từ không đếm được

Không thường được đếm trực tiếp bằng số:

- water
- money
- information
- time
- advice

## 3. Một số cách kết hợp quan trọng

### Many + danh từ đếm được số nhiều

many employees

many books

### Much + danh từ không đếm được

much money

much information

### A lot of + danh từ đếm được hoặc không đếm được

a lot of employees

a lot of money

## 4. Mẹo TOEIC

Khi gặp câu hỏi về từ chỉ số lượng, hãy xác định trước:

1. Danh từ sau chỗ trống là đếm được hay không đếm được?
2. Nếu đếm được thì có phải số nhiều không?
3. Câu khẳng định, phủ định hay nghi vấn?

Sau đó mới chọn quantifier phù hợp.
",1,2026-08-08 18:01:10.540921,2026-08-08 18:01:10.540921,
110,2,Cách nhận biết từ loại trong câu,"
# Cách nhận biết từ loại trong câu

## 1. Dựa vào vị trí

Vị trí trong câu là một dấu hiệu quan trọng để xác định từ loại.

Ví dụ:

The ___ manager arrived.

Sau ""the"" và trước ""manager"", vị trí này thường cần tính từ.

Đáp án:

successful

## 2. Nhận biết danh từ

Danh từ thường có thể đứng:

- sau mạo từ
- sau tính từ
- làm chủ ngữ
- làm tân ngữ

Ví dụ:

The new employee arrived.

""employee"" = Noun

## 3. Nhận biết động từ

Động từ thường đứng sau chủ ngữ.

Ví dụ:

The employee works here.

""works"" = Verb

## 4. Nhận biết tính từ

Tính từ thường:

- đứng trước danh từ
- đứng sau linking verbs

Ví dụ:

a large office

The office is large.

## 5. Nhận biết trạng từ

Trạng từ có thể bổ nghĩa cho động từ, tính từ hoặc trạng từ khác.

Ví dụ:

She works carefully.

very large

## 6. Nhận biết giới từ

Giới từ thường đứng trước danh từ hoặc cụm danh từ.

Ví dụ:

in the office

for the company

## 7. Nhận biết liên từ

Liên từ dùng để nối các thành phần.

Ví dụ:

The company is large and successful.

## 8. Mẹo TOEIC

Khi gặp câu có chỗ trống:

1. Xác định từ đứng trước và sau chỗ trống.
2. Xác định chức năng cần thiết.
3. Xác định từ loại.
4. Sau đó mới chọn dạng từ phù hợp.

",9,2026-08-08 18:01:10.540921,2026-08-08 18:01:10.540921,
111,2,Vị trí của các từ loại trong câu,"
# Vị trí của các từ loại trong câu

## 1. Danh từ

Danh từ có thể làm chủ ngữ hoặc tân ngữ.

Ví dụ:

The manager works here.

The manager = Noun

She called the manager.

the manager = Noun

## 2. Động từ

Động từ thường đứng sau chủ ngữ.

Ví dụ:

The employee works.

## 3. Tính từ

Tính từ thường đứng:

- trước danh từ
- sau linking verbs

Ví dụ:

a successful company

The company is successful.

## 4. Trạng từ

Trạng từ có thể đứng ở nhiều vị trí tùy chức năng.

Ví dụ:

She works carefully.

She carefully checks the report.

## 5. Đại từ

Đại từ có thể thay thế danh từ và có thể làm chủ ngữ hoặc tân ngữ.

Ví dụ:

She works here.

The manager called her.

## 6. Giới từ

Giới từ thường đứng trước danh từ hoặc cụm danh từ.

Ví dụ:

in the office

with the manager

## 7. Liên từ

Liên từ đứng giữa các thành phần mà nó nối.

Ví dụ:

The company is large and successful.

## 8. Mẹo làm Part 5

Khi gặp câu:

The company ___ a new employee.

Hãy xác định:

The company = Subject

Vị trí trống = Verb

Do đó cần một động từ phù hợp, ví dụ:

The company hired a new employee.

Không nên chọn danh từ hoặc tính từ chỉ vì nghĩa của từ phù hợp.

",10,2026-08-08 18:01:10.540921,2026-08-08 18:01:10.540921,
112,3,Danh từ là gì?,"
# Danh từ là gì?

## 1. Khái niệm

Danh từ (Noun) là từ dùng để gọi tên:

- người
- vật
- địa điểm
- sự việc
- khái niệm
- ý tưởng

Ví dụ:

- employee
- manager
- company
- office
- meeting
- information

## 2. Danh từ làm chủ ngữ

Danh từ có thể đứng ở vị trí chủ ngữ.

Ví dụ:

The manager works here.

""manager"" = danh từ và là chủ ngữ.

## 3. Danh từ làm tân ngữ

Danh từ cũng có thể làm tân ngữ.

Ví dụ:

She reads the report.

""report"" = danh từ và là tân ngữ.

## 4. Danh từ sau tính từ

Cấu trúc thường gặp:

Adjective + Noun

Ví dụ:

a successful company

a new employee

an important meeting

## 5. Mẹo TOEIC

Khi thấy:

a/an/the + ___

hoặc

adjective + ___

hãy kiểm tra khả năng vị trí đó cần một danh từ.

",1,2026-08-08 18:01:10.540921,2026-08-08 18:01:10.540921,
114,3,Danh từ số nhiều,"
# Danh từ số nhiều

## 1. Khái niệm

Danh từ số nhiều (Plural Noun) dùng để chỉ từ hai người, vật hoặc sự việc trở lên.

Ví dụ:

- employees
- managers
- companies
- offices
- reports

## 2. Thêm -s

Phần lớn danh từ được chuyển sang số nhiều bằng cách thêm -s.

Ví dụ:

employee → employees

manager → managers

report → reports

## 3. Danh từ số nhiều trong câu

Ví dụ:

The employees work hard.

The managers attend the meeting.

## 4. Hòa hợp với động từ

Danh từ số nhiều thường đi với động từ số nhiều trong hiện tại đơn.

The employee works.

The employees work.

## 5. Một số danh từ bất quy tắc

Một số danh từ không thêm -s mà thay đổi dạng.

Ví dụ:

man → men

woman → women

child → children

person → people

## 6. Mẹo TOEIC

Trong Part 5, cần kiểm tra danh từ số ít hay số nhiều dựa vào:

- từ hạn định
- ngữ cảnh
- động từ đi kèm

",3,2026-08-08 18:01:10.540921,2026-08-08 18:01:10.540921,
115,3,Quy tắc thêm -s và -es,"
# Quy tắc thêm -s và -es

## 1. Thêm -s

Phần lớn danh từ số nhiều được tạo bằng cách thêm -s.

Ví dụ:

book → books

employee → employees

manager → managers

## 2. Thêm -es

Một số danh từ kết thúc bằng:

- s
- ss
- sh
- ch
- x
- z

thường thêm -es.

Ví dụ:

bus → buses

class → classes

dish → dishes

watch → watches

box → boxes

## 3. Danh từ kết thúc bằng phụ âm + y

Đổi y thành i rồi thêm -es.

Ví dụ:

company → companies

factory → factories

## 4. Danh từ kết thúc bằng nguyên âm + y

Giữ nguyên y và thêm -s.

Ví dụ:

employee → employees

key → keys

## 5. Lưu ý

Không phải mọi danh từ đều tuân theo một quy tắc duy nhất. Một số danh từ có dạng số nhiều bất quy tắc.

",4,2026-08-08 18:01:10.540921,2026-08-08 18:01:10.540921,
116,3,Danh từ bất quy tắc,"
# Danh từ bất quy tắc

## 1. Khái niệm

Danh từ bất quy tắc (Irregular Plural Nouns) là những danh từ có dạng số nhiều không được tạo bằng cách chỉ thêm -s hoặc -es.

## 2. Một số danh từ thường gặp

man → men

woman → women

child → children

person → people

mouse → mice

foot → feet

tooth → teeth

## 3. Ví dụ

The man is in the office.

The men are in the office.

The child is playing.

The children are playing.

## 4. Lưu ý về động từ

Danh từ bất quy tắc số nhiều vẫn phải được xem là số nhiều khi chia động từ.

Ví dụ:

The person works here.

The people work here.

## 5. Mẹo TOEIC

Một số câu hỏi có thể kiểm tra việc chọn danh từ số ít/số nhiều thông qua động từ.

The employees ___ ready.

A. is
B. are

Đáp án: B. are

",5,2026-08-08 18:01:10.540921,2026-08-08 18:01:10.540921,
117,3,Danh từ đếm được,"
# Danh từ đếm được

## 1. Khái niệm

Danh từ đếm được (Countable Noun) là danh từ có thể đếm bằng số.

Ví dụ:

one employee

two employees

three reports

four companies

## 2. Danh từ đếm được số ít

Có thể dùng:

- a
- an
- one
- the
- my
- this
- each

Ví dụ:

a manager

an employee

my report

## 3. Danh từ đếm được số nhiều

Có thể dùng:

- many
- several
- few
- a few
- these
- those

Ví dụ:

many employees

several reports

a few companies

## 4. Dùng với số

Ví dụ:

three employees

five reports

ten offices

## 5. Mẹo TOEIC

Danh từ đếm được số ít thường không đứng một mình.

Sai:

I need report. ❌

Đúng:

I need a report. ✅

",6,2026-08-08 18:01:10.540921,2026-08-08 18:01:10.540921,
118,3,Danh từ không đếm được,"
# Danh từ không đếm được

## 1. Khái niệm

Danh từ không đếm được (Uncountable Noun) là danh từ thường không được đếm trực tiếp bằng số.

Một số danh từ thường gặp:

- information
- advice
- equipment
- furniture
- money
- knowledge

## 2. Không dùng A/AN

Không dùng a/an trực tiếp trước danh từ không đếm được.

information ❌ → an information ❌

Đúng:

some information

a piece of information

## 3. Không dùng dạng số nhiều thông thường

Ví dụ:

informations ❌

advices ❌

equipments ❌

Trong cách dùng thông thường:

information

advice

equipment

## 4. Từ chỉ lượng

Có thể dùng:

- some
- much
- a lot of
- little
- a little

Ví dụ:

some information

much information

a lot of information

## 5. Mẹo TOEIC

Các danh từ như information, advice, equipment thường xuất hiện trong câu hỏi về từ loại và số ít/số nhiều.

",7,2026-08-08 18:01:10.540921,2026-08-08 18:01:10.540921,
119,3,Phân biệt danh từ đếm được và không đếm được,"
# Phân biệt danh từ đếm được và không đếm được

## 1. Danh từ đếm được

Có thể đếm trực tiếp.

Ví dụ:

one report

two reports

three employees

Có dạng số ít và số nhiều.

## 2. Danh từ không đếm được

Không thường được đếm trực tiếp bằng số.

Ví dụ:

information

advice

equipment

money

Không dùng:

two informations ❌

three advices ❌

## 3. Từ chỉ lượng

Danh từ đếm được thường đi với:

- many
- few
- a few
- several

Ví dụ:

many employees

Danh từ không đếm được thường đi với:

- much
- little
- a little

Ví dụ:

much information

## 4. A LOT OF

""a lot of"" có thể dùng với cả hai loại.

Ví dụ:

a lot of employees

a lot of information

## 5. Mẹo TOEIC

Khi gặp:

many + ___

→ thường cần danh từ đếm được số nhiều.

Khi gặp:

much + ___

→ thường cần danh từ không đếm được.

",8,2026-08-08 18:01:10.540921,2026-08-08 18:01:10.540921,
120,3,Danh từ riêng và danh từ chung,"
# Danh từ riêng và danh từ chung

## 1. Danh từ riêng

Proper Noun là tên riêng của:

- người
- địa điểm
- công ty
- quốc gia
- tổ chức
- tháng
- ngày

Ví dụ:

John

Vietnam

Monday

Microsoft

## 2. Viết hoa

Danh từ riêng thường được viết hoa chữ cái đầu.

Ví dụ:

The meeting is on Monday.

She works in Vietnam.

## 3. Danh từ chung

Common Noun là tên gọi chung của người, vật, địa điểm hoặc sự việc.

Ví dụ:

employee

company

city

country

manager

## 4. So sánh

Proper Noun:

Vietnam

Common Noun:

country

Proper Noun:

ABC Company

Common Noun:

company

## 5. Mẹo TOEIC

Trong văn bản TOEIC, hãy chú ý chữ cái viết hoa để nhận biết tên riêng và phân biệt với danh từ chung.

",9,2026-08-08 18:01:10.540921,2026-08-08 18:01:10.540921,
121,3,Danh từ ghép,"
# Danh từ ghép

## 1. Khái niệm

Compound Noun (danh từ ghép) được tạo thành từ hai hoặc nhiều từ kết hợp với nhau để tạo ra một danh từ có ý nghĩa cụ thể.

Ví dụ:

- office manager
- company policy
- business meeting
- customer service
- information technology

## 2. Các dạng phổ biến

Danh từ + Danh từ:

office manager

company policy

Tính từ + Danh từ:

full-time employee

Danh từ + V-ing:

parking lot

## 3. Ý nghĩa

Trong nhiều danh từ ghép, từ đứng trước bổ nghĩa hoặc xác định loại của danh từ đứng sau.

Ví dụ:

company policy

""company"" bổ nghĩa cho ""policy"".

## 4. Ví dụ TOEIC

The company updated its safety policy.

""company"" và ""safety policy"" là các cụm danh từ quan trọng trong câu.

## 5. Mẹo TOEIC

Khi gặp nhiều từ đứng cạnh nhau, hãy xác định từ nào là danh từ chính.

Ví dụ:

company safety policy

Danh từ chính thường là từ cuối:

policy

",10,2026-08-08 18:01:10.540921,2026-08-08 18:01:10.540921,
122,3,Cách thành lập danh từ,"
# Cách thành lập danh từ

## 1. Khái niệm

Danh từ có thể được thành lập từ động từ, tính từ hoặc các từ khác bằng cách thêm hậu tố.

## 2. Một số hậu tố thường gặp

### -tion / -sion

Thường tạo danh từ chỉ hành động hoặc kết quả.

Ví dụ:

inform → information

decide → decision

invite → invitation

## 3. Hậu tố -ment

Ví dụ:

develop → development

employ → employment

agree → agreement

## 4. Hậu tố -ness

Thường tạo danh từ từ tính từ.

Ví dụ:

happy → happiness

kind → kindness

effective → effectiveness

## 5. Hậu tố -ity

Ví dụ:

possible → possibility

active → activity

responsible → responsibility

## 6. Hậu tố -er / -or

Có thể tạo danh từ chỉ người thực hiện hành động.

Ví dụ:

manage → manager

work → worker

operate → operator

## 7. Mẹo TOEIC

Part 5 thường cho các dạng từ cùng một gốc:

success
successful
successfully
succeed

Cần xác định vị trí trong câu cần danh từ, động từ, tính từ hay trạng từ trước khi chọn đáp án.

Ví dụ:

The company's ___ has increased.

Sau ""company's"" cần một danh từ.

Đáp án phù hợp:

success

",11,2026-08-08 18:01:10.540921,2026-08-08 18:01:10.540921,
123,4,Đại từ là gì?,"
# Đại từ là gì?

## 1. Khái niệm

Pronoun (đại từ) là từ được dùng để thay thế cho danh từ hoặc cụm danh từ, giúp tránh lặp lại danh từ trong câu.

Ví dụ:

John is a manager. John works at the company.

Có thể viết:

John is a manager. He works at the company.

""He"" thay thế cho ""John"".

## 2. Các loại đại từ cơ bản

Trong tiếng Anh có nhiều loại đại từ:

- Đại từ nhân xưng
- Đại từ sở hữu
- Đại từ phản thân
- Đại từ chỉ định
- Đại từ bất định
- Đại từ quan hệ
- Đại từ nghi vấn

Ở chặng 1, cần nắm chắc các loại đại từ cơ bản nhất.

## 3. Đại từ nhân xưng

### Chủ ngữ

I, you, he, she, it, we, they

Ví dụ:

She works at the company.

### Tân ngữ

me, you, him, her, it, us, them

Ví dụ:

The manager called me.

## 4. Đại từ sở hữu

mine, yours, his, hers, ours, theirs

Ví dụ:

This laptop is mine.

## 5. Đại từ phản thân

myself, yourself, himself, herself, itself, ourselves, themselves.

Ví dụ:

She prepared the report herself.

## 6. Mẹo TOEIC

Khi gặp câu hỏi về đại từ, hãy xác định:

1. Vị trí cần điền là chủ ngữ hay tân ngữ?
2. Đại từ đang thay thế cho danh từ nào?
3. Cần đại từ sở hữu hay tính từ sở hữu?

",1,2026-08-08 18:01:10.540921,2026-08-08 18:01:10.540921,
124,4,Đại từ nhân xưng làm chủ ngữ,"
# Đại từ nhân xưng làm chủ ngữ

## 1. Khái niệm

Đại từ nhân xưng làm chủ ngữ được sử dụng thay thế cho người, vật hoặc sự việc đứng ở vị trí chủ ngữ.

Các đại từ cơ bản:

| Ngôi | Đại từ |
|---|---|
| Ngôi 1 số ít | I |
| Ngôi 2 | you |
| Ngôi 3 số ít | he, she, it |
| Ngôi 1 số nhiều | we |
| Ngôi 3 số nhiều | they |

## 2. Ví dụ

I work at the company.

She manages the department.

They attend the meeting.

## 3. Đại từ và động từ

Đại từ chủ ngữ có ảnh hưởng đến việc chia động từ.

Ví dụ:

He works every day.

They work every day.

He → works

They → work

## 4. Lưu ý với ""it""

""It"" thường dùng để thay thế cho:

- đồ vật
- con vật
- sự việc
- thời tiết
- thời gian

Ví dụ:

The machine is new. It works well.

It is raining.

## 5. Mẹo TOEIC

Nếu vị trí trước động từ chính cần một chủ thể thực hiện hành động, hãy kiểm tra đại từ chủ ngữ.

",2,2026-08-08 18:01:10.540921,2026-08-08 18:01:10.540921,
126,4,Tính từ sở hữu,"
# Tính từ sở hữu

## 1. Khái niệm

Tính từ sở hữu cho biết một người hoặc vật sở hữu một danh từ.

Các tính từ sở hữu:

| Đại từ | Tính từ sở hữu |
|---|---|
| I | my |
| you | your |
| he | his |
| she | her |
| it | its |
| we | our |
| they | their |

## 2. Công thức

Tính từ sở hữu + danh từ

Ví dụ:

my company

your office

his manager

her report

our employees

their department

## 3. Ví dụ trong câu

She submitted her report.

The company changed its policy.

They visited their office.

## 4. Lưu ý quan trọng

Tính từ sở hữu KHÔNG đứng một mình.

Đúng:

This is my book. ✅

Sai:

This book is my. ❌

Nếu muốn đứng một mình, phải dùng đại từ sở hữu:

This book is mine. ✅

## 5. Mẹo TOEIC

Nếu sau chỗ trống có một danh từ, hãy kiểm tra khả năng dùng tính từ sở hữu.

Ví dụ:

The manager checked ___ report.

A. he
B. him
C. his
D. himself

Đáp án: C. his

",4,2026-08-08 18:01:10.540921,2026-08-08 18:01:10.540921,
127,4,Đại từ sở hữu,"
# Đại từ sở hữu

## 1. Khái niệm

Đại từ sở hữu được dùng để chỉ quyền sở hữu và có thể thay thế cho cả cụm ""tính từ sở hữu + danh từ"".

Các đại từ sở hữu:

- mine
- yours
- his
- hers
- ours
- theirs

## 2. So sánh

Tính từ sở hữu:

This is my book.

Đại từ sở hữu:

This book is mine.

""mine"" thay thế cho ""my book"".

## 3. Ví dụ

This laptop is mine.

That office is theirs.

The decision was hers.

The responsibility is ours.

## 4. Không dùng danh từ ngay sau đại từ sở hữu

Sai:

mine book ❌

yours office ❌

Đúng:

my book ✅

your office ✅

## 5. Mẹo TOEIC

Nếu sau chỗ trống KHÔNG có danh từ và cần diễn đạt quyền sở hữu, hãy cân nhắc đại từ sở hữu.

",5,2026-08-08 18:01:10.540921,2026-08-08 18:01:10.540921,
128,4,Đại từ phản thân,"
# Đại từ phản thân

## 1. Khái niệm

Đại từ phản thân được sử dụng khi chủ thể thực hiện hành động tác động trở lại chính chủ thể đó.

Các đại từ phản thân:

- myself
- yourself
- himself
- herself
- itself
- ourselves
- yourselves
- themselves

## 2. Ví dụ

I introduced myself.

She prepared herself for the meeting.

He blamed himself.

They introduced themselves.

## 3. Cấu trúc

S + V + reflexive pronoun

Ví dụ:

She introduced herself.

She = Subject

introduced = Verb

herself = Reflexive Pronoun

## 4. Dùng để nhấn mạnh

Đại từ phản thân cũng có thể dùng để nhấn mạnh chính chủ thể.

Ví dụ:

The manager himself approved the report.

→ Chính người quản lý đã phê duyệt báo cáo.

## 5. Lỗi thường gặp

She introduced her. ❌

Nếu ""cô ấy"" giới thiệu chính mình:

She introduced herself. ✅

## 6. Mẹo TOEIC

Nếu chủ thể và đối tượng của hành động là cùng một người/vật, hãy kiểm tra khả năng sử dụng đại từ phản thân.

",6,2026-08-08 18:01:10.540921,2026-08-08 18:01:10.540921,
197,12,Cấu trúc thì hiện tại tiếp diễn,"
# Cấu trúc thì hiện tại tiếp diễn

## 1. Công thức

Thì hiện tại tiếp diễn (Present Continuous) dùng để diễn tả hành động đang xảy ra tại thời điểm nói hoặc xung quanh thời điểm hiện tại.

### Câu khẳng định

S + am/is/are + V-ing

Ví dụ:

I am studying English.

She is working now.

They are having a meeting.

## 2. Cách chia TO BE

- I → am
- He / She / It → is
- You / We / They → are

## 3. Ví dụ

The manager is checking the report.

The employees are working.

I am preparing for the exam.

## 4. Mẹo TOEIC

Khi thấy cấu trúc:

am / is / are + V-ing

→ đây là dấu hiệu rõ ràng của thì hiện tại tiếp diễn.
",1,2026-08-08 18:01:10.540921,2026-08-08 18:01:10.540921,
129,4,Đại từ chỉ định,"
# Đại từ chỉ định

## 1. Khái niệm

Đại từ chỉ định dùng để chỉ người, vật hoặc sự việc cụ thể.

Các đại từ cơ bản:

- this
- that
- these
- those

## 2. Số ít và số nhiều

### This

Dùng cho một người/vật ở gần.

This is my office.

### That

Dùng cho một người/vật ở xa.

That is the main entrance.

### These

Dùng cho nhiều người/vật ở gần.

These are new documents.

### Those

Dùng cho nhiều người/vật ở xa.

Those are old files.

## 3. Đại từ và tính từ chỉ định

Có thể dùng trước danh từ:

this report

that building

these documents

those employees

Hoặc dùng độc lập:

This is important.

Those are expensive.

## 4. Lưu ý

This/that → số ít

These/those → số nhiều

Sai:

These document. ❌

Đúng:

These documents. ✅

## 5. Mẹo TOEIC

Khi lựa chọn this/that/these/those, hãy kiểm tra số ít hay số nhiều của danh từ được thay thế.

",7,2026-08-08 18:01:10.540921,2026-08-08 18:01:10.540921,
130,4,Đại từ bất định cơ bản,"
# Đại từ bất định cơ bản

## 1. Khái niệm

Đại từ bất định (Indefinite Pronouns) dùng để chỉ người hoặc vật không xác định cụ thể.

Một số đại từ thường gặp:

- someone
- somebody
- anyone
- anybody
- everyone
- everybody
- no one
- nobody
- something
- anything
- everything
- nothing

## 2. Đại từ chỉ người

Someone is waiting outside.

Everyone is ready.

Nobody knows the answer.

## 3. Đại từ chỉ vật

Something is wrong.

Everything is ready.

Nothing happened.

## 4. Lưu ý về động từ

Nhiều đại từ bất định kết thúc bằng:

- -one
- -body
- -thing

thường được xem là số ít.

Ví dụ:

Everyone is ready. ✅

Someone works here. ✅

Everything looks good. ✅

Không dùng:

Everyone are ready. ❌

## 5. Mẹo TOEIC

Nếu chủ ngữ là:

everyone, everybody, someone, somebody, anyone, anybody, nobody, no one

→ thường dùng động từ số ít.

",8,2026-08-08 18:01:10.540921,2026-08-08 18:01:10.540921,
131,4,Phân biệt các loại đại từ,"
# Phân biệt các loại đại từ

## 1. Đại từ chủ ngữ

Dùng làm chủ ngữ:

I, you, he, she, it, we, they

Ví dụ:

She works here.

## 2. Đại từ tân ngữ

Dùng sau động từ hoặc giới từ:

me, you, him, her, it, us, them

Ví dụ:

The manager called her.

## 3. Tính từ sở hữu

Đứng trước danh từ:

my, your, his, her, its, our, their

Ví dụ:

This is her report.

## 4. Đại từ sở hữu

Đứng độc lập:

mine, yours, his, hers, ours, theirs

Ví dụ:

This report is hers.

## 5. Đại từ phản thân

Dùng khi chủ thể và đối tượng là cùng một người/vật:

myself, yourself, himself, herself, itself, ourselves, themselves

Ví dụ:

She introduced herself.

## 6. Đại từ chỉ định

this, that, these, those

Ví dụ:

These are new documents.

## 7. Đại từ bất định

someone, anyone, everyone, nobody, something, anything, everything...

Ví dụ:

Everyone is ready.

## 8. Mẹo làm Part 5

Khi gặp câu hỏi về đại từ, hãy kiểm tra theo thứ tự:

1. Chỗ trống nằm trước hay sau động từ?
2. Sau chỗ trống có danh từ không?
3. Có đang diễn tả sở hữu không?
4. Chủ thể và đối tượng có phải cùng một người không?
5. Danh từ được thay thế là số ít hay số nhiều?

### Quy tắc nhanh

**Trước danh từ → tính từ sở hữu**

my report

their office

**Sau động từ/giới từ → đại từ tân ngữ**

called him

for her

**Đứng một mình để chỉ sở hữu → đại từ sở hữu**

The report is mine.

**Chủ thể = đối tượng → đại từ phản thân**

She introduced herself.
",9,2026-08-08 18:01:10.540921,2026-08-08 18:01:10.540921,
132,5,Động từ là gì?,"
# Động từ là gì?

## 1. Khái niệm

Verb (V) là động từ. Động từ là thành phần quan trọng của câu, dùng để diễn tả:

- hành động
- trạng thái
- sự tồn tại
- sự thay đổi

Ví dụ:

The employee works every day.
→ Nhân viên làm việc mỗi ngày.

The company is successful.
→ Công ty thành công.

## 2. Động từ trong câu

Một câu tiếng Anh hoàn chỉnh thường cần có động từ chính.

Ví dụ:

The manager works here.

The manager = Subject
works = Verb

## 3. Hai nhóm động từ cơ bản

### Động từ hành động

Ví dụ:

- work
- study
- open
- close
- send
- receive

Ví dụ:

She sends an email.

### Động từ trạng thái

Ví dụ:

- know
- like
- need
- want
- believe

Ví dụ:

She knows the answer.

## 4. Vị trí của động từ

Động từ thường đứng sau chủ ngữ.

Cấu trúc:

S + V + ...

Ví dụ:

The manager works.

The employees study English.

## 5. Mẹo TOEIC

Khi làm Part 5, trước tiên hãy xác định:

1. Chủ ngữ
2. Động từ chính
3. Thành phần theo sau động từ

Nếu câu đã có chủ ngữ nhưng thiếu động từ chính, đáp án thường phải là một dạng động từ phù hợp.
",1,2026-08-08 18:01:10.540921,2026-08-08 18:01:10.540921,
133,5,Động từ thường,"
# Động từ thường

## 1. Khái niệm

Động từ thường là những động từ diễn tả hành động hoặc trạng thái và không phải là động từ BE.

Ví dụ:

- work
- study
- open
- close
- send
- receive
- like
- need

Ví dụ:

The manager works here.

She studies English.

## 2. Động từ thường ở hiện tại đơn

Với chủ ngữ số ít ngôi thứ ba, động từ thường thường thêm -s hoặc -es.

Ví dụ:

He works here.

She studies English.

The manager checks the report.

Với I, you, we, they:

I work here.

They work here.

## 3. Phủ định

Dùng do/does + not + động từ nguyên mẫu.

Ví dụ:

I do not work here.

She does not work here.

Lưu ý:

She does not works here. ❌

She does not work here. ✅

## 4. Câu hỏi

Dùng Do/Does + S + V nguyên mẫu.

Ví dụ:

Do you work here?

Does she work here?

## 5. Mẹo TOEIC

Sau do, does hoặc did, động từ chính phải trở về dạng nguyên mẫu.
",2,2026-08-08 18:01:10.540921,2026-08-08 18:01:10.540921,
134,5,Động từ Be,"
# Động từ Be

## 1. Khái niệm

Động từ BE là một trong những động từ quan trọng nhất trong tiếng Anh.

Các dạng cơ bản:

- am
- is
- are
- was
- were
- be
- been
- being

## 2. BE ở hiện tại

| Chủ ngữ | BE |
|---|---|
| I | am |
| He / She / It | is |
| You / We / They | are |

Ví dụ:

I am a student.

She is busy.

They are ready.

## 3. BE ở quá khứ

| Chủ ngữ | BE |
|---|---|
| I / He / She / It | was |
| You / We / They | were |

Ví dụ:

She was tired.

They were busy.

## 4. BE làm động từ chính

BE có thể nối chủ ngữ với:

- danh từ
- tính từ
- cụm từ

Ví dụ:

She is a manager.

The office is large.

They are at work.

## 5. BE trong câu phủ định

S + BE + not + ...

Ví dụ:

She is not busy.

They are not ready.

## 6. BE trong câu hỏi

BE + S + ...?

Ví dụ:

Is she a manager?

Are they ready?

## 7. Mẹo TOEIC

Không dùng do/does/did trực tiếp với BE.

Is she busy? ✅

Does she be busy? ❌
",3,2026-08-08 18:01:10.540921,2026-08-08 18:01:10.540921,
136,5,Động từ Do,"
# Động từ Do

## 1. Khái niệm

Do có thể đóng vai trò:

1. Động từ thường
2. Trợ động từ

## 2. Do là động từ thường

Do có thể mang nghĩa ""làm"".

Ví dụ:

I do my homework.

She does her work every day.

## 3. Các dạng của Do

- do
- does
- did
- done
- doing

Ví dụ:

She does her job well.

They did the work yesterday.

## 4. Do là trợ động từ

Do/does/did được sử dụng để tạo:

- câu phủ định
- câu hỏi

Ví dụ:

She does not work here.

Does she work here?

They did not attend the meeting.

Did they attend the meeting?

## 5. Lưu ý

Khi do/does/did là trợ động từ, động từ chính đứng sau phải ở dạng nguyên mẫu.

Does she works here? ❌

Does she work here? ✅

## 6. Mẹo TOEIC

Hãy phân biệt:

**do = động từ chính**

She does her job.

**does = trợ động từ**

She does not work here.
",5,2026-08-08 18:01:10.540921,2026-08-08 18:01:10.540921,
137,5,Nội động từ,"
# Nội động từ

## 1. Khái niệm

Nội động từ (Intransitive Verb) là động từ không cần tân ngữ trực tiếp để hoàn thành ý nghĩa cơ bản của câu.

Cấu trúc:

S + V

Ví dụ:

The employees arrived.

The baby sleeps.

The meeting ended.

## 2. Một số nội động từ thường gặp

- arrive
- go
- come
- sleep
- happen
- occur
- disappear
- die
- laugh

Ví dụ:

The train arrived.

The meeting ended.

## 3. Nội động từ có thể đi với trạng ngữ

Nội động từ không cần Object nhưng có thể đi cùng trạng ngữ.

Ví dụ:

The employees arrived early.

The employees = S
arrived = V
early = Adverbial

## 4. Không dùng Object trực tiếp

Ví dụ:

The employee arrived at the office. ✅

Không phân tích ""the office"" là Object của arrive. Đây là thành phần đi sau giới từ.

## 5. Mẹo TOEIC

Nếu động từ là nội động từ, không cố tìm một tân ngữ trực tiếp ngay sau nó.

Cấu trúc cơ bản:

S + V
",6,2026-08-08 18:01:10.540921,2026-08-08 18:01:10.540921,
138,5,Ngoại động từ,"
# Ngoại động từ

## 1. Khái niệm

Ngoại động từ (Transitive Verb) là động từ cần có tân ngữ để hoàn thành hoặc làm rõ ý nghĩa.

Cấu trúc:

S + V + O

Ví dụ:

She reads the report.

She = S
reads = V
the report = O

## 2. Một số ngoại động từ thường gặp

- open
- close
- send
- receive
- check
- read
- write
- buy
- make
- need

Ví dụ:

The manager checks the report.

The company sent an email.

## 3. Object có thể là

### Danh từ

She opened the door.

### Đại từ

The manager called me.

### Cụm danh từ

We received the new report.

## 4. Phân biệt nội động từ và ngoại động từ

### Nội động từ

The employee arrived.

S + V

### Ngoại động từ

The employee opened the door.

S + V + O

## 5. Mẹo TOEIC

Nếu động từ cần một đối tượng chịu tác động, hãy kiểm tra xem sau động từ có Object hay không.

Đây là điểm quan trọng khi xác định cấu trúc câu trong Part 5.
",7,2026-08-08 18:01:10.540921,2026-08-08 18:01:10.540921,
139,5,Động từ chỉ hành động,"
# Động từ chỉ hành động

## 1. Khái niệm

Động từ chỉ hành động diễn tả một hành động hoặc hoạt động do chủ thể thực hiện.

Ví dụ:

- work
- study
- open
- close
- send
- receive
- write
- read
- check
- prepare

## 2. Ví dụ

The employee checks the report.

→ Nhân viên kiểm tra báo cáo.

She sends an email.

→ Cô ấy gửi một email.

The manager opened the door.

→ Người quản lý đã mở cửa.

## 3. Động từ hành động có thể là nội động từ hoặc ngoại động từ

### Không cần Object

The employees arrived.

### Có Object

The employees opened the door.

Vì vậy, cần xem xét từng động từ cụ thể trong câu.

## 4. Động từ hành động trong các thì

Ví dụ:

Present:

She works every day.

Past:

She worked yesterday.

Future:

She will work tomorrow.

## 5. Mẹo TOEIC

Khi gặp câu hỏi về dạng động từ, hãy xác định:

- chủ ngữ
- thời gian
- dạng động từ cần sử dụng

Sau đó kiểm tra sự hòa hợp giữa chủ ngữ và động từ.
",8,2026-08-08 18:01:10.540921,2026-08-08 18:01:10.540921,
140,5,Động từ chỉ trạng thái,"
# Động từ chỉ trạng thái

## 1. Khái niệm

Động từ chỉ trạng thái (Stative Verbs) diễn tả trạng thái, cảm xúc, suy nghĩ, nhận thức, sở hữu hoặc sự tồn tại thay vì một hành động đang diễn ra.

## 2. Một số nhóm thường gặp

### Suy nghĩ và nhận thức

- know
- understand
- believe
- remember
- forget

Ví dụ:

She knows the answer.

### Cảm xúc và sở thích

- like
- love
- hate
- prefer
- want
- need

Ví dụ:

They like the new office.

### Sở hữu

- have
- own
- belong

Ví dụ:

She owns a company.

## 3. Lưu ý về thì tiếp diễn

Nhiều động từ trạng thái thường không được dùng ở dạng tiếp diễn khi chúng mang nghĩa trạng thái.

Ví dụ:

I know the answer. ✅

I am knowing the answer. ❌

She wants a new computer. ✅

She is wanting a new computer. ❌

## 4. Một số động từ có thể thay đổi nghĩa

Một số động từ có thể vừa mang nghĩa trạng thái vừa mang nghĩa hành động tùy ngữ cảnh.

Ví dụ:

I think he is right.

→ think = có ý kiến / trạng thái suy nghĩ.

I am thinking about the problem.

→ think = đang suy nghĩ.

## 5. Mẹo TOEIC

Khi gặp động từ ở dạng V-ing, hãy kiểm tra xem động từ đó có đang mang nghĩa trạng thái hay hành động hay không.
",9,2026-08-08 18:01:10.540921,2026-08-08 18:01:10.540921,
141,5,Động từ chính và trợ động từ,"
# Động từ chính và trợ động từ

## 1. Động từ chính

Main Verb là động từ mang nội dung chính của hành động hoặc trạng thái trong câu.

Ví dụ:

She works here.

""works"" = động từ chính.

They study English.

""study"" = động từ chính.

## 2. Trợ động từ

Auxiliary Verb là động từ hỗ trợ động từ chính để tạo:

- thì
- câu phủ định
- câu nghi vấn
- câu bị động

Các trợ động từ cơ bản:

- be
- do
- have

Ngoài ra còn có các modal verbs như:

- can
- could
- may
- might
- must
- should
- will
- would

## 3. BE làm trợ động từ

BE + V-ing

Ví dụ:

She is working.

""is"" = auxiliary verb
""working"" = main verb

## 4. HAVE làm trợ động từ

HAVE + V3/ed

Ví dụ:

She has finished the report.

""has"" = auxiliary verb
""finished"" = main verb

## 5. DO làm trợ động từ

DO/DOES/DID + V nguyên mẫu

Ví dụ:

She does not work here.

""does"" = auxiliary verb
""work"" = main verb

## 6. Modal Verb

Modal + V nguyên mẫu

Ví dụ:

She can work here.

""can"" = modal verb
""work"" = main verb

## 7. Mẹo TOEIC

Khi phân tích câu, hãy xác định:

1. Động từ chính là gì?
2. Có trợ động từ không?
3. Trợ động từ đang giúp tạo thì, phủ định, nghi vấn hay bị động?

Đây là nền tảng quan trọng để làm các câu Part 5 về dạng động từ.
",10,2026-08-08 18:01:10.540921,2026-08-08 18:01:10.540921,
143,6,Tính từ đứng trước danh từ,"
# Tính từ đứng trước danh từ

## 1. Vị trí

Tính từ thường đứng trước danh từ để mô tả danh từ.

Cấu trúc:

Adjective + Noun

Ví dụ:

a new employee

a large company

an important meeting

## 2. Ví dụ trong câu

The company hired a new manager.

new = adjective
manager = noun

She bought an expensive computer.

expensive = adjective
computer = noun

## 3. Một danh từ có thể có nhiều tính từ

Ví dụ:

a large modern office

large = kích thước
modern = đặc điểm
office = danh từ

## 4. Lưu ý

Không đặt tính từ sau danh từ trong cấu trúc thông thường.

a new computer. ✅

a computer new. ❌

## 5. Mẹo TOEIC

Khi thấy:

a/an/the + ___ + noun

hãy kiểm tra khả năng đáp án là tính từ.

Ví dụ:

The company needs a ___ employee.

A. carefully
B. careful
C. care
D. carefully

Đáp án: B. careful
",2,2026-08-08 18:01:10.540921,2026-08-08 18:01:10.540921,
144,6,Tính từ đứng sau động từ Be,"
# Tính từ đứng sau động từ Be

## 1. Cấu trúc

Tính từ có thể đứng sau động từ BE để mô tả chủ ngữ.

Cấu trúc:

S + BE + Adjective

Ví dụ:

The office is large.

The employees are busy.

The meeting was successful.

## 2. Các dạng của BE

Tùy theo chủ ngữ và thì, BE có thể là:

- am
- is
- are
- was
- were

Ví dụ:

I am tired.

She is busy.

They are ready.

The meeting was important.

## 3. Phân biệt tính từ và danh từ

She is busy.

busy = adjective

She is a manager.

a manager = noun

Sau BE có thể là tính từ hoặc danh từ tùy ý nghĩa câu.

## 4. Mẹo TOEIC

Nếu sau BE cần một từ mô tả chủ ngữ, hãy kiểm tra tính từ.

Ví dụ:

The new office is ___.

A. comfort
B. comfortably
C. comfortable
D. comforted

Đáp án: C. comfortable
",3,2026-08-08 18:01:10.540921,2026-08-08 18:01:10.540921,
145,6,Tính từ sau linking verbs,"
# Tính từ sau Linking Verbs

## 1. Linking Verb là gì?

Linking verbs là những động từ nối chủ ngữ với thông tin mô tả hoặc bổ sung cho chủ ngữ.

Một số linking verbs thường gặp:

- be
- become
- seem
- look
- feel
- sound
- appear
- remain
- stay

## 2. Cấu trúc

S + Linking Verb + Adjective

Ví dụ:

The plan seems effective.

The manager looks tired.

The office remains clean.

## 3. Ví dụ

The new product looks attractive.

attractive = adjective

The employees feel happy.

happy = adjective

The proposal sounds interesting.

interesting = adjective

## 4. Phân biệt với trạng từ

Sau linking verb, khi mô tả chủ ngữ, thường dùng tính từ.

The manager looks tired. ✅

The manager looks tiredly. ❌

## 5. Mẹo TOEIC

Nếu động từ đóng vai trò linking verb và từ phía sau mô tả chủ ngữ, hãy ưu tiên tính từ.

Cấu trúc cần nhớ:

S + Linking Verb + Adj
",4,2026-08-08 18:01:10.540921,2026-08-08 18:01:10.540921,
146,6,Tính từ chỉ tính chất,"
# Tính từ chỉ tính chất

## 1. Khái niệm

Tính từ chỉ tính chất dùng để mô tả đặc điểm hoặc phẩm chất của người, vật hoặc sự việc.

Ví dụ:

- useful
- important
- successful
- expensive
- cheap
- difficult
- easy
- large
- small
- reliable

## 2. Trước danh từ

Ví dụ:

an important meeting

a reliable employee

an expensive product

## 3. Sau linking verb

Ví dụ:

The meeting is important.

The employee is reliable.

The product is expensive.

## 4. Một số cặp dễ gặp trong TOEIC

important → quan trọng

successful → thành công

effective → hiệu quả

efficient → hiệu suất cao

available → có sẵn

necessary → cần thiết

convenient → thuận tiện

## 5. Mẹo TOEIC

Khi cần mô tả một danh từ hoặc chủ ngữ, hãy kiểm tra tính từ thay vì danh từ hoặc trạng từ.

Ví dụ:

The new system is highly ___.

A. efficiency
B. efficient
C. efficiently
D. effect

Nếu từ cần dùng để mô tả ""system"", đáp án phù hợp là tính từ.
",5,2026-08-08 18:01:10.540921,2026-08-08 18:01:10.540921,
147,6,Tính từ chỉ cảm xúc,"
# Tính từ chỉ cảm xúc

## 1. Khái niệm

Tính từ chỉ cảm xúc dùng để mô tả cảm xúc hoặc trạng thái tâm lý của người hoặc đôi khi mô tả đặc điểm gây ra cảm xúc.

Ví dụ:

- happy
- sad
- tired
- excited
- interested
- worried
- surprised
- bored

## 2. Mô tả người

Ví dụ:

She is excited.

The employees are tired.

The manager is worried.

## 3. Tính từ -ed và -ing

Đây là điểm rất quan trọng.

### -ed

Thường mô tả cảm xúc của người trải nghiệm.

I am interested in the project.

→ Tôi cảm thấy hứng thú với dự án.

### -ing

Thường mô tả người hoặc vật gây ra cảm xúc.

The project is interesting.

→ Dự án thú vị.

## 4. Một số cặp thường gặp

interested → cảm thấy hứng thú

interesting → gây hứng thú

bored → cảm thấy chán

boring → gây chán

excited → cảm thấy hào hứng

exciting → gây hào hứng

surprised → cảm thấy ngạc nhiên

surprising → gây ngạc nhiên

## 5. Mẹo TOEIC

Nếu chủ ngữ là người đang cảm thấy điều gì đó, thường dùng dạng **-ed**.

Nếu chủ ngữ là vật/sự việc gây ra cảm xúc, thường dùng dạng **-ing**.
",6,2026-08-08 18:01:10.540921,2026-08-08 18:01:10.540921,
148,6,Vị trí của nhiều tính từ,"
# Vị trí của nhiều tính từ

## 1. Khái niệm

Một danh từ có thể được mô tả bởi nhiều tính từ.

Ví dụ:

a large modern office

large = kích thước
modern = đặc điểm
office = danh từ

## 2. Trật tự tính từ cơ bản

Khi có nhiều tính từ đứng trước danh từ, thứ tự thường gặp là:

Opinion → Size → Age → Shape → Color → Origin → Material → Noun

Ví dụ:

a beautiful large new office

beautiful = opinion
large = size
new = age
office = noun

## 3. Một số ví dụ

a beautiful small red car

an expensive new Japanese computer

a large modern office building

## 4. Không phải lúc nào cũng cần nhiều tính từ

Trong tiếng Anh thực tế, chỉ sử dụng những tính từ cần thiết để truyền đạt ý nghĩa.

## 5. Mẹo TOEIC

Trong câu hỏi Part 5, nếu có nhiều tính từ, hãy kiểm tra:

1. Từ nào mô tả ý kiến?
2. Từ nào mô tả kích thước?
3. Từ nào mô tả tuổi?
4. Từ nào mô tả màu sắc?
5. Danh từ chính nằm ở đâu?

Cần đặc biệt chú ý trật tự tính từ khi nhiều tính từ đứng trước cùng một danh từ.
",7,2026-08-08 18:01:10.540921,2026-08-08 18:01:10.540921,
155,7,Trạng từ chỉ mức độ,"
# Trạng từ chỉ mức độ

## 1. Khái niệm

Adverbs of degree cho biết mức độ của một tính từ, trạng từ hoặc hành động.

Chúng trả lời câu hỏi:

**To what extent? – Ở mức độ nào?**

## 2. Một số trạng từ thường gặp

- very
- too
- quite
- rather
- extremely
- highly
- almost
- nearly
- enough

## 3. Bổ nghĩa cho tính từ

very + adjective

Ví dụ:

The office is very large.

The report is extremely important.

## 4. Bổ nghĩa cho trạng từ

very + adverb

Ví dụ:

She works very quickly.

He speaks extremely clearly.

## 5. Too

too thường diễn tả mức độ vượt quá mức cần thiết.

Ví dụ:

The report is too long.

→ Báo cáo quá dài.

## 6. Enough

enough có thể đứng sau tính từ.

adjective + enough

Ví dụ:

The room is large enough.

The computer is fast enough.

## 7. Mẹo TOEIC

Cần phân biệt vị trí:

very + adjective

very + adverb

adjective + enough

Ví dụ:

The system is ___ efficient.

A. enough
B. very
C. many
D. much

Đáp án: B. very
",6,2026-08-08 18:01:10.540921,2026-08-08 18:01:10.540921,
149,6,Phân biệt tính từ -ed và -ing,"
# Phân biệt tính từ -ed và -ing

## 1. Quy tắc cơ bản

Các tính từ kết thúc bằng **-ed** thường mô tả cảm xúc hoặc trạng thái của người trải nghiệm.

Các tính từ kết thúc bằng **-ing** thường mô tả người hoặc vật gây ra cảm xúc.

## 2. Ví dụ

### Interested / Interesting

I am interested in the course.

→ Tôi cảm thấy hứng thú với khóa học.

The course is interesting.

→ Khóa học thú vị.

### Bored / Boring

The employees are bored.

→ Nhân viên cảm thấy chán.

The meeting is boring.

→ Cuộc họp gây chán.

### Excited / Exciting

The customers are excited.

→ Khách hàng cảm thấy hào hứng.

The event is exciting.

→ Sự kiện thú vị/hào hứng.

## 3. Công thức ghi nhớ

**Người cảm thấy → -ED**

**Vật/sự việc gây cảm xúc → -ING**

Ví dụ:

The customers are ___ about the new product.

A. exciting
B. excited

Đáp án: B. excited

The new product is ___.

A. exciting
B. excited

Đáp án: A. exciting

## 4. Mẹo TOEIC

Đừng chỉ nhìn thấy chủ ngữ là người hay vật. Hãy xác định **ai đang cảm thấy** và **cái gì gây ra cảm xúc**.

- Người trải nghiệm cảm xúc → -ed
- Người/vật gây ra cảm xúc → -ing
",8,2026-08-08 18:01:10.540921,2026-08-08 18:01:10.540921,
150,7,Trạng từ là gì?,"
# Trạng từ là gì?

## 1. Khái niệm

Adverb (Adv) là trạng từ. Trạng từ dùng để bổ nghĩa cho:

- động từ
- tính từ
- trạng từ khác
- đôi khi cả câu

Trạng từ thường cho biết cách thức, thời gian, nơi chốn, tần suất hoặc mức độ của một hành động hay trạng thái.

## 2. Một số loại trạng từ cơ bản

- Adverb of manner: chỉ cách thức
- Adverb of time: chỉ thời gian
- Adverb of place: chỉ nơi chốn
- Adverb of frequency: chỉ tần suất
- Adverb of degree: chỉ mức độ

## 3. Ví dụ

She works carefully.

carefully = trạng từ chỉ cách thức.

He arrived yesterday.

yesterday = trạng từ chỉ thời gian.

They often travel abroad.

often = trạng từ chỉ tần suất.

## 4. Phân biệt tính từ và trạng từ

Tính từ thường mô tả danh từ hoặc chủ ngữ.

She is careful.

Trạng từ thường bổ nghĩa cho động từ.

She works carefully.

## 5. Mẹo TOEIC

Trong Part 5, nếu từ cần điền bổ nghĩa cho động từ, hãy kiểm tra khả năng đáp án là trạng từ.

Ví dụ:

The manager spoke ___.

A. clear
B. clearly
C. clarity
D. clearer

Đáp án: B. clearly
",1,2026-08-08 18:01:10.540921,2026-08-08 18:01:10.540921,
151,7,Trạng từ chỉ cách thức,"
# Trạng từ chỉ cách thức

## 1. Khái niệm

Adverbs of manner mô tả cách một hành động được thực hiện.

Chúng trả lời câu hỏi:

**How? – Như thế nào?**

## 2. Một số trạng từ thường gặp

- carefully
- quickly
- slowly
- clearly
- quietly
- easily
- successfully
- carefully

## 3. Ví dụ

The manager spoke clearly.

→ Người quản lý nói rõ ràng.

She completed the task quickly.

→ Cô ấy hoàn thành nhiệm vụ nhanh chóng.

The employee worked carefully.

→ Nhân viên làm việc cẩn thận.

## 4. Vị trí

Trạng từ chỉ cách thức thường đứng sau động từ hoặc sau tân ngữ.

She works carefully.

She completed the report carefully.

## 5. Tính từ và trạng từ

careful → tính từ

carefully → trạng từ

quick → tính từ

quickly → trạng từ

Ví dụ:

She is careful.

She works carefully.

## 6. Mẹo TOEIC

Nếu chỗ trống bổ nghĩa cho một động từ hành động, hãy kiểm tra trạng từ chỉ cách thức.

The employee completed the form ___.

A. careful
B. carefully
C. care
D. carefulness

Đáp án: B. carefully
",2,2026-08-08 18:01:10.540921,2026-08-08 18:01:10.540921,
152,7,Trạng từ chỉ thời gian,"
# Trạng từ chỉ thời gian

## 1. Khái niệm

Adverbs of time cho biết thời điểm hoặc thời gian một hành động xảy ra.

Chúng trả lời câu hỏi:

**When? – Khi nào?**

## 2. Một số trạng từ thường gặp

- now
- today
- yesterday
- tomorrow
- soon
- recently
- already
- still
- yet

## 3. Ví dụ

The manager arrived yesterday.

→ Người quản lý đã đến hôm qua.

We will start tomorrow.

→ Chúng ta sẽ bắt đầu vào ngày mai.

She is working now.

→ Cô ấy đang làm việc bây giờ.

## 4. Vị trí

Trạng từ thời gian thường đứng:

- cuối câu
- đầu câu để nhấn mạnh

Ví dụ:

The meeting starts tomorrow.

Tomorrow, the meeting starts.

## 5. Lưu ý TOEIC

Một số trạng từ thời gian là dấu hiệu quan trọng để nhận biết thì.

Ví dụ:

yesterday → thường liên quan đến quá khứ

now → thường liên quan đến hiện tại tiếp diễn

tomorrow → thường liên quan đến tương lai

## 6. Mẹo TOEIC

Khi gặp trạng từ chỉ thời gian, hãy kiểm tra xem nó có giúp xác định thì của động từ hay không.
",3,2026-08-08 18:01:10.540921,2026-08-08 18:01:10.540921,
153,7,Trạng từ chỉ nơi chốn,"
# Trạng từ chỉ nơi chốn

## 1. Khái niệm

Adverbs of place cho biết địa điểm hoặc hướng mà một hành động xảy ra.

Chúng trả lời câu hỏi:

**Where? – Ở đâu?**

## 2. Một số trạng từ thường gặp

- here
- there
- everywhere
- somewhere
- anywhere
- abroad
- nearby
- outside
- inside

## 3. Ví dụ

She works here.

→ Cô ấy làm việc ở đây.

The employees are waiting outside.

→ Các nhân viên đang chờ bên ngoài.

The manager went abroad.

→ Người quản lý đã đi nước ngoài.

## 4. Vị trí

Trạng từ nơi chốn thường đứng sau động từ hoặc sau tân ngữ.

The employees work here.

She put the documents there.

## 5. Phân biệt với cụm giới từ

here, there, abroad là trạng từ.

in the office, at the station, near the building là các cụm giới từ có chức năng trạng ngữ.

Ví dụ:

She works here.

She works in the office.

## 6. Mẹo TOEIC

Khi câu cần chỉ địa điểm mà không có danh từ sau giới từ, hãy kiểm tra khả năng sử dụng trạng từ nơi chốn.
",4,2026-08-08 18:01:10.540921,2026-08-08 18:01:10.540921,
154,7,Trạng từ chỉ tần suất,"
# Trạng từ chỉ tần suất

## 1. Khái niệm

Adverbs of frequency cho biết một hành động xảy ra thường xuyên đến mức nào.

Chúng trả lời câu hỏi:

**How often? – Bao lâu một lần?**

## 2. Một số trạng từ thường gặp

- always
- usually
- often
- frequently
- sometimes
- occasionally
- rarely
- seldom
- never

## 3. Mức độ tần suất

Có thể hình dung:

always
→ usually
→ often
→ sometimes
→ rarely
→ never

## 4. Vị trí với động từ thường

Trạng từ tần suất thường đứng trước động từ chính.

She always arrives early.

He usually works from home.

They often attend meetings.

## 5. Vị trí với động từ BE

Trạng từ tần suất thường đứng sau BE.

She is always busy.

They are usually on time.

## 6. Với trợ động từ

Trạng từ thường đứng sau trợ động từ và trước động từ chính.

She can always help us.

He has never visited the office.

## 7. Mẹo TOEIC

Đặc biệt chú ý vị trí của trạng từ tần suất:

**S + frequency adverb + V**

nhưng:

**S + BE + frequency adverb**

Ví dụ:

She always works hard.

She is always busy.
",5,2026-08-08 18:01:10.540921,2026-08-08 18:01:10.540921,
156,7,Vị trí của trạng từ trong câu,"
# Vị trí của trạng từ trong câu

## 1. Trạng từ không có một vị trí duy nhất

Vị trí của trạng từ phụ thuộc vào loại trạng từ và thành phần mà nó bổ nghĩa.

## 2. Trạng từ chỉ cách thức

Thường đứng sau động từ hoặc tân ngữ.

She works carefully.

She completed the report carefully.

## 3. Trạng từ chỉ tần suất

Với động từ thường:

S + Adv + V

She always arrives early.

Với BE:

S + BE + Adv

She is always busy.

## 4. Trạng từ chỉ thời gian

Thường đứng cuối câu.

The meeting starts tomorrow.

Có thể đứng đầu câu:

Tomorrow, the meeting starts.

## 5. Trạng từ chỉ nơi chốn

Thường đứng sau động từ hoặc tân ngữ.

The employees work here.

She put the documents there.

## 6. Trạng từ chỉ mức độ

Thường đứng trước tính từ hoặc trạng từ mà nó bổ nghĩa.

very important

extremely useful

very quickly

## 7. Mẹo TOEIC

Khi chọn đáp án trạng từ, không chỉ xác định đúng loại từ mà còn phải kiểm tra vị trí của nó trong câu.

Đặc biệt nhớ:

- frequency + động từ thường
- BE + frequency
- degree + adjective/adverb
- manner thường sau động từ hoặc object
",7,2026-08-08 18:01:10.540921,2026-08-08 18:01:10.540921,
157,7,Cách thành lập trạng từ,"
# Cách thành lập trạng từ

## 1. Trạng từ từ tính từ

Nhiều trạng từ chỉ cách thức được thành lập bằng cách thêm **-ly** vào tính từ.

Công thức:

Adjective + ly → Adverb

Ví dụ:

careful → carefully

quick → quickly

slow → slowly

clear → clearly

## 2. Một số thay đổi chính tả

### Tính từ kết thúc bằng -y

Đổi y thành i rồi thêm -ly.

happy → happily

easy → easily

### Tính từ kết thúc bằng -le

Một số từ đổi -le thành -ly.

simple → simply

gentle → gently

## 3. Một số trường hợp đặc biệt

Không phải mọi trạng từ đều được tạo bằng cách thêm -ly.

Ví dụ:

fast → fast

hard → hard

late → late

early → early

Ví dụ:

He works hard.

She arrived early.

The car moves fast.

## 4. Lưu ý hard và hardly

hard = chăm chỉ / mạnh / với mức độ lớn tùy ngữ cảnh

hardly = hầu như không

Ví dụ:

He works hard.

→ Anh ấy làm việc chăm chỉ.

He hardly works.

→ Anh ấy hầu như không làm việc.

## 5. Tính từ và trạng từ có hình thức giống nhau

Một số từ có cùng hình thức:

fast → fast

hard → hard

early → early

late → late

## 6. Mẹo TOEIC

Đừng mặc định mọi trạng từ đều có đuôi **-ly**.

Khi gặp câu Part 5, hãy xác định:

1. Từ cần điền bổ nghĩa cho thành phần nào?
2. Cần adjective hay adverb?
3. Nếu cần adverb, từ đó có thực sự thêm -ly hay là trường hợp đặc biệt?

",8,2026-08-08 18:01:10.540921,2026-08-08 18:01:10.540921,
159,8,Cách sử dụng A,"
# Cách sử dụng A

## 1. Khái niệm

""A"" là mạo từ không xác định.

Dùng **a** trước danh từ đếm được số ít khi nói đến một người hoặc vật chưa được xác định cụ thể.

Cấu trúc:

a + singular countable noun

## 2. Ví dụ

a manager

a company

a report

a meeting

Ví dụ trong câu:

The company hired a manager.

→ Công ty đã thuê một người quản lý.

## 3. Khi nào dùng A?

Dùng a khi:

- nói đến một đối tượng chưa xác định
- đề cập đến một đối tượng lần đầu tiên
- nói về nghề nghiệp

Ví dụ:

She is a manager.

He works for a company.

I received a report.

## 4. Lần đầu và lần thứ hai

Khi nhắc đến một đối tượng lần đầu, thường dùng a/an.

I saw a manager.

Sau đó nếu nói lại chính đối tượng đó, thường dùng the.

The manager was carrying a report.

## 5. Lưu ý

A chỉ dùng với:

**danh từ đếm được số ít.**

a company ✅

a manager ✅

a companies ❌

a information ❌

## 6. Mẹo TOEIC

Nếu thấy:

a + ___

từ sau thường phải là danh từ đếm được số ít hoặc một từ/cụm từ bắt đầu bằng cấu trúc phù hợp với danh từ số ít.

",2,2026-08-08 18:01:10.540921,2026-08-08 18:01:10.540921,
160,8,Cách sử dụng AN,"
# Cách sử dụng AN

## 1. Khái niệm

""An"" là mạo từ không xác định, có chức năng tương tự ""a"".

Điểm khác biệt là **an** được dùng trước từ bắt đầu bằng **âm nguyên âm**.

Cấu trúc:

an + singular countable noun

## 2. Ví dụ

an employee

an office

an assistant

an engineer

an hour

## 3. Không chỉ dựa vào chữ cái

Việc chọn a hay an dựa vào **âm đọc**, không đơn giản chỉ dựa vào chữ cái đầu.

Ví dụ:

an hour

Vì ""hour"" bắt đầu bằng âm nguyên âm /aʊ/.

Ngược lại:

a university

Vì ""university"" bắt đầu bằng âm /juː/, là âm phụ âm.

## 4. Ví dụ trong câu

She is an engineer.

The company hired an assistant.

He waited for an hour.

## 5. Lưu ý

AN cũng chỉ dùng với:

**danh từ đếm được số ít.**

an employee ✅

an employees ❌

an information ❌

## 6. Mẹo TOEIC

Đừng chỉ nhìn chữ cái đầu.

Hãy đọc âm đầu của từ:

an hour

a university

a European company

an employee
",3,2026-08-08 18:01:10.540921,2026-08-08 18:01:10.540921,
161,8,Cách sử dụng THE,"
# Cách sử dụng THE

## 1. Khái niệm

""The"" là mạo từ xác định.

Dùng **the** khi người nói và người nghe có thể xác định được người, vật hoặc sự việc đang được nói đến.

## 2. Đối tượng đã được nhắc đến

Ví dụ:

I received a report.

The report was useful.

Lần đầu:

a report

Lần sau:

the report

## 3. Đối tượng cụ thể

Ví dụ:

Please close the door.

→ Người nghe biết cánh cửa nào đang được nói đến.

The manager is in the office.

→ Người nói đang đề cập đến một người quản lý cụ thể.

## 4. Dùng THE với một số đối tượng duy nhất hoặc được xác định rõ

Ví dụ:

the sun

the Earth

the internet

## 5. THE với danh từ số ít, số nhiều và không đếm được

The có thể đứng trước:

- danh từ đếm được số ít
- danh từ đếm được số nhiều
- danh từ không đếm được

Ví dụ:

the manager

the employees

the information

## 6. Mẹo TOEIC

Hãy hỏi:

**""Người đọc/người nghe có biết chính xác đối tượng nào đang được nói đến không?""**

Nếu có → có khả năng dùng **the**.
",4,2026-08-08 18:01:10.540921,2026-08-08 18:01:10.540921,
162,8,Phân biệt A và AN,"
# Phân biệt A và AN

## 1. Điểm giống nhau

A và AN đều là mạo từ không xác định.

Cả hai đều được dùng với:

**danh từ đếm được số ít.**

Ví dụ:

a manager

an employee

## 2. Khi dùng A

Dùng **a** trước âm phụ âm.

Ví dụ:

a manager

a company

a report

a university

a European company

## 3. Khi dùng AN

Dùng **an** trước âm nguyên âm.

Ví dụ:

an employee

an office

an engineer

an hour

an important meeting

## 4. Quy tắc quan trọng

Không quyết định a/an chỉ dựa vào chữ cái đầu.

Hãy xét **âm đầu khi phát âm**.

Ví dụ:

a university

""university"" phát âm bắt đầu bằng /juː/.

an hour

""hour"" phát âm bắt đầu bằng âm nguyên âm.

## 5. Mẹo TOEIC

Khi câu có:

___ employee

→ an employee

___ manager

→ a manager

___ hour

→ an hour

___ university

→ a university

Hãy đọc âm đầu thay vì chỉ nhìn chữ cái.
",5,2026-08-08 18:01:10.540921,2026-08-08 18:01:10.540921,
163,8,Trường hợp không dùng mạo từ,"
# Trường hợp không dùng mạo từ

## 1. Khái niệm

Trong tiếng Anh, có nhiều trường hợp danh từ được sử dụng mà không có a, an hoặc the.

Trường hợp này thường được gọi là **zero article**.

## 2. Danh từ số nhiều nói chung

Khi nói chung về một nhóm người hoặc vật, thường không dùng the.

Ví dụ:

Employees need training.

→ Nhân viên nói chung cần được đào tạo.

Companies need good managers.

→ Các công ty nói chung cần người quản lý tốt.

## 3. Danh từ không đếm được nói chung

Ví dụ:

Information is important.

Training is necessary.

Equipment is expensive.

Ở đây danh từ được nói theo nghĩa chung.

## 4. So sánh nghĩa chung và nghĩa cụ thể

Employees need training.

→ Nhân viên nói chung.

The employees need training.

→ Những nhân viên cụ thể.

Information is important.

→ Thông tin nói chung.

The information is important.

→ Thông tin cụ thể đã được xác định.

## 5. Tên riêng

Nhiều tên riêng thường không cần mạo từ.

Ví dụ:

John works here.

Vietnam is beautiful.

## 6. Mẹo TOEIC

Nếu danh từ số nhiều hoặc danh từ không đếm được đang được nói theo nghĩa chung, hãy kiểm tra khả năng **không dùng mạo từ**.
",6,2026-08-08 18:01:10.540921,2026-08-08 18:01:10.540921,
164,8,Mạo từ với danh từ số ít,"
# Mạo từ với danh từ số ít

## 1. Danh từ đếm được số ít

Danh từ đếm được số ít thường không thể đứng một mình trong câu.

Thông thường cần một từ hạn định như:

- a
- an
- the
- this
- that
- my
- your
- his
- her

Ví dụ:

a manager

the manager

my manager

this manager

## 2. Dùng A/AN

Khi đối tượng chưa xác định:

a manager

an employee

Ví dụ:

The company hired a new employee.

## 3. Dùng THE

Khi đối tượng đã xác định:

the manager

the employee

Ví dụ:

The manager called me.

## 4. Không thể dùng danh từ số ít trống

Sai:

Company hired manager. ❌

Đúng:

The company hired a manager. ✅

## 5. Mẹo TOEIC

Nếu thấy một danh từ đếm được số ít đứng trong câu, hãy kiểm tra xem trước nó đã có:

- a/an
- the
- this/that
- my/your/his/her...
- hoặc từ hạn định khác

hay chưa.
",7,2026-08-08 18:01:10.540921,2026-08-08 18:01:10.540921,
165,8,Mạo từ với danh từ số nhiều,"
# Mạo từ với danh từ số nhiều

## 1. Danh từ đếm được số nhiều

Danh từ số nhiều có thể dùng với hoặc không dùng với mạo từ tùy theo ý nghĩa.

## 2. Nói chung

Khi nói về một nhóm nói chung, thường không dùng mạo từ.

Ví dụ:

Employees need training.

Companies need technology.

Customers expect good service.

## 3. Nói về nhóm cụ thể

Khi nhóm đã được xác định, dùng **the**.

Ví dụ:

The employees in this department need training.

The customers at the store are waiting.

## 4. Không dùng A/AN

Không dùng a hoặc an trực tiếp trước danh từ số nhiều.

a employees ❌

an employees ❌

## 5. So sánh

Employees are important.

→ Nhân viên nói chung.

The employees are important.

→ Những nhân viên cụ thể.

## 6. Mẹo TOEIC

Khi gặp danh từ số nhiều:

- nghĩa chung → thường không có mạo từ
- nhóm cụ thể → có thể dùng **the**
- không dùng **a/an**
",8,2026-08-08 18:01:10.540921,2026-08-08 18:01:10.540921,
166,8,Mạo từ với danh từ không đếm được,"
# Mạo từ với danh từ không đếm được

## 1. Khái niệm

Danh từ không đếm được là những danh từ thường không được đếm trực tiếp bằng số.

Một số danh từ thường gặp trong TOEIC:

- information
- equipment
- advice
- furniture
- training
- knowledge
- money

## 2. Nghĩa chung

Khi nói về khái niệm hoặc vật chất nói chung, thường không dùng mạo từ.

Ví dụ:

Information is important.

Training is necessary.

Equipment is expensive.

## 3. Nghĩa cụ thể

Khi danh từ không đếm được được xác định rõ, có thể dùng **the**.

Ví dụ:

The information in this report is useful.

The equipment in the office is new.

## 4. Không dùng A/AN

Không dùng a/an trực tiếp với danh từ không đếm được.

an information ❌

a furniture ❌

an equipment ❌

Có thể dùng:

a piece of information

a piece of furniture

a piece of equipment

## 5. Mẹo TOEIC

Khi gặp danh từ như:

information
equipment
advice
furniture

hãy kiểm tra xem danh từ đang được dùng:

- theo nghĩa chung → thường không có mạo từ
- theo nghĩa cụ thể → có thể dùng **the**

",9,2026-08-08 18:01:10.540921,2026-08-08 18:01:10.540921,
179,10,Liên từ là gì?,"

# Liên từ là gì?

## 1. Khái niệm

Conjunction (liên từ) là từ dùng để nối các từ, cụm từ hoặc mệnh đề với nhau.

Một số liên từ cơ bản thường gặp:

- and
- but
- or
- so
- because
- although

## 2. Ví dụ

I work and study.

She is tired but happy.

You can call me or send an email.

## 3. Mẹo TOEIC

Khi gặp chỗ trống giữa hai mệnh đề, hãy xem mối quan hệ ý nghĩa giữa chúng:

- thêm thông tin → and
- đối lập → but / although
- lựa chọn → or
- kết quả → so
- nguyên nhân → because

",1,2026-08-08 18:01:10.540921,2026-08-08 18:01:10.540921,
187,11,Cấu trúc thì hiện tại đơn,"
# Cấu trúc thì hiện tại đơn

## 1. Công thức

Thì hiện tại đơn (Present Simple) dùng để diễn tả hành động, sự việc thường xuyên xảy ra hoặc sự thật hiển nhiên.

### Với động từ TO BE

- I + am
- He / She / It + is
- You / We / They + are

Ví dụ:

I am a student.
→ Tôi là sinh viên.

She is busy.
→ Cô ấy bận.

They are employees.
→ Họ là nhân viên.

### Với động từ thường

S + V(s/es) + ...

Ví dụ:

I work every day.

She works every day.

## 2. Lưu ý

Với chủ ngữ số ít ngôi thứ ba (he, she, it), động từ thường phải thêm **-s hoặc -es**.

He works here.

She studies English.

## 3. Mẹo TOEIC

Trước khi chia động từ, hãy xác định chủ ngữ là số ít hay số nhiều.
",1,2026-08-08 18:01:10.540921,2026-08-08 18:01:10.540921,
205,13,Cấu trúc thì quá khứ đơn,"
# Cấu trúc thì quá khứ đơn

## 1. Khái niệm

Thì quá khứ đơn (Past Simple) được sử dụng để diễn tả một hành động hoặc sự việc đã xảy ra và kết thúc trong quá khứ.

## 2. Cấu trúc với động từ TO BE

### Câu khẳng định

S + was/were + ...

Ví dụ:

She was at the office yesterday.
→ Cô ấy đã ở văn phòng hôm qua.

They were busy last week.
→ Họ đã bận tuần trước.

### Câu phủ định

S + was/were + not + ...

Ví dụ:

She was not at home.

They were not busy.

### Câu nghi vấn

Was/Were + S + ...?

Ví dụ:

Was she at the office?

Were they busy?

## 3. Cấu trúc với động từ thường

### Câu khẳng định

S + V2/ed + ...

Ví dụ:

She worked yesterday.

He visited the office last week.

### Câu phủ định

S + did not + V nguyên mẫu + ...

Ví dụ:

She did not work yesterday.

### Câu nghi vấn

Did + S + V nguyên mẫu + ...?

Ví dụ:

Did she work yesterday?

## 4. Lưu ý quan trọng

Sau did/did not, động từ chính phải trở về dạng nguyên mẫu.

She did not worked. ❌

She did not work. ✅

## 5. Mẹo TOEIC

Khi gặp câu hỏi về quá khứ đơn, hãy xác định:

1. Chủ ngữ
2. Có TO BE hay động từ thường
3. Câu khẳng định, phủ định hay nghi vấn
4. Dấu hiệu thời gian trong quá khứ

",1,2026-08-08 18:01:10.540921,2026-08-08 18:01:10.540921,
206,13,Cách sử dụng thì quá khứ đơn,"
# Cách sử dụng thì quá khứ đơn

## 1. Hành động đã xảy ra và kết thúc trong quá khứ

Dùng quá khứ đơn để diễn tả một hành động đã hoàn thành tại một thời điểm trong quá khứ.

Ví dụ:

The manager visited the branch yesterday.
→ Người quản lý đã đến chi nhánh hôm qua.

She finished the report last night.
→ Cô ấy đã hoàn thành báo cáo tối qua.

## 2. Một chuỗi hành động trong quá khứ

Ví dụ:

He arrived at the office, checked his email, and started working.

→ Anh ấy đến văn phòng, kiểm tra email và bắt đầu làm việc.

## 3. Thói quen trong quá khứ

Quá khứ đơn có thể mô tả một thói quen đã từng xảy ra trong quá khứ.

Ví dụ:

She walked to work every day when she lived there.

## 4. Sự việc xảy ra tại một thời điểm xác định trong quá khứ

Ví dụ:

The company opened a new branch in 2020.

## 5. Mẹo TOEIC

Các dấu hiệu như:

- yesterday
- last week
- last month
- last year
- ago
- in 2020

thường gợi ý sử dụng quá khứ đơn.

",2,2026-08-08 18:01:10.540921,2026-08-08 18:01:10.540921,
207,13,Động từ có quy tắc ở quá khứ,"
# Động từ có quy tắc ở quá khứ

## 1. Khái niệm

Động từ có quy tắc (regular verbs) thường tạo dạng quá khứ bằng cách thêm **-ed** vào động từ nguyên mẫu.

Ví dụ:

work → worked

visit → visited

open → opened

## 2. Một số ví dụ

| Động từ nguyên mẫu | Quá khứ |
|---|---|
| work | worked |
| clean | cleaned |
| open | opened |
| visit | visited |
| call | called |

Ví dụ:

The manager called the client yesterday.

## 3. Quy tắc cơ bản

V + ed

Ví dụ:

work → worked

## 4. Lưu ý

Không phải tất cả động từ đều thêm -ed. Một số động từ bất quy tắc có dạng quá khứ riêng.

Ví dụ:

go → went

buy → bought

take → took

## 5. Mẹo TOEIC

Khi thấy một động từ trong câu quá khứ, hãy xác định đó là động từ có quy tắc hay bất quy tắc trước khi chọn đáp án.

",3,2026-08-08 18:01:10.540921,2026-08-08 18:01:10.540921,
208,13,Quy tắc thêm -ED,"
# Quy tắc thêm -ED

## 1. Động từ thông thường

Thông thường chỉ cần thêm **-ed**.

work → worked

visit → visited

clean → cleaned

## 2. Động từ kết thúc bằng -e

Chỉ cần thêm **-d**.

live → lived

love → loved

arrive → arrived

## 3. Động từ kết thúc bằng phụ âm + y

Đổi **y → i** rồi thêm **-ed**.

study → studied

carry → carried

## 4. Động từ kết thúc bằng nguyên âm + y

Giữ nguyên y và thêm **-ed**.

play → played

enjoy → enjoyed

## 5. Động từ có dạng phụ âm-nguyên âm-phụ âm

Một số động từ ngắn cần gấp đôi phụ âm cuối trước khi thêm -ed.

stop → stopped

plan → planned

## 6. Mẹo TOEIC

Hãy kiểm tra chính tả của động từ khi chuyển sang quá khứ, đặc biệt với:

- động từ kết thúc bằng e
- động từ kết thúc bằng y
- động từ cần gấp đôi phụ âm

",4,2026-08-08 18:01:10.540921,2026-08-08 18:01:10.540921,
209,13,Động từ bất quy tắc,"
# Động từ bất quy tắc

## 1. Khái niệm

Động từ bất quy tắc (irregular verbs) không tạo dạng quá khứ bằng cách đơn giản thêm -ed.

Ví dụ:

go → went

buy → bought

take → took

see → saw

write → wrote

## 2. Một số động từ thường gặp trong TOEIC

| Nguyên mẫu | Quá khứ |
|---|---|
| go | went |
| come | came |
| buy | bought |
| take | took |
| make | made |
| see | saw |
| find | found |
| give | gave |
| send | sent |
| meet | met |

## 3. Ví dụ

The manager went to the branch yesterday.

The company bought new equipment last year.

## 4. Lưu ý

Không sử dụng -ed với động từ bất quy tắc.

go → goed ❌

go → went ✅

## 5. Mẹo TOEIC

Nên ghi nhớ các động từ bất quy tắc thường xuyên xuất hiện trong câu hỏi TOEIC.

",5,2026-08-08 18:01:10.540921,2026-08-08 18:01:10.540921,
210,13,Động từ TO BE ở quá khứ,"
# Động từ TO BE ở quá khứ

## 1. Dạng quá khứ của TO BE

TO BE ở quá khứ có hai dạng:

- was
- were

## 2. WAS

Dùng với:

- I
- he
- she
- it
- danh từ số ít

Ví dụ:

She was at the office.

The manager was busy.

## 3. WERE

Dùng với:

- you
- we
- they
- danh từ số nhiều

Ví dụ:

They were at the meeting.

The employees were busy.

## 4. Câu phủ định

was not = wasn't

were not = weren't

Ví dụ:

She wasn't at home.

They weren't ready.

## 5. Câu nghi vấn

Was/Were + S + ...?

Ví dụ:

Was he at the office?

Were they at the meeting?

## 6. Mẹo TOEIC

Hãy xác định chủ ngữ trước khi chọn **was** hoặc **were**.

",6,2026-08-08 18:01:10.540921,2026-08-08 18:01:10.540921,
211,13,Câu phủ định quá khứ đơn,"
# Câu phủ định quá khứ đơn

## 1. Với động từ thường

Công thức:

S + did not + V nguyên mẫu

Ví dụ:

She did not attend the meeting.

They did not finish the report.

## 2. Dạng viết tắt

did not = didn't

Ví dụ:

She didn't attend the meeting.

## 3. Quy tắc quan trọng

Sau **did not**, động từ chính phải dùng dạng nguyên mẫu.

She didn't worked yesterday. ❌

She didn't work yesterday. ✅

## 4. Với TO BE

Công thức:

S + was/were + not + ...

Ví dụ:

She was not at the office.

They were not ready.

## 5. Mẹo TOEIC

Đây là một bẫy thường gặp:

The manager didn't ___ the report yesterday.

A. reviewed
B. reviews
C. review
D. reviewing

Đáp án: **C. review**

Vì sau didn't phải dùng động từ nguyên mẫu.

",7,2026-08-08 18:01:10.540921,2026-08-08 18:01:10.540921,
212,13,Câu nghi vấn quá khứ đơn,"
# Câu nghi vấn quá khứ đơn

## 1. Câu hỏi với động từ thường

Công thức:

Did + S + V nguyên mẫu + ...?

Ví dụ:

Did she attend the meeting?

Did the manager call the client?

## 2. Câu hỏi với TO BE

Công thức:

Was/Were + S + ...?

Ví dụ:

Was she at the office?

Were they busy?

## 3. Câu hỏi WH

Công thức thường gặp:

Wh-word + did + S + V nguyên mẫu?

Ví dụ:

When did she arrive?

Where did the manager go?

Why did they leave?

## 4. Lưu ý

Sau **did**, động từ chính luôn ở dạng nguyên mẫu.

Did she worked yesterday? ❌

Did she work yesterday? ✅

## 5. Mẹo TOEIC

Khi gặp câu hỏi quá khứ, hãy kiểm tra:

1. Có Did hay không?
2. Chủ ngữ là gì?
3. Động từ sau Did đã ở nguyên mẫu chưa?

",8,2026-08-08 18:01:10.540921,2026-08-08 18:01:10.540921,
213,13,Dấu hiệu nhận biết quá khứ đơn,"
# Dấu hiệu nhận biết quá khứ đơn

## 1. Dấu hiệu thời gian

Các từ/cụm từ thường xuất hiện với quá khứ đơn:

- yesterday
- yesterday morning
- last night
- last week
- last month
- last year
- ... ago
- in + năm trong quá khứ

## 2. Ví dụ

The company opened the branch **last year**.

She called me **yesterday**.

They moved to this office **three years ago**.

The meeting took place **in 2022**.

## 3. Cách nhận biết trong TOEIC

Khi thấy một mốc thời gian đã kết thúc trong quá khứ, hãy kiểm tra khả năng sử dụng quá khứ đơn.

Ví dụ:

The manager ___ the report yesterday.

A. reviews
B. reviewed
C. reviewing
D. has reviewed

Đáp án: **B. reviewed**

## 4. Lưu ý

Không chỉ dựa vào một từ riêng lẻ. Cần xem xét toàn bộ ngữ cảnh của câu để xác định thì.

",9,2026-08-08 18:01:10.540921,2026-08-08 18:01:10.540921,
214,13,Phân biệt quá khứ đơn và hiện tại đơn,"
# Phân biệt quá khứ đơn và hiện tại đơn

## 1. Hiện tại đơn

Dùng để nói về:

- thói quen
- sự thật
- lịch trình
- sự việc thường xuyên xảy ra

Ví dụ:

The manager works every day.

## 2. Quá khứ đơn

Dùng để nói về hành động hoặc sự việc đã xảy ra và kết thúc trong quá khứ.

Ví dụ:

The manager worked yesterday.

## 3. So sánh

| Hiện tại đơn | Quá khứ đơn |
|---|---|
| work / works | worked |
| every day | yesterday |
| usually | last week |
| often | two days ago |
| every year | last year |

## 4. Ví dụ TOEIC

The company ___ new employees every year.

→ Thói quen/lặp lại → **hiện tại đơn**

The company ___ 20 employees last year.

→ Có mốc thời gian quá khứ → **quá khứ đơn**

## 5. Mẹo TOEIC

Hãy tìm dấu hiệu thời gian và xác định hành động xảy ra ở thời điểm nào.

- every day → thường là hiện tại đơn
- usually → thường là hiện tại đơn
- yesterday → quá khứ đơn
- last year → quá khứ đơn
- two years ago → quá khứ đơn

",10,2026-08-08 18:01:10.540921,2026-08-08 18:01:10.540921,
216,14,Cấu trúc WILL + V,"
# Cấu trúc WILL + V

## 1. Công thức khẳng định

S + will + V nguyên mẫu

Ví dụ:

She will attend the meeting.

The employees will finish the project.

## 2. Công thức phủ định

S + will not + V nguyên mẫu

Dạng viết tắt:

will not = won't

Ví dụ:

She will not attend the meeting.

She won't attend the meeting.

## 3. Công thức nghi vấn

Will + S + V nguyên mẫu?

Ví dụ:

Will she attend the meeting?

Will they finish the project?

## 4. Câu trả lời ngắn

Will you attend the meeting?

Yes, I will.

No, I won't.

## 5. Lưu ý quan trọng

Sau WILL luôn sử dụng động từ nguyên mẫu.

Đúng:

She will work tomorrow. ✅

Sai:

She will works tomorrow. ❌

Sai:

She will working tomorrow. ❌

## 6. Mẹo TOEIC

Nếu đáp án có:

- V nguyên mẫu
- V-s/es
- V-ing
- V-ed

và phía trước có WILL → chọn **V nguyên mẫu**.
",2,2026-08-08 18:01:10.540921,2026-08-08 18:01:10.540921,
217,14,Cách sử dụng WILL,"
# Cách sử dụng WILL

## 1. Quyết định ngay tại thời điểm nói

WILL có thể dùng khi người nói quyết định làm điều gì ngay lúc nói.

Ví dụ:

The phone is ringing. I'll answer it.

→ Điện thoại đang reo. Tôi sẽ nghe máy.

## 2. Dự đoán tương lai

WILL được dùng để dự đoán một sự việc sẽ xảy ra.

Ví dụ:

The company will grow rapidly.

→ Công ty sẽ phát triển nhanh chóng.

## 3. Lời hứa

Ví dụ:

I will send you the report tomorrow.

→ Tôi sẽ gửi báo cáo cho bạn vào ngày mai.

## 4. Lời đề nghị

Ví dụ:

I'll help you carry the boxes.

→ Tôi sẽ giúp bạn mang những chiếc hộp.

## 5. Dấu hiệu thường gặp

Một số cụm từ thường liên quan đến tương lai:

- tomorrow
- next week
- next month
- next year
- soon
- in the future

Ví dụ:

The meeting will start tomorrow.

## 6. Mẹo TOEIC

Khi câu thể hiện dự đoán, lời hứa hoặc quyết định được đưa ra ngay lúc nói, WILL thường là lựa chọn phù hợp.
",3,2026-08-08 18:01:10.540921,2026-08-08 18:01:10.540921,
218,14,Câu phủ định với WILL,"
# Câu phủ định với WILL

## 1. Công thức

S + will not + V nguyên mẫu

will not thường được viết tắt thành:

won't

Ví dụ:

She will not attend the meeting.

She won't attend the meeting.

## 2. Ví dụ

The company won't open the new branch this year.

→ Công ty sẽ không mở chi nhánh mới trong năm nay.

He won't come to the meeting.

→ Anh ấy sẽ không đến cuộc họp.

## 3. Lưu ý

Sau WILL NOT hoặc WON'T vẫn sử dụng động từ nguyên mẫu.

Đúng:

She won't work tomorrow. ✅

Sai:

She won't works tomorrow. ❌

## 4. Mẹo TOEIC

Nếu câu có:

S + won't + ___

thì vị trí trống cần **động từ nguyên mẫu**.

Ví dụ:

The manager won't ___ the contract today.

A. sign
B. signs
C. signing
D. signed

Đáp án: A. sign
",4,2026-08-08 18:01:10.540921,2026-08-08 18:01:10.540921,
219,14,Câu nghi vấn với WILL,"
# Câu nghi vấn với WILL

## 1. Câu hỏi Yes/No

Cấu trúc:

Will + S + V nguyên mẫu?

Ví dụ:

Will you attend the meeting?

Will she call us tomorrow?

Will they finish the project?

## 2. Câu trả lời ngắn

Will you attend the meeting?

Yes, I will.

No, I won't.

## 3. Câu hỏi WH

Cấu trúc:

WH-word + will + S + V nguyên mẫu?

Các từ hỏi thường gặp:

- What
- Where
- When
- Why
- Who
- How

Ví dụ:

When will the meeting start?

Where will they stay?

What will she do?

## 4. Lưu ý

Sau WILL, động từ luôn ở dạng nguyên mẫu.

Đúng:

When will the manager arrive? ✅

Sai:

When will the manager arrives? ❌

## 5. Mẹo TOEIC

Khi câu có cấu trúc:

___ + will + S + ___?

hãy kiểm tra:

WH-word + WILL + Subject + V nguyên mẫu.
",5,2026-08-08 18:01:10.540921,2026-08-08 18:01:10.540921,
220,14,Tương lai với BE GOING TO,"
# Tương lai với BE GOING TO

## 1. Khái niệm

BE GOING TO là một cấu trúc dùng để nói về tương lai.

Cấu trúc:

S + am/is/are + going to + V nguyên mẫu

Ví dụ:

I am going to study tonight.

She is going to visit the client.

They are going to open a new office.

## 2. Chia động từ BE

I → am

He/She/It → is

You/We/They → are

Ví dụ:

I am going to work.

He is going to work.

They are going to work.

## 3. Cách dùng

BE GOING TO thường được sử dụng khi:

- Nói về kế hoạch hoặc dự định đã có.
- Dự đoán dựa trên dấu hiệu hiện tại.

Ví dụ:

We are going to launch a new product next month.

→ Chúng tôi dự định ra mắt sản phẩm mới vào tháng tới.

## 4. Lưu ý

Sau GOING TO sử dụng động từ nguyên mẫu.

Đúng:

She is going to attend the meeting. ✅

Sai:

She is going to attends the meeting. ❌
",6,2026-08-08 18:01:10.540921,2026-08-08 18:01:10.540921,
221,14,Cấu trúc BE GOING TO + V,"
# Cấu trúc BE GOING TO + V

## 1. Công thức khẳng định

S + am/is/are + going to + V nguyên mẫu

Ví dụ:

I am going to study.

She is going to travel.

They are going to meet the client.

## 2. Công thức phủ định

S + am/is/are + not + going to + V nguyên mẫu

Ví dụ:

She is not going to attend the meeting.

They are not going to change the schedule.

## 3. Công thức nghi vấn

Am/Is/Are + S + going to + V nguyên mẫu?

Ví dụ:

Is she going to attend the meeting?

Are they going to travel next week?

## 4. Câu trả lời ngắn

Is she going to attend?

Yes, she is.

No, she isn't.

## 5. Mẹo TOEIC

Hãy chú ý động từ BE:

I → am

He/She/It → is

You/We/They → are

Và sau GOING TO phải là động từ nguyên mẫu.
",7,2026-08-08 18:01:10.540921,2026-08-08 18:01:10.540921,
222,14,Cách sử dụng BE GOING TO,"
# Cách sử dụng BE GOING TO

## 1. Nói về kế hoạch hoặc dự định

BE GOING TO được sử dụng khi người nói đã có kế hoạch hoặc dự định thực hiện một hành động trong tương lai.

Ví dụ:

The company is going to hire more employees.

→ Công ty dự định tuyển thêm nhân viên.

## 2. Dự đoán dựa trên dấu hiệu hiện tại

BE GOING TO cũng được sử dụng khi có bằng chứng rõ ràng cho thấy một sự việc sắp xảy ra.

Ví dụ:

Look at those clouds. It is going to rain.

→ Nhìn những đám mây kia. Trời sắp mưa.

## 3. Cấu trúc

S + am/is/are + going to + V nguyên mẫu

Ví dụ:

We are going to launch a new product.

## 4. Mẹo TOEIC

Khi câu thể hiện một kế hoạch đã được dự định hoặc dự đoán dựa trên bằng chứng hiện tại, hãy cân nhắc BE GOING TO.
",8,2026-08-08 18:01:10.540921,2026-08-08 18:01:10.540921,
223,14,Phân biệt WILL và BE GOING TO,"
# Phân biệt WILL và BE GOING TO

## 1. WILL

WILL thường được dùng cho:

- Quyết định được đưa ra ngay lúc nói.
- Dự đoán.
- Lời hứa.
- Lời đề nghị.

Ví dụ:

The phone is ringing. I'll answer it.

## 2. BE GOING TO

BE GOING TO thường được dùng cho:

- Kế hoạch hoặc dự định đã có.
- Dự đoán dựa trên dấu hiệu hiện tại.

Ví dụ:

We are going to visit the client next week.

→ Đây là một kế hoạch đã được dự định.

## 3. So sánh

| WILL | BE GOING TO |
|---|---|
| Quyết định ngay lúc nói | Kế hoạch đã có |
| Dự đoán | Dự đoán có bằng chứng |
| Lời hứa | Dự định |

## 4. Ví dụ

A: The phone is ringing.

B: I'll answer it.

→ Quyết định ngay lúc nói → WILL.

---

We have already bought the tickets.

We are going to travel next week.

→ Kế hoạch đã có → BE GOING TO.

## 5. Mẹo TOEIC

Khi làm Part 5, hãy chú ý ngữ cảnh:

- Quyết định tức thời → WILL
- Kế hoạch/dự định có sẵn → BE GOING TO
- Dự đoán chung → WILL
- Dự đoán có bằng chứng hiện tại → BE GOING TO

Ngoài ra, luôn kiểm tra chủ ngữ để chia đúng **am/is/are**.
",9,2026-08-08 18:01:10.540921,2026-08-08 18:01:10.540921,
224,15,Khái niệm về so sánh,"
# Khái niệm về so sánh

## 1. Khái niệm

So sánh được sử dụng để thể hiện sự giống nhau hoặc khác nhau về đặc điểm, tính chất hoặc mức độ giữa người, vật hoặc sự việc.

Trong tiếng Anh, các dạng so sánh cơ bản gồm:

- So sánh bằng
- So sánh hơn
- So sánh nhất

## 2. So sánh bằng

Dùng để nói hai đối tượng có mức độ giống nhau.

Cấu trúc:

S + be + as + adjective + as + N/pronoun

Ví dụ:

The new office is as large as the old office.

→ Văn phòng mới rộng bằng văn phòng cũ.

## 3. So sánh hơn

Dùng khi so sánh hai đối tượng và một đối tượng có mức độ cao hơn đối tượng còn lại.

Với tính từ ngắn:

S + be + adjective-er + than + N

Ví dụ:

This computer is faster than that one.

## 4. So sánh nhất

Dùng khi so sánh một đối tượng với từ ba đối tượng trở lên.

Với tính từ ngắn:

S + be + the + adjective-est

Ví dụ:

This is the largest office in the building.

## 5. Mẹo TOEIC

Khi gặp câu hỏi về so sánh, trước tiên xác định:

- Có đang so sánh 2 đối tượng hay nhiều hơn?
- Tính từ ngắn hay dài?
- Có xuất hiện ""than"", ""as...as"", ""the"" hay không?

Từ đó xác định dạng so sánh phù hợp.
",1,2026-08-08 18:01:10.540921,2026-08-08 18:01:10.540921,
225,15,So sánh bằng AS...AS,"
# So sánh bằng AS...AS

## 1. Công thức

So sánh bằng được sử dụng để nói hai đối tượng có mức độ giống nhau.

Cấu trúc:

S + be + as + adjective + as + N/pronoun

Ví dụ:

This office is as large as that office.

→ Văn phòng này lớn bằng văn phòng kia.

## 2. Với động từ thường

Cấu trúc:

S + V + as + adverb + as + N/pronoun

Ví dụ:

She works as efficiently as her manager.

→ Cô ấy làm việc hiệu quả bằng quản lý của mình.

## 3. Phủ định

Cấu trúc:

S + be + not + as + adjective + as + N

Ví dụ:

This report is not as detailed as the previous report.

→ Báo cáo này không chi tiết bằng báo cáo trước.

## 4. Lưu ý

Giữa AS và AS phải là tính từ hoặc trạng từ phù hợp.

Đúng:

as fast as

as carefully as

as expensive as

## 5. Mẹo TOEIC

Khi thấy:

as + ___ + as

thông thường vị trí trống cần **adjective hoặc adverb**, tùy động từ và cấu trúc câu.
",2,2026-08-08 18:01:10.540921,2026-08-08 18:01:10.540921,
226,15,So sánh hơn với tính từ ngắn,"
# So sánh hơn với tính từ ngắn

## 1. Khái niệm

So sánh hơn được dùng để so sánh hai người, vật hoặc sự việc và cho biết một đối tượng có mức độ cao hơn đối tượng còn lại.

## 2. Công thức

S + be + adjective-er + than + N

Ví dụ:

This office is larger than the old office.

→ Văn phòng này lớn hơn văn phòng cũ.

## 3. Một số tính từ ngắn

- fast → faster
- small → smaller
- tall → taller
- cheap → cheaper
- old → older

## 4. Quy tắc cơ bản

Thông thường thêm **-er** vào tính từ.

small → smaller

fast → faster

## 5. Lưu ý

Sau dạng so sánh hơn thường có:

than

Ví dụ:

This computer is faster than that one.

## 6. Mẹo TOEIC

Nếu đang so sánh hai đối tượng và tính từ là tính từ ngắn, hãy kiểm tra dạng:

adjective + ER + than.
",3,2026-08-08 18:01:10.540921,2026-08-08 18:01:10.540921,
227,15,So sánh hơn với tính từ dài,"
# So sánh hơn với tính từ dài

## 1. Khái niệm

Với tính từ dài, không thêm **-er** mà sử dụng **more**.

## 2. Công thức

S + be + more + adjective + than + N

Ví dụ:

This system is more efficient than the old system.

→ Hệ thống này hiệu quả hơn hệ thống cũ.

## 3. Một số tính từ thường gặp

- expensive → more expensive
- important → more important
- efficient → more efficient
- difficult → more difficult
- convenient → more convenient

## 4. Không dùng

Không sử dụng:

more expensive-er ❌

more efficient-er ❌

Mà dùng:

more expensive ✅

more efficient ✅

## 5. Mẹo TOEIC

Khi tính từ dài xuất hiện trong cấu trúc so sánh hơn, hãy kiểm tra:

more + adjective + than

Ví dụ:

The new system is ___ than the old one.

A. efficient
B. more efficient
C. most efficient
D. efficiently

Đáp án: B.
",4,2026-08-08 18:01:10.540921,2026-08-08 18:01:10.540921,
228,15,Quy tắc thêm -ER,"
# Quy tắc thêm -ER

## 1. Quy tắc cơ bản

Với nhiều tính từ ngắn, thêm **-er** để tạo dạng so sánh hơn.

fast → faster

small → smaller

long → longer

## 2. Tính từ kết thúc bằng -e

Chỉ cần thêm **-r**.

large → larger

nice → nicer

late → later

## 3. Tính từ kết thúc bằng phụ âm + y

Đổi **y → i** rồi thêm **-er**.

easy → easier

happy → happier

busy → busier

## 4. Tính từ có dạng phụ âm - nguyên âm - phụ âm

Có thể gấp đôi phụ âm cuối trước khi thêm -er.

big → bigger

hot → hotter

## 5. Mẹo TOEIC

Cần chú ý các dạng đặc biệt:

large → larger

easy → easier

big → bigger

Không thêm -er một cách máy móc vào mọi tính từ.
",5,2026-08-08 18:01:10.540921,2026-08-08 18:01:10.540921,
229,15,Cách sử dụng MORE,"
# Cách sử dụng MORE

## 1. Khái niệm

MORE được sử dụng để tạo dạng so sánh hơn với nhiều tính từ dài.

Cấu trúc:

more + adjective + than

Ví dụ:

This product is more expensive than that one.

→ Sản phẩm này đắt hơn sản phẩm kia.

## 2. Một số tính từ thường dùng với MORE

- expensive → more expensive
- important → more important
- difficult → more difficult
- useful → more useful
- convenient → more convenient
- effective → more effective

## 3. Ví dụ trong TOEIC

The new system is more convenient than the old system.

The new plan is more effective than the previous one.

## 4. Không dùng MORE với -ER

Sai:

more cheaper ❌

more faster ❌

more larger ❌

Đúng:

cheaper ✅

faster ✅

larger ✅

## 5. Mẹo TOEIC

Nếu tính từ cần MORE, cấu trúc đầy đủ thường là:

more + adjective + than.
",6,2026-08-08 18:01:10.540921,2026-08-08 18:01:10.540921,
230,15,So sánh nhất với tính từ ngắn,"
# So sánh nhất với tính từ ngắn

## 1. Khái niệm

So sánh nhất được sử dụng để chỉ một đối tượng có mức độ cao nhất trong một nhóm.

## 2. Công thức

S + be + the + adjective-est + ...

Ví dụ:

This is the largest office in the building.

→ Đây là văn phòng lớn nhất trong tòa nhà.

## 3. Một số ví dụ

small → the smallest

fast → the fastest

cheap → the cheapest

large → the largest

## 4. Thường đi với phạm vi

So sánh nhất thường có cụm từ xác định phạm vi:

- in the company
- in the city
- of the three
- among the employees

Ví dụ:

She is the fastest employee in the department.

## 5. Mẹo TOEIC

Khi thấy:

the + ___ + in/of...

và đang nói đến mức cao nhất, hãy kiểm tra dạng so sánh nhất với **-est**.
",7,2026-08-08 18:01:10.540921,2026-08-08 18:01:10.540921,
231,15,So sánh nhất với tính từ dài,"
# So sánh nhất với tính từ dài

## 1. Khái niệm

Với tính từ dài, so sánh nhất được tạo bằng **the most + adjective**.

## 2. Công thức

S + be + the most + adjective + ...

Ví dụ:

This is the most expensive product in the store.

→ Đây là sản phẩm đắt nhất trong cửa hàng.

## 3. Một số ví dụ

important → the most important

expensive → the most expensive

difficult → the most difficult

efficient → the most efficient

convenient → the most convenient

## 4. Lưu ý

Không dùng:

the most expensive-est ❌

Mà dùng:

the most expensive ✅

## 5. Mẹo TOEIC

Nếu tính từ dài cần dạng so sánh nhất, hãy kiểm tra:

the most + adjective

Ví dụ:

This is ___ solution available.

A. more effective
B. most effective
C. the most effective
D. effectively

Đáp án: C.
",8,2026-08-08 18:01:10.540921,2026-08-08 18:01:10.540921,
232,15,Cách sử dụng MOST,"
# Cách sử dụng MOST

## 1. Khái niệm

MOST được sử dụng để tạo dạng so sánh nhất với nhiều tính từ dài.

Cấu trúc:

the most + adjective

Ví dụ:

This is the most useful tool.

→ Đây là công cụ hữu ích nhất.

## 2. Ví dụ

important → the most important

effective → the most effective

convenient → the most convenient

expensive → the most expensive

## 3. So sánh MORE và MOST

MORE:

more + adjective + than

Ví dụ:

This system is more efficient than the old one.

MOST:

the most + adjective

Ví dụ:

This is the most efficient system.

## 4. Mẹo TOEIC

Phân biệt:

- So sánh hai đối tượng → MORE + adjective + THAN
- So sánh mức cao nhất → THE MOST + adjective

Ví dụ:

The new model is more efficient than the old model.

The new model is the most efficient model in the company.
",9,2026-08-08 18:01:10.540921,2026-08-08 18:01:10.540921,
233,15,Tính từ so sánh bất quy tắc,"
# Tính từ so sánh bất quy tắc

## 1. Khái niệm

Một số tính từ không tuân theo quy tắc thông thường khi chuyển sang dạng so sánh hơn và so sánh nhất.

Cần ghi nhớ trực tiếp các dạng này.

## 2. Một số tính từ quan trọng

| Tính từ | So sánh hơn | So sánh nhất |
|---|---|---|
| good | better | the best |
| bad | worse | the worst |
| far | farther/further | the farthest/the furthest |
| little | less | the least |
| many/much | more | the most |

## 3. Ví dụ

This product is better than the previous one.

→ Sản phẩm này tốt hơn sản phẩm trước.

This is the best option available.

→ Đây là lựa chọn tốt nhất hiện có.

The new system is worse than the old one.

→ Hệ thống mới tệ hơn hệ thống cũ.

## 4. Mẹo TOEIC

Không áp dụng quy tắc:

good → gooder ❌

bad → badder ❌

Mà phải nhớ:

good → better → the best

bad → worse → the worst

## 5. Lưu ý

Các dạng bất quy tắc thường xuất hiện trong Part 5 dưới dạng lựa chọn đáp án.

Hãy học theo cả ba dạng:

Positive → Comparative → Superlative.
",10,2026-08-08 18:01:10.540921,2026-08-08 18:01:10.540921,
184,10,Liên từ BECAUSE,"

# Liên từ BECAUSE

## 1. Ý nghĩa

Because có nghĩa là ""bởi vì"", dùng để đưa ra nguyên nhân.

## 2. Cấu trúc

Kết quả + because + nguyên nhân

Ví dụ:

She stayed home because she was sick.

## 3. Because + mệnh đề

Because phải đi với một mệnh đề có chủ ngữ và động từ.

Ví dụ:

We canceled the meeting because the manager was sick.

## 4. Phân biệt BECAUSE và BECAUSE OF

Because + S + V

The flight was delayed because it was raining.

Because of + noun / noun phrase

The flight was delayed because of the rain.

## 5. Mẹo TOEIC

Đây là điểm rất thường xuất hiện trong Part 5:

because + mệnh đề

because of + danh từ / cụm danh từ

",6,2026-08-08 18:01:10.540921,2026-08-08 18:01:10.540921,
235,16,SOME,"
# SOME

## 1. Cách sử dụng

SOME thường được sử dụng với:

- Danh từ đếm được số nhiều.
- Danh từ không đếm được.

Cấu trúc:

some + plural countable noun

some + uncountable noun

## 2. Ví dụ

I bought some books.

→ Tôi đã mua một vài quyển sách.

We need some information.

→ Chúng tôi cần một ít thông tin.

## 3. SOME trong câu khẳng định

SOME thường xuất hiện trong câu khẳng định.

Ví dụ:

There are some employees in the office.

There is some water in the bottle.

## 4. SOME trong lời đề nghị hoặc lời mời

SOME cũng có thể xuất hiện trong câu hỏi khi người nói mong đợi câu trả lời ""yes"".

Ví dụ:

Would you like some coffee?

→ Bạn có muốn một ít cà phê không?

## 5. Mẹo TOEIC

Nhớ:

some + danh từ số nhiều đếm được

some + danh từ không đếm được

Không dùng:

some employee → nếu muốn nói ""một vài nhân viên"" thì dùng some employees.
",2,2026-08-08 18:01:10.540921,2026-08-08 18:01:10.540921,
236,16,ANY,"
# ANY

## 1. Cách sử dụng

ANY thường được sử dụng với:

- Danh từ đếm được số nhiều.
- Danh từ không đếm được.

Cấu trúc:

any + plural countable noun

any + uncountable noun

## 2. ANY trong câu phủ định

Ví dụ:

We don't have any information.

→ Chúng tôi không có bất kỳ thông tin nào.

There aren't any employees here.

→ Không có nhân viên nào ở đây.

## 3. ANY trong câu hỏi

Ví dụ:

Do you have any questions?

Is there any water left?

## 4. So sánh SOME và ANY

SOME thường dùng trong câu khẳng định.

ANY thường dùng trong câu phủ định và nghi vấn.

Ví dụ:

I have some questions.

I don't have any questions.

Do you have any questions?

## 5. Mẹo TOEIC

Nếu câu có:

- not / don't / doesn't / didn't
- hoặc là câu hỏi

hãy kiểm tra khả năng sử dụng **ANY**.

Tuy nhiên, cần xét toàn bộ ngữ cảnh vì ANY cũng có thể xuất hiện trong một số câu khẳng định với nghĩa ""bất kỳ"".
",3,2026-08-08 18:01:10.540921,2026-08-08 18:01:10.540921,
237,16,MUCH,"
# MUCH

## 1. Cách sử dụng

MUCH được sử dụng với danh từ **không đếm được**.

Cấu trúc:

much + uncountable noun

Ví dụ:

much money

much time

much information

much work

## 2. Trong câu phủ định

MUCH thường xuất hiện trong câu phủ định.

Ví dụ:

We don't have much time.

→ Chúng tôi không có nhiều thời gian.

She doesn't have much experience.

→ Cô ấy không có nhiều kinh nghiệm.

## 3. Trong câu hỏi

MUCH thường được sử dụng trong câu hỏi.

Ví dụ:

How much money do you need?

How much time do we have?

## 4. Không dùng MUCH với danh từ đếm được

Sai:

much employees ❌

much books ❌

Đúng:

many employees ✅

many books ✅

## 5. Mẹo TOEIC

Nếu sau chỗ trống là danh từ **không đếm được**, hãy kiểm tra MUCH.

Ví dụ:

The company doesn't have ___ information.

A. many
B. much
C. few
D. several

Đáp án: B. much
",4,2026-08-08 18:01:10.540921,2026-08-08 18:01:10.540921,
238,16,MANY,"
# MANY

## 1. Cách sử dụng

MANY được sử dụng với danh từ **đếm được số nhiều**.

Cấu trúc:

many + plural countable noun

Ví dụ:

many employees

many books

many companies

many questions

## 2. Trong câu phủ định

Ví dụ:

We don't have many employees.

→ Chúng tôi không có nhiều nhân viên.

## 3. Trong câu hỏi

Ví dụ:

How many employees work here?

How many questions are on the test?

## 4. Không dùng MANY với danh từ không đếm được

Sai:

many information ❌

many money ❌

many advice ❌

Đúng:

much information ✅

much money ✅

much advice ✅

## 5. Mẹo TOEIC

Nếu danh từ sau chỗ trống là:

**danh từ đếm được số nhiều → MANY**

Ví dụ:

There are ___ employees in the office.

A. much
B. many
C. little
D. a little

Đáp án: B. many
",5,2026-08-08 18:01:10.540921,2026-08-08 18:01:10.540921,
239,16,A LOT OF và LOTS OF,"
# A LOT OF và LOTS OF

## 1. Khái niệm

A LOT OF và LOTS OF đều có nghĩa là ""nhiều"".

Cả hai có thể được sử dụng với:

- Danh từ đếm được số nhiều.
- Danh từ không đếm được.

## 2. A LOT OF

Cấu trúc:

a lot of + plural countable noun

a lot of + uncountable noun

Ví dụ:

a lot of employees

a lot of work

a lot of money

## 3. LOTS OF

Cấu trúc:

lots of + plural countable noun

lots of + uncountable noun

Ví dụ:

lots of employees

lots of information

## 4. Ví dụ trong câu

The company has a lot of employees.

She has a lot of experience.

They received lots of applications.

## 5. So sánh với MANY và MUCH

MANY → danh từ đếm được số nhiều.

MUCH → danh từ không đếm được.

A LOT OF / LOTS OF → dùng được với cả hai.

## 6. Mẹo TOEIC

Khi chưa chắc danh từ thuộc loại nào, hãy kiểm tra:

a lot of + plural countable noun

a lot of + uncountable noun

",6,2026-08-08 18:01:10.540921,2026-08-08 18:01:10.540921,
240,16,FEW và A FEW,"
# FEW và A FEW

## 1. Khái niệm

FEW và A FEW đều dùng với danh từ **đếm được số nhiều**, nhưng ý nghĩa khác nhau.

## 2. FEW

FEW có nghĩa là ""rất ít"", nhấn mạnh số lượng không đủ hoặc gần như không có.

Cấu trúc:

few + plural countable noun

Ví dụ:

Few employees attended the meeting.

→ Rất ít nhân viên tham dự cuộc họp.

## 3. A FEW

A FEW có nghĩa là ""một vài"", mang ý nghĩa tích cực hơn và cho thấy vẫn có một số lượng nhất định.

Cấu trúc:

a few + plural countable noun

Ví dụ:

A few employees attended the meeting.

→ Một vài nhân viên đã tham dự cuộc họp.

## 4. So sánh

Few employees came.

→ Rất ít nhân viên đến.

A few employees came.

→ Có một vài nhân viên đến.

## 5. Lưu ý

FEW và A FEW đều đi với:

**danh từ đếm được số nhiều.**

Không dùng:

few money ❌

a few information ❌

## 6. Mẹo TOEIC

Nếu danh từ là đếm được số nhiều:

- số lượng rất ít/không đủ → FEW
- một vài, vẫn có một số lượng → A FEW
",7,2026-08-08 18:01:10.540921,2026-08-08 18:01:10.540921,
241,16,LITTLE và A LITTLE,"
# LITTLE và A LITTLE

## 1. Khái niệm

LITTLE và A LITTLE đều dùng với danh từ **không đếm được**, nhưng ý nghĩa khác nhau.

## 2. LITTLE

LITTLE có nghĩa là ""rất ít"", nhấn mạnh số lượng không đủ hoặc gần như không có.

Cấu trúc:

little + uncountable noun

Ví dụ:

There is little time left.

→ Còn rất ít thời gian.

## 3. A LITTLE

A LITTLE có nghĩa là ""một ít"", cho thấy vẫn còn một lượng nhất định.

Cấu trúc:

a little + uncountable noun

Ví dụ:

There is a little time left.

→ Vẫn còn một ít thời gian.

## 4. So sánh

There is little money.

→ Có rất ít tiền.

There is a little money.

→ Có một ít tiền.

## 5. Lưu ý

LITTLE và A LITTLE đều đi với:

**danh từ không đếm được.**

Không dùng:

little employees ❌

a little books ❌

## 6. Mẹo TOEIC

Nếu danh từ là không đếm được:

- rất ít/không đủ → LITTLE
- một ít/vẫn có một lượng → A LITTLE
",8,2026-08-08 18:01:10.540921,2026-08-08 18:01:10.540921,
242,16,Phân biệt MUCH và MANY,"
# Phân biệt MUCH và MANY

## 1. MUCH

MUCH đi với danh từ **không đếm được**.

Cấu trúc:

much + uncountable noun

Ví dụ:

much money

much time

much information

## 2. MANY

MANY đi với danh từ **đếm được số nhiều**.

Cấu trúc:

many + plural countable noun

Ví dụ:

many employees

many books

many questions

## 3. So sánh

| MUCH | MANY |
|---|---|
| Danh từ không đếm được | Danh từ đếm được số nhiều |
| much money | many employees |
| much time | many books |
| much information | many questions |

## 4. Ví dụ TOEIC

The company doesn't have much money.

→ Công ty không có nhiều tiền.

The company has many employees.

→ Công ty có nhiều nhân viên.

## 5. Mẹo làm bài

Nhìn ngay vào danh từ sau chỗ trống.

Nếu là:

uncountable noun → MUCH

plural countable noun → MANY

Ví dụ:

There aren't ___ employees available.

→ employees là danh từ đếm được số nhiều → MANY.

There isn't ___ information available.

→ information là danh từ không đếm được → MUCH.
",9,2026-08-08 18:01:10.540921,2026-08-08 18:01:10.540921,
243,16,Phân biệt FEW và LITTLE,"
# Phân biệt FEW và LITTLE

## 1. FEW

FEW dùng với danh từ **đếm được số nhiều**.

Ví dụ:

few employees

few books

few questions

## 2. LITTLE

LITTLE dùng với danh từ **không đếm được**.

Ví dụ:

little money

little time

little information

## 3. So sánh

| FEW | LITTLE |
|---|---|
| Danh từ đếm được số nhiều | Danh từ không đếm được |
| few employees | little money |
| few questions | little time |
| few books | little information |

## 4. A FEW và A LITTLE

A FEW → một vài + danh từ đếm được số nhiều.

A LITTLE → một ít + danh từ không đếm được.

Ví dụ:

A few employees attended the meeting.

A little information is available.

## 5. Mẹo TOEIC

Xác định loại danh từ trước:

**Countable plural → FEW / A FEW**

**Uncountable → LITTLE / A LITTLE**

Sau đó xét ngữ nghĩa:

- FEW / LITTLE → rất ít, không đủ
- A FEW / A LITTLE → một vài/một ít, vẫn có một lượng nhất định
",10,2026-08-08 18:01:10.540921,2026-08-08 18:01:10.540921,
168,9,Giới từ IN,"
# Giới từ IN

## 1. Khái niệm

IN là một giới từ cơ bản, thường được dùng để nói về:

- địa điểm bên trong một không gian
- thời gian dài
- tháng
- năm
- mùa
- khoảng thời gian

## 2. IN chỉ địa điểm

IN được dùng khi một người hoặc vật ở bên trong một không gian.

Ví dụ:

She is in the office.

→ Cô ấy đang ở trong văn phòng.

The documents are in the drawer.

→ Các tài liệu ở trong ngăn kéo.

## 3. IN chỉ thời gian

IN thường dùng với:

- tháng
- năm
- mùa
- khoảng thời gian dài

Ví dụ:

in January

in 2026

in summer

in the morning

## 4. IN + khoảng thời gian

IN cũng có thể diễn tả một hành động sẽ xảy ra sau một khoảng thời gian.

Ví dụ:

The meeting will start in ten minutes.

→ Cuộc họp sẽ bắt đầu sau mười phút.

## 5. Mẹo TOEIC

Nhớ nhanh:

IN + tháng / năm / mùa / khoảng thời gian dài.

Ví dụ:

The company was founded ___ 2010.

→ Đáp án: **in**.
",2,2026-08-08 18:01:10.540921,2026-08-08 18:01:10.540921,
169,9,Giới từ ON,"
# Giới từ ON

## 1. Khái niệm

ON thường được dùng để nói về:

- vị trí trên một bề mặt
- ngày cụ thể
- thứ trong tuần
- một số trường hợp về phương tiện

## 2. ON chỉ vị trí

ON được dùng khi một vật nằm trên bề mặt của vật khác.

Ví dụ:

The report is on the desk.

→ Báo cáo ở trên bàn.

There is a notice on the wall.

→ Có một thông báo trên tường.

## 3. ON chỉ thời gian

ON được dùng với ngày hoặc thứ cụ thể.

Ví dụ:

on Monday

on Friday

on June 10

on Monday morning

## 4. ON với phương tiện

Một số phương tiện có thể dùng ON.

Ví dụ:

on the bus

on the train

on the plane

## 5. Mẹo TOEIC

Nhớ nhanh:

**ON + ngày / thứ / bề mặt**

Ví dụ:

The meeting is ___ Monday.

→ Đáp án: **on**.
",3,2026-08-08 18:01:10.540921,2026-08-08 18:01:10.540921,
170,9,Giới từ AT,"
# Giới từ AT

## 1. Khái niệm

AT thường được dùng để nói về:

- một điểm hoặc địa điểm cụ thể
- thời gian chính xác
- một số địa điểm được xem như điểm hoạt động

## 2. AT chỉ địa điểm

Ví dụ:

She is at the station.

He is at the office.

They are at the airport.

AT nhấn mạnh địa điểm như một điểm cụ thể.

## 3. AT chỉ thời gian

AT thường dùng với thời gian chính xác.

Ví dụ:

at 7:00

at noon

at midnight

at night

## 4. So sánh nhanh

IN → không gian / khoảng thời gian rộng

ON → bề mặt / ngày cụ thể

AT → điểm cụ thể / thời gian chính xác

## 5. Mẹo TOEIC

Ví dụ:

The meeting starts ___ 9:00.

A. in
B. on
C. at
D. from

Đáp án: C. **at**
",4,2026-08-08 18:01:10.540921,2026-08-08 18:01:10.540921,
171,9,Giới từ FROM,"
# Giới từ FROM

## 1. Khái niệm

FROM thường diễn tả điểm bắt đầu hoặc nguồn gốc.

## 2. FROM chỉ nơi xuất phát

Ví dụ:

The train comes from Hanoi.

→ Tàu đến từ Hà Nội.

She traveled from London to Paris.

→ Cô ấy đi từ London đến Paris.

## 3. FROM chỉ thời điểm bắt đầu

Cấu trúc thường gặp:

from + thời điểm + to + thời điểm

Ví dụ:

The office is open from 8 a.m. to 5 p.m.

→ Văn phòng mở cửa từ 8 giờ sáng đến 5 giờ chiều.

## 4. FROM chỉ nguồn gốc

Ví dụ:

This product is from Japan.

→ Sản phẩm này đến từ Nhật Bản.

## 5. Mẹo TOEIC

Khi thấy ý nghĩa **""từ đâu / từ thời điểm nào""**, hãy kiểm tra FROM.

FROM thường đi với:

from A to B

Ví dụ:

from Monday to Friday.
",5,2026-08-08 18:01:10.540921,2026-08-08 18:01:10.540921,
172,9,Giới từ TO,"
# Giới từ TO

## 1. Khái niệm

TO thường được dùng để chỉ:

- hướng hoặc điểm đến
- khoảng thời gian kết thúc trong cấu trúc from ... to ...
- một số cấu trúc chỉ đối tượng nhận hành động

## 2. TO chỉ hướng hoặc điểm đến

Ví dụ:

She went to the office.

→ Cô ấy đi đến văn phòng.

The manager traveled to New York.

→ Người quản lý đi đến New York.

## 3. FROM ... TO ...

TO thường kết hợp với FROM để chỉ khoảng thời gian hoặc phạm vi.

Ví dụ:

from Monday to Friday

from 9 a.m. to 5 p.m.

## 4. TO trong cấu trúc chỉ người nhận

Ví dụ:

She sent the email to her manager.

→ Cô ấy gửi email cho quản lý.

## 5. Lưu ý quan trọng

TO cũng có thể là dấu hiệu của động từ nguyên mẫu:

to work

to study

to complete

Trong trường hợp này, TO không phải là giới từ.

## 6. Mẹo TOEIC

Khi TO đứng trước danh từ → thường là giới từ.

Ví dụ:

go to the office

Khi TO đứng trước động từ nguyên mẫu → infinitive.

Ví dụ:

want to work
",6,2026-08-08 18:01:10.540921,2026-08-08 18:01:10.540921,
173,9,Giới từ FOR,"
# Giới từ FOR

## 1. Khái niệm

FOR thường được dùng để diễn tả:

- mục đích
- đối tượng hưởng lợi
- khoảng thời gian

## 2. FOR chỉ đối tượng

Ví dụ:

This gift is for you.

→ Món quà này dành cho bạn.

The manager prepared a report for the client.

→ Người quản lý chuẩn bị báo cáo cho khách hàng.

## 3. FOR chỉ khoảng thời gian

FOR + khoảng thời gian.

Ví dụ:

for two hours

for three days

for several years

Ví dụ:

She has worked here for five years.

→ Cô ấy đã làm việc ở đây được năm năm.

## 4. FOR chỉ mục đích

Ví dụ:

This room is for meetings.

→ Phòng này dành cho các cuộc họp.

## 5. Phân biệt FOR và SINCE

FOR + khoảng thời gian:

for two years

SINCE + thời điểm bắt đầu:

since 2024

## 6. Mẹo TOEIC

Nếu câu hỏi hỏi **""trong bao lâu""**, hãy kiểm tra FOR.

Ví dụ:

The company has operated here ___ ten years.

→ Đáp án: **for**.
",7,2026-08-08 18:01:10.540921,2026-08-08 18:01:10.540921,
174,9,Giới từ WITH,"
# Giới từ WITH

## 1. Khái niệm

WITH thường được dùng để diễn tả:

- cùng với ai
- có hoặc chứa một đặc điểm
- công cụ hoặc phương tiện được sử dụng

## 2. WITH chỉ sự đồng hành

Ví dụ:

She went with her manager.

→ Cô ấy đi cùng quản lý.

The employee worked with the sales team.

→ Nhân viên làm việc cùng đội kinh doanh.

## 3. WITH chỉ đặc điểm hoặc thành phần

Ví dụ:

A room with a large window.

→ Một căn phòng có cửa sổ lớn.

A report with detailed information.

→ Một báo cáo có thông tin chi tiết.

## 4. WITH chỉ công cụ

Ví dụ:

He opened the box with a key.

→ Anh ấy mở hộp bằng chìa khóa.

## 5. Mẹo TOEIC

Khi muốn diễn tả ý:

**cùng với / có / bằng công cụ**

hãy kiểm tra WITH.

Ví dụ:

The manager spoke ___ the employees.

→ Đáp án: **with**.
",8,2026-08-08 18:01:10.540921,2026-08-08 18:01:10.540921,
175,9,Giới từ BY,"
# Giới từ BY

## 1. Khái niệm

BY có nhiều cách sử dụng quan trọng trong tiếng Anh.

Trong TOEIC, BY thường gặp với:

- người thực hiện hành động trong câu bị động
- phương tiện
- thời hạn

## 2. BY trong câu bị động

Cấu trúc:

be + V3/ed + by + người thực hiện

Ví dụ:

The report was prepared by the manager.

→ Báo cáo được chuẩn bị bởi người quản lý.

## 3. BY chỉ phương tiện

Ví dụ:

by bus

by train

by car

by plane

Ví dụ:

She traveled by train.

## 4. BY chỉ thời hạn

BY + thời điểm = không muộn hơn thời điểm đó.

Ví dụ:

Please submit the report by Friday.

→ Vui lòng nộp báo cáo trước hoặc không muộn hơn thứ Sáu.

## 5. Mẹo TOEIC

Phân biệt:

**by Friday** → trước hoặc không muộn hơn thứ Sáu.

**until Friday** → kéo dài cho đến thứ Sáu.

Ví dụ:

Please finish the report by Friday.
",9,2026-08-08 18:01:10.540921,2026-08-08 18:01:10.540921,
176,9,Giới từ ABOUT,"
# Giới từ ABOUT

## 1. Khái niệm

ABOUT thường có nghĩa là:

- về một chủ đề
- khoảng, xấp xỉ

## 2. ABOUT chỉ chủ đề

Ví dụ:

We talked about the new project.

→ Chúng tôi nói về dự án mới.

The article is about business management.

→ Bài viết nói về quản lý kinh doanh.

## 3. ABOUT chỉ số lượng hoặc thời gian xấp xỉ

Ví dụ:

about 100 employees

about two hours

about $500

→ khoảng 100 nhân viên

→ khoảng hai giờ

→ khoảng 500 đô la

## 4. Một số cấu trúc thường gặp

talk about

ask about

learn about

information about

Ví dụ:

The customer asked about the product.

## 5. Mẹo TOEIC

Khi động từ hoặc danh từ mang nghĩa liên quan đến **""về"" một chủ đề**, ABOUT thường là lựa chọn phù hợp.

Ví dụ:

The manager talked ___ the new policy.

→ Đáp án: **about**.
",10,2026-08-08 18:01:10.540921,2026-08-08 18:01:10.540921,
177,9,Giới từ OF,"
# Giới từ OF

## 1. Khái niệm

OF thường dùng để diễn tả:

- sự sở hữu hoặc mối quan hệ
- một phần của tổng thể
- đặc điểm hoặc nội dung

## 2. OF chỉ mối quan hệ

Ví dụ:

the name of the company

→ tên của công ty

the manager of the department

→ quản lý của phòng ban

## 3. OF chỉ một phần của tổng thể

Ví dụ:

one of the employees

some of the information

part of the report

## 4. OF với số lượng

Một số cấu trúc thường gặp:

a lot of

a number of

the majority of

one of

Ví dụ:

A number of employees attended the meeting.

## 5. Lưu ý

Sau OF thường là danh từ hoặc cụm danh từ.

Ví dụ:

the name of the company

the cost of the project

the end of the year

## 6. Mẹo TOEIC

Khi thấy cấu trúc:

**noun + of + noun**

hãy kiểm tra xem OF có đang thể hiện quan hệ giữa hai danh từ hay không.

Ví dụ:

The cost ___ the project is high.

→ Đáp án: **of**.
",11,2026-08-08 18:01:10.540921,2026-08-08 18:01:10.540921,
178,9,"Phân biệt IN, ON và AT","
# Phân biệt IN, ON và AT

## 1. Tổng quan

IN, ON và AT đều có thể được sử dụng với thời gian và địa điểm, nhưng phạm vi sử dụng khác nhau.

## 2. Với thời gian

### IN

Dùng với khoảng thời gian rộng:

- in 2026
- in January
- in summer
- in the morning

### ON

Dùng với ngày hoặc thứ cụ thể:

- on Monday
- on June 10
- on Monday morning

### AT

Dùng với thời gian chính xác:

- at 7:00
- at noon
- at midnight
- at night

## 3. Với địa điểm

### IN

Nhấn mạnh bên trong một không gian hoặc khu vực.

Ví dụ:

in the office

in the room

in Vietnam

### ON

Nhấn mạnh trên một bề mặt.

Ví dụ:

on the desk

on the wall

on the floor

### AT

Nhấn mạnh một điểm hoặc địa điểm cụ thể.

Ví dụ:

at the station

at the airport

at the office

## 4. Mẹo làm bài TOEIC

Nhìn vào danh từ sau giới từ và xác định phạm vi:

**IN → bên trong / thời gian rộng**

**ON → bề mặt / ngày cụ thể**

**AT → điểm cụ thể / thời gian chính xác**

Ví dụ:

The meeting starts ___ 9:00 ___ Monday.

→ at 9:00, on Monday.

The company was established ___ 2010.

→ in 2010.
",12,2026-08-08 18:01:10.540921,2026-08-08 18:01:10.540921,
181,10,Liên từ BUT,"

# Liên từ BUT

## 1. Ý nghĩa

But có nghĩa là ""nhưng"", dùng để thể hiện sự tương phản hoặc đối lập.

## 2. Cấu trúc

Mệnh đề 1 + but + Mệnh đề 2

Ví dụ:

The product is expensive, but it is popular.

## 3. Nối tính từ

The office is small but comfortable.

## 4. Nối hai ý đối lập

He is busy, but he always helps his colleagues.

## 5. Mẹo TOEIC

Nếu hai ý trong câu có sự tương phản, hãy nghĩ đến BUT.

Ví dụ:

The restaurant is small, ___ it is very popular.

A. and  
B. but  
C. or  
D. so

Đáp án: B. but

",3,2026-08-08 18:01:10.540921,2026-08-08 18:01:10.540921,
183,10,Liên từ SO,"

# Liên từ SO

## 1. Ý nghĩa

So có nghĩa là ""vì vậy"", dùng để diễn tả kết quả của một hành động hoặc sự việc.

## 2. Cấu trúc

Nguyên nhân + so + kết quả

Ví dụ:

It was raining, so we stayed inside.

## 3. Ví dụ TOEIC

The manager was sick, so he did not attend the meeting.

The company needed more space, so it opened a new office.

## 4. Phân biệt BECAUSE và SO

Because đưa ra nguyên nhân:

We stayed inside because it was raining.

So đưa ra kết quả:

It was raining, so we stayed inside.

## 5. Mẹo TOEIC

Nếu phần sau chỗ trống là **kết quả**, hãy cân nhắc SO.

",5,2026-08-08 18:01:10.540921,2026-08-08 18:01:10.540921,
186,10,Phân biệt các liên từ cơ bản,"

# Phân biệt các liên từ cơ bản

## 1. AND

Dùng để bổ sung hoặc nối các ý tương đồng.

The manager and the assistant are working.

## 2. BUT

Dùng để diễn tả sự tương phản.

The job is difficult, but it is interesting.

## 3. OR

Dùng để đưa ra lựa chọn.

You can call me or send an email.

## 4. SO

Dùng để diễn tả kết quả.

It was raining, so we stayed inside.

## 5. BECAUSE

Dùng để diễn tả nguyên nhân.

We stayed inside because it was raining.

## 6. ALTHOUGH

Dùng để diễn tả sự tương phản / nhượng bộ.

Although it was raining, we went outside.

## 7. Bảng ghi nhớ

| Liên từ | Ý nghĩa | Chức năng |
|---|---|---|
| and | và | bổ sung |
| but | nhưng | tương phản |
| or | hoặc | lựa chọn |
| so | vì vậy | kết quả |
| because | bởi vì | nguyên nhân |
| although | mặc dù | nhượng bộ |

## 8. Mẹo TOEIC

Khi làm Part 5, đừng chỉ nhìn nghĩa tiếng Việt. Hãy xác định **mối quan hệ logic giữa hai phần của câu**.

",8,2026-08-08 18:01:10.540921,2026-08-08 18:01:10.540921,
188,11,Cách sử dụng thì hiện tại đơn,"
# Cách sử dụng thì hiện tại đơn

## 1. Thói quen hoặc hành động lặp lại

Dùng hiện tại đơn để nói về những hành động thường xuyên xảy ra.

Ví dụ:

She goes to work every day.
→ Cô ấy đi làm mỗi ngày.

The manager checks emails every morning.
→ Người quản lý kiểm tra email mỗi sáng.

## 2. Sự thật hoặc điều hiển nhiên

Ví dụ:

The sun rises in the east.

Water boils at 100°C.

## 3. Lịch trình cố định

Hiện tại đơn cũng có thể dùng cho lịch trình hoặc thời gian biểu.

Ví dụ:

The train leaves at 8 a.m.

The meeting starts at 9 a.m.

## 4. Mẹo TOEIC

Các dấu hiệu như:

- every day
- every week
- usually
- often
- always
- sometimes

thường gợi ý hiện tại đơn.
",2,2026-08-08 18:01:10.540921,2026-08-08 18:01:10.540921,
189,11,Động từ TO BE ở hiện tại đơn,"
# Động từ TO BE ở hiện tại đơn

## 1. Ba dạng của TO BE

Ở hiện tại đơn:

- I → am
- He / She / It → is
- You / We / They → are

## 2. Ví dụ

I am a student.

She is a manager.

He is busy.

We are ready.

They are employees.

## 3. Phủ định

S + am/is/are + not

Ví dụ:

She is not busy.

They are not ready.

## 4. Câu hỏi

Am/Is/Are + S + ...?

Ví dụ:

Is she a manager?

Are they ready?

## 5. Mẹo TOEIC

Không dùng do/does trực tiếp với động từ TO BE.

Đúng:

Is she busy? ✅

Sai:

Does she be busy? ❌
",3,2026-08-08 18:01:10.540921,2026-08-08 18:01:10.540921,
190,11,Động từ thường ở hiện tại đơn,"
# Động từ thường ở hiện tại đơn

## 1. Công thức

### Chủ ngữ I / You / We / They

S + V nguyên mẫu

Ví dụ:

I work here.

They work here.

### Chủ ngữ He / She / It

S + V(s/es)

Ví dụ:

He works here.

She studies English.

## 2. Ví dụ

The employees work every day.

The manager works every day.

## 3. Lưu ý

Chỉ động từ với chủ ngữ ngôi thứ ba số ít mới cần thêm **s/es**.

He works.

They work.

## 4. Mẹo TOEIC

Đây là dạng rất thường gặp trong Part 5. Hãy tìm chủ ngữ trước khi chọn dạng động từ.
",4,2026-08-08 18:01:10.540921,2026-08-08 18:01:10.540921,
191,11,Quy tắc thêm S và ES,"
# Quy tắc thêm S và ES

## 1. Thêm -S

Phần lớn động từ chỉ cần thêm **-s**.

work → works

read → reads

play → plays

Ví dụ:

She works at a bank.

## 2. Thêm -ES

Một số động từ kết thúc bằng:

- s
- sh
- ch
- x
- o

thường thêm **-es**.

Ví dụ:

pass → passes

wash → washes

watch → watches

fix → fixes

go → goes

## 3. Ví dụ TOEIC

The manager checks the report.

The employee watches the presentation.

## 4. Mẹo nhớ

He / She / It → động từ thường cần **S/ES**.
",5,2026-08-08 18:01:10.540921,2026-08-08 18:01:10.540921,
192,11,Quy tắc đổi Y thành IES,"
# Quy tắc đổi Y thành IES

## 1. Động từ kết thúc bằng phụ âm + Y

Khi động từ kết thúc bằng **phụ âm + y**, đổi:

Y → IES

Ví dụ:

study → studies

try → tries

carry → carries

## 2. Động từ kết thúc bằng nguyên âm + Y

Nếu trước Y là nguyên âm, chỉ thêm **S**.

Ví dụ:

play → plays

enjoy → enjoys

stay → stays

## 3. Ví dụ

She studies English every day.

He plays tennis on weekends.

## 4. Mẹo TOEIC

Phân biệt:

study → studies

play → plays

Không phải mọi động từ kết thúc bằng Y đều đổi thành IES.
",6,2026-08-08 18:01:10.540921,2026-08-08 18:01:10.540921,
193,11,Câu phủ định hiện tại đơn,"
# Câu phủ định hiện tại đơn

## 1. Với động từ thường

Công thức:

S + do/does + not + V nguyên mẫu

### I / You / We / They

S + do not + V

Ví dụ:

They do not work here.

### He / She / It

S + does not + V

Ví dụ:

She does not work here.

## 2. Lưu ý quan trọng

Sau **does/doesn't**, động từ chính trở về nguyên mẫu.

Đúng:

She doesn't work here. ✅

Sai:

She doesn't works here. ❌

## 3. Với TO BE

S + am/is/are + not

Ví dụ:

He is not busy.

They are not ready.

## 4. Mẹo TOEIC

Nếu đã có **does/doesn't**, không thêm **-s/-es** vào động từ chính.
",7,2026-08-08 18:01:10.540921,2026-08-08 18:01:10.540921,
194,11,Câu nghi vấn hiện tại đơn,"
# Câu nghi vấn hiện tại đơn

## 1. Với động từ thường

Công thức:

Do/Does + S + V nguyên mẫu + ...?

### I / You / We / They

Do + S + V...?

Ví dụ:

Do they work here?

### He / She / It

Does + S + V...?

Ví dụ:

Does she work here?

## 2. Với TO BE

Am/Is/Are + S + ...?

Ví dụ:

Is he a manager?

Are they ready?

## 3. Câu hỏi WH

WH + do/does + S + V...?

Ví dụ:

Where does she work?

When does the meeting start?

## 4. Lưu ý

Sau **do/does**, động từ chính luôn ở dạng nguyên mẫu.

Does he works here? ❌

Does he work here? ✅

## 5. Mẹo TOEIC

Thấy **does** → kiểm tra ngay xem động từ sau đó đã bỏ **-s/-es** chưa.
",8,2026-08-08 18:01:10.540921,2026-08-08 18:01:10.540921,
195,11,Trạng từ tần suất với hiện tại đơn,"
# Trạng từ tần suất với hiện tại đơn

## 1. Các trạng từ thường gặp

- always: luôn luôn
- usually: thường xuyên
- often: thường
- sometimes: đôi khi
- rarely: hiếm khi
- never: không bao giờ

## 2. Vị trí với động từ thường

Trạng từ tần suất thường đứng trước động từ thường.

Ví dụ:

She always arrives early.

He usually works on Monday.

They often visit the office.

## 3. Vị trí với TO BE

Trạng từ tần suất thường đứng sau TO BE.

Ví dụ:

She is always busy.

They are usually late.

## 4. Mẹo TOEIC

Phân biệt:

She always works here. ✅

She is always busy. ✅

Vị trí của trạng từ phụ thuộc vào loại động từ trong câu.
",9,2026-08-08 18:01:10.540921,2026-08-08 18:01:10.540921,
199,12,Cách thêm -ING,"
# Cách thêm -ING

## 1. Quy tắc thông thường

Động từ + ing.

work → working

read → reading

play → playing

## 2. Động từ kết thúc bằng -e

Bỏ **e** rồi thêm **-ing**.

make → making

write → writing

use → using

## 3. Động từ kết thúc bằng -ie

Đổi **ie → y** rồi thêm **-ing**.

lie → lying

die → dying

tie → tying

## 4. Gấp đôi phụ âm cuối

Với một số động từ ngắn có dạng phụ âm - nguyên âm - phụ âm, gấp đôi phụ âm cuối.

run → running

sit → sitting

stop → stopping

## 5. Mẹo TOEIC

Sau am/is/are trong hiện tại tiếp diễn, kiểm tra xem động từ đã được chuyển sang dạng **V-ing** chưa.
",3,2026-08-08 18:01:10.540921,2026-08-08 18:01:10.540921,
196,11,Dấu hiệu nhận biết hiện tại đơn,"
# Dấu hiệu nhận biết hiện tại đơn

## 1. Trạng từ và cụm từ thường gặp

Các dấu hiệu phổ biến:

- every day
- every week
- every month
- every year
- usually
- often
- always
- sometimes
- rarely
- never
- once a week
- twice a month

## 2. Ví dụ

She goes to work every day.

The company usually holds meetings on Monday.

He often checks his email.

## 3. Cách nhận biết trong TOEIC

Khi thấy những cụm từ chỉ thói quen hoặc tần suất, hãy kiểm tra khả năng sử dụng hiện tại đơn.

## 4. Lưu ý

Không nên chỉ dựa vào một từ khóa. Cần xem xét cả ngữ cảnh và ý nghĩa của câu.

Ví dụ:

The meeting starts at 9 a.m.

Ở đây hiện tại đơn có thể diễn tả lịch trình cố định.

## 5. Mẹo làm Part 5

Ưu tiên kiểm tra:

1. Chủ ngữ.
2. Dấu hiệu thời gian/tần suất.
3. Loại động từ.
4. Dạng số ít/số nhiều của chủ ngữ.
",10,2026-08-08 18:01:10.540921,2026-08-08 18:01:10.540921,
200,12,Câu phủ định hiện tại tiếp diễn,"
# Câu phủ định hiện tại tiếp diễn

## 1. Công thức

S + am/is/are + not + V-ing

## 2. Ví dụ

I am not working today.

She is not attending the meeting.

They are not waiting outside.

## 3. Dạng viết tắt

am not → thường dùng ""am not""

is not → isn't

are not → aren't

Ví dụ:

She isn't working today.

They aren't waiting for the manager.

## 4. Mẹo TOEIC

Trong câu phủ định hiện tại tiếp diễn:

am/is/are + not + V-ing

Không bỏ **am/is/are**.

Sai:

She not working. ❌

Đúng:

She is not working. ✅
",4,2026-08-08 18:01:10.540921,2026-08-08 18:01:10.540921,
201,12,Câu nghi vấn hiện tại tiếp diễn,"
# Câu nghi vấn hiện tại tiếp diễn

## 1. Câu hỏi Yes/No

Công thức:

Am/Is/Are + S + V-ing?

Ví dụ:

Is she working?

Are they waiting?

Am I disturbing you?

## 2. Câu hỏi WH

WH + am/is/are + S + V-ing?

Ví dụ:

What is she doing?

Where are they working?

Why is he leaving?

## 3. Câu trả lời

Is she working?

Yes, she is.

No, she isn't.

Are they waiting?

Yes, they are.

No, they aren't.

## 4. Mẹo TOEIC

Khi gặp câu hỏi hiện tại tiếp diễn, đưa **am/is/are** lên trước chủ ngữ.

Is he working? ✅

He is working? ❌
",5,2026-08-08 18:01:10.540921,2026-08-08 18:01:10.540921,
202,12,Dấu hiệu nhận biết hiện tại tiếp diễn,"
# Dấu hiệu nhận biết hiện tại tiếp diễn

## 1. Các dấu hiệu thường gặp

Một số từ/cụm từ thường xuất hiện với hiện tại tiếp diễn:

- now
- right now
- at the moment
- currently
- at present
- today
- this week
- this month
- these days

## 2. Ví dụ

She is working now.

The manager is talking to a client at the moment.

They are currently preparing the report.

## 3. Lưu ý

Không phải cứ xuất hiện một từ chỉ thời gian là chắc chắn phải dùng hiện tại tiếp diễn.

Cần xem hành động có đang diễn ra hoặc mang tính tạm thời hay không.

## 4. Mẹo TOEIC

Nếu câu mô tả hành động đang diễn ra tại thời điểm hiện tại, hãy kiểm tra:

am/is/are + V-ing.
",6,2026-08-08 18:01:10.540921,2026-08-08 18:01:10.540921,
203,12,Động từ không thường dùng ở tiếp diễn,"
# Động từ không thường dùng ở tiếp diễn

## 1. Khái niệm

Một số động từ diễn tả trạng thái thường không được sử dụng ở dạng tiếp diễn trong cách dùng thông thường.

Các nhóm thường gặp gồm:

### Nhận thức

- know
- understand
- believe
- remember

### Cảm xúc / sở thích

- like
- love
- hate
- prefer
- want

### Sở hữu

- own
- belong
- have (khi mang nghĩa sở hữu)

## 2. Ví dụ

I know the answer.

She likes this company.

They own the building.

Không dùng:

I am knowing the answer. ❌

She is liking this company. ❌

## 3. Lưu ý

Một số động từ có thể dùng ở tiếp diễn khi chúng mang nghĩa khác.

Ví dụ:

I am having lunch.

Ở đây ""having"" mang nghĩa đang ăn/uống, không phải sở hữu.

## 4. Mẹo TOEIC

Nếu động từ diễn tả trạng thái như know, believe, like, want, hãy kiểm tra xem có thực sự cần dùng V-ing hay không.
",7,2026-08-08 18:01:10.540921,2026-08-08 18:01:10.540921,
204,12,Phân biệt hiện tại đơn và hiện tại tiếp diễn,"
# Phân biệt hiện tại đơn và hiện tại tiếp diễn

## 1. Hiện tại đơn

Dùng để diễn tả:

- thói quen
- hành động lặp lại
- sự thật
- lịch trình cố định

Ví dụ:

She works at a bank.

→ Cô ấy làm việc tại ngân hàng.

## 2. Hiện tại tiếp diễn

Dùng để diễn tả:

- hành động đang xảy ra
- hành động tạm thời
- tình huống đang diễn ra xung quanh hiện tại

Ví dụ:

She is working at home today.

→ Hôm nay cô ấy đang làm việc tại nhà.

## 3. So sánh

### Present Simple

He works every day.

→ Thói quen.

### Present Continuous

He is working now.

→ Đang xảy ra lúc này.

## 4. Mẹo TOEIC

Hãy hỏi:

**Đây là thói quen/sự thật hay hành động đang diễn ra?**

- Thói quen → Present Simple
- Đang diễn ra/tạm thời → Present Continuous

Đồng thời kiểm tra các dấu hiệu như:

- every day → thường là hiện tại đơn
- usually/often → thường là hiện tại đơn
- now/right now → thường là hiện tại tiếp diễn
- at the moment → thường là hiện tại tiếp diễn
- currently → thường là hiện tại tiếp diễn
",8,2026-08-08 18:01:10.540921,2026-08-08 18:01:10.540921,
244,17,Present Simple – Thì hiện tại đơn,"

# Present Simple – Thì hiện tại đơn

## 1. Khái niệm

Thì hiện tại đơn (Present Simple) được sử dụng để diễn tả những hành động, sự việc xảy ra thường xuyên, lặp lại hoặc những sự thật mang tính ổn định.

## 2. Cách sử dụng

Present Simple thường được sử dụng để diễn tả:

- Thói quen hoặc hành động lặp lại.
- Sự thật hiển nhiên.
- Sự việc mang tính ổn định.
- Lịch trình hoặc thời gian biểu cố định.

Ví dụ:

The company operates from Monday to Friday.

→ Công ty hoạt động từ thứ Hai đến thứ Sáu.

She works in the accounting department.

→ Cô ấy làm việc ở phòng kế toán.

## 3. Công thức

### Câu khẳng định

S + V(s/es)

Ví dụ:

The manager works in this office.

They work in this office.

### Câu phủ định

S + do/does not + V

Ví dụ:

The manager does not work on Sundays.

They do not work on Sundays.

### Câu nghi vấn

Do/Does + S + V?

Ví dụ:

Does she work here?

Do they work here?

## 4. Dấu hiệu nhận biết

Một số từ thường gặp:

- always
- usually
- often
- sometimes
- rarely
- seldom
- never
- every day
- every week
- every month
- on Mondays

## 5. Lưu ý về chủ ngữ số ít

Với:

- he
- she
- it
- danh từ số ít

→ động từ thường phải thêm **-s hoặc -es**.

Ví dụ:

The manager works here.

The company provides training.

## 6. Ví dụ TOEIC

The company usually ______ its employees on Fridays.

A. pay  
B. pays  
C. paying  
D. paid

Đáp án: **B. pays**

Chủ ngữ ""The company"" là số ít nên động từ phải thêm **-s**.

## 7. Mẹo TOEIC

Khi gặp câu hỏi về Present Simple, hãy kiểm tra:

1. Chủ ngữ là số ít hay số nhiều?
2. Có dấu hiệu chỉ thói quen hay tần suất không?
3. Có phải lịch trình cố định không?

",1,2026-08-08 18:47:47.016995,2026-08-08 18:47:47.016995,
245,17,Present Continuous – Thì hiện tại tiếp diễn,"

# Present Continuous – Thì hiện tại tiếp diễn

## 1. Khái niệm

Thì hiện tại tiếp diễn (Present Continuous) được sử dụng để diễn tả hành động đang xảy ra tại thời điểm nói hoặc đang diễn ra trong khoảng thời gian hiện tại.

## 2. Cách sử dụng

Present Continuous thường được sử dụng để diễn tả:

- Hành động đang xảy ra ngay lúc nói.
- Hành động đang diễn ra trong khoảng thời gian hiện tại.
- Kế hoạch trong tương lai gần đã được sắp xếp.

Ví dụ:

The manager is talking to a client.

→ Người quản lý đang nói chuyện với khách hàng.

The employees are working on a new project.

→ Các nhân viên đang làm việc trong một dự án mới.

## 3. Công thức

### Câu khẳng định

S + am/is/are + V-ing

### Câu phủ định

S + am/is/are + not + V-ing

### Câu nghi vấn

Am/Is/Are + S + V-ing?

## 4. Dấu hiệu nhận biết

- now
- right now
- at the moment
- currently
- at present
- these days
- this week

## 5. Ví dụ TOEIC

The employees ______ a training course at the moment.

A. attend  
B. attended  
C. are attending  
D. have attended

Đáp án: **C. are attending**

""At the moment"" cho biết hành động đang diễn ra.

## 6. Lưu ý

Một số động từ chỉ trạng thái thường không sử dụng ở dạng tiếp diễn:

- know
- understand
- believe
- need
- want
- own
- belong

Ví dụ:

I understand the problem. ✅

I am understanding the problem. ❌

## 7. Mẹo TOEIC

Nếu câu có các dấu hiệu như:

**now / currently / at the moment**

hãy kiểm tra cấu trúc:

**am/is/are + V-ing**

",2,2026-08-08 18:47:47.016995,2026-08-08 18:47:47.016995,
246,17,Present Perfect – Thì hiện tại hoàn thành,"

# Present Perfect – Thì hiện tại hoàn thành

## 1. Khái niệm

Thì hiện tại hoàn thành (Present Perfect) được sử dụng để diễn tả một hành động đã xảy ra trong quá khứ nhưng có liên hệ với hiện tại.

## 2. Cách sử dụng

- Hành động đã xảy ra và có kết quả liên quan đến hiện tại.
- Kinh nghiệm.
- Hành động bắt đầu trong quá khứ và kéo dài đến hiện tại.
- Hành động vừa mới hoàn thành.

## 3. Công thức

### Câu khẳng định

S + have/has + V3/ed

### Câu phủ định

S + have/has not + V3/ed

### Câu nghi vấn

Have/Has + S + V3/ed?

## 4. Dấu hiệu nhận biết

- already
- just
- yet
- ever
- never
- since
- for
- recently
- lately
- so far
- up to now
- until now

## 5. Since và For

### Since + mốc thời gian

since 2020

since Monday

since last year

### For + khoảng thời gian

for two years

for three months

for a long time

Ví dụ:

She has worked here since 2020.

She has worked here for six years.

## 6. Ví dụ TOEIC

The company ______ three new branches since 2024.

A. opened  
B. opens  
C. has opened  
D. is opening

Đáp án: **C. has opened**

## 7. Mẹo TOEIC

Nếu gặp:

**since + mốc thời gian**

hoặc:

**for + khoảng thời gian**

hãy kiểm tra khả năng sử dụng Present Perfect.

",3,2026-08-08 18:47:47.016995,2026-08-08 18:47:47.016995,
247,17,Present Perfect Continuous – Thì hiện tại hoàn thành tiếp diễn,"

# Present Perfect Continuous – Thì hiện tại hoàn thành tiếp diễn

## 1. Khái niệm

Thì hiện tại hoàn thành tiếp diễn được sử dụng để nhấn mạnh quá trình hoặc thời lượng của một hành động bắt đầu trong quá khứ và kéo dài đến hiện tại.

## 2. Công thức

S + have/has been + V-ing

Ví dụ:

The employees have been working all morning.

She has been studying English for three hours.

## 3. Cách sử dụng

- Nhấn mạnh quá trình kéo dài.
- Nhấn mạnh thời lượng của hành động.
- Hành động vừa kết thúc nhưng còn dấu hiệu ở hiện tại.

## 4. Dấu hiệu nhận biết

- since
- for
- all day
- all morning
- all week
- recently
- lately
- how long

## 5. So sánh với Present Perfect

### Present Perfect

The employees have completed the report.

→ Nhấn mạnh kết quả.

### Present Perfect Continuous

The employees have been working on the report for three hours.

→ Nhấn mạnh quá trình và thời lượng.

## 6. Ví dụ TOEIC

The engineers ______ on the project for three months.

A. work  
B. worked  
C. have been working  
D. will work

Đáp án: **C. have been working**

## 7. Mẹo TOEIC

Nếu câu muốn nhấn mạnh **hoạt động kéo dài liên tục**, hãy kiểm tra:

**have/has been + V-ing**

",4,2026-08-08 18:47:47.016995,2026-08-08 18:47:47.016995,
248,17,Past Simple – Thì quá khứ đơn,"

# Past Simple – Thì quá khứ đơn

## 1. Khái niệm

Thì quá khứ đơn (Past Simple) được sử dụng để diễn tả hành động đã xảy ra và kết thúc trong quá khứ.

## 2. Cách sử dụng

- Hành động đã hoàn thành trong quá khứ.
- Một chuỗi hành động xảy ra trong quá khứ.
- Thói quen trong quá khứ.

## 3. Công thức

### Câu khẳng định

S + V2/ed

### Câu phủ định

S + did not + V

### Câu nghi vấn

Did + S + V?

## 4. Dấu hiệu nhận biết

- yesterday
- last week
- last month
- last year
- two days ago
- three years ago
- in 2020
- when I was...

## 5. Ví dụ TOEIC

The company ______ its first branch in 2015.

A. opens  
B. has opened  
C. opened  
D. is opening

Đáp án: **C. opened**

## 6. Lưu ý

Sau **did/didn't**, động từ phải trở về nguyên mẫu.

Did you attend the meeting? ✅

Did you attended the meeting? ❌

## 7. Mẹo TOEIC

Nếu câu có một mốc thời gian đã kết thúc trong quá khứ như:

**yesterday / last year / ago / in 2020**

hãy kiểm tra Past Simple.

",5,2026-08-08 18:47:47.016995,2026-08-08 18:47:47.016995,
249,17,Past Continuous – Thì quá khứ tiếp diễn,"

# Past Continuous – Thì quá khứ tiếp diễn

## 1. Khái niệm

Thì quá khứ tiếp diễn được sử dụng để diễn tả một hành động đang diễn ra tại một thời điểm trong quá khứ.

## 2. Công thức

S + was/were + V-ing

Ví dụ:

The manager was speaking to the employees.

The employees were working at 9 a.m.

## 3. Cách sử dụng

- Hành động đang diễn ra tại một thời điểm trong quá khứ.
- Hành động đang diễn ra thì hành động khác xen vào.
- Hai hành động cùng diễn ra trong quá khứ.

## 4. When và While

### While + hành động đang diễn ra

While the manager was speaking, the employees were taking notes.

### When + hành động xen vào

The manager was speaking when the phone rang.

## 5. Ví dụ TOEIC

The employees ______ the meeting when the fire alarm went off.

A. attended  
B. were attending  
C. have attended  
D. attend

Đáp án: **B. were attending**

## 6. Mẹo TOEIC

Một cấu trúc thường gặp:

**Past Continuous + when + Past Simple**

Ví dụ:

The manager was talking when the phone rang.

",6,2026-08-08 18:47:47.016995,2026-08-08 18:47:47.016995,
250,17,Past Perfect – Thì quá khứ hoàn thành,"

# Past Perfect – Thì quá khứ hoàn thành

## 1. Khái niệm

Thì quá khứ hoàn thành được sử dụng để diễn tả một hành động đã xảy ra trước một hành động khác trong quá khứ.

Hành động xảy ra trước → Past Perfect.

Hành động xảy ra sau → Past Simple.

## 2. Công thức

S + had + V3/ed

Ví dụ:

The meeting had ended before I arrived.

→ Cuộc họp đã kết thúc trước khi tôi đến.

## 3. Dấu hiệu thường gặp

- before
- after
- by the time
- already
- when

## 4. Ví dụ TOEIC

By the time the manager arrived, the employees ______ the report.

A. complete  
B. completed  
C. had completed  
D. have completed

Đáp án: **C. had completed**

## 5. Mẹo TOEIC

Khi có hai hành động trong quá khứ, hãy xác định hành động nào xảy ra trước.

Hành động xảy ra trước → **had + V3**

Hành động xảy ra sau → **V2/ed**

",7,2026-08-08 18:47:47.016995,2026-08-08 18:47:47.016995,
251,17,Past Perfect Continuous – Thì quá khứ hoàn thành tiếp diễn,"

# Past Perfect Continuous – Thì quá khứ hoàn thành tiếp diễn

## 1. Khái niệm

Thì quá khứ hoàn thành tiếp diễn được sử dụng để nhấn mạnh quá trình hoặc thời lượng của một hành động đã diễn ra trước một thời điểm hoặc hành động khác trong quá khứ.

## 2. Công thức

S + had been + V-ing

Ví dụ:

The workers had been repairing the machine for two hours before it started working again.

## 3. Cách sử dụng

- Nhấn mạnh quá trình kéo dài trong quá khứ.
- Nhấn mạnh thời lượng trước một hành động khác trong quá khứ.

## 4. Dấu hiệu nhận biết

- for + khoảng thời gian
- since + mốc thời gian
- before
- until
- by the time

## 5. So sánh

### Past Perfect

The workers had repaired the machine.

→ Nhấn mạnh kết quả.

### Past Perfect Continuous

The workers had been repairing the machine for two hours.

→ Nhấn mạnh quá trình kéo dài hai giờ.

## 6. Ví dụ TOEIC

The engineers ______ on the project for several months before it was completed.

A. worked  
B. had worked  
C. had been working  
D. are working

Đáp án: **C. had been working**

",8,2026-08-08 18:47:47.016995,2026-08-08 18:47:47.016995,
252,17,Future Simple – Thì tương lai đơn,"

# Future Simple – Thì tương lai đơn

## 1. Khái niệm

Thì tương lai đơn được sử dụng để diễn tả một hành động sẽ xảy ra trong tương lai.

## 2. Cách sử dụng

- Quyết định tại thời điểm nói.
- Dự đoán.
- Lời hứa.
- Đề nghị.
- Hành động sẽ xảy ra trong tương lai.

## 3. Công thức

### Câu khẳng định

S + will + V

### Câu phủ định

S + will not + V

### Câu nghi vấn

Will + S + V?

## 4. Dấu hiệu nhận biết

- tomorrow
- next week
- next month
- next year
- soon
- later
- in the future

## 5. Ví dụ TOEIC

The company ______ the results next Monday.

A. announces  
B. announced  
C. will announce  
D. has announced

Đáp án: **C. will announce**

## 6. Lưu ý

Sau **will** luôn dùng động từ nguyên mẫu.

will attend ✅

will complete ✅

will attended ❌

will attending ❌

",9,2026-08-08 18:47:47.016995,2026-08-08 18:47:47.016995,
253,17,Future Continuous – Thì tương lai tiếp diễn,"

# Future Continuous – Thì tương lai tiếp diễn

## 1. Khái niệm

Thì tương lai tiếp diễn được sử dụng để diễn tả một hành động sẽ đang diễn ra tại một thời điểm cụ thể trong tương lai.

## 2. Công thức

S + will be + V-ing

Ví dụ:

At 10 a.m. tomorrow, the manager will be meeting with clients.

## 3. Dấu hiệu nhận biết

- at + thời điểm tương lai
- this time tomorrow
- this time next week
- at 8 a.m. tomorrow
- when + mệnh đề

## 4. Ví dụ TOEIC

At 9 a.m. tomorrow, the employees ______ a training session.

A. attend  
B. attended  
C. will be attending  
D. have attended

Đáp án: **C. will be attending**

## 5. So sánh

### Future Simple

The manager will meet the clients tomorrow.

→ Sẽ gặp khách hàng.

### Future Continuous

The manager will be meeting the clients at 10 a.m. tomorrow.

→ Sẽ đang gặp khách hàng tại thời điểm đó.

## 6. Mẹo TOEIC

Nếu câu nhấn mạnh một hành động **đang diễn ra tại một thời điểm trong tương lai**, sử dụng:

**will be + V-ing**

",10,2026-08-08 18:47:47.016995,2026-08-08 18:47:47.016995,
254,17,Future Perfect – Thì tương lai hoàn thành,"

# Future Perfect – Thì tương lai hoàn thành

## 1. Khái niệm

Thì tương lai hoàn thành được sử dụng để diễn tả một hành động sẽ hoàn thành trước một thời điểm hoặc một hành động khác trong tương lai.

## 2. Công thức

S + will have + V3/ed

Ví dụ:

By next Friday, we will have completed the project.

→ Đến thứ Sáu tuần tới, chúng tôi sẽ hoàn thành dự án.

## 3. Dấu hiệu nhận biết

- by + thời điểm tương lai
- by then
- by the end of...
- before + thời điểm tương lai
- by next week
- by next year

## 4. Ví dụ TOEIC

By the end of this month, the company ______ the new system.

A. implements  
B. implemented  
C. will have implemented  
D. is implementing

Đáp án: **C. will have implemented**

## 5. Mẹo TOEIC

Khi gặp:

**by + mốc thời gian tương lai**

hãy kiểm tra khả năng sử dụng:

**will have + V3**

Ví dụ:

By 2027, the company will have expanded its operations.

",11,2026-08-08 18:47:47.016995,2026-08-08 18:47:47.016995,
255,17,Future Perfect Continuous – Thì tương lai hoàn thành tiếp diễn,"

# Future Perfect Continuous – Thì tương lai hoàn thành tiếp diễn

## 1. Khái niệm

Thì tương lai hoàn thành tiếp diễn được sử dụng để nhấn mạnh khoảng thời gian một hành động sẽ đã diễn ra liên tục trước một thời điểm trong tương lai.

## 2. Công thức

S + will have been + V-ing

Ví dụ:

By next June, she will have been working here for five years.

→ Đến tháng Sáu năm sau, cô ấy sẽ đã làm việc ở đây được năm năm.

## 3. Cách sử dụng

- Nhấn mạnh thời lượng của hành động.
- Hành động bắt đầu trước và tiếp tục đến một thời điểm trong tương lai.

## 4. Dấu hiệu nhận biết

- by + thời điểm tương lai
- for + khoảng thời gian
- by the time
- by next year
- by next month

## 5. Ví dụ

By next year, the company will have been operating in this market for ten years.

→ Đến năm sau, công ty sẽ đã hoạt động trên thị trường này được mười năm.

## 6. So sánh

### Future Perfect

By Friday, we will have completed the project.

→ Nhấn mạnh **kết quả hoàn thành**.

### Future Perfect Continuous

By Friday, we will have been working on the project for three months.

→ Nhấn mạnh **quá trình và thời lượng**.

## 7. Mẹo TOEIC

Nếu câu có:

**by + mốc tương lai + for + khoảng thời gian**

và muốn nhấn mạnh quá trình kéo dài, hãy kiểm tra:

**will have been + V-ing**

",12,2026-08-08 18:47:47.016995,2026-08-08 18:47:47.016995,
256,18,Sự phối hợp các thì là gì?,"

# Sự phối hợp các thì là gì?

## 1. Khái niệm

Sự phối hợp các thì (Sequence of Tenses) là cách lựa chọn và kết hợp các thì khác nhau trong cùng một câu hoặc giữa nhiều mệnh đề để thể hiện chính xác mối quan hệ về thời gian.

Trong bài thi TOEIC, một câu có thể chứa:

- Hai hoặc nhiều hành động.
- Hai mệnh đề.
- Một hành động làm mốc thời gian cho hành động khác.

Vì vậy, cần xác định **hành động nào xảy ra trước, hành động nào xảy ra sau và hành động nào đang diễn ra**.

## 2. Nguyên tắc cơ bản

Khi gặp câu có nhiều hành động, hãy xác định:

1. Thời điểm của từng hành động.
2. Hành động nào xảy ra trước.
3. Hành động nào xảy ra sau.
4. Hành động nào đang diễn ra.
5. Mối quan hệ giữa các hành động.

## 3. Ví dụ

The manager arrived after the meeting had started.

→ Người quản lý đến sau khi cuộc họp đã bắt đầu.

Trong câu:

- had started → xảy ra trước.
- arrived → xảy ra sau.

## 4. Một số phối hợp thường gặp

### Past Perfect + Past Simple

The meeting had started before the manager arrived.

### Past Continuous + Past Simple

The manager was speaking when the phone rang.

### Present Perfect + Present Simple

The company has expanded since it opened the new branch.

### Present Perfect + Present Perfect

The company has grown since it has introduced the new product.

## 5. Mẹo TOEIC

Đừng chọn thì chỉ dựa vào một từ khóa.

Hãy xác định **quan hệ thời gian giữa các hành động** trước khi chọn đáp án.

",1,2026-08-08 18:48:54.779873,2026-08-08 18:48:54.779873,
267,19,CAN và COULD,"

# CAN và COULD

## 1. CAN

CAN thường được sử dụng để diễn tả:

- Khả năng.
- Sự cho phép.
- Yêu cầu.

Ví dụ:

Employees can use this room.

→ Nhân viên có thể sử dụng phòng này.

Can you send me the report?

→ Bạn có thể gửi báo cáo cho tôi không?

## 2. COULD

COULD có thể được sử dụng để:

- Diễn tả khả năng trong quá khứ.
- Đưa ra yêu cầu lịch sự.
- Diễn tả khả năng có thể xảy ra.

Ví dụ:

She could speak English when she was young.

Could you send me the document?

## 3. Cấu trúc

**can/could + V nguyên mẫu**

Ví dụ:

can work

could help

could attend

## 4. Phủ định

cannot / can't

could not / couldn't

Ví dụ:

Employees cannot enter this area.

The machine couldn't operate properly.

## 5. Ví dụ TOEIC

Employees ______ access the database after receiving authorization.

A. can  
B. can to  
C. can accesses  
D. can accessing

Đáp án: **A. can**

## 6. Mẹo TOEIC

Sau CAN hoặc COULD:

**CAN/COULD + V nguyên mẫu**

Không thêm:

- s/es
- ed
- ing
- to

",2,2026-08-08 18:49:36.052855,2026-08-08 18:49:36.052855,
257,18,Hai hành động xảy ra trong quá khứ,"

# Hai hành động xảy ra trong quá khứ

## 1. Nguyên tắc

Khi một câu có hai hành động đều xảy ra trong quá khứ, cần xác định hành động nào xảy ra trước.

Thông thường:

- Hành động xảy ra trước → Past Perfect.
- Hành động xảy ra sau → Past Simple.

## 2. Công thức

Past Perfect + before + Past Simple

Ví dụ:

The meeting had ended before the manager arrived.

→ Cuộc họp đã kết thúc trước khi người quản lý đến.

## 3. Ví dụ khác

The employees had finished the report before the manager checked it.

→ Nhân viên đã hoàn thành báo cáo trước khi quản lý kiểm tra.

## 4. Khi không cần Past Perfect

Nếu hai hành động xảy ra theo đúng thứ tự thời gian và không cần nhấn mạnh hành động nào xảy ra trước, có thể dùng Past Simple.

Ví dụ:

The manager entered the room and started the meeting.

→ Người quản lý bước vào phòng và bắt đầu cuộc họp.

## 5. Ví dụ TOEIC

Before the manager arrived, the employees ______ the meeting room.

A. prepared  
B. had prepared  
C. prepare  
D. are preparing

Đáp án: **B. had prepared**

Việc chuẩn bị xảy ra trước việc người quản lý đến.

## 6. Mẹo TOEIC

Nếu câu có:

**before + một hành động trong quá khứ**

hãy kiểm tra xem hành động còn lại có xảy ra **trước đó** hay không.

",2,2026-08-08 18:48:54.779873,2026-08-08 18:48:54.779873,
258,18,Phối hợp thì với WHEN và WHILE,"

# Phối hợp thì với WHEN và WHILE

## 1. WHEN

WHEN thường được sử dụng để nối hai hành động có quan hệ về thời gian.

Một cấu trúc phổ biến:

**Past Continuous + when + Past Simple**

Ví dụ:

The manager was speaking when the phone rang.

→ Người quản lý đang nói chuyện thì điện thoại reo.

Trong câu:

- was speaking → hành động đang diễn ra.
- rang → hành động xen vào.

## 2. WHILE

WHILE thường được sử dụng với một hành động đang diễn ra.

Ví dụ:

While the manager was speaking, the employees were taking notes.

→ Trong khi người quản lý đang nói chuyện, nhân viên đang ghi chép.

## 3. Hai hành động cùng diễn ra

Có thể dùng:

**Past Continuous + while + Past Continuous**

Ví dụ:

While the employees were working, the manager was checking the reports.

## 4. Ví dụ TOEIC

The employees ______ the report when the manager called them.

A. prepared  
B. were preparing  
C. have prepared  
D. prepare

Đáp án: **B. were preparing**

## 5. Mẹo TOEIC

Nếu một hành động **đang diễn ra** thì một hành động khác **xen vào**, thường dùng:

**Past Continuous + when + Past Simple**

",3,2026-08-08 18:48:54.779873,2026-08-08 18:48:54.779873,
259,18,Phối hợp thì với BEFORE và AFTER,"

# Phối hợp thì với BEFORE và AFTER

## 1. BEFORE

BEFORE cho biết một hành động xảy ra trước một hành động khác.

Ví dụ:

The manager had left before I arrived.

→ Người quản lý đã rời đi trước khi tôi đến.

## 2. AFTER

AFTER cho biết một hành động xảy ra sau một hành động khác.

Ví dụ:

After the manager had left, I called the client.

→ Sau khi người quản lý rời đi, tôi gọi cho khách hàng.

## 3. Past Perfect và Past Simple

Khi cả hai hành động đều xảy ra trong quá khứ, có thể dùng:

**Past Perfect + before + Past Simple**

hoặc:

**After + Past Perfect, Past Simple**

Ví dụ:

The meeting had started before we arrived.

After the meeting had started, we arrived.

## 4. Ví dụ TOEIC

After the company ______ the contract, it began production.

A. signs  
B. signed  
C. had signed  
D. has signed

Đáp án: **C. had signed**

Việc ký hợp đồng xảy ra trước việc bắt đầu sản xuất.

## 5. Mẹo TOEIC

Hãy chú ý thứ tự thời gian:

**Hành động trước → Past Perfect**

**Hành động sau → Past Simple**

",4,2026-08-08 18:48:54.779873,2026-08-08 18:48:54.779873,
260,18,Phối hợp thì với BY THE TIME,"

# Phối hợp thì với BY THE TIME

## 1. BY THE TIME + quá khứ

Khi BY THE TIME nói về một thời điểm trong quá khứ, hành động xảy ra trước thường dùng Past Perfect.

Cấu trúc:

**By the time + Past Simple, Past Perfect**

Ví dụ:

By the time the manager arrived, the meeting had started.

→ Khi người quản lý đến thì cuộc họp đã bắt đầu.

## 2. Phân tích

- arrived → Past Simple.
- had started → Past Perfect.

Cuộc họp bắt đầu trước khi người quản lý đến.

## 3. Ví dụ TOEIC

By the time the employees arrived, the manager ______ the office.

A. left  
B. leaves  
C. had left  
D. has left

Đáp án: **C. had left**

## 4. BY THE TIME + tương lai

Khi nói về tương lai, hành động hoàn thành trước một thời điểm tương lai thường dùng Future Perfect.

Ví dụ:

By the time you arrive, I will have finished the report.

→ Khi bạn đến, tôi sẽ đã hoàn thành báo cáo.

## 5. Mẹo TOEIC

Phân biệt:

**By the time + quá khứ → Past Perfect**

**By the time + hiện tại → Future Perfect ở mệnh đề chính**

Ví dụ:

By the time he arrived, we had finished.

By the time he arrives, we will have finished.

",5,2026-08-08 18:48:54.779873,2026-08-08 18:48:54.779873,
261,18,Phối hợp thì với SINCE và FOR,"

# Phối hợp thì với SINCE và FOR

## 1. SINCE

SINCE được sử dụng để chỉ thời điểm một hành động bắt đầu.

Cấu trúc thường gặp:

**Present Perfect + since + Past Simple**

Ví dụ:

The company has grown rapidly since it opened the new branch.

→ Công ty đã phát triển nhanh chóng kể từ khi mở chi nhánh mới.

## 2. FOR

FOR được sử dụng để chỉ khoảng thời gian.

Ví dụ:

The manager has worked here for five years.

→ Người quản lý đã làm việc ở đây được năm năm.

## 3. SINCE + mệnh đề

Sau SINCE có thể là một mệnh đề chỉ thời điểm bắt đầu.

Ví dụ:

She has worked here since she graduated.

Trong đó:

- has worked → Present Perfect.
- graduated → Past Simple.

## 4. Ví dụ TOEIC

The company has increased its sales since it ______ the new product.

A. launches  
B. launched  
C. has launched  
D. is launching

Đáp án: **B. launched**

Sau SINCE, khi nói về thời điểm bắt đầu trong quá khứ, thường dùng Past Simple.

## 5. Mẹo TOEIC

Một cấu trúc rất quan trọng:

**have/has + V3 + since + V2**

Ví dụ:

The company has grown since it opened the new office.

",6,2026-08-08 18:48:54.779873,2026-08-08 18:48:54.779873,
274,19,Modal Verbs trong câu bị động,"

# Modal Verbs trong câu bị động

## 1. Khái niệm

Modal Verb có thể được sử dụng trong câu bị động.

Cấu trúc:

**S + Modal + be + V3**

## 2. Ví dụ

The report must be completed today.

→ Báo cáo phải được hoàn thành hôm nay.

The documents should be submitted before Friday.

→ Các tài liệu nên được nộp trước thứ Sáu.

The equipment can be used by employees.

→ Thiết bị có thể được sử dụng bởi nhân viên.

## 3. Cấu trúc

### Chủ động

Employees must complete the report.

### Bị động

The report must be completed.

## 4. Ví dụ TOEIC

All applications must ______ before Friday.

A. submit  
B. submitted  
C. be submitted  
D. be submitting

Đáp án: **C. be submitted**

## 5. Mẹo TOEIC

Nếu sau Modal Verb có một động từ và câu mang nghĩa bị động:

**Modal + be + V3**

Ví dụ:

must be completed

should be submitted

can be used

",9,2026-08-08 18:49:36.052855,2026-08-08 18:49:36.052855,
262,18,Phối hợp thì trong mệnh đề thời gian tương lai,"

# Phối hợp thì trong mệnh đề thời gian tương lai

## 1. Nguyên tắc quan trọng

Trong các mệnh đề thời gian nói về tương lai với:

- when
- while
- before
- after
- until
- as soon as

không dùng WILL ngay sau các liên từ này trong mệnh đề thời gian.

Thay vào đó, thường dùng Present Simple.

## 2. Cấu trúc

**When + Present Simple, Future Simple**

Ví dụ:

When the manager arrives, we will start the meeting.

Không dùng:

When the manager will arrive, we will start the meeting. ❌

## 3. AFTER

After the meeting ends, we will send the report.

## 4. BEFORE

Before the manager arrives, we will prepare the documents.

## 5. AS SOON AS

As soon as the report is completed, we will send it to the client.

## 6. UNTIL

We will wait until the manager arrives.

## 7. Ví dụ TOEIC

When the new system ______ ready, the company will begin using it.

A. will be  
B. is  
C. was  
D. has been

Đáp án: **B. is**

## 8. Mẹo TOEIC

Nếu câu có:

**when / after / before / until / as soon as**

và đang nói về tương lai:

→ Không dùng WILL trong mệnh đề thời gian.

",7,2026-08-08 18:48:54.779873,2026-08-08 18:48:54.779873,
263,18,Phối hợp thì trong mệnh đề có THAT,"

# Phối hợp thì trong mệnh đề có THAT

## 1. Khái niệm

Khi một động từ chính ở quá khứ dẫn vào một mệnh đề khác, thì trong mệnh đề sau cần được lựa chọn dựa trên thời điểm thực tế của hành động.

Ví dụ:

The manager said that the company was expanding.

→ Người quản lý nói rằng công ty đang mở rộng.

## 2. Hành động xảy ra cùng thời điểm

Động từ chính ở quá khứ và hành động trong mệnh đề sau cũng xảy ra tại thời điểm đó:

The manager said that the company was expanding.

## 3. Hành động xảy ra trước

Nếu hành động trong mệnh đề sau xảy ra trước hành động của động từ chính, có thể dùng Past Perfect.

The manager said that the company had expanded before 2020.

## 4. Sự thật vẫn đúng ở hiện tại

Nếu nội dung trong mệnh đề sau vẫn là sự thật, có thể sử dụng Present Simple tùy ngữ cảnh.

The manager said that the company operates in three countries.

→ Nội dung ""công ty hoạt động ở ba quốc gia"" vẫn đúng tại thời điểm nói.

## 5. Ví dụ TOEIC

The manager said that the company ______ a new branch the following year.

A. opens  
B. opened  
C. would open  
D. has opened

Đáp án: **C. would open**

Đây là cách chuyển ""will"" về ""would"" khi động từ tường thuật ở quá khứ.

## 6. Mẹo TOEIC

Khi gặp:

**said / reported / announced / explained**

hãy xác định thời điểm của hành động trong mệnh đề THAT trước khi chọn thì.

",8,2026-08-08 18:48:54.779873,2026-08-08 18:48:54.779873,
264,18,Các mẫu phối hợp thì thường gặp trong TOEIC,"

# Các mẫu phối hợp thì thường gặp trong TOEIC

## 1. Past Perfect + Past Simple

The meeting had started before the manager arrived.

→ Hành động xảy ra trước dùng Past Perfect.

## 2. Past Continuous + Past Simple

The manager was speaking when the phone rang.

→ Một hành động đang diễn ra thì hành động khác xen vào.

## 3. Present Perfect + Past Simple

The company has expanded since it opened the new branch.

→ Hành động kéo dài từ quá khứ đến hiện tại.

## 4. Present Simple + Future Simple

When the manager arrives, we will start the meeting.

→ Mệnh đề thời gian dùng Present Simple.

## 5. Future Perfect + Present Simple

By the time the manager arrives, we will have finished the report.

→ Hành động hoàn thành trước một thời điểm tương lai.

## 6. Ví dụ TOEIC

By the time the client arrives, we ______ the presentation.

A. complete  
B. completed  
C. will have completed  
D. had completed

Đáp án: **C. will have completed**

## 7. Mẹo TOEIC

Hãy ghi nhớ các mẫu:

**had + V3 → trước một hành động quá khứ**

**was/were + V-ing → đang diễn ra trong quá khứ**

**have/has + V3 → từ quá khứ liên quan hiện tại**

**will have + V3 → hoàn thành trước một mốc tương lai**

",9,2026-08-08 18:48:54.779873,2026-08-08 18:48:54.779873,
265,18,Bẫy TOEIC về sự phối hợp các thì,"

# Bẫy TOEIC về sự phối hợp các thì

## 1. Bẫy 1: Nhìn thấy ""yesterday"" nhưng chọn sai mệnh đề

Ví dụ:

When the manager arrived yesterday, the employees ______ the report.

A. have completed  
B. had completed  
C. will complete  
D. complete

Đáp án: **B. had completed**

Cần xét quan hệ giữa hai hành động, không chỉ nhìn vào ""yesterday"".

## 2. Bẫy 2: Dùng WILL sau WHEN

Sai:

When the manager will arrive, we will start the meeting. ❌

Đúng:

When the manager arrives, we will start the meeting. ✅

## 3. Bẫy 3: Nhầm SINCE

Ví dụ:

The company has grown since it ______ the new branch.

A. opens  
B. opened  
C. has opened  
D. will open

Đáp án: **B. opened**

## 4. Bẫy 4: Nhầm Past Simple và Past Perfect

Ví dụ:

By the time we arrived, the meeting ______.

A. ended  
B. had ended  
C. ends  
D. has ended

Đáp án: **B. had ended**

Cuộc họp kết thúc trước khi chúng tôi đến.

## 5. Bẫy 5: Nhầm hành động đang diễn ra

Ví dụ:

The manager ______ to a client when the phone rang.

A. talked  
B. was talking  
C. has talked  
D. talks

Đáp án: **B. was talking**

## 6. Mẹo làm bài

Khi gặp câu hỏi phối hợp thì:

1. Tìm các mốc thời gian.
2. Xác định các liên từ: when, while, before, after, since, until, by the time.
3. Xác định hành động xảy ra trước.
4. Xác định hành động đang diễn ra.
5. Xác định hành động xảy ra sau.
6. Sau đó mới chọn thì.

",10,2026-08-08 18:48:54.779873,2026-08-08 18:48:54.779873,
266,19,Modal Verbs là gì?,"

# Modal Verbs là gì?

## 1. Khái niệm

Modal Verbs (động từ khuyết thiếu) là những động từ được sử dụng trước động từ chính để diễn tả:

- Khả năng.
- Sự cho phép.
- Nghĩa vụ.
- Lời khuyên.
- Sự cần thiết.
- Dự đoán.
- Khả năng xảy ra.

Một số Modal Verbs thường gặp:

- can
- could
- may
- might
- must
- should
- shall
- will
- would

## 2. Cấu trúc cơ bản

**S + Modal Verb + V nguyên mẫu**

Ví dụ:

The employee can complete the task.

The manager should attend the meeting.

The company must follow the regulations.

## 3. Đặc điểm quan trọng

Sau Modal Verb luôn dùng **động từ nguyên mẫu không ""to""**.

Đúng:

She can work here. ✅

He should attend the meeting. ✅

Sai:

She can to work here. ❌

He should attends the meeting. ❌

## 4. Phủ định

Modal Verb + not + V

Ví dụ:

Employees must not enter this room.

You should not ignore the instructions.

## 5. Câu hỏi

Modal Verb + S + V?

Ví dụ:

Can you help me?

Should we contact the client?

## 6. Mẹo TOEIC

Nếu sau chỗ trống đã có một Modal Verb:

**can / could / may / might / must / should / will / would**

→ động từ sau đó phải ở **dạng nguyên mẫu**.

",1,2026-08-08 18:49:36.052855,2026-08-08 18:49:36.052855,
268,19,MAY và MIGHT,"

# MAY và MIGHT

## 1. MAY

MAY thường được sử dụng để:

- Diễn tả khả năng xảy ra.
- Xin hoặc cho phép.

Ví dụ:

The meeting may start at 9 a.m.

→ Cuộc họp có thể bắt đầu lúc 9 giờ.

May I use your computer?

→ Tôi có thể sử dụng máy tính của bạn không?

## 2. MIGHT

MIGHT cũng diễn tả khả năng nhưng thường thể hiện mức độ không chắc chắn cao hơn.

Ví dụ:

The manager might attend the meeting.

→ Người quản lý có thể sẽ tham dự cuộc họp.

## 3. Cấu trúc

**may/might + V nguyên mẫu**

Ví dụ:

may arrive

might attend

might change

## 4. Phủ định

may not + V

might not + V

Ví dụ:

The shipment may not arrive today.

The manager might not attend the meeting.

## 5. So sánh

### MAY

Khả năng xảy ra tương đối có thể.

The meeting may start at 9.

### MIGHT

Khả năng xảy ra thấp hơn hoặc không chắc chắn hơn.

The meeting might start at 9.

## 6. Ví dụ TOEIC

The delivery ______ arrive tomorrow because of the bad weather.

A. might  
B. might to  
C. might arrives  
D. might arriving

Đáp án: **A. might**

",3,2026-08-08 18:49:36.052855,2026-08-08 18:49:36.052855,
269,19,MUST,"

# MUST

## 1. Khái niệm

MUST được sử dụng để diễn tả:

- Nghĩa vụ mạnh.
- Điều bắt buộc.
- Sự cần thiết.
- Suy luận chắc chắn.

## 2. MUST diễn tả nghĩa vụ

Employees must wear identification badges.

→ Nhân viên phải đeo thẻ nhận dạng.

All visitors must sign the register.

→ Tất cả khách phải ký vào sổ đăng ký.

## 3. MUST diễn tả suy luận

Ví dụ:

The lights are on. The manager must be in the office.

→ Đèn đang bật. Người quản lý chắc hẳn đang ở văn phòng.

## 4. Cấu trúc

**must + V nguyên mẫu**

Ví dụ:

must attend

must complete

must follow

## 5. MUST NOT

MUST NOT có nghĩa là **không được phép**, không phải ""không cần"".

Ví dụ:

Employees must not use this equipment without permission.

→ Nhân viên không được sử dụng thiết bị này nếu không được phép.

## 6. MUST và HAVE TO

MUST và HAVE TO đều có thể diễn tả nghĩa vụ.

MUST:

The employee must follow the rules.

HAVE TO:

The employee has to follow the rules.

## 7. Ví dụ TOEIC

All employees ______ follow the company's safety regulations.

A. must  
B. must to  
C. must follows  
D. must following

Đáp án: **A. must**

",4,2026-08-08 18:49:36.052855,2026-08-08 18:49:36.052855,
270,19,SHOULD,"

# SHOULD

## 1. Khái niệm

SHOULD thường được sử dụng để:

- Đưa ra lời khuyên.
- Diễn tả điều nên làm.
- Đưa ra dự đoán có cơ sở.

## 2. Lời khuyên

Employees should arrive early.

→ Nhân viên nên đến sớm.

You should check the document carefully.

→ Bạn nên kiểm tra tài liệu cẩn thận.

## 3. Dự đoán

The package should arrive tomorrow.

→ Gói hàng có lẽ sẽ đến vào ngày mai.

## 4. Cấu trúc

**should + V nguyên mẫu**

Ví dụ:

should attend

should check

should arrive

## 5. SHOULD NOT

Should not / shouldn't được sử dụng để đưa ra lời khuyên không nên làm điều gì.

Ví dụ:

Employees should not leave the office early.

## 6. Ví dụ TOEIC

The manager ______ review the contract before signing it.

A. should  
B. should to  
C. should reviews  
D. should reviewing

Đáp án: **A. should**

## 7. Mẹo TOEIC

Sau SHOULD luôn là:

**V nguyên mẫu**

",5,2026-08-08 18:49:36.052855,2026-08-08 18:49:36.052855,
271,19,WILL và WOULD,"

# WILL và WOULD

## 1. WILL

WILL thường được sử dụng để:

- Diễn tả tương lai.
- Đưa ra quyết định.
- Đưa ra lời hứa.
- Dự đoán.

Ví dụ:

The company will open a new branch next year.

## 2. WOULD

WOULD thường được sử dụng để:

- Diễn tả tương lai trong quá khứ.
- Đưa ra yêu cầu lịch sự.
- Diễn tả tình huống giả định.
- Trong câu điều kiện.

Ví dụ:

The manager said that he would attend the meeting.

→ Người quản lý nói rằng ông ấy sẽ tham dự cuộc họp.

Would you help me with this report?

→ Bạn có thể giúp tôi báo cáo này không?

## 3. Cấu trúc

**will/would + V nguyên mẫu**

Ví dụ:

will attend

would attend

will complete

would complete

## 4. Ví dụ TOEIC

The manager said that the company ______ launch the product the following month.

A. will  
B. would  
C. would to  
D. would launched

Đáp án: **B. would**

## 5. Mẹo TOEIC

Sau WILL hoặc WOULD:

**V nguyên mẫu**

Không dùng:

will attends ❌

would attended ❌

would to attend ❌

",6,2026-08-08 18:49:36.052855,2026-08-08 18:49:36.052855,
272,19,SHALL,"

# SHALL

## 1. Khái niệm

SHALL là một Modal Verb thường được sử dụng với:

- I
- We

Trong tiếng Anh hiện đại, SHALL ít phổ biến hơn WILL trong giao tiếp thông thường nhưng vẫn xuất hiện trong văn phong trang trọng và văn bản kinh doanh.

## 2. Đề nghị hoặc hỏi ý kiến

Ví dụ:

Shall we start the meeting?

→ Chúng ta bắt đầu cuộc họp nhé?

Shall I send the report?

→ Tôi gửi báo cáo nhé?

## 3. Văn phong trang trọng

SHALL có thể xuất hiện trong hợp đồng, quy định hoặc văn bản pháp lý để thể hiện nghĩa vụ.

Ví dụ:

The supplier shall provide the required documents.

→ Nhà cung cấp phải cung cấp các tài liệu được yêu cầu.

## 4. Cấu trúc

**shall + V nguyên mẫu**

Ví dụ:

shall provide

shall attend

shall submit

## 5. Ví dụ TOEIC

The supplier ______ provide all required documents.

A. shall  
B. shall to  
C. shall provides  
D. shall providing

Đáp án: **A. shall**

## 6. Mẹo TOEIC

Trong văn bản kinh doanh hoặc hợp đồng, nếu thấy:

**shall + V**

→ thường diễn tả nghĩa vụ hoặc yêu cầu chính thức.

",7,2026-08-08 18:49:36.052855,2026-08-08 18:49:36.052855,
273,19,Modal Verbs + HAVE + V3,"

# Modal Verbs + HAVE + V3

## 1. Khái niệm

Modal Verb có thể kết hợp với:

**have + V3**

để nói về một hành động trong quá khứ.

Cấu trúc:

**Modal + have + V3**

## 2. SHOULD HAVE + V3

Diễn tả một việc đáng lẽ nên xảy ra nhưng có thể đã không xảy ra.

Ví dụ:

The manager should have checked the report.

→ Người quản lý đáng lẽ nên kiểm tra báo cáo.

## 3. COULD HAVE + V3

Diễn tả một khả năng trong quá khứ nhưng không xảy ra hoặc không được thực hiện.

Ví dụ:

The company could have avoided the problem.

## 4. MIGHT HAVE + V3

Diễn tả khả năng đã xảy ra trong quá khứ.

Ví dụ:

The manager might have forgotten the meeting.

→ Có thể người quản lý đã quên cuộc họp.

## 5. MUST HAVE + V3

Diễn tả một suy luận chắc chắn về một hành động trong quá khứ.

Ví dụ:

The manager must have left the office.

→ Người quản lý chắc hẳn đã rời văn phòng.

## 6. Ví dụ TOEIC

The manager ______ have forgotten to send the email.

A. must  
B. must to  
C. must has  
D. must having

Đáp án: **A. must**

Cấu trúc đầy đủ:

**must have forgotten**

## 7. Mẹo TOEIC

Nhớ công thức:

**Modal + have + V3**

",8,2026-08-08 18:49:36.052855,2026-08-08 18:49:36.052855,
275,19,Bẫy TOEIC về Modal Verbs,"

# Bẫy TOEIC về Modal Verbs

## 1. Bẫy 1: Thêm ""to"" sau Modal

Sai:

Employees must to follow the rules. ❌

Đúng:

Employees must follow the rules. ✅

## 2. Bẫy 2: Chia động từ sau Modal

Sai:

The manager should attends the meeting. ❌

Đúng:

The manager should attend the meeting. ✅

## 3. Bẫy 3: Nhầm MUST NOT và DON'T HAVE TO

### MUST NOT

= không được phép.

Employees must not enter this room.

→ Nhân viên không được vào phòng này.

### DON'T HAVE TO

= không cần phải.

Employees don't have to attend the meeting.

→ Nhân viên không cần phải tham dự cuộc họp.

## 4. Bẫy 4: Modal + HAVE + V3

Sai:

The manager must has left. ❌

Đúng:

The manager must have left. ✅

## 5. Bẫy 5: Modal + BE + V3

Sai:

The report must completed today. ❌

Đúng:

The report must be completed today. ✅

## 6. Ví dụ TOEIC

All employees ______ complete the safety training before Friday.

A. must  
B. must to  
C. must completing  
D. must completed

Đáp án: **A. must**

## 7. Mẹo làm bài

Khi gặp Modal Verb, kiểm tra ngay cấu trúc sau:

**Modal + V**

**Modal + be + V3**

**Modal + have + V3**

Không tự động thêm **to**, **-s**, **-ed** hoặc **-ing** sau Modal.

",10,2026-08-08 18:49:36.052855,2026-08-08 18:49:36.052855,
276,20,Gerund là gì?,"

# Gerund là gì?

## 1. Khái niệm

Gerund là dạng **V-ing** của động từ nhưng được sử dụng với chức năng giống như một danh từ.

Ví dụ:

Swimming is good for your health.

→ Bơi lội tốt cho sức khỏe.

Trong câu trên:

**Swimming** có dạng V-ing nhưng đóng vai trò là chủ ngữ.

## 2. Cấu tạo

**Verb + ing**

Ví dụ:

work → working

read → reading

study → studying

manage → managing

## 3. Gerund có thể làm chủ ngữ

Ví dụ:

Working overtime is sometimes necessary.

→ Làm thêm giờ đôi khi là cần thiết.

Reading business documents requires concentration.

→ Đọc tài liệu kinh doanh đòi hỏi sự tập trung.

## 4. Gerund có thể làm tân ngữ

Ví dụ:

I enjoy reading.

→ Tôi thích đọc sách.

She avoids driving at night.

→ Cô ấy tránh lái xe vào ban đêm.

## 5. Gerund sau giới từ

Sau giới từ thường sử dụng Gerund.

Ví dụ:

Thank you for helping me.

She is interested in learning English.

The manager left without saying goodbye.

## 6. Mẹo TOEIC

Khi thấy:

**giới từ + ______**

hãy kiểm tra khả năng dùng **V-ing**.

Ví dụ:

The employee is interested in ______ English.

A. learn  
B. learning  
C. to learn  
D. learned

Đáp án: **B. learning**

",1,2026-08-08 18:50:16.027645,2026-08-08 18:50:16.027645,
277,20,Gerund làm chủ ngữ,"

# Gerund làm chủ ngữ

## 1. Cách sử dụng

Gerund có thể đứng đầu câu và đóng vai trò là chủ ngữ.

Cấu trúc:

**V-ing + verb + ...**

Ví dụ:

Working efficiently saves time.

→ Làm việc hiệu quả giúp tiết kiệm thời gian.

## 2. Ví dụ trong môi trường công sở

Attending meetings is important.

→ Tham dự các cuộc họp là quan trọng.

Using public transportation reduces costs.

→ Sử dụng phương tiện giao thông công cộng giúp giảm chi phí.

Training employees requires time.

→ Đào tạo nhân viên cần thời gian.

## 3. Gerund và động từ số ít

Khi Gerund làm chủ ngữ, nó thường được xem như một danh từ số ít.

Ví dụ:

Working overtime **is** necessary.

Reading books **helps** improve vocabulary.

Không dùng:

Working overtime are necessary. ❌

## 4. Ví dụ TOEIC

______ new employees requires careful planning.

A. Train  
B. Trained  
C. Training  
D. To trained

Đáp án: **C. Training**

## 5. Mẹo TOEIC

Nếu chỗ trống đứng đầu câu và cần một chủ ngữ chỉ hoạt động:

**V-ing** thường là đáp án phù hợp.

",2,2026-08-08 18:50:16.027645,2026-08-08 18:50:16.027645,
278,20,Gerund sau động từ,"

# Gerund sau động từ

## 1. Khái niệm

Một số động từ thường được theo sau bởi Gerund.

Cấu trúc:

**Verb + V-ing**

## 2. Một số động từ quan trọng

Các động từ thường gặp:

- enjoy
- avoid
- finish
- consider
- suggest
- recommend
- mind
- practice
- keep
- postpone
- quit
- admit
- deny
- miss
- risk

## 3. Ví dụ

The employees enjoy working together.

→ Nhân viên thích làm việc cùng nhau.

The manager suggested changing the schedule.

→ Người quản lý đề nghị thay đổi lịch trình.

We postponed making the decision.

→ Chúng tôi hoãn việc đưa ra quyết định.

## 4. Ví dụ TOEIC

The manager suggested ______ the meeting until Friday.

A. postpone  
B. to postpone  
C. postponing  
D. postponed

Đáp án: **C. postponing**

## 5. Lưu ý

Không phải tất cả động từ đều dùng Gerund.

Ví dụ:

enjoy working ✅

enjoy to work ❌

avoid making ✅

avoid to make ❌

## 6. Mẹo TOEIC

Học theo cụm:

**enjoy + V-ing**

**avoid + V-ing**

**suggest + V-ing**

**finish + V-ing**

**consider + V-ing**

",3,2026-08-08 18:50:16.027645,2026-08-08 18:50:16.027645,
279,20,Gerund sau giới từ,"

# Gerund sau giới từ

## 1. Nguyên tắc

Sau giới từ, nếu theo sau là một động từ thì động từ đó thường ở dạng Gerund.

Cấu trúc:

**Preposition + V-ing**

## 2. Các giới từ thường gặp

- after
- before
- without
- by
- for
- in
- on
- at
- about

Ví dụ:

After finishing the report, she left the office.

Before making a decision, we should review the information.

He left without saying goodbye.

## 3. BY + V-ing

BY + V-ing thường diễn tả cách thức thực hiện một hành động.

Ví dụ:

You can improve your English by practicing every day.

→ Bạn có thể cải thiện tiếng Anh bằng cách luyện tập mỗi ngày.

## 4. WITHOUT + V-ing

Ví dụ:

The employee left without informing the manager.

→ Nhân viên rời đi mà không thông báo cho quản lý.

## 5. Ví dụ TOEIC

The company reduced costs by ______ its production process.

A. improve  
B. improved  
C. improving  
D. to improve

Đáp án: **C. improving**

## 6. Mẹo TOEIC

Nhìn thấy:

**giới từ + động từ**

→ kiểm tra ngay **V-ing**.

",4,2026-08-08 18:50:16.027645,2026-08-08 18:50:16.027645,
280,20,Gerund sau các cụm động từ,"

# Gerund sau các cụm động từ

## 1. Khái niệm

Một số cụm động từ cố định trong tiếng Anh được theo sau bởi Gerund.

## 2. Một số cụm thường gặp

- look forward to
- be used to
- be accustomed to
- have difficulty
- have trouble
- spend time
- spend money
- be interested in
- be good at
- be responsible for

## 3. LOOK FORWARD TO

LOOK FORWARD TO + V-ing

Ví dụ:

We look forward to meeting you.

→ Chúng tôi mong được gặp bạn.

Không dùng:

We look forward to meet you. ❌

## 4. BE USED TO

BE USED TO + V-ing

Ví dụ:

She is used to working under pressure.

→ Cô ấy quen với việc làm việc dưới áp lực.

## 5. HAVE DIFFICULTY

HAVE DIFFICULTY + V-ing

Ví dụ:

The company had difficulty finding qualified employees.

## 6. SPEND

SPEND + time/money + V-ing

Ví dụ:

She spends a lot of time preparing reports.

## 7. Ví dụ TOEIC

We look forward to ______ from you soon.

A. hear  
B. hearing  
C. heard  
D. to hear

Đáp án: **B. hearing**

## 8. Mẹo TOEIC

Đặc biệt chú ý:

**look forward to + V-ing**

Ở đây **to** là giới từ, không phải ""to"" của động từ nguyên mẫu.

",5,2026-08-08 18:50:16.027645,2026-08-08 18:50:16.027645,
281,20,Gerund sau TO BE,"

# Gerund sau TO BE

## 1. Gerund sau ""be""

Gerund có thể đứng sau động từ TO BE để mô tả hoạt động hoặc khái niệm.

Ví dụ:

My favorite activity is reading.

→ Hoạt động yêu thích của tôi là đọc sách.

Her main responsibility is managing the team.

→ Trách nhiệm chính của cô ấy là quản lý nhóm.

## 2. Cấu trúc

**S + be + V-ing**

Trong trường hợp này, V-ing có thể đóng vai trò danh từ bổ nghĩa cho chủ ngữ.

Ví dụ:

His job is training new employees.

## 3. Ví dụ trong TOEIC

The manager's main responsibility is ______ the staff.

A. train  
B. trained  
C. training  
D. to trained

Đáp án: **C. training**

## 4. Lưu ý

Cần phân biệt Gerund với Present Continuous.

### Gerund

Her job is managing the office.

→ ""managing"" đóng vai trò bổ ngữ cho ""job"".

### Present Continuous

She is managing the office.

→ ""is managing"" là một thì tiếp diễn.

## 5. Mẹo TOEIC

Nếu cấu trúc mang nghĩa:

**công việc / nhiệm vụ / hoạt động của ai đó là gì**

thì V-ing có thể được dùng sau TO BE.

",6,2026-08-08 18:50:16.027645,2026-08-08 18:50:16.027645,
282,20,Gerund và tính từ sở hữu,"

# Gerund và tính từ sở hữu

## 1. Khái niệm

Khi Gerund được sử dụng để nói về hành động của một người, tính từ sở hữu có thể đứng trước Gerund.

Cấu trúc:

**Possessive adjective + V-ing**

Ví dụ:

I appreciate your helping me.

→ Tôi cảm kích việc bạn giúp tôi.

## 2. Các tính từ sở hữu

- my
- your
- his
- her
- its
- our
- their

Ví dụ:

I appreciate your coming.

We were surprised by his leaving early.

The manager objected to their changing the schedule.

## 3. Trong tiếng Anh thông thường

Trong giao tiếp, đại từ tân ngữ đôi khi cũng được dùng.

Ví dụ:

I appreciate you helping me.

Tuy nhiên, trong văn phong trang trọng, dạng sở hữu có thể được ưu tiên:

I appreciate your helping me.

## 4. Ví dụ TOEIC

We appreciate ______ attending the meeting.

A. you  
B. your  
C. yours  
D. yourself

Đáp án: **B. your**

Cấu trúc:

**your + attending**

## 5. Mẹo TOEIC

Nếu sau chỗ trống là **V-ing** và cần thể hiện người thực hiện hành động, hãy kiểm tra tính từ sở hữu.

",7,2026-08-08 18:50:16.027645,2026-08-08 18:50:16.027645,
283,20,Gerund hay Infinitive?,"

# Gerund hay Infinitive?

## 1. Khái niệm

Một số động từ có thể đi với:

- Gerund.
- Infinitive.
- Hoặc cả hai nhưng ý nghĩa thay đổi.

Đây là dạng rất dễ xuất hiện trong câu hỏi TOEIC.

## 2. Động từ thường đi với Gerund

Ví dụ:

enjoy + V-ing

avoid + V-ing

finish + V-ing

consider + V-ing

suggest + V-ing

Ví dụ:

She enjoys reading.

## 3. Động từ thường đi với Infinitive

Một số động từ thường đi với TO + V:

- want
- need
- hope
- plan
- decide
- agree
- expect
- promise
- refuse

Ví dụ:

She decided to leave.

They plan to expand the business.

## 4. Một số động từ có thể dùng cả hai

Ví dụ:

like

love

hate

prefer

begin

start

Ví dụ:

She likes reading.

She likes to read.

## 5. Ví dụ TOEIC

The company decided ______ its operations.

A. expanding  
B. expand  
C. to expand  
D. expanded

Đáp án: **C. to expand**

## 6. Mẹo TOEIC

Không nên chọn V-ing chỉ vì thấy động từ đứng trước.

Hãy học theo **verb pattern**:

**enjoy + V-ing**

**avoid + V-ing**

**decide + to V**

**plan + to V**

**hope + to V**

",8,2026-08-08 18:50:16.027645,2026-08-08 18:50:16.027645,
284,20,Các cụm Gerund thường gặp trong TOEIC,"

# Các cụm Gerund thường gặp trong TOEIC

## 1. Các cụm quan trọng

### Be interested in + V-ing

The employees are interested in learning new skills.

### Be responsible for + V-ing

She is responsible for managing the project.

### Be good at + V-ing

He is good at solving problems.

### Have difficulty + V-ing

The company had difficulty finding qualified workers.

### Spend time + V-ing

She spends a lot of time preparing reports.

### Look forward to + V-ing

We look forward to hearing from you.

## 2. Ví dụ TOEIC

Ms. Brown is responsible for ______ the company's accounts.

A. manage  
B. managing  
C. managed  
D. to managing

Đáp án: **B. managing**

## 3. Ví dụ khác

The company had difficulty ______ qualified employees.

A. finding  
B. find  
C. to find  
D. found

Đáp án: **A. finding**

## 4. Mẹo TOEIC

Học theo cụm thay vì học từng từ:

**responsible for + V-ing**

**interested in + V-ing**

**good at + V-ing**

**difficulty + V-ing**

**look forward to + V-ing**

",9,2026-08-08 18:50:16.027645,2026-08-08 18:50:16.027645,
285,20,Bẫy TOEIC về Gerund,"

# Bẫy TOEIC về Gerund

## 1. Bẫy 1: Sau giới từ dùng V-ing

Sai:

The company is interested in expand its business. ❌

Đúng:

The company is interested in expanding its business. ✅

## 2. Bẫy 2: LOOK FORWARD TO

Sai:

We look forward to hear from you. ❌

Đúng:

We look forward to hearing from you. ✅

## 3. Bẫy 3: SAU ENJOY

Sai:

She enjoys to work here. ❌

Đúng:

She enjoys working here. ✅

## 4. Bẫy 4: SAU SUGGEST

Sai:

The manager suggested to change the schedule. ❌

Đúng:

The manager suggested changing the schedule. ✅

## 5. Bẫy 5: Phân biệt ""to"" là giới từ

Trong:

look forward to

be used to

be accustomed to

to là giới từ.

Vì vậy sau đó dùng:

**V-ing**

Ví dụ:

I am used to working late.

## 6. Ví dụ TOEIC

The company is looking forward to ______ the new branch next month.

A. open  
B. opening  
C. opened  
D. to open

Đáp án: **B. opening**

## 7. Mẹo làm bài

Khi gặp chỗ trống trước một động từ, hãy nhìn từ đứng ngay trước nó.

Nếu là:

**giới từ → V-ing**

**enjoy/avoid/finish/suggest/consider → V-ing**

**look forward to → V-ing**

",10,2026-08-08 18:50:16.027645,2026-08-08 18:50:16.027645,
286,21,Infinitive là gì?,"

# Infinitive là gì?

## 1. Khái niệm

Infinitive là dạng nguyên mẫu của động từ, thường xuất hiện dưới hai dạng:

- To-infinitive: **to + V nguyên mẫu**
- Bare infinitive: **V nguyên mẫu không có to**

Ví dụ:

to work

to study

to attend

work

study

attend

## 2. To-infinitive

Cấu trúc:

**to + V nguyên mẫu**

Ví dụ:

to work

to complete

to improve

The company plans to expand.

→ Công ty dự định mở rộng.

## 3. Bare infinitive

Một số cấu trúc yêu cầu động từ nguyên mẫu không có TO.

Ví dụ:

can work

must attend

should complete

let him go

## 4. Infinitive làm chủ ngữ

To-infinitive có thể đứng đầu câu.

Ví dụ:

To improve your English requires practice.

→ Cải thiện tiếng Anh cần sự luyện tập.

Tuy nhiên, trong tiếng Anh hiện đại, cấu trúc:

**It + be + adjective + to V**

thường tự nhiên hơn.

Ví dụ:

It is important to arrive on time.

## 5. Mẹo TOEIC

Khi gặp:

**to + ______**

hãy kiểm tra xem sau TO có phải là động từ nguyên mẫu hay không.

Đúng:

to attend

to complete

to improve

Sai:

to attends

to attending

to completed

",1,2026-08-08 18:51:49.954289,2026-08-08 18:51:49.954289,
287,21,Infinitive làm tân ngữ,"

# Infinitive làm tân ngữ

## 1. Khái niệm

Một số động từ thường được theo sau bởi TO-INFINITIVE.

Cấu trúc:

**Verb + to + V**

## 2. Các động từ thường gặp

- want
- need
- hope
- plan
- decide
- agree
- expect
- promise
- refuse
- offer
- choose
- learn
- manage
- seem
- appear

## 3. Ví dụ

The company plans to expand.

→ Công ty dự định mở rộng.

She decided to apply for the position.

→ Cô ấy quyết định ứng tuyển vào vị trí đó.

The manager agreed to attend the meeting.

→ Người quản lý đồng ý tham dự cuộc họp.

## 4. Ví dụ TOEIC

The company plans ______ a new branch next year.

A. opening  
B. open  
C. to open  
D. opened

Đáp án: **C. to open**

## 5. Mẹo TOEIC

Học theo cụm:

**plan + to V**

**decide + to V**

**hope + to V**

**agree + to V**

**expect + to V**

**promise + to V**

",2,2026-08-08 18:51:49.954289,2026-08-08 18:51:49.954289,
288,21,Infinitive chỉ mục đích,"

# Infinitive chỉ mục đích

## 1. Khái niệm

To-infinitive có thể được sử dụng để diễn tả mục đích của một hành động.

Cấu trúc:

**S + V + to + V**

Có thể hiểu là:

**... để làm gì**

## 2. Ví dụ

The company hired more employees to increase production.

→ Công ty tuyển thêm nhân viên để tăng sản lượng.

She went to the bank to withdraw money.

→ Cô ấy đến ngân hàng để rút tiền.

## 3. Cách nhận biết

Nếu TO + V trả lời cho câu hỏi:

**Why? – Tại sao? / Để làm gì?**

thì TO-INFINITIVE có thể đang chỉ mục đích.

## 4. Ví dụ TOEIC

The company installed new software ______ improve productivity.

A. for  
B. to  
C. at  
D. with

Đáp án: **B. to**

Cấu trúc:

**to + improve**

## 5. SO AS TO

Có thể sử dụng:

**so as to + V**

Ví dụ:

The company reduced costs so as to improve efficiency.

## 6. IN ORDER TO

Có thể sử dụng:

**in order to + V**

Ví dụ:

The company hired new employees in order to expand its operations.

## 7. Mẹo TOEIC

Các cấu trúc chỉ mục đích thường gặp:

**to + V**

**in order to + V**

**so as to + V**

",3,2026-08-08 18:51:49.954289,2026-08-08 18:51:49.954289,
289,21,TOO + INFINITIVE,"

# TOO + INFINITIVE

## 1. Khái niệm

Cấu trúc TOO + adjective/adverb + TO-INFINITIVE diễn tả:

**quá ... để làm gì**

Cấu trúc:

**S + be + too + adjective + to V**

Ví dụ:

The box is too heavy to carry.

→ Cái hộp quá nặng để mang.

## 2. Ví dụ trong công việc

The report is too complicated to understand.

→ Báo cáo quá phức tạp để hiểu.

The deadline is too short to complete the project.

→ Thời hạn quá ngắn để hoàn thành dự án.

## 3. TOO + adverb

Ví dụ:

He works too slowly to finish the task on time.

## 4. Ví dụ TOEIC

The instructions are too complicated ______ quickly.

A. understand  
B. understanding  
C. to understand  
D. understood

Đáp án: **C. to understand**

## 5. Mẹo TOEIC

Nhớ cấu trúc:

**too + adjective + to V**

**too + adverb + to V**

Không dùng V-ing sau TOO trong cấu trúc này.

",4,2026-08-08 18:51:49.954289,2026-08-08 18:51:49.954289,
290,21,Tính từ + Infinitive,"

# Tính từ + Infinitive

## 1. Khái niệm

To-infinitive thường được sử dụng sau một số tính từ để diễn tả cảm xúc, đánh giá hoặc mức độ cần thiết.

Cấu trúc:

**be + adjective + to V**

## 2. Các tính từ thường gặp

- important
- necessary
- difficult
- easy
- hard
- useful
- convenient
- pleased
- happy
- ready
- able
- likely
- willing

## 3. Ví dụ

It is important to arrive on time.

→ Việc đến đúng giờ rất quan trọng.

The instructions are easy to understand.

→ Hướng dẫn dễ hiểu.

The manager is ready to make a decision.

→ Người quản lý sẵn sàng đưa ra quyết định.

## 4. Ví dụ TOEIC

It is important ______ all safety regulations.

A. follow  
B. following  
C. to follow  
D. followed

Đáp án: **C. to follow**

## 5. IT + BE + ADJECTIVE + TO V

Một cấu trúc rất phổ biến:

**It + be + adjective + to V**

Ví dụ:

It is necessary to update the system.

It is difficult to find qualified employees.

## 6. Mẹo TOEIC

Nếu thấy:

**It is + adjective + ______**

hãy kiểm tra khả năng:

**to + V**

",5,2026-08-08 18:51:49.954289,2026-08-08 18:51:49.954289,
291,21,Question Word + Infinitive,"

# Question Word + Infinitive

## 1. Khái niệm

Một số từ để hỏi có thể kết hợp với TO-INFINITIVE.

Cấu trúc:

**what/where/when/how + to V**

## 2. WHAT TO V

Ví dụ:

I don't know what to do.

→ Tôi không biết phải làm gì.

The manager explained what to include in the report.

## 3. HOW TO V

Ví dụ:

She learned how to use the new software.

→ Cô ấy học cách sử dụng phần mềm mới.

## 4. WHERE TO V

Ví dụ:

The employee knows where to find the information.

## 5. WHEN TO V

Ví dụ:

We need to decide when to start the project.

## 6. Ví dụ TOEIC

The manager explained how ______ the new system.

A. use  
B. using  
C. to use  
D. used

Đáp án: **C. to use**

## 7. Mẹo TOEIC

Nhớ các cấu trúc:

**what + to V**

**where + to V**

**when + to V**

**how + to V**

",6,2026-08-08 18:51:49.954289,2026-08-08 18:51:49.954289,
292,21,Tân ngữ + Infinitive,"

# Tân ngữ + Infinitive

## 1. Khái niệm

Một số động từ có cấu trúc:

**Verb + Object + to V**

Trong đó Object là người hoặc vật thực hiện hành động của TO-INFINITIVE.

## 2. Các động từ thường gặp

- ask
- tell
- advise
- allow
- encourage
- expect
- invite
- remind
- require
- want
- need

## 3. Ví dụ

The manager asked employees to attend the meeting.

→ Người quản lý yêu cầu nhân viên tham dự cuộc họp.

The company encouraged employees to participate.

→ Công ty khuyến khích nhân viên tham gia.

The manager reminded us to submit the report.

→ Người quản lý nhắc chúng tôi nộp báo cáo.

## 4. Ví dụ TOEIC

The manager encouraged employees ______ the training program.

A. join  
B. joining  
C. to join  
D. joined

Đáp án: **C. to join**

## 5. Mẹo TOEIC

Nếu gặp cấu trúc:

**Verb + người/vật + ______**

hãy kiểm tra các động từ như:

ask

tell

allow

encourage

remind

require

→ thường đi với:

**Object + to V**

",7,2026-08-08 18:51:49.954289,2026-08-08 18:51:49.954289,
293,21,Bare Infinitive,"

# Bare Infinitive

## 1. Khái niệm

Bare Infinitive là động từ nguyên mẫu **không có TO**.

Ví dụ:

work

go

attend

complete

## 2. Sau Modal Verbs

Sau:

- can
- could
- may
- might
- must
- should
- will
- would

dùng Bare Infinitive.

Ví dụ:

Employees must follow the rules.

The manager can attend the meeting.

## 3. Sau LET

Cấu trúc:

**let + object + V**

Ví dụ:

The manager let the employee leave early.

Không dùng:

let the employee to leave ❌

## 4. Sau MAKE

Cấu trúc chủ động:

**make + object + V**

Ví dụ:

The manager made the employees work overtime.

## 5. HELP

HELP có thể dùng:

**help + object + V**

hoặc:

**help + object + to V**

Ví dụ:

She helped me complete the report.

She helped me to complete the report.

Cả hai đều có thể đúng.

## 6. Ví dụ TOEIC

The manager made the employees ______ overtime.

A. to work  
B. working  
C. work  
D. worked

Đáp án: **C. work**

## 7. Mẹo TOEIC

Đặc biệt nhớ:

**Modal + V**

**let + object + V**

**make + object + V**

",8,2026-08-08 18:51:49.954289,2026-08-08 18:51:49.954289,
294,21,Gerund hay Infinitive?,"

# Gerund hay Infinitive?

## 1. Động từ + Gerund

Một số động từ thường đi với V-ing:

- enjoy
- avoid
- finish
- suggest
- consider
- practice
- postpone
- mind

Ví dụ:

She enjoys working here.

## 2. Động từ + Infinitive

Một số động từ thường đi với TO + V:

- want
- decide
- plan
- hope
- agree
- expect
- promise
- refuse

Ví dụ:

She decided to apply for the position.

## 3. Một số động từ có cả hai nhưng thay đổi ý nghĩa

### STOP

stop + V-ing

→ dừng một hành động đang làm.

He stopped working.

stop + to V

→ dừng lại để làm một việc khác.

He stopped to answer the phone.

### REMEMBER

remember + V-ing

→ nhớ đã làm việc gì.

I remember meeting him.

remember + to V

→ nhớ phải làm việc gì.

Remember to send the report.

### TRY

try + V-ing

→ thử một phương pháp.

Try restarting the computer.

try + to V

→ cố gắng làm gì.

Try to restart the computer.

## 4. Ví dụ TOEIC

Please remember ______ the report before Friday.

A. submitting  
B. submit  
C. to submit  
D. submitted

Đáp án: **C. to submit**

",9,2026-08-08 18:51:49.954289,2026-08-08 18:51:49.954289,
295,21,Bẫy TOEIC về Infinitive,"

# Bẫy TOEIC về Infinitive

## 1. Bẫy 1: Sau TO phải là động từ nguyên mẫu

Đúng:

to attend

to complete

to improve

Sai:

to attending ❌

to attended ❌

to attends ❌

## 2. Bẫy 2: Modal không đi với TO

Đúng:

Employees must attend the meeting.

Sai:

Employees must to attend the meeting. ❌

## 3. Bẫy 3: MAKE + OBJECT + V

Đúng:

The manager made the employees work overtime.

Sai:

The manager made the employees to work overtime. ❌

## 4. Bẫy 4: LET + OBJECT + V

Đúng:

The manager let him leave early.

Sai:

The manager let him to leave early. ❌

## 5. Bẫy 5: Mục đích dùng TO + V

The company hired more workers to increase production.

Không dùng:

The company hired more workers increasing production. ❌

## 6. Bẫy 6: Tính từ + TO V

It is important to follow the instructions.

Không dùng:

It is important following the instructions. ❌

## 7. Ví dụ TOEIC

The company hired additional employees ______ customer service.

A. improve  
B. improving  
C. to improve  
D. improved

Đáp án: **C. to improve**

## 8. Mẹo làm bài

Khi gặp Infinitive, hãy kiểm tra:

1. Động từ trước đó có yêu cầu TO + V không?
2. TO có phải là giới từ không?
3. Cấu trúc có phải chỉ mục đích không?
4. Có Modal Verb không?
5. Có MAKE hoặc LET không?

",10,2026-08-08 18:51:49.954289,2026-08-08 18:51:49.954289,
296,22,Gerund và Infinitive là gì?,"

# Gerund và Infinitive là gì?

## 1. Gerund

Gerund là dạng:

**V-ing**

Động từ ở dạng V-ing có thể hoạt động giống như một danh từ.

Ví dụ:

Reading is important.

→ Đọc sách rất quan trọng.

She enjoys reading.

→ Cô ấy thích đọc sách.

## 2. Infinitive

Infinitive thường có dạng:

**to + V nguyên mẫu**

Ví dụ:

to read

to study

to work

She wants to study.

→ Cô ấy muốn học.

## 3. Sự khác nhau cơ bản

Gerund thường được dùng sau một số động từ:

**enjoy + V-ing**

**avoid + V-ing**

**finish + V-ing**

Infinitive thường được dùng sau một số động từ:

**want + to V**

**plan + to V**

**decide + to V**

## 4. Ví dụ

I enjoy reading.

I want to read.

Hai câu đều đúng nhưng cấu trúc động từ khác nhau.

## 5. Mẹo TOEIC

Khi gặp một động từ đứng trước chỗ trống, không nên chọn V-ing hoặc TO V theo cảm tính.

Hãy xác định **verb pattern** của động từ đó.

",1,2026-08-08 18:52:26.224314,2026-08-08 18:52:26.224314,
297,22,Động từ theo sau bởi Gerund,"

# Động từ theo sau bởi Gerund

## 1. Các động từ quan trọng

Một số động từ thường được theo sau bởi Gerund:

- enjoy
- avoid
- finish
- consider
- suggest
- recommend
- practice
- postpone
- keep
- mind
- admit
- deny
- quit
- risk
- miss

## 2. Ví dụ

She enjoys working with customers.

The company avoided increasing prices.

The manager suggested changing the schedule.

We finished preparing the report.

## 3. Cấu trúc

**Verb + V-ing**

Ví dụ:

enjoy + working

avoid + making

finish + preparing

suggest + changing

## 4. Ví dụ TOEIC

The manager suggested ______ the meeting.

A. postpone  
B. postponing  
C. to postpone  
D. postponed

Đáp án: **B. postponing**

## 5. Mẹo TOEIC

Học theo cụm thay vì học riêng từng từ:

**enjoy doing**

**avoid doing**

**finish doing**

**suggest doing**

**consider doing**

",2,2026-08-08 18:52:26.224314,2026-08-08 18:52:26.224314,
298,22,Động từ theo sau bởi Infinitive,"

# Động từ theo sau bởi Infinitive

## 1. Các động từ quan trọng

Một số động từ thường được theo sau bởi TO-INFINITIVE:

- want
- need
- hope
- plan
- decide
- agree
- expect
- promise
- refuse
- offer
- choose
- learn
- manage
- attempt
- seem

## 2. Ví dụ

The company plans to expand.

She decided to apply for the job.

They agreed to attend the meeting.

The manager promised to contact us.

## 3. Cấu trúc

**Verb + to + V**

Ví dụ:

plan + to expand

decide + to apply

agree + to attend

promise + to contact

## 4. Ví dụ TOEIC

The company plans ______ its operations next year.

A. expanding  
B. expand  
C. to expand  
D. expanded

Đáp án: **C. to expand**

## 5. Mẹo TOEIC

Nhớ các nhóm quan trọng:

**want / need / hope / plan / decide + to V**

",3,2026-08-08 18:52:26.224314,2026-08-08 18:52:26.224314,
299,22,Động từ dùng được cả Gerund và Infinitive,"

# Động từ dùng được cả Gerund và Infinitive

## 1. Một số động từ

Một số động từ có thể đi với cả Gerund và Infinitive:

- like
- love
- hate
- prefer
- begin
- start
- continue

## 2. Ví dụ

She likes reading.

She likes to read.

Cả hai câu đều có thể đúng.

## 3. BEGIN

begin + V-ing

begin + to V

Ví dụ:

The meeting began to start at 9 a.m.

The meeting began starting at 9 a.m.

Trong thực tế, TO-INFINITIVE thường được sử dụng tự nhiên hơn với một số ngữ cảnh.

## 4. LIKE

like + V-ing

→ thường nhấn mạnh sở thích hoặc hoạt động nói chung.

I like reading books.

like + to V

→ có thể nhấn mạnh lựa chọn hoặc thói quen.

I like to read before going to bed.

## 5. Mẹo TOEIC

Không phải mọi động từ đều cho phép thay đổi tùy ý.

Cần học riêng những động từ có thể đi với:

**V-ing**

hoặc

**to V**

",4,2026-08-08 18:52:26.224314,2026-08-08 18:52:26.224314,
300,22,Gerund và Infinitive làm thay đổi ý nghĩa,"

# Gerund và Infinitive làm thay đổi ý nghĩa

Một số động từ có thể đi với cả Gerund và Infinitive nhưng **ý nghĩa thay đổi**.

## 1. STOP

### Stop + V-ing

→ dừng một hành động đang thực hiện.

He stopped smoking.

→ Anh ấy đã ngừng hút thuốc.

### Stop + to V

→ dừng một hành động để làm một việc khác.

He stopped to smoke.

→ Anh ấy dừng lại để hút thuốc.

## 2. REMEMBER

### Remember + V-ing

→ nhớ đã làm việc gì.

I remember meeting her.

### Remember + to V

→ nhớ phải làm việc gì.

Remember to call her.

## 3. FORGET

### Forget + V-ing

→ quên một trải nghiệm hoặc việc đã xảy ra.

I will never forget meeting him.

### Forget + to V

→ quên phải làm việc gì.

He forgot to send the email.

## 4. TRY

### Try + V-ing

→ thử một phương pháp.

Try restarting the computer.

### Try + to V

→ cố gắng làm gì.

Try to restart the computer.

## 5. Mẹo TOEIC

Khi gặp:

**stop / remember / forget / try + ______**

hãy xem xét **ý nghĩa của câu**, không chỉ nhìn cấu trúc.

",5,2026-08-08 18:52:26.224314,2026-08-08 18:52:26.224314,
301,22,REGRET và MEAN với Gerund và Infinitive,"

# REGRET và MEAN với Gerund và Infinitive

## 1. REGRET

REGRET + V-ing

→ hối tiếc về việc đã làm.

She regrets leaving the company.

→ Cô ấy hối tiếc vì đã rời công ty.

REGRET + to V

→ lấy làm tiếc khi phải thông báo hoặc nói điều gì.

We regret to inform you that your application was unsuccessful.

→ Chúng tôi rất tiếc phải thông báo rằng đơn đăng ký của bạn không thành công.

## 2. MEAN

MEAN + V-ing

→ có nghĩa là / kéo theo.

This job means working long hours.

→ Công việc này đồng nghĩa với việc làm việc nhiều giờ.

MEAN + to V

→ có ý định làm gì.

I meant to call you.

→ Tôi đã định gọi cho bạn.

## 3. Ví dụ TOEIC

We regret ______ you that the flight has been canceled.

A. inform  
B. informing  
C. to inform  
D. informed

Đáp án: **C. to inform**

## 4. Mẹo TOEIC

Đặc biệt nhớ:

**regret to inform**

Đây là cụm rất dễ xuất hiện trong email và thông báo TOEIC.

",6,2026-08-08 18:52:26.224314,2026-08-08 18:52:26.224314,
302,22,Phân biệt TO + V và TO + V-ing,"

# Phân biệt TO + V và TO + V-ing

## 1. TO của Infinitive

Khi TO là dấu hiệu của Infinitive:

**to + V nguyên mẫu**

Ví dụ:

I want to study.

She decided to leave.

## 2. TO là giới từ

Trong một số cụm, TO là giới từ.

Khi đó:

**to + V-ing**

Các cụm quan trọng:

- look forward to
- be used to
- be accustomed to
- object to
- be committed to
- contribute to

## 3. Ví dụ

We look forward to meeting you.

She is used to working late.

The company is committed to improving customer service.

## 4. Bẫy TOEIC

Sai:

We look forward to meet you. ❌

Đúng:

We look forward to meeting you. ✅

## 5. Mẹo TOEIC

Đừng mặc định:

**to = to V**

Hãy xem TO thuộc cấu trúc nào.

Nếu TO là giới từ:

**TO + V-ing**

",7,2026-08-08 18:52:26.224314,2026-08-08 18:52:26.224314,
303,22,Verb + Object + Infinitive,"

# Verb + Object + Infinitive

## 1. Khái niệm

Một số động từ có cấu trúc:

**Verb + Object + to V**

Ví dụ:

The manager asked employees to attend the meeting.

→ Người quản lý yêu cầu nhân viên tham dự cuộc họp.

## 2. Các động từ thường gặp

- ask
- tell
- advise
- allow
- encourage
- expect
- invite
- remind
- require
- want
- need
- persuade
- force

## 3. Ví dụ

The manager told us to wait.

The company encouraged employees to participate.

The supervisor reminded staff to submit the form.

## 4. Ví dụ TOEIC

The manager encouraged employees ______ the training session.

A. attend  
B. attending  
C. to attend  
D. attended

Đáp án: **C. to attend**

## 5. Mẹo TOEIC

Nếu có:

**Verb + người + ______**

hãy kiểm tra xem động từ trước đó có yêu cầu:

**Object + to V**

hay không.

",8,2026-08-08 18:52:26.224314,2026-08-08 18:52:26.224314,
304,22,Các cặp Gerund và Infinitive dễ nhầm,"

# Các cặp Gerund và Infinitive dễ nhầm

## 1. Stop

stop + V-ing

→ dừng việc đang làm.

stop + to V

→ dừng lại để làm việc khác.

## 2. Remember

remember + V-ing

→ nhớ đã làm.

remember + to V

→ nhớ phải làm.

## 3. Try

try + V-ing

→ thử làm.

try + to V

→ cố gắng làm.

## 4. Regret

regret + V-ing

→ hối tiếc việc đã làm.

regret + to V

→ lấy làm tiếc khi phải thông báo.

## 5. Mean

mean + V-ing

→ có nghĩa là / kéo theo.

mean + to V

→ có ý định.

## 6. Ví dụ TOEIC

The manager stopped ______ with the employee to answer the phone.

A. talk  
B. talking  
C. to talk  
D. talked

Đáp án: **C. to talk**

Ý nghĩa:

Người quản lý dừng việc đang làm để nói chuyện với nhân viên.

## 7. Mẹo

Nếu hai đáp án là:

**V-ing**

và

**to V**

hãy kiểm tra xem động từ trước đó có phải là động từ **thay đổi nghĩa** hay không.

",9,2026-08-08 18:52:26.224314,2026-08-08 18:52:26.224314,
305,22,Bẫy TOEIC về Gerund và Infinitive,"

# Bẫy TOEIC về Gerund và Infinitive

## 1. Bẫy 1: ENJOY

Sai:

The employees enjoy to work together. ❌

Đúng:

The employees enjoy working together. ✅

## 2. Bẫy 2: DECIDE

Sai:

She decided applying for the position. ❌

Đúng:

She decided to apply for the position. ✅

## 3. Bẫy 3: SUGGEST

Sai:

The manager suggested to change the schedule. ❌

Đúng:

The manager suggested changing the schedule. ✅

## 4. Bẫy 4: LOOK FORWARD TO

Sai:

We look forward to hear from you. ❌

Đúng:

We look forward to hearing from you. ✅

## 5. Bẫy 5: REMEMBER

Remember to send the report.

→ Nhớ gửi báo cáo.

I remember sending the report.

→ Tôi nhớ đã gửi báo cáo.

## 6. Bẫy 6: STOP

She stopped smoking.

→ Cô ấy ngừng hút thuốc.

She stopped to smoke.

→ Cô ấy dừng lại để hút thuốc.

## 7. Bẫy 7: REGRET

We regret to inform you...

→ Cụm thường gặp trong thư/email thông báo.

## 8. Mẹo làm bài TOEIC

Khi gặp câu hỏi Gerund và Infinitive:

1. Xác định động từ đứng trước chỗ trống.
2. Kiểm tra verb pattern.
3. Nếu dùng được cả hai, kiểm tra ý nghĩa.
4. Kiểm tra TO là infinitive hay giới từ.
5. Đọc toàn bộ câu để xác định ngữ cảnh.

",10,2026-08-08 18:52:26.224314,2026-08-08 18:52:26.224314,
306,23,Passive Voice là gì?,"

# Passive Voice là gì?

## 1. Khái niệm

Passive Voice (câu bị động) được sử dụng khi người nói muốn nhấn mạnh **đối tượng chịu tác động của hành động** thay vì người thực hiện hành động.

### Chủ động

The manager approved the proposal.

→ Người quản lý đã phê duyệt đề xuất.

### Bị động

The proposal was approved by the manager.

→ Đề xuất đã được người quản lý phê duyệt.

## 2. Cấu trúc cơ bản

**Subject + BE + V3/ed**

Trong đó:

- BE được chia theo thì.
- V3/ed là quá khứ phân từ.

Ví dụ:

The report **is completed**.

The report **was completed**.

The report **will be completed**.

## 3. Khi nào dùng câu bị động?

Câu bị động thường được sử dụng khi:

- Không biết ai thực hiện hành động.
- Người thực hiện không quan trọng.
- Muốn nhấn mạnh đối tượng chịu tác động.
- Văn phong trang trọng hoặc thông báo.

Ví dụ:

The documents were sent yesterday.

→ Không cần biết ai gửi tài liệu.

## 4. Mẹo TOEIC

Nếu câu có:

**BE + ______**

hãy kiểm tra khả năng cần **V3/ed** để tạo câu bị động.

Ví dụ:

The report was ______ yesterday.

A. complete
B. completing
C. completed
D. completes

Đáp án: **C. completed**

",1,2026-08-08 18:53:08.140721,2026-08-08 18:53:08.140721,
314,23,BY và WITH trong câu bị động,"

# BY và WITH trong câu bị động

## 1. BY + người thực hiện

BY được sử dụng để chỉ người hoặc tổ chức thực hiện hành động.

Ví dụ:

The report was prepared by the manager.

→ Báo cáo được chuẩn bị bởi người quản lý.

The building was designed by a famous architect.

## 2. WITH + công cụ hoặc vật liệu

WITH thường được sử dụng để chỉ công cụ hoặc phương tiện được sử dụng.

Ví dụ:

The door was opened with a key.

The package was sealed with tape.

## 3. So sánh

**by + agent**

**with + instrument**

Ví dụ:

The report was written by John.

The report was written with a computer.

## 4. Ví dụ TOEIC

The document was signed ______ the director.

A. with
B. by
C. from
D. at

Đáp án: **B. by**

## 5. Mẹo TOEIC

Nếu sau chỗ trống là:

**người / tổ chức → BY**

**công cụ / vật dụng → WITH**

",9,2026-08-08 18:53:08.140721,2026-08-08 18:53:08.140721,
307,23,Cách chuyển câu chủ động sang bị động,"

# Cách chuyển câu chủ động sang bị động

## 1. Công thức

Câu chủ động:

**S + V + O**

Câu bị động:

**O + BE + V3/ed + (by S)**

## 2. Các bước chuyển

### Bước 1

Xác định tân ngữ trong câu chủ động.

### Bước 2

Đưa tân ngữ lên làm chủ ngữ câu bị động.

### Bước 3

Chia động từ BE theo thì của câu chủ động.

### Bước 4

Đổi động từ chính sang V3/ed.

### Bước 5

Có thể thêm **by + người thực hiện** nếu cần thiết.

## 3. Ví dụ

Chủ động:

The manager approved the report.

Tân ngữ:

the report

Bị động:

The report was approved by the manager.

## 4. Không phải lúc nào cũng cần BY

Ví dụ:

The office was cleaned yesterday.

Không cần nói:

The office was cleaned by someone yesterday.

## 5. Ví dụ TOEIC

Chủ động:

The company sent the documents.

Bị động:

The documents were sent by the company.

## 6. Mẹo TOEIC

Khi chuyển sang bị động:

**Tân ngữ → Chủ ngữ**

**V → BE + V3**

",2,2026-08-08 18:53:08.140721,2026-08-08 18:53:08.140721,
308,23,Passive Voice ở các thì,"

# Passive Voice ở các thì

Cấu trúc bị động thay đổi theo thì.

## 1. Present Simple

**am / is / are + V3**

Ví dụ:

The office is cleaned every day.

## 2. Past Simple

**was / were + V3**

Ví dụ:

The report was completed yesterday.

## 3. Future Simple

**will be + V3**

Ví dụ:

The project will be completed next month.

## 4. Present Continuous

**am / is / are being + V3**

Ví dụ:

The building is being renovated.

## 5. Past Continuous

**was / were being + V3**

Ví dụ:

The equipment was being repaired.

## 6. Present Perfect

**has / have been + V3**

Ví dụ:

The documents have been sent.

## 7. Past Perfect

**had been + V3**

Ví dụ:

The work had been completed before noon.

## 8. Mẹo TOEIC

Đừng chỉ nhớ:

**BE + V3**

Hãy xác định **thì** trước để chia BE chính xác.

",3,2026-08-08 18:53:08.140721,2026-08-08 18:53:08.140721,
309,23,Passive Voice với Modal Verbs,"

# Passive Voice với Modal Verbs

## 1. Cấu trúc

Sau Modal Verb:

**modal + be + V3**

Các Modal thường gặp:

- can
- could
- may
- might
- must
- should
- will
- would

## 2. Ví dụ

The report must be completed today.

→ Báo cáo phải được hoàn thành hôm nay.

The application can be submitted online.

→ Đơn đăng ký có thể được nộp trực tuyến.

The equipment should be checked regularly.

→ Thiết bị nên được kiểm tra thường xuyên.

## 3. Lỗi thường gặp

Sai:

The report must be completed. ✅

The report must be completed. 

Không dùng:

must is completed ❌

must be completing ❌

## 4. Ví dụ TOEIC

All applications must ______ before Friday.

A. submit
B. be submitted
C. submitted
D. be submitting

Đáp án: **B. be submitted**

## 5. Mẹo TOEIC

Nhìn thấy:

**Modal + ______**

Nếu cần câu bị động:

**Modal + be + V3**

",4,2026-08-08 18:53:08.140721,2026-08-08 18:53:08.140721,
310,23,Passive với NEED và các cấu trúc đặc biệt,"

# Passive với NEED và các cấu trúc đặc biệt

## 1. NEED + TO BE + V3

Ví dụ:

The equipment needs to be repaired.

→ Thiết bị cần được sửa chữa.

The documents need to be updated.

→ Tài liệu cần được cập nhật.

## 2. NEED + V-ing

Trong một số trường hợp, có thể dùng:

**need + V-ing**

với nghĩa bị động.

Ví dụ:

The equipment needs repairing.

→ Thiết bị cần được sửa chữa.

## 3. REQUIRE

REQUIRE có thể sử dụng với cấu trúc bị động.

Ví dụ:

The application requires approval.

→ Đơn đăng ký cần được phê duyệt.

The equipment requires regular maintenance.

→ Thiết bị cần được bảo trì thường xuyên.

## 4. Ví dụ TOEIC

The computer system needs to ______ immediately.

A. repair
B. repairing
C. be repaired
D. repaired

Đáp án: **C. be repaired**

## 5. Mẹo TOEIC

Nhớ:

**need + to be + V3**

Ví dụ:

need to be repaired

need to be updated

need to be replaced

",5,2026-08-08 18:53:08.140721,2026-08-08 18:53:08.140721,
311,23,Passive với động từ có hai tân ngữ,"

# Passive với động từ có hai tân ngữ

## 1. Khái niệm

Một số động từ có thể có hai tân ngữ:

**Verb + người + vật**

Ví dụ:

The manager gave the employee a report.

- the employee = tân ngữ người
- a report = tân ngữ vật

## 2. Cách chuyển 1

Đưa tân ngữ người lên làm chủ ngữ:

The employee was given a report.

## 3. Cách chuyển 2

Đưa tân ngữ vật lên làm chủ ngữ:

A report was given to the employee.

## 4. Các động từ thường gặp

- give
- send
- offer
- show
- tell
- teach
- lend
- award
- provide

## 5. Ví dụ

The company sent employees an email.

→ Employees were sent an email.

→ An email was sent to employees.

## 6. Ví dụ TOEIC

The manager gave the employees new instructions.

A. The employees were given new instructions.
B. The employees gave new instructions.
C. New instructions gave employees.
D. New instructions were giving employees.

Đáp án: **A**

## 7. Mẹo TOEIC

Với động từ có hai tân ngữ, có thể có **hai cách chuyển bị động** tùy động từ.

",6,2026-08-08 18:53:08.140721,2026-08-08 18:53:08.140721,
312,23,Passive với Reporting Verbs,"

# Passive với Reporting Verbs

## 1. Khái niệm

Một số động từ như:

- say
- believe
- think
- report
- expect
- know
- consider

có thể được sử dụng trong cấu trúc bị động đặc biệt.

## 2. Cấu trúc 1

**It + be + V3 + that + clause**

Ví dụ:

It is believed that the company will expand.

→ Người ta tin rằng công ty sẽ mở rộng.

It is expected that sales will increase.

→ Người ta kỳ vọng doanh số sẽ tăng.

## 3. Cấu trúc 2

**Subject + be + V3 + to V**

Ví dụ:

The company is expected to expand.

→ Công ty được kỳ vọng sẽ mở rộng.

The manager is believed to have resigned.

→ Người ta tin rằng quản lý đã từ chức.

## 4. Ví dụ TOEIC

The company is expected ______ its operations next year.

A. expand
B. expanding
C. to expand
D. expanded

Đáp án: **C. to expand**

## 5. Mẹo TOEIC

Đặc biệt chú ý:

**be expected to V**

**be believed to V**

**be reported to V**

**be known to V**

",7,2026-08-08 18:53:08.140721,2026-08-08 18:53:08.140721,
313,23,Passive với Phrasal Verbs,"

# Passive với Phrasal Verbs

## 1. Khái niệm

Một số Phrasal Verb có thể được chuyển sang bị động.

Giới từ hoặc trạng từ đi kèm động từ vẫn được giữ lại.

## 2. Ví dụ

They looked after the children.

→ The children were looked after.

Không bỏ:

after

## 3. Một số cụm thường gặp

- look after
- deal with
- refer to
- take care of
- talk about
- look into

## 4. Ví dụ

The complaint was looked into by the manager.

→ Khiếu nại đã được người quản lý điều tra.

The issue was dealt with immediately.

→ Vấn đề đã được xử lý ngay lập tức.

## 5. Ví dụ TOEIC

The complaint will be ______ by the customer service department.

A. deal with
B. dealt with
C. dealing with
D. dealt

Đáp án: **B. dealt with**

## 6. Mẹo TOEIC

Nếu Phrasal Verb được dùng trong câu bị động:

**BE + V3 + particle/preposition**

Ví dụ:

was dealt with

was looked into

was referred to

",8,2026-08-08 18:53:08.140721,2026-08-08 18:53:08.140721,
315,23,Bẫy TOEIC về Passive Voice,"

# Bẫy TOEIC về Passive Voice

## 1. Bẫy 1: BE + V3

Sai:

The report was complete yesterday. ❌

Nếu cần diễn tả ""được hoàn thành"":

The report was completed yesterday. ✅

## 2. Bẫy 2: Modal + BE + V3

Sai:

The documents must submitted today. ❌

Đúng:

The documents must be submitted today. ✅

## 3. Bẫy 3: HAS/HAVE BEEN + V3

Đúng:

The documents have been sent.

Sai:

The documents have been send. ❌

## 4. Bẫy 4: Phân biệt chủ động và bị động

The manager approved the report.

→ manager thực hiện hành động → chủ động.

The report was approved by the manager.

→ report nhận hành động → bị động.

## 5. Bẫy 5: Giữ giới từ của Phrasal Verb

The issue was dealt with.

Không dùng:

The issue was dealt. ❌

## 6. Bẫy 6: BY và WITH

The report was written by the manager.

The document was signed with a pen.

## 7. Ví dụ TOEIC

All applications must ______ before the deadline.

A. review
B. be reviewed
C. reviewing
D. reviewed

Đáp án: **B. be reviewed**

## 8. Công thức nhớ nhanh

**Passive = BE + V3**

**Modal Passive = MODAL + BE + V3**

**Perfect Passive = HAVE/HAS/HAD + BEEN + V3**

**Continuous Passive = BE + BEING + V3**

",10,2026-08-08 18:53:08.140721,2026-08-08 18:53:08.140721,
316,24,Câu hỏi trong tiếng Anh,"

# Câu hỏi trong tiếng Anh

## 1. Khái niệm

Trong tiếng Anh, câu hỏi được sử dụng để yêu cầu thông tin hoặc xác nhận một điều gì đó.

Các dạng câu hỏi thường gặp trong TOEIC:

- Yes/No Questions
- Wh-Questions
- Subject Questions
- Object Questions
- Alternative Questions
- Tag Questions

## 2. Hai nhóm chính

### Yes/No Question

Câu hỏi thường bắt đầu bằng:

- Do
- Does
- Did
- Is
- Are
- Was
- Were
- Have
- Has
- Had
- Modal verbs

Ví dụ:

Do you work here?

Is the meeting today?

### Wh-Question

Thường bắt đầu bằng:

- who
- what
- which
- when
- where
- why
- how

Ví dụ:

Where is the meeting?

When does the store open?

## 3. Mẹo TOEIC

Khi gặp câu hỏi, hãy xác định:

1. Từ để hỏi là gì?
2. Chủ ngữ là ai?
3. Động từ chính là gì?
4. Câu hỏi đang hỏi về chủ ngữ hay tân ngữ?

",1,2026-08-08 18:53:37.218163,2026-08-08 18:53:37.218163,
317,24,Yes/No Questions,"

# Yes/No Questions

## 1. Khái niệm

Yes/No Questions là câu hỏi thường có thể trả lời bằng:

**Yes / No**

## 2. Với động từ TO BE

Cấu trúc:

**Be + Subject + ...?**

Ví dụ:

Is the meeting today?

Are you available?

Was the report completed?

## 3. Với động từ thường

Cấu trúc hiện tại:

**Do/Does + Subject + V nguyên mẫu...?**

Ví dụ:

Do you work here?

Does she manage the department?

## 4. Quá khứ đơn

**Did + Subject + V nguyên mẫu...?**

Ví dụ:

Did you receive the email?

Did the manager approve the proposal?

## 5. Với Modal Verbs

**Modal + Subject + V...?**

Ví dụ:

Can you attend the meeting?

Will the company expand?

Should we contact the client?

## 6. Ví dụ TOEIC

______ the manager approve the proposal?

A. Did
B. Does
C. Is
D. Has

Nếu hành động xảy ra trong quá khứ:

Đáp án: **A. Did**

",2,2026-08-08 18:53:37.218163,2026-08-08 18:53:37.218163,
318,24,Wh-Questions,"

# Wh-Questions

## 1. Các từ để hỏi

### WHO

Hỏi về người.

Who is the manager?

### WHAT

Hỏi về vật, sự việc hoặc thông tin.

What did you order?

### WHICH

Hỏi lựa chọn trong một nhóm giới hạn.

Which document do you need?

### WHEN

Hỏi thời gian.

When does the meeting start?

### WHERE

Hỏi địa điểm.

Where is the conference room?

### WHY

Hỏi nguyên nhân.

Why did she leave?

### HOW

Hỏi cách thức hoặc mức độ.

How did you solve the problem?

## 2. Cấu trúc thông thường

**Wh-word + auxiliary + subject + verb...?**

Ví dụ:

Where **do** you **work**?

When **did** they **arrive**?

Why **has** she **left**?

## 3. Mẹo TOEIC

Không phải câu hỏi nào cũng cần DO/DOES/DID.

Nếu Wh-word đóng vai trò **chủ ngữ**, cấu trúc sẽ khác.

",3,2026-08-08 18:53:37.218163,2026-08-08 18:53:37.218163,
319,24,Subject Questions,"

# Subject Questions

## 1. Khái niệm

Subject Question là câu hỏi mà từ để hỏi đóng vai trò **chủ ngữ**.

## 2. WHO làm chủ ngữ

Ví dụ:

Who called the manager?

→ Ai đã gọi cho người quản lý?

Ở đây:

Who = Subject

called = Verb

## 3. Không dùng DO/DOES/DID

Khi WHO hoặc WHAT là chủ ngữ, không dùng trợ động từ DO/DOES/DID theo cách thông thường.

Đúng:

Who called you? ✅

Sai:

Who did call you? ❌

## 4. So sánh

### Subject Question

Who opened the door?

→ Ai mở cửa?

### Object Question

Who did you invite?

→ Bạn đã mời ai?

Trong câu thứ hai:

you = Subject

who = Object

## 5. Ví dụ TOEIC

Who ______ the report?

A. prepared
B. did prepare
C. does prepared
D. did prepared

Đáp án: **A. prepared**

## 6. Mẹo TOEIC

Nếu WHO/WHAT chính là người hoặc vật **thực hiện hành động**:

→ Subject Question

→ Không dùng DO/DOES/DID.

",4,2026-08-08 18:53:37.218163,2026-08-08 18:53:37.218163,
320,24,Object Questions,"

# Object Questions

## 1. Khái niệm

Object Question là câu hỏi mà từ để hỏi đóng vai trò **tân ngữ**.

Ví dụ:

Who did you meet?

→ Bạn đã gặp ai?

Trong câu:

you = Subject

met = Verb

who = Object

## 2. Cấu trúc

**Wh-word + auxiliary + subject + verb...?**

Ví dụ:

What did you buy?

Who did she contact?

Which report did the manager approve?

## 3. Hiện tại đơn

Do/Does + Subject + V nguyên mẫu

Ví dụ:

What do you need?

Who does she work with?

## 4. Quá khứ đơn

Did + Subject + V nguyên mẫu

Ví dụ:

What did you order?

Who did they invite?

## 5. Ví dụ TOEIC

Who did the manager contact?

A. The client
B. Yesterday
C. In the office
D. At nine

Đáp án: **A. The client**

## 6. Mẹo TOEIC

Với Object Question:

**DO/DOES/DID + SUBJECT + V nguyên mẫu**

",5,2026-08-08 18:53:37.218163,2026-08-08 18:53:37.218163,
321,24,Các dạng câu hỏi với HOW,"

# Các dạng câu hỏi với HOW

## 1. HOW + tính từ/trạng từ

Dùng để hỏi mức độ hoặc cách thức.

How quickly can you finish?

How difficult is the test?

## 2. HOW MANY

Dùng với danh từ đếm được số nhiều.

How many employees work here?

How many documents do you need?

## 3. HOW MUCH

Dùng với danh từ không đếm được hoặc hỏi giá tiền.

How much information do you need?

How much does it cost?

## 4. HOW LONG

Hỏi khoảng thời gian hoặc độ dài.

How long will the meeting last?

## 5. HOW OFTEN

Hỏi tần suất.

How often do you travel?

## 6. HOW FAR

Hỏi khoảng cách.

How far is the station?

## 7. HOW SOON

Hỏi thời điểm một việc sẽ xảy ra trong bao lâu nữa.

How soon can you finish the report?

## 8. Mẹo TOEIC

Phân biệt:

**How many → countable plural**

**How much → uncountable / price**

**How often → frequency**

**How long → duration**

**How far → distance**

",6,2026-08-08 18:53:37.218163,2026-08-08 18:53:37.218163,
322,24,Indirect Questions,"

# Indirect Questions

## 1. Khái niệm

Indirect Question là câu hỏi gián tiếp, thường được sử dụng trong văn phong lịch sự và chuyên nghiệp.

Ví dụ:

Direct:

Where is the meeting room?

Indirect:

Could you tell me where the meeting room is?

## 2. Cấu trúc

Sau phần mở đầu:

**Wh-word + Subject + Verb**

Không đảo trợ động từ như câu hỏi trực tiếp.

## 3. Ví dụ

Direct:

Where does the manager work?

Indirect:

Could you tell me where the manager works?

## 4. Với Yes/No Questions

Sử dụng:

**if / whether**

Ví dụ:

Do you know if the meeting has started?

Could you tell me whether the office is open?

## 5. Lỗi thường gặp

Sai:

Could you tell me where is the meeting room? ❌

Đúng:

Could you tell me where the meeting room is? ✅

## 6. Mẹo TOEIC

Sau:

- Could you tell me...
- Do you know...
- Can you tell me...
- I wonder...

hãy kiểm tra **trật tự câu khẳng định**.

",7,2026-08-08 18:53:37.218163,2026-08-08 18:53:37.218163,
323,24,Alternative Questions,"

# Alternative Questions

## 1. Khái niệm

Alternative Question là câu hỏi đưa ra **hai hoặc nhiều lựa chọn**.

Thường sử dụng:

**or**

## 2. Ví dụ

Would you like tea or coffee?

Are you traveling by train or by plane?

Will the meeting be on Monday or Tuesday?

## 3. Cấu trúc

**Auxiliary + Subject + Verb + A or B?**

Ví dụ:

Did you order the red printer or the black printer?

## 4. Wh-word + or

Có thể kết hợp Wh-word với lựa chọn.

Ví dụ:

Which do you prefer, tea or coffee?

When would you like to meet, Monday or Tuesday?

## 5. Ví dụ TOEIC

Would you like to attend the morning session ______ the afternoon session?

A. but
B. or
C. so
D. because

Đáp án: **B. or**

## 6. Mẹo TOEIC

Khi câu hỏi đưa ra hai lựa chọn:

→ Kiểm tra **OR**.

",8,2026-08-08 18:53:37.218163,2026-08-08 18:53:37.218163,
324,24,Tag Questions,"

# Tag Questions

## 1. Khái niệm

Tag Question là câu hỏi đuôi được thêm vào cuối câu để xác nhận thông tin.

Ví dụ:

The meeting is at nine, isn't it?

→ Cuộc họp lúc 9 giờ, đúng không?

## 2. Quy tắc cơ bản

Câu khẳng định:

**positive statement + negative tag**

Ví dụ:

She is here, isn't she?

Câu phủ định:

**negative statement + positive tag**

Ví dụ:

She isn't here, is she?

## 3. Giữ trợ động từ

Nếu câu có:

is → isn't

are → aren't

was → wasn't

have → haven't

will → won't

can → can't

Ví dụ:

They can attend, can't they?

## 4. Với động từ thường

Dùng do/does/did.

Ví dụ:

You work here, don't you?

She works here, doesn't she?

They arrived early, didn't they?

## 5. Ví dụ TOEIC

The meeting starts at nine, ______?

A. doesn't it
B. isn't it
C. won't it
D. didn't it

Đáp án: **A. doesn't it**

## 6. Mẹo TOEIC

Xác định:

1. Câu chính khẳng định hay phủ định?
2. Thì gì?
3. Chủ ngữ là gì?
4. Trợ động từ nào được sử dụng?

",9,2026-08-08 18:53:37.218163,2026-08-08 18:53:37.218163,
325,24,Bẫy TOEIC về câu hỏi,"

# Bẫy TOEIC về câu hỏi

## 1. Bẫy Subject Question

Sai:

Who did call the manager? ❌

Đúng:

Who called the manager? ✅

Nếu WHO là chủ ngữ → không dùng DO/DOES/DID.

## 2. Bẫy Object Question

Sai:

Who you contacted? ❌

Đúng:

Who did you contact? ✅

Nếu WHO là tân ngữ → cần trợ động từ.

## 3. Bẫy Indirect Question

Sai:

Could you tell me where is the office? ❌

Đúng:

Could you tell me where the office is? ✅

## 4. Bẫy HOW MANY / HOW MUCH

How many employees...?

→ employees là danh từ đếm được số nhiều.

How much information...?

→ information là danh từ không đếm được.

## 5. Bẫy DO/DOES/DID

Sau DO/DOES/DID phải dùng:

**V nguyên mẫu**

Đúng:

Did she attend the meeting? ✅

Sai:

Did she attended the meeting? ❌

## 6. Bẫy BE

Nếu động từ chính là BE:

Is she available?

Không dùng:

Does she is available? ❌

## 7. Mẹo làm bài TOEIC

Khi gặp câu hỏi:

**Bước 1:** Xác định loại câu hỏi.

**Bước 2:** Xác định Subject và Object.

**Bước 3:** Kiểm tra trợ động từ.

**Bước 4:** Kiểm tra dạng động từ sau trợ động từ.

**Bước 5:** Nếu là câu hỏi gián tiếp, kiểm tra lại trật tự từ.

",10,2026-08-08 18:53:37.218163,2026-08-08 18:53:37.218163,
326,25,Relative Clauses là gì?,"

# Relative Clauses là gì?

## 1. Khái niệm

Relative Clause (mệnh đề quan hệ) là mệnh đề được dùng để **bổ nghĩa cho một danh từ hoặc đại từ đứng trước nó**.

Ví dụ:

The employee **who works in accounting** is very helpful.

→ Nhân viên **làm việc ở bộ phận kế toán** rất nhiệt tình.

Phần:

**who works in accounting**

là Relative Clause.

## 2. Đại từ quan hệ thường gặp

- who
- whom
- which
- that
- whose

## 3. Trạng từ quan hệ

- where
- when
- why

## 4. Cấu trúc cơ bản

**Noun + relative word + clause**

Ví dụ:

The company **that hired me** is expanding.

## 5. Mục đích

Mệnh đề quan hệ giúp cung cấp thêm thông tin về danh từ.

Ví dụ:

The manager is speaking.

→ Người quản lý đang nói.

The manager **who joined the company last year** is speaking.

→ Người quản lý **đã gia nhập công ty năm ngoái** đang nói.

## 6. Mẹo TOEIC

Khi gặp:

**Noun + ______ + Verb**

hãy kiểm tra xem chỗ trống có cần **đại từ quan hệ** hay không.

",1,2026-08-08 18:54:08.648573,2026-08-08 18:54:08.648573,
327,25,WHO và WHOM,"

# WHO và WHOM

## 1. WHO

WHO được dùng để thay thế cho **người** và thường đóng vai trò **chủ ngữ** trong mệnh đề quan hệ.

Cấu trúc:

**person + who + verb**

Ví dụ:

The employee **who works here** is new.

→ who = subject của works.

## 2. WHOM

WHOM được dùng cho người và đóng vai trò **tân ngữ**.

Cấu trúc:

**person + whom + subject + verb**

Ví dụ:

The employee **whom I met yesterday** was helpful.

→ I = subject

→ met = verb

→ whom = object

## 3. So sánh

The manager **who called me**.

→ who là người thực hiện hành động gọi.

The manager **whom I called**.

→ whom là người nhận hành động gọi.

## 4. Trong tiếng Anh hiện đại

Trong giao tiếp thông thường, WHO thường được dùng thay cho WHOM.

Ví dụ:

The person who I contacted.

Tuy nhiên, trong văn phong trang trọng và TOEIC, WHOM vẫn có thể xuất hiện.

## 5. Mẹo TOEIC

Sau WHO:

**who + verb**

Sau WHOM:

**whom + subject + verb**

",2,2026-08-08 18:54:08.648573,2026-08-08 18:54:08.648573,
328,25,WHICH và THAT,"

# WHICH và THAT

## 1. WHICH

WHICH được dùng để thay thế cho **vật hoặc sự việc**.

Ví dụ:

The report **which was submitted yesterday** is important.

The computer **which I bought** is expensive.

## 2. THAT

THAT có thể được dùng cho:

- người
- vật
- sự việc

Ví dụ:

The employee **that works here** is new.

The report **that I submitted** was approved.

## 3. WHO và THAT

Đối với người:

The employee who works here.

The employee that works here.

Cả hai có thể được sử dụng trong defining relative clauses.

## 4. WHICH và THAT

Đối với vật:

The report which I submitted.

The report that I submitted.

## 5. Lưu ý quan trọng

THAT không được sử dụng trong non-defining relative clauses.

Ví dụ:

My manager, who lives in Hanoi, is visiting us.

Không dùng:

My manager, that lives in Hanoi, is visiting us. ❌

## 6. Mẹo TOEIC

Nếu trước chỗ trống có dấu phẩy:

**, ______**

hãy cẩn thận với THAT.

",3,2026-08-08 18:54:08.648573,2026-08-08 18:54:08.648573,
329,25,WHOSE,"

# WHOSE

## 1. Khái niệm

WHOSE được dùng để chỉ **sở hữu**.

Có thể dùng với:

- người
- vật

Cấu trúc:

**Noun + whose + noun + verb**

## 2. Ví dụ với người

The employee **whose computer was damaged** reported the problem.

→ Nhân viên có máy tính bị hỏng đã báo cáo vấn đề.

## 3. Ví dụ với vật

The company **whose headquarters are in Tokyo** has expanded.

→ Công ty có trụ sở tại Tokyo đã mở rộng.

## 4. Nhận biết

Sau WHOSE thường có **danh từ**.

Ví dụ:

whose **car**

whose **office**

whose **manager**

whose **headquarters**

## 5. So sánh

The employee whose car was damaged.

Không dùng:

The employee who car was damaged. ❌

## 6. Ví dụ TOEIC

The company ______ employees receive annual training has a high retention rate.

A. who
B. whom
C. whose
D. which

Đáp án: **C. whose**

## 7. Mẹo TOEIC

Nhìn ngay sau chỗ trống:

**______ + noun**

→ kiểm tra **WHOSE**.

",4,2026-08-08 18:54:08.648573,2026-08-08 18:54:08.648573,
330,25,"WHERE, WHEN và WHY","

# WHERE, WHEN và WHY

## 1. WHERE

WHERE được dùng sau danh từ chỉ nơi chốn.

Cấu trúc:

**place + where + subject + verb**

Ví dụ:

The office **where I work** is downtown.

→ Văn phòng nơi tôi làm việc ở trung tâm thành phố.

## 2. WHEN

WHEN được dùng sau danh từ chỉ thời gian.

Ví dụ:

The day **when we met** was memorable.

The year **when the company was founded** was 1990.

## 3. WHY

WHY thường được dùng sau:

**the reason**

Ví dụ:

The reason **why he left** is unclear.

## 4. Có thể dùng THAT

Trong một số trường hợp:

The office that I work in.

The reason that he left.

## 5. Mẹo TOEIC

Nhận biết danh từ trước chỗ trống:

- place → WHERE
- time → WHEN
- reason → WHY

Nhưng cần kiểm tra cấu trúc đầy đủ của câu.

",5,2026-08-08 18:54:08.648573,2026-08-08 18:54:08.648573,
331,25,Defining Relative Clauses,"

# Defining Relative Clauses

## 1. Khái niệm

Defining Relative Clause cung cấp thông tin **cần thiết** để xác định danh từ đang được nói đến.

Không có mệnh đề này, người đọc có thể không biết chính xác đối tượng nào.

## 2. Ví dụ

The employee **who works in accounting** will attend the meeting.

Mệnh đề:

who works in accounting

giúp xác định nhân viên nào.

## 3. Đại từ có thể sử dụng

- who
- whom
- which
- that
- whose

## 4. Có thể bỏ đại từ quan hệ

Nếu đại từ quan hệ đóng vai trò **tân ngữ**, có thể bỏ.

Ví dụ:

The report **that I submitted** was approved.

→ The report **I submitted** was approved.

Nhưng nếu đại từ quan hệ là chủ ngữ thì không được bỏ.

The employee **who works here** is new.

Không thể:

The employee works here is new. ❌

## 5. Mẹo TOEIC

Nếu sau đại từ quan hệ đã có:

**Subject + Verb**

thì đại từ có khả năng đang làm Object và có thể được lược bỏ.

",6,2026-08-08 18:54:08.648573,2026-08-08 18:54:08.648573,
332,25,Non-Defining Relative Clauses,"

# Non-Defining Relative Clauses

## 1. Khái niệm

Non-Defining Relative Clause cung cấp **thông tin bổ sung**, không cần thiết để xác định danh từ.

Mệnh đề này thường được đặt giữa hai dấu phẩy.

Ví dụ:

Mr. Brown, **who is our director**, will attend the meeting.

Phần:

who is our director

chỉ cung cấp thêm thông tin.

## 2. Đại từ thường dùng

- who
- whom
- which
- whose

## 3. Không dùng THAT

Sai:

Mr. Brown, that is our director, will attend the meeting. ❌

Đúng:

Mr. Brown, who is our director, will attend the meeting. ✅

## 4. Không được bỏ đại từ quan hệ làm chủ ngữ

Ví dụ:

The company, which was founded in 1990, is expanding.

Không bỏ:

The company, was founded in 1990, is expanding. ❌

## 5. Mẹo TOEIC

Nếu thấy:

**, who...**

**, which...**

hãy nghĩ đến Non-Defining Relative Clause.

Đặc biệt:

**Không dùng THAT sau dấu phẩy.**

",7,2026-08-08 18:54:08.648573,2026-08-08 18:54:08.648573,
333,25,Lược bỏ đại từ quan hệ,"

# Lược bỏ đại từ quan hệ

## 1. Khi nào có thể bỏ?

Có thể bỏ đại từ quan hệ khi nó đóng vai trò **tân ngữ**.

Ví dụ:

The report that I submitted was approved.

Có thể viết:

The report I submitted was approved.

## 2. Không được bỏ khi là chủ ngữ

Ví dụ:

The employee who works here is new.

Không thể viết:

The employee works here is new. ❌

## 3. Cách nhận biết

Sau đại từ quan hệ:

### Relative word + Verb

→ Relative word là Subject.

Không được bỏ.

Ví dụ:

who **works**

### Relative word + Subject + Verb

→ Relative word là Object.

Có thể bỏ.

Ví dụ:

whom **I contacted**

## 4. Ví dụ TOEIC

The documents ______ the manager requested are ready.

A. who
B. whom
C. which
D. whose

Có:

the manager + requested

→ manager = subject

→ documents = object

Đáp án: **C. which**

Có thể viết:

The documents the manager requested are ready.

## 5. Mẹo

Nhìn ngay sau đại từ quan hệ:

**Verb → không bỏ**

**Subject + Verb → có thể bỏ**

",8,2026-08-08 18:54:08.648573,2026-08-08 18:54:08.648573,
334,25,Giới từ với Relative Pronouns,"

# Giới từ với Relative Pronouns

## 1. Giới từ + WHOM

Khi nói về người, có thể sử dụng:

**preposition + whom**

Ví dụ:

The manager **to whom I spoke** was helpful.

→ Người quản lý mà tôi đã nói chuyện cùng rất nhiệt tình.

## 2. Giới từ + WHICH

Với vật:

The company **for which I work** is expanding.

→ Công ty mà tôi làm việc cho đang mở rộng.

## 3. Cách nói thông dụng

Trong tiếng Anh thông thường, giới từ có thể đặt cuối mệnh đề.

Ví dụ:

The manager whom I spoke to was helpful.

The company which I work for is expanding.

## 4. Không dùng THAT sau giới từ

Sai:

The manager to that I spoke... ❌

Đúng:

The manager to whom I spoke... ✅

## 5. Mẹo TOEIC

Cấu trúc trang trọng:

**preposition + whom/which**

Ví dụ:

to whom

for whom

with whom

in which

for which

",9,2026-08-08 18:54:08.648573,2026-08-08 18:54:08.648573,
335,25,Bẫy TOEIC về Relative Clauses,"

# Bẫy TOEIC về Relative Clauses

## 1. Bẫy WHO / WHICH

WHO → người.

WHICH → vật hoặc sự việc.

Ví dụ:

The employee who called me.

The report which I received.

## 2. Bẫy WHO / WHOM

WHO → Subject.

WHOM → Object.

The employee who called me.

The employee whom I called.

## 3. Bẫy WHOSE

Sau WHOSE thường có danh từ.

whose office

whose manager

whose car

## 4. Bẫy THAT sau dấu phẩy

Sai:

The manager, that works here, is helpful. ❌

Đúng:

The manager, who works here, is helpful. ✅

## 5. Bẫy WHERE

The office where I work.

Không nhầm:

The office who I work. ❌

## 6. Bẫy lược bỏ đại từ

The report that I submitted.

→ The report I submitted. ✅

Nhưng:

The employee who works here.

→ Không được bỏ WHO. ❌

## 7. Bẫy Subject / Object

The employee who works here...

→ who = Subject.

The employee whom I contacted...

→ whom = Object.

## 8. Mẹo làm bài TOEIC

Khi gặp Relative Clause:

1. Xác định danh từ đứng trước.
2. Xác định người, vật, nơi chốn hay thời gian.
3. Kiểm tra đại từ quan hệ đóng vai trò Subject hay Object.
4. Kiểm tra có dấu phẩy hay không.
5. Kiểm tra cấu trúc phía sau chỗ trống.

",10,2026-08-08 18:54:08.648573,2026-08-08 18:54:08.648573,
336,26,Reduced Relative Clauses là gì?,"

# Reduced Relative Clauses là gì?

## 1. Khái niệm

Reduced Relative Clause (mệnh đề quan hệ rút gọn) là dạng rút gọn của Relative Clause nhằm làm câu **ngắn gọn và súc tích hơn**.

Ví dụ:

The employee **who works in accounting** is very experienced.

Có thể rút gọn:

The employee **working in accounting** is very experienced.

## 2. Khi nào có thể rút gọn?

Thường có thể rút gọn khi:

- Đại từ quan hệ đóng vai trò chủ ngữ.
- Cấu trúc cho phép dùng V-ing, V3/ed hoặc to V.

## 3. Ba dạng quan trọng

### Active

**who/which + V → V-ing**

### Passive

**who/which + be + V3 → V3**

### To-infinitive

**the first/last/only + noun + who/that + V → to V**

## 4. Ví dụ

The people **who work here** are friendly.

→ The people **working here** are friendly.

The documents **that were submitted yesterday** are ready.

→ The documents **submitted yesterday** are ready.

## 5. Mẹo TOEIC

Khi thấy:

**Noun + V-ing**

hoặc:

**Noun + V3**

hãy kiểm tra xem đó có phải là **Reduced Relative Clause** hay không.

",1,2026-08-08 18:54:33.576365,2026-08-08 18:54:33.576365,
337,26,Rút gọn mệnh đề quan hệ chủ động bằng V-ing,"

# Rút gọn mệnh đề quan hệ chủ động bằng V-ing

## 1. Công thức

Nếu Relative Clause có dạng:

**who/which/that + V**

và đại từ quan hệ đóng vai trò chủ ngữ, có thể rút gọn thành:

**V-ing**

## 2. Ví dụ

The employees **who work in this department** are experienced.

→ The employees **working in this department** are experienced.

## 3. Ví dụ khác

The man **who is standing at the door** is our manager.

→ The man **standing at the door** is our manager.

The company **that operates in Japan** is expanding.

→ The company **operating in Japan** is expanding.

## 4. Các bước rút gọn

### Bước 1

Xác định Relative Clause.

### Bước 2

Kiểm tra đại từ quan hệ có làm Subject hay không.

### Bước 3

Nếu động từ mang nghĩa chủ động:

→ đổi thành **V-ing**.

## 5. Ví dụ TOEIC

Employees ______ in the training program will receive certificates.

A. participate
B. participated
C. participating
D. to participate

Đáp án: **C. participating**

## 6. Mẹo TOEIC

**who/that/which + V**

→ có thể rút gọn thành:

**V-ing**

",2,2026-08-08 18:54:33.576365,2026-08-08 18:54:33.576365,
338,26,Rút gọn mệnh đề quan hệ bị động bằng V3,"

# Rút gọn mệnh đề quan hệ bị động bằng V3

## 1. Công thức

Nếu Relative Clause có dạng:

**who/which/that + be + V3**

có thể rút gọn thành:

**V3/ed**

## 2. Ví dụ

The documents **that were submitted yesterday** are important.

→ The documents **submitted yesterday** are important.

## 3. Ví dụ khác

The products **which are manufactured in Korea** are popular.

→ The products **manufactured in Korea** are popular.

## 4. So sánh

### Chủ động

Employees **who work here**...

→ Employees **working here**...

### Bị động

Documents **that are submitted here**...

→ Documents **submitted here**...

## 5. Ví dụ TOEIC

The reports ______ by the manager are confidential.

A. preparing
B. prepared
C. prepare
D. to prepare

Đáp án: **B. prepared**

## 6. Mẹo TOEIC

Nếu danh từ **chịu tác động** của hành động:

→ kiểm tra **V3/ed**.

",3,2026-08-08 18:54:33.576365,2026-08-08 18:54:33.576365,
339,26,Rút gọn Relative Clause với động từ BE,"

# Rút gọn Relative Clause với động từ BE

## 1. Trường hợp có BE

Một số Relative Clause có cấu trúc:

**who/which/that + be + ...**

Có thể rút gọn bằng cách bỏ:

**relative pronoun + be**

## 2. Ví dụ

The employees **who are responsible for sales** attended the meeting.

→ The employees **responsible for sales** attended the meeting.

## 3. Với tính từ

The documents **that are available online** can be downloaded.

→ The documents **available online** can be downloaded.

## 4. Với cụm giới từ

The people **who are in the conference room** are managers.

→ The people **in the conference room** are managers.

## 5. Công thức

**Noun + who/which/that + be + adjective/prepositional phrase**

→

**Noun + adjective/prepositional phrase**

## 6. Ví dụ TOEIC

All employees ______ in the meeting room should sign the attendance sheet.

A. are
B. who are
C. in
D. who

Đáp án: **C. in**

Câu đầy đủ:

All employees **who are in the meeting room**...

→ All employees **in the meeting room**...

",4,2026-08-08 18:54:33.576365,2026-08-08 18:54:33.576365,
340,26,Rút gọn bằng To-Infinitive,"

# Rút gọn bằng To-Infinitive

## 1. Khi nào sử dụng?

To-Infinitive thường được sử dụng trong Relative Clause khi danh từ đứng trước có các từ như:

- first
- second
- third
- last
- next
- only
- best
- superlative

## 2. Công thức

**the first/last/only + noun + who/that + V**

→

**the first/last/only + noun + to V**

## 3. Ví dụ

She was the first employee **who arrived**.

→ She was the first employee **to arrive**.

## 4. Ví dụ khác

He is the only person **who understands the system**.

→ He is the only person **to understand the system**.

The manager was the last person **who left the office**.

→ The manager was the last person **to leave the office**.

## 5. Ví dụ TOEIC

Ms. Brown was the first employee ______ the new system.

A. who tested
B. testing
C. to test
D. tested

Đáp án: **C. to test**

## 6. Mẹo TOEIC

Nhìn thấy:

**first / last / only / next / best + noun**

→ kiểm tra khả năng dùng:

**to + V**

",5,2026-08-08 18:54:33.576365,2026-08-08 18:54:33.576365,
341,26,Phân biệt V-ing và V3 trong mệnh đề rút gọn,"

# Phân biệt V-ing và V3 trong mệnh đề rút gọn

## 1. V-ing

Dùng khi danh từ thực hiện hành động.

Ví dụ:

The employees **working here** are experienced.

→ Employees thực hiện hành động work.

## 2. V3/ed

Dùng khi danh từ chịu tác động.

Ví dụ:

The documents **submitted yesterday** are important.

→ Documents nhận hành động submit.

## 3. So sánh

### Active

The employee **who prepared the report**...

→ The employee **preparing the report**...

### Passive

The report **that was prepared by the employee**...

→ The report **prepared by the employee**...

## 4. Ví dụ TOEIC

The employees ______ the presentation will attend the meeting.

A. preparing
B. prepared
C. were prepared
D. to prepare

Nếu employees là người thực hiện hành động prepare:

→ Đáp án **A. preparing**

## 5. Ví dụ khác

The presentation ______ by the employees was excellent.

A. preparing
B. prepared
C. prepare
D. to preparing

Presentation chịu tác động:

→ Đáp án **B. prepared**

## 6. Mẹo TOEIC

Hỏi:

**Danh từ thực hiện hành động?**

→ V-ing

**Danh từ nhận hành động?**

→ V3

",6,2026-08-08 18:54:33.576365,2026-08-08 18:54:33.576365,
399,32,A LARGE NUMBER OF và A NUMBER OF,"

# A LARGE NUMBER OF và A NUMBER OF

## 1. A LARGE NUMBER OF

Dùng với danh từ đếm được số nhiều.

**a large number of + plural countable noun**

Ví dụ:

a large number of employees

a large number of applications

a large number of customers

## 2. A NUMBER OF

A NUMBER OF có nghĩa là ""một số"".

Cấu trúc:

**a number of + plural noun + plural verb**

Ví dụ:

A number of employees are absent.

→ Một số nhân viên vắng mặt.

## 3. Động từ

Sau:

**a number of + plural noun**

→ dùng động từ số nhiều.

Ví dụ:

A number of customers have complained.

## 4. Ví dụ TOEIC

A large number of applications ______ received last week.

A. was
B. were
C. is
D. has

Đáp án: **B. were**

## 5. Mẹo

Nhìn thấy:

**a number of + plural noun**

→ nghĩ ngay đến **plural verb**.

",4,2026-08-08 19:02:08.282197,2026-08-08 19:02:08.282197,
342,26,Reduced Relative Clause với cụm giới từ,"

# Reduced Relative Clause với cụm giới từ

## 1. Khái niệm

Một số Relative Clause chứa:

**who/which/that + be + prepositional phrase**

có thể rút gọn bằng cách bỏ:

**relative pronoun + be**

## 2. Ví dụ

The employees **who are in the office** are preparing the report.

→ The employees **in the office** are preparing the report.

## 3. Ví dụ khác

The documents **that are on the desk** belong to the manager.

→ The documents **on the desk** belong to the manager.

## 4. Cấu trúc

**Noun + who/which/that + be + preposition + noun**

→

**Noun + preposition + noun**

## 5. Ví dụ TOEIC

The files ______ on the manager's desk must be reviewed.

A. who are
B. are
C. on
D. which

Đáp án: **C. on**

Câu đầy đủ:

The files **which are on the manager's desk**...

→ The files **on the manager's desk**...

## 6. Mẹo

Nếu thấy:

**Noun + ______ + prepositional phrase**

hãy kiểm tra khả năng rút gọn Relative Clause.

",7,2026-08-08 18:54:33.576365,2026-08-08 18:54:33.576365,
343,26,Phân biệt Reduced Relative Clause và Gerund,"

# Phân biệt Reduced Relative Clause và Gerund

## 1. V-ing không phải lúc nào cũng là Gerund

V-ing có thể đóng nhiều vai trò:

- Gerund
- Present participle
- Reduced Relative Clause

## 2. Gerund

Gerund hoạt động như danh từ.

Ví dụ:

Reading is useful.

→ Reading = subject.

## 3. Reduced Relative Clause

V-ing đứng sau danh từ và bổ nghĩa cho danh từ.

Ví dụ:

The employees **working here** are friendly.

→ working here bổ nghĩa cho employees.

## 4. So sánh

### Gerund

Working is important.

→ Working = danh từ.

### Reduced Relative

The people working here are friendly.

→ working here = bổ nghĩa cho people.

## 5. Mẹo TOEIC

Nếu V-ing đứng **ngay sau danh từ** và mô tả danh từ:

→ kiểm tra Reduced Relative Clause.

Ví dụ:

The employees **working in sales**...

## 6. Lưu ý

Không chọn V-ing chỉ vì nhìn thấy chữ ""động từ"".

Hãy xác định **vai trò của V-ing trong câu**.

",8,2026-08-08 18:54:33.576365,2026-08-08 18:54:33.576365,
344,26,Các bẫy thường gặp của Reduced Relative Clauses,"

# Các bẫy thường gặp của Reduced Relative Clauses

## 1. Bẫy V-ing và V3

The employees ______ the training...

→ employees thực hiện hành động.

Đáp án thường là:

**participating / attending / taking**

## 2. Bẫy V3

The documents ______ yesterday...

→ documents nhận hành động.

Đáp án thường là:

**submitted / prepared / completed**

## 3. Bẫy TO V

The first employee ______ the test...

→ first + noun.

Đáp án có thể là:

**to complete**

## 4. Bẫy BE

The employees ______ in the office...

Có thể rút gọn:

The employees **in the office**...

## 5. Bẫy chủ động và bị động

The company ______ the products...

→ company thực hiện hành động.

The products ______ by the company...

→ products nhận hành động.

## 6. Ví dụ TOEIC

The documents ______ by the accounting department are ready.

A. preparing
B. prepared
C. prepare
D. to preparing

Đáp án: **B. prepared**

## 7. Mẹo

Đừng nhìn riêng vào động từ.

Hãy xác định quan hệ:

**Subject → thực hiện hành động → V-ing**

**Subject → nhận hành động → V3**

",9,2026-08-08 18:54:33.576365,2026-08-08 18:54:33.576365,
345,26,Bài tổng hợp Reduced Relative Clauses,"

# Bài tổng hợp Reduced Relative Clauses

## 1. Công thức cần nhớ

### Active

**Noun + who/which/that + V**

→

**Noun + V-ing**

Ví dụ:

Employees who work here

→ Employees working here

## 2. Passive

**Noun + who/which/that + be + V3**

→

**Noun + V3**

Ví dụ:

Documents that were submitted yesterday

→ Documents submitted yesterday

## 3. BE + adjective

**Noun + who/which/that + be + adjective**

→

**Noun + adjective**

Ví dụ:

Employees who are responsible for sales

→ Employees responsible for sales

## 4. BE + prepositional phrase

**Noun + who/which/that + be + prepositional phrase**

→

**Noun + prepositional phrase**

Ví dụ:

The employees who are in the office

→ The employees in the office

## 5. First / Last / Only

**the first/last/only + noun + who/that + V**

→

**the first/last/only + noun + to V**

Ví dụ:

The first employee who arrived

→ The first employee to arrive

## 6. Ví dụ TOEIC

Employees ______ in the conference room should turn off their phones.

A. sit
B. sitting
C. sat
D. to sitting

Đáp án: **B. sitting**

---

The reports ______ by the manager have been distributed.

A. preparing
B. prepared
C. prepare
D. to prepare

Đáp án: **B. prepared**

---

She was the first employee ______ the new software.

A. tested
B. testing
C. to test
D. test

Đáp án: **C. to test**

## 7. Quy tắc làm bài nhanh

1. Tìm danh từ đứng trước chỗ trống.
2. Xác định danh từ thực hiện hay nhận hành động.
3. Thực hiện hành động → **V-ing**.
4. Nhận hành động → **V3**.
5. Có first/last/only → kiểm tra **to V**.
6. Có BE + adjective/preposition → kiểm tra dạng rút gọn.

",10,2026-08-08 18:54:33.576365,2026-08-08 18:54:33.576365,
346,27,Liên từ nâng cao là gì?,"

# Liên từ nâng cao là gì?

## 1. Khái niệm

Liên từ (Conjunctions) là những từ hoặc cụm từ dùng để **kết nối các từ, cụm từ hoặc mệnh đề** trong câu.

Trong TOEIC, ngoài các liên từ cơ bản như:

- and
- but
- or
- so
- because

còn có nhiều liên từ và cụm liên từ nâng cao thường xuất hiện trong Part 5 và Part 6.

## 2. Một số nhóm quan trọng

### Chỉ nguyên nhân

- because
- since
- as
- now that

### Chỉ sự tương phản

- although
- though
- even though
- whereas
- while

### Chỉ điều kiện

- if
- unless
- provided that
- as long as

### Chỉ mục đích

- so that
- in order that

### Chỉ kết quả

- so...that
- such...that

## 3. Cấu trúc quan trọng

**Conjunction + Subject + Verb**

Ví dụ:

Although **the company is expanding**, it is hiring more employees.

## 4. Mẹo TOEIC

Khi gặp chỗ trống ở đầu một mệnh đề, hãy kiểm tra:

- quan hệ nguyên nhân
- tương phản
- điều kiện
- mục đích
- kết quả

Sau đó chọn liên từ phù hợp.

",1,2026-08-08 18:55:57.858133,2026-08-08 18:55:57.858133,
347,27,"ALTHOUGH, THOUGH và EVEN THOUGH","

# ALTHOUGH, THOUGH và EVEN THOUGH

## 1. Ý nghĩa

ALTHOUGH, THOUGH và EVEN THOUGH đều diễn tả **sự tương phản**.

Có thể hiểu là:

→ mặc dù

## 2. Cấu trúc

**although + S + V**

**though + S + V**

**even though + S + V**

Ví dụ:

Although the company is small, it is profitable.

Even though he was tired, he continued working.

## 3. EVEN THOUGH

EVEN THOUGH thường nhấn mạnh sự tương phản mạnh hơn.

Ví dụ:

Even though sales decreased, the company remained profitable.

## 4. Không dùng BUT cùng với although

Sai:

Although the company is small, **but** it is profitable. ❌

Đúng:

Although the company is small, it is profitable. ✅

Hoặc:

The company is small, but it is profitable. ✅

## 5. Mẹo TOEIC

Nếu sau chỗ trống là:

**Subject + Verb**

hãy kiểm tra:

although / though / even though.

",2,2026-08-08 18:55:57.858133,2026-08-08 18:55:57.858133,
348,27,DESPITE và IN SPITE OF,"

# DESPITE và IN SPITE OF

## 1. Ý nghĩa

DESPITE và IN SPITE OF đều có nghĩa:

→ mặc dù / bất chấp

## 2. Cấu trúc

**despite + noun**

**despite + V-ing**

**in spite of + noun**

**in spite of + V-ing**

Ví dụ:

Despite the bad weather, the flight departed on time.

Despite being tired, she continued working.

In spite of the delay, the meeting started on time.

## 3. Không dùng trực tiếp Subject + Verb

Sai:

Despite the company was small... ❌

Đúng:

Despite the company's small size... ✅

Hoặc:

Although the company was small... ✅

## 4. So sánh

### Although

**although + S + V**

### Despite

**despite + noun / V-ing**

Ví dụ:

Although the weather was bad, we went outside.

Despite the bad weather, we went outside.

## 5. Mẹo TOEIC

Nếu sau chỗ trống là:

**noun / V-ing**

→ kiểm tra DESPITE / IN SPITE OF.

Nếu sau chỗ trống là:

**S + V**

→ kiểm tra ALTHOUGH / EVEN THOUGH.

",3,2026-08-08 18:55:57.858133,2026-08-08 18:55:57.858133,
349,27,WHEREAS và WHILE,"

# WHEREAS và WHILE

## 1. WHEREAS

WHEREAS được dùng để thể hiện sự **đối lập hoặc so sánh giữa hai điều**.

Cấu trúc:

**whereas + S + V**

Ví dụ:

The sales department is growing, whereas the marketing department is shrinking.

## 2. WHILE

WHILE có thể mang nhiều nghĩa:

- trong khi
- mặc dù
- đối lập với

Ví dụ:

While sales increased, profits decreased.

## 3. So sánh

Whereas thường nhấn mạnh **sự khác biệt giữa hai đối tượng hoặc hai tình huống**.

Ví dụ:

The old system is slow, whereas the new system is efficient.

## 4. Lưu ý

WHILE còn có thể chỉ thời gian.

Ví dụ:

While I was working, he called me.

→ Trong khi tôi đang làm việc, anh ấy gọi.

## 5. Mẹo TOEIC

Nếu câu đang so sánh hai đối tượng:

→ kiểm tra **whereas / while**.

",4,2026-08-08 18:55:57.858133,2026-08-08 18:55:57.858133,
350,27,UNLESS,"

# UNLESS

## 1. Khái niệm

UNLESS có nghĩa:

→ trừ khi / nếu không

UNLESS thường tương đương với:

**if...not**

## 2. Cấu trúc

**unless + S + V**

Ví dụ:

Unless you submit the form today, you cannot register.

→ Nếu bạn không nộp biểu mẫu hôm nay, bạn không thể đăng ký.

## 3. So sánh

Unless you study, you will fail.

≈ If you do not study, you will fail.

## 4. Không dùng NOT sau unless

Thông thường không dùng:

Unless you don't study... ❌

Vì UNLESS đã mang ý nghĩa phủ định.

## 5. Ví dụ TOEIC

The meeting will be canceled unless the manager ______.

A. arrives
B. doesn't arrive
C. arriving
D. arrived

Đáp án: **A. arrives**

## 6. Mẹo TOEIC

Nhớ:

**UNLESS = IF...NOT**

",5,2026-08-08 18:55:57.858133,2026-08-08 18:55:57.858133,
351,27,PROVIDED THAT và AS LONG AS,"

# PROVIDED THAT và AS LONG AS

## 1. Ý nghĩa

PROVIDED THAT và AS LONG AS đều có thể dùng để diễn tả **điều kiện**.

Có thể hiểu:

→ miễn là / với điều kiện là

## 2. PROVIDED THAT

Cấu trúc:

**provided that + S + V**

Ví dụ:

You can use the conference room provided that you reserve it in advance.

## 3. AS LONG AS

Cấu trúc:

**as long as + S + V**

Ví dụ:

Employees can work remotely as long as they meet their deadlines.

## 4. So sánh

Provided that thường mang sắc thái **trang trọng và điều kiện rõ ràng**.

As long as thường được dùng rộng rãi hơn trong giao tiếp.

## 5. TOEIC

Hai cấu trúc này thường xuất hiện trong:

- chính sách công ty
- quy định
- điều kiện làm việc
- hợp đồng

## 6. Mẹo

Nếu câu có nghĩa:

**""miễn là...""**

→ kiểm tra:

provided that / as long as.

",6,2026-08-08 18:55:57.858133,2026-08-08 18:55:57.858133,
352,27,SO THAT và IN ORDER THAT,"

# SO THAT và IN ORDER THAT

## 1. Khái niệm

SO THAT và IN ORDER THAT dùng để diễn tả **mục đích**.

Có nghĩa:

→ để mà / nhằm

## 2. Cấu trúc

**so that + S + can/could/will/would + V**

**in order that + S + can/could/will/would + V**

Ví dụ:

The company hired more employees so that it could increase production.

## 3. IN ORDER THAT

IN ORDER THAT có sắc thái trang trọng hơn.

Ví dụ:

The meeting was postponed in order that everyone could attend.

## 4. SO THAT

SO THAT được sử dụng phổ biến hơn.

Ví dụ:

We arrived early so that we could get good seats.

## 5. Phân biệt SO THAT và SO...THAT

### SO THAT

→ mục đích

I left early so that I could catch the train.

### SO...THAT

→ kết quả

The train was so crowded that I could not get a seat.

## 6. Mẹo TOEIC

Nếu sau chỗ trống có:

**can / could / will / would**

hãy kiểm tra cấu trúc mục đích:

**so that / in order that**.

",7,2026-08-08 18:55:57.858133,2026-08-08 18:55:57.858133,
353,27,SO...THAT và SUCH...THAT,"

# SO...THAT và SUCH...THAT

## 1. SO...THAT

SO...THAT diễn tả **kết quả**.

Cấu trúc:

**so + adjective/adverb + that + clause**

Ví dụ:

The report was so complicated that nobody understood it.

## 2. SUCH...THAT

SUCH...THAT cũng diễn tả kết quả.

Cấu trúc:

**such + a/an + adjective + singular noun + that**

Ví dụ:

It was such a difficult test that many students failed.

## 3. Với danh từ số nhiều

**such + adjective + plural noun + that**

Ví dụ:

They received such difficult questions that many employees complained.

## 4. Với danh từ không đếm được

**such + adjective + uncountable noun + that**

Ví dụ:

There was such heavy traffic that we arrived late.

## 5. So sánh

SO:

**so + adjective/adverb + that**

SUCH:

**such + noun phrase + that**

## 6. Mẹo TOEIC

Nhìn từ ngay sau chỗ trống:

**adjective/adverb → SO**

**noun phrase → SUCH**

",8,2026-08-08 18:55:57.858133,2026-08-08 18:55:57.858133,
354,27,Correlative Conjunctions,"

# Correlative Conjunctions

## 1. Khái niệm

Correlative Conjunctions là các cặp liên từ đi cùng nhau để nối hai thành phần có vai trò tương đương.

Các cặp thường gặp:

- both...and
- either...or
- neither...nor
- not only...but also
- whether...or

## 2. BOTH...AND

Có nghĩa:

→ cả...và

Ví dụ:

Both the manager and the employees attended the meeting.

## 3. EITHER...OR

Có nghĩa:

→ hoặc...hoặc

Ví dụ:

You can either call me or send an email.

## 4. NEITHER...NOR

Có nghĩa:

→ không...cũng không

Ví dụ:

Neither the manager nor the employees were available.

## 5. NOT ONLY...BUT ALSO

Có nghĩa:

→ không những...mà còn

Ví dụ:

The company not only increased sales but also reduced costs.

## 6. WHETHER...OR

Dùng để thể hiện hai khả năng.

Ví dụ:

We need to decide whether to stay or leave.

## 7. Mẹo TOEIC

Hai thành phần được nối nên có **cấu trúc song song**.

Ví dụ:

She is both intelligent and hardworking.

Không nên:

She is both intelligent and works hard. ❌

",9,2026-08-08 18:55:57.858133,2026-08-08 18:55:57.858133,
384,30,Word Forms trong TOEIC Part 5,"

# Word Forms trong TOEIC Part 5

## 1. Dạng câu hỏi

TOEIC thường đưa ra bốn đáp án có cùng gốc từ nhưng khác từ loại.

Ví dụ:

The manager gave a ______ explanation.

A. clearly
B. clarify
C. clear
D. clarity

Đáp án: **C. clear**

## 2. Cách giải nhanh

### Bước 1

Xác định từ cần bổ nghĩa.

### Bước 2

Xác định vị trí chỗ trống.

### Bước 3

Xác định từ loại.

### Bước 4

Chọn đáp án đúng từ loại.

### Bước 5

Kiểm tra lại nghĩa.

## 3. Ví dụ

The company has ______ increased its revenue.

A. significant
B. significance
C. significantly
D. signify

→ ""increased"" là động từ.

→ cần adverb.

→ **C. significantly**

## 4. Mẹo

Đừng dịch cả câu ngay từ đầu.

Với câu hỏi Word Forms:

**Xác định từ loại trước → kiểm tra nghĩa sau.**

",9,2026-08-08 18:58:05.44875,2026-08-08 18:58:05.44875,
355,27,Bẫy Liên từ nâng cao trong TOEIC,"

# Bẫy Liên từ nâng cao trong TOEIC

## 1. Liên từ + mệnh đề

Các từ như:

- although
- because
- unless
- whereas
- while
- if

thường theo sau bởi:

**Subject + Verb**

Ví dụ:

Although **the company is expanding**, ...

## 2. Giới từ + danh từ/V-ing

Các cấu trúc như:

- despite
- in spite of

theo sau bởi:

**noun / V-ing**

Ví dụ:

Despite **the delay**, ...

Despite **being tired**, ...

## 3. Bẫy ALTHOUGH + BUT

Sai:

Although the weather was bad, but we went out. ❌

Đúng:

Although the weather was bad, we went out. ✅

## 4. Bẫy UNLESS

UNLESS đã mang nghĩa phủ định.

Unless you study...

≈ If you do not study...

## 5. Bẫy SO và SUCH

**so + adjective/adverb + that**

**such + noun phrase + that**

Ví dụ:

so difficult that...

such a difficult test that...

## 6. Bẫy CORRELATIVE CONJUNCTIONS

both A and B

either A or B

neither A nor B

not only A but also B

A và B nên song song về mặt ngữ pháp.

## 7. Ví dụ TOEIC

The company increased production ______ it could meet customer demand.

A. so that
B. despite
C. unless
D. whereas

Đáp án: **A. so that**

---

The meeting was postponed ______ the manager was unavailable.

A. because
B. despite
C. unless
D. whereas

Đáp án: **A. because**

## 8. Quy trình làm bài

1. Xác định quan hệ giữa hai mệnh đề.
2. Kiểm tra phía sau chỗ trống là Clause hay Noun.
3. Xác định nguyên nhân, tương phản, điều kiện, mục đích hay kết quả.
4. Kiểm tra cấu trúc đặc biệt như:
   - although + clause
   - despite + noun/V-ing
   - so + adjective + that
   - such + noun phrase + that
   - unless + clause

",10,2026-08-08 18:55:57.858133,2026-08-08 18:55:57.858133,
356,28,Giới từ nâng cao là gì?,"

# Giới từ nâng cao là gì?

## 1. Khái niệm

Giới từ (Prepositions) là từ dùng để thể hiện mối quan hệ giữa các thành phần trong câu, thường liên quan đến:

- thời gian
- địa điểm
- nguyên nhân
- mục đích
- phương tiện
- sự liên quan

Trong TOEIC, ngoài các giới từ cơ bản như:

- in
- on
- at
- for
- from
- to

còn có nhiều giới từ và cụm giới từ nâng cao thường xuất hiện trong Part 5 và Part 6.

## 2. Một số cụm quan trọng

- according to
- due to
- because of
- in addition to
- in spite of
- despite
- instead of
- regardless of
- in accordance with
- with regard to
- in terms of

## 3. Cấu trúc cơ bản

**Preposition + noun**

Ví dụ:

according to **the report**

due to **the delay**

## 4. Giới từ + V-ing

Sau giới từ, nếu dùng động từ thì thường dùng **V-ing**.

Ví dụ:

without **checking**

before **leaving**

instead of **waiting**

## 5. Mẹo TOEIC

Khi gặp chỗ trống:

**______ + noun**

hoặc:

**______ + V-ing**

hãy kiểm tra khả năng đó là giới từ hoặc cụm giới từ.

",1,2026-08-08 18:56:27.264252,2026-08-08 18:56:27.264252,
357,28,ACCORDING TO,"

# ACCORDING TO

## 1. Ý nghĩa

ACCORDING TO có nghĩa:

→ theo / dựa theo

Thường dùng khi đưa ra thông tin dựa trên:

- báo cáo
- dữ liệu
- nguồn thông tin
- quy định
- lời nói của ai đó

## 2. Cấu trúc

**according to + noun**

Ví dụ:

According to the report, sales increased by 10%.

According to the manager, the meeting will begin at 9 a.m.

## 3. Ví dụ TOEIC

According to the latest report, the company's profits have increased.

→ Theo báo cáo mới nhất, lợi nhuận của công ty đã tăng.

## 4. Không dùng như động từ

Không hiểu:

according to = say

ACCORDING TO chỉ giới thiệu nguồn thông tin hoặc cơ sở của thông tin.

## 5. Mẹo TOEIC

Nếu câu mang nghĩa:

**""Theo báo cáo / theo quản lý / theo dữ liệu...""**

→ kiểm tra **ACCORDING TO**.

",2,2026-08-08 18:56:27.264252,2026-08-08 18:56:27.264252,
358,28,DUE TO và BECAUSE OF,"

# DUE TO và BECAUSE OF

## 1. Ý nghĩa

DUE TO và BECAUSE OF đều có nghĩa:

→ bởi vì / do

Cả hai thường được theo sau bởi **noun hoặc noun phrase**.

## 2. DUE TO

Cấu trúc:

**due to + noun**

Ví dụ:

The flight was delayed due to bad weather.

→ Chuyến bay bị trì hoãn do thời tiết xấu.

## 3. BECAUSE OF

Cấu trúc:

**because of + noun**

Ví dụ:

The meeting was canceled because of the storm.

## 4. So sánh với BECAUSE

BECAUSE + clause.

Ví dụ:

The flight was delayed because the weather was bad.

BECAUSE OF + noun phrase.

Ví dụ:

The flight was delayed because of the bad weather.

## 5. Ví dụ TOEIC

The event was postponed ______ heavy rain.

A. because
B. because of
C. although
D. while

Đáp án: **B. because of**

## 6. Mẹo

**because + S + V**

**because of + noun/V-ing**

",3,2026-08-08 18:56:27.264252,2026-08-08 18:56:27.264252,
359,28,IN ADDITION TO và AS WELL AS,"

# IN ADDITION TO và AS WELL AS

## 1. IN ADDITION TO

IN ADDITION TO có nghĩa:

→ ngoài... ra / thêm vào đó

Cấu trúc:

**in addition to + noun/V-ing**

Ví dụ:

In addition to English, she speaks Japanese.

In addition to working full-time, he studies at night.

## 2. AS WELL AS

AS WELL AS có nghĩa:

→ cũng như / ngoài... ra

Ví dụ:

The company provides health insurance as well as retirement benefits.

## 3. Lưu ý với V-ing

Sau IN ADDITION TO, nếu dùng động từ thì dùng V-ing.

Đúng:

In addition to **working** hard...

Sai:

In addition to **work** hard... ❌

## 4. Ví dụ TOEIC

In addition to ______ the report, she prepared the presentation.

A. write
B. writing
C. wrote
D. to write

Đáp án: **B. writing**

## 5. Mẹo

Nhìn thấy:

**in addition to + ______**

Nếu chỗ trống là động từ:

→ chọn **V-ing**.

",4,2026-08-08 18:56:27.264252,2026-08-08 18:56:27.264252,
360,28,DESPITE và IN SPITE OF,"

# DESPITE và IN SPITE OF

## 1. Ý nghĩa

DESPITE và IN SPITE OF có nghĩa:

→ mặc dù / bất chấp

## 2. Cấu trúc

**despite + noun**

**despite + V-ing**

**in spite of + noun**

**in spite of + V-ing**

Ví dụ:

Despite the delay, the meeting started on time.

In spite of being tired, she continued working.

## 3. So sánh với ALTHOUGH

ALTHOUGH + clause:

Although the weather was bad, the flight departed.

DESPITE + noun:

Despite the bad weather, the flight departed.

## 4. Không dùng trực tiếp clause

Sai:

Despite the weather was bad... ❌

Đúng:

Despite the bad weather... ✅

Hoặc:

Although the weather was bad... ✅

## 5. Mẹo TOEIC

Nếu sau chỗ trống là:

**noun / V-ing**

→ kiểm tra DESPITE / IN SPITE OF.

",5,2026-08-08 18:56:27.264252,2026-08-08 18:56:27.264252,
361,28,INSTEAD OF và REGARDLESS OF,"

# INSTEAD OF và REGARDLESS OF

## 1. INSTEAD OF

INSTEAD OF có nghĩa:

→ thay vì

Cấu trúc:

**instead of + noun**

**instead of + V-ing**

Ví dụ:

We took a taxi instead of taking the bus.

She stayed home instead of going out.

## 2. REGARDLESS OF

REGARDLESS OF có nghĩa:

→ bất kể / không phụ thuộc vào

Cấu trúc:

**regardless of + noun**

Ví dụ:

The event will continue regardless of the weather.

## 3. REGARDLESS OF + V-ing

Có thể dùng:

**regardless of + V-ing**

Ví dụ:

The company will continue regardless of facing difficulties.

## 4. Mẹo TOEIC

INSTEAD OF:

→ lựa chọn A thay cho B.

REGARDLESS OF:

→ hành động không bị ảnh hưởng bởi điều kiện nào đó.

## 5. Ví dụ

The company will continue the project regardless of the cost.

→ Công ty sẽ tiếp tục dự án bất kể chi phí.

",6,2026-08-08 18:56:27.264252,2026-08-08 18:56:27.264252,
362,28,IN ACCORDANCE WITH và IN COMPLIANCE WITH,"

# IN ACCORDANCE WITH và IN COMPLIANCE WITH

## 1. IN ACCORDANCE WITH

Có nghĩa:

→ phù hợp với / theo đúng

Thường dùng với:

- quy định
- chính sách
- luật
- hướng dẫn

Cấu trúc:

**in accordance with + noun**

Ví dụ:

The procedure was changed in accordance with company policy.

## 2. IN COMPLIANCE WITH

Có nghĩa:

→ tuân thủ / phù hợp với

Ví dụ:

The company operates in compliance with safety regulations.

## 3. So sánh

IN ACCORDANCE WITH:

→ làm theo một quy định, hướng dẫn hoặc tiêu chuẩn.

IN COMPLIANCE WITH:

→ nhấn mạnh việc tuân thủ yêu cầu hoặc quy định.

## 4. TOEIC

Hai cụm này thường xuất hiện trong:

- company policies
- regulations
- safety rules
- legal documents

## 5. Mẹo

Nếu câu có:

**policy / regulation / law / requirement**

hãy kiểm tra:

in accordance with

hoặc:

in compliance with

",7,2026-08-08 18:56:27.264252,2026-08-08 18:56:27.264252,
363,28,WITH REGARD TO và IN TERMS OF,"

# WITH REGARD TO và IN TERMS OF

## 1. WITH REGARD TO

WITH REGARD TO có nghĩa:

→ về / liên quan đến

Cấu trúc:

**with regard to + noun**

Ví dụ:

With regard to your request, we will contact you tomorrow.

## 2. IN TERMS OF

IN TERMS OF có nghĩa:

→ xét về / về mặt

Ví dụ:

The new system is better in terms of efficiency.

## 3. So sánh

WITH REGARD TO:

→ giới thiệu chủ đề đang được đề cập.

IN TERMS OF:

→ đánh giá hoặc so sánh dựa trên một khía cạnh cụ thể.

## 4. Ví dụ TOEIC

With regard to the new policy, all employees must attend training.

In terms of cost, the new system is more efficient.

## 5. Mẹo

WITH REGARD TO ≈ concerning

IN TERMS OF ≈ regarding a particular aspect

",8,2026-08-08 18:56:27.264252,2026-08-08 18:56:27.264252,
364,28,"BY, THROUGH và VIA","

# BY, THROUGH và VIA

## 1. BY

BY có thể chỉ phương tiện hoặc cách thức.

Ví dụ:

The report was sent by email.

She traveled by train.

## 2. THROUGH

THROUGH có thể chỉ:

- thông qua
- bằng cách
- xuyên qua

Ví dụ:

Customers can make reservations through the website.

The company increased sales through online advertising.

## 3. VIA

VIA có nghĩa:

→ thông qua / bằng đường

Thường được sử dụng trong văn phong công việc.

Ví dụ:

Please send the documents via email.

The package was sent via express delivery.

## 4. So sánh

BY:

→ phương tiện hoặc cách thức.

THROUGH:

→ thông qua một phương tiện, quá trình hoặc kênh.

VIA:

→ thông qua một kênh hoặc phương tiện.

## 5. Mẹo TOEIC

Trong ngữ cảnh công việc:

**via email**

**via the website**

**through the online system**

là những cách kết hợp thường gặp.

",9,2026-08-08 18:56:27.264252,2026-08-08 18:56:27.264252,
365,28,Bẫy Giới từ nâng cao trong TOEIC,"

# Bẫy Giới từ nâng cao trong TOEIC

## 1. Bẫy BECAUSE và BECAUSE OF

BECAUSE + S + V

BECAUSE OF + noun/V-ing

Ví dụ:

The flight was delayed because the weather was bad.

The flight was delayed because of the bad weather.

## 2. Bẫy DESPITE và ALTHOUGH

DESPITE + noun/V-ing

ALTHOUGH + S + V

Sai:

Despite the weather was bad... ❌

Đúng:

Despite the bad weather... ✅

Although the weather was bad... ✅

## 3. Bẫy IN ADDITION TO

IN ADDITION TO + noun/V-ing.

Ví dụ:

In addition to working hard, she studies every evening.

Không dùng:

In addition to work hard... ❌

## 4. Bẫy INSTEAD OF

INSTEAD OF + noun/V-ing.

Ví dụ:

He took a taxi instead of taking the bus.

## 5. Bẫy REGARDLESS OF

REGARDLESS OF + noun/V-ing.

Ví dụ:

The event will continue regardless of the weather.

## 6. Bẫy CỤM GIỚI TỪ

Một số cụm cần ghi nhớ:

- according to + noun
- due to + noun
- because of + noun
- in addition to + noun/V-ing
- in spite of + noun/V-ing
- instead of + noun/V-ing
- regardless of + noun
- in accordance with + noun
- with regard to + noun
- in terms of + noun

## 7. Ví dụ TOEIC

______ the company's policy, employees must wear identification badges.

A. According to
B. Although
C. Because
D. Despite

Đáp án: **A. According to**

---

The meeting was postponed ______ the manager's absence.

A. because
B. because of
C. although
D. while

Đáp án: **B. because of**

## 8. Quy trình làm bài

1. Nhìn từ ngay sau chỗ trống.
2. Nếu là noun → kiểm tra cụm giới từ.
3. Nếu là V-ing → kiểm tra giới từ + V-ing.
4. Nếu là S + V → không chọn các cụm như despite/because of.
5. Xác định nghĩa của cả câu trước khi chọn.

",10,2026-08-08 18:56:27.264252,2026-08-08 18:56:27.264252,
366,29,Adjective và Adverb là gì?,"

# Adjective và Adverb là gì?

## 1. Adjective

Adjective (tính từ) dùng để:

- mô tả danh từ
- bổ sung thông tin cho chủ ngữ
- mô tả trạng thái hoặc đặc điểm

Ví dụ:

a **successful** company

a **new** employee

The report is **important**.

## 2. Adverb

Adverb (trạng từ) dùng để bổ nghĩa cho:

- động từ
- tính từ
- trạng từ khác
- cả mệnh đề

Ví dụ:

She works **carefully**.

The report is **extremely** important.

He works **very** efficiently.

## 3. Vị trí thường gặp

### Adjective + noun

a successful company

an expensive car

### Linking verb + adjective

The product is effective.

The manager seems busy.

### Verb + adverb

She works carefully.

He answered quickly.

## 4. Mẹo TOEIC

Khi gặp câu hỏi từ loại:

1. Xác định từ cần bổ nghĩa.
2. Nếu bổ nghĩa cho noun → thường cần adjective.
3. Nếu bổ nghĩa cho verb → thường cần adverb.
4. Sau linking verb → thường dùng adjective.

",1,2026-08-08 18:57:13.4421,2026-08-08 18:57:13.4421,
367,29,Adjective đứng trước danh từ,"

# Adjective đứng trước danh từ

## 1. Cấu trúc

Tính từ thường đứng trước danh từ để mô tả danh từ.

**adjective + noun**

Ví dụ:

a **successful** company

an **experienced** employee

a **new** product

## 2. Trong TOEIC

Cấu trúc này xuất hiện rất thường xuyên trong Part 5.

Ví dụ:

The company introduced a ______ product.

A. success
B. successfully
C. successful
D. succeed

Đáp án: **C. successful**

Vì từ cần bổ nghĩa cho danh từ **product**.

## 3. Có nhiều tính từ cùng bổ nghĩa

Có thể có nhiều adjective trước noun.

Ví dụ:

a new international marketing strategy

Tuy nhiên trong câu hỏi TOEIC, thường chỉ cần xác định từ loại cần thiết.

## 4. Mẹo

Nếu sau chỗ trống là **danh từ**, hãy kiểm tra khả năng cần **adjective**.

Ví dụ:

an ______ employee

→ employee là noun

→ cần adjective.

",2,2026-08-08 18:57:13.4421,2026-08-08 18:57:13.4421,
368,29,Adjective sau Linking Verbs,"

# Adjective sau Linking Verbs

## 1. Linking Verb

Một số linking verbs thường gặp:

- be
- seem
- become
- remain
- appear
- feel
- look
- sound
- smell
- taste

## 2. Cấu trúc

**Subject + linking verb + adjective**

Ví dụ:

The product is **effective**.

The manager seems **busy**.

The proposal looks **reasonable**.

## 3. Không dùng adverb để mô tả chủ ngữ

Ví dụ:

The proposal looks **good**. ✅

Không:

The proposal looks **well**. ❌

Trong trường hợp này, LOOK là linking verb nên cần adjective.

## 4. Một số cặp dễ nhầm

good → adjective

well → thường là adverb

bad → adjective

badly → adverb

Ví dụ:

The machine works well.

The machine looks good.

## 5. Mẹo TOEIC

Nếu thấy:

**be / seem / become / remain / appear / look / feel / sound**

hãy kiểm tra khả năng dùng **adjective**.

",3,2026-08-08 18:57:13.4421,2026-08-08 18:57:13.4421,
369,29,Adverb bổ nghĩa cho động từ,"

# Adverb bổ nghĩa cho động từ

## 1. Khái niệm

Adverb có thể dùng để mô tả cách một hành động được thực hiện.

Ví dụ:

She works **carefully**.

He answered **quickly**.

The employees completed the task **successfully**.

## 2. Cấu trúc thường gặp

**Subject + verb + adverb**

Ví dụ:

The employee responded quickly.

## 3. Adverb thường có đuôi -ly

Một số ví dụ:

careful → carefully

quick → quickly

successful → successfully

efficient → efficiently

careful → carefully

## 4. Không phải mọi adverb đều có -ly

Một số trạng từ đặc biệt:

- fast
- hard
- late
- early
- well

Ví dụ:

He works hard.

She arrived early.

The machine runs fast.

## 5. Mẹo TOEIC

Nếu chỗ trống bổ nghĩa trực tiếp cho một **động từ hành động**, hãy kiểm tra khả năng cần adverb.

Ví dụ:

The employee completed the report ______.

A. careful
B. carefully
C. care
D. carefulness

Đáp án: **B. carefully**

",4,2026-08-08 18:57:13.4421,2026-08-08 18:57:13.4421,
370,29,Adverb bổ nghĩa cho Adjective,"

# Adverb bổ nghĩa cho Adjective

## 1. Khái niệm

Adverb có thể đứng trước adjective để tăng hoặc giảm mức độ.

Ví dụ:

very important

extremely useful

highly effective

quite difficult

## 2. Cấu trúc

**adverb + adjective**

Ví dụ:

The report is **extremely important**.

The new system is **highly effective**.

## 3. Một số trạng từ thường gặp

- very
- extremely
- highly
- quite
- rather
- fairly
- especially
- particularly

## 4. Ví dụ TOEIC

The new system is ______ efficient.

A. extreme
B. extremely
C. extremity
D. extremes

Đáp án: **B. extremely**

Vì extremely bổ nghĩa cho adjective **efficient**.

## 5. Mẹo

Nếu sau chỗ trống là adjective:

→ thường kiểm tra **adverb**.

",5,2026-08-08 18:57:13.4421,2026-08-08 18:57:13.4421,
371,29,Trạng từ chỉ tần suất,"

# Trạng từ chỉ tần suất

## 1. Khái niệm

Adverbs of frequency cho biết một hành động xảy ra thường xuyên như thế nào.

Một số từ phổ biến:

- always
- usually
- often
- frequently
- sometimes
- rarely
- seldom
- never

## 2. Với động từ thường

Trạng từ thường đứng trước động từ chính.

Ví dụ:

The manager **usually arrives** early.

Employees **often attend** training sessions.

## 3. Với động từ TO BE

Trạng từ thường đứng sau TO BE.

Ví dụ:

The office is **usually** busy.

She is **always** punctual.

## 4. Với modal verbs

Trạng từ thường đứng sau modal verb.

Ví dụ:

Employees can **usually** access the system remotely.

## 5. Mẹo TOEIC

Nhớ:

**Subject + frequency adverb + main verb**

nhưng:

**Subject + be + frequency adverb**

",6,2026-08-08 18:57:13.4421,2026-08-08 18:57:13.4421,
372,29,Phân biệt Adjective và Adverb,"

# Phân biệt Adjective và Adverb

## 1. Adjective

Adjective thường bổ nghĩa cho:

- noun
- subject sau linking verb

Ví dụ:

The manager is **careful**.

a **careful** manager

## 2. Adverb

Adverb thường bổ nghĩa cho:

- verb
- adjective
- adverb
- clause

Ví dụ:

The manager works **carefully**.

The manager is **extremely** careful.

## 3. So sánh

| Adjective | Adverb |
|---|---|
| careful | carefully |
| quick | quickly |
| successful | successfully |
| efficient | efficiently |
| clear | clearly |

## 4. Ví dụ TOEIC

The employee gave a ______ explanation.

A. clear
B. clearly
C. clarity
D. clarify

Đáp án: **A. clear**

Vì clear bổ nghĩa cho noun **explanation**.

---

The employee explained the procedure ______.

A. clear
B. clearly
C. clarity
D. clearness

Đáp án: **B. clearly**

Vì clearly bổ nghĩa cho verb **explained**.

## 5. Mẹo

Nhìn từ ngay sau hoặc trước chỗ trống để xác định từ loại cần thiết.

",7,2026-08-08 18:57:13.4421,2026-08-08 18:57:13.4421,
373,29,Các cặp Adverb dễ gây nhầm,"

# Các cặp Adverb dễ gây nhầm

## 1. HARD và HARDLY

### HARD

→ chăm chỉ / mạnh / khó khăn

Ví dụ:

She works hard.

### HARDLY

→ hầu như không

Ví dụ:

She hardly works.

Hai từ có nghĩa hoàn toàn khác nhau.

## 2. LATE và LATELY

### LATE

→ trễ

He arrived late.

### LATELY

→ gần đây

Have you seen him lately?

## 3. NEAR và NEARLY

### NEAR

→ gần

The station is near.

### NEARLY

→ gần như

The project is nearly complete.

## 4. HIGH và HIGHLY

### HIGH

→ ở độ cao lớn

The plane flew high.

### HIGHLY

→ rất / cực kỳ

She is highly qualified.

## 5. Mẹo TOEIC

Không được chỉ thêm **-ly** vào adjective rồi đoán nghĩa.

Một số từ có dạng -ly nhưng nghĩa thay đổi hoàn toàn.

",8,2026-08-08 18:57:13.4421,2026-08-08 18:57:13.4421,
374,29,"ENOUGH, TOO và VERY","

# ENOUGH, TOO và VERY

## 1. VERY

VERY dùng để tăng mức độ của adjective hoặc adverb.

Cấu trúc:

**very + adjective**

**very + adverb**

Ví dụ:

The report is very important.

She works very efficiently.

## 2. TOO

TOO có nghĩa:

→ quá / quá mức cần thiết

Cấu trúc:

**too + adjective/adverb**

Ví dụ:

The report is too long.

The room is too small.

## 3. ENOUGH

ENOUGH có nghĩa:

→ đủ

### Enough + noun

**enough + noun**

Ví dụ:

We have enough time.

### Adjective + enough

**adjective + enough**

Ví dụ:

The room is large enough.

### Adverb + enough

**adverb + enough**

Ví dụ:

She works quickly enough.

## 4. So sánh

The room is **very small**.

→ Căn phòng rất nhỏ.

The room is **too small**.

→ Căn phòng nhỏ quá.

The room is **large enough**.

→ Căn phòng đủ lớn.

## 5. Mẹo TOEIC

Nhớ vị trí:

**very + adjective**

**too + adjective**

**adjective + enough**

**enough + noun**

",9,2026-08-08 18:57:13.4421,2026-08-08 18:57:13.4421,
375,29,Bẫy Adjective và Adverb trong TOEIC,"

# Bẫy Adjective và Adverb trong TOEIC

## 1. Bẫy noun + adjective

Nếu chỗ trống đứng trước noun:

**______ + noun**

→ thường cần adjective.

Ví dụ:

an ______ report

→ detailed report

## 2. Bẫy verb + adverb

Nếu chỗ trống bổ nghĩa cho verb:

**verb + ______**

→ thường cần adverb.

Ví dụ:

The employee responded ______.

→ quickly

## 3. Bẫy linking verb

Sau linking verb thường dùng adjective.

Ví dụ:

The proposal seems ______.

A. reasonable
B. reasonably

Đáp án: **A. reasonable**

## 4. Bẫy HARD / HARDLY

He works hard.

→ Anh ấy làm việc chăm chỉ.

He hardly works.

→ Anh ấy hầu như không làm việc.

## 5. Bẫy LATE / LATELY

The employee arrived late.

→ Nhân viên đến trễ.

The company has lately changed its policy.

→ Công ty gần đây đã thay đổi chính sách.

## 6. Bẫy ENOUGH

Đúng:

enough money

large enough

quickly enough

Sai:

money enough ❌

enough large ❌

enough quickly ❌

## 7. Ví dụ TOEIC

The manager gave a ______ explanation of the new policy.

A. clear
B. clearly
C. clarity
D. clarify

Đáp án: **A. clear**

---

The employees completed the project ______.

A. successful
B. successfully
C. success
D. succeed

Đáp án: **B. successfully**

## 8. Quy trình làm bài

1. Xác định từ cần bổ nghĩa.
2. Nếu bổ nghĩa cho noun → adjective.
3. Nếu bổ nghĩa cho verb → adverb.
4. Nếu đứng sau linking verb → adjective.
5. Kiểm tra các từ đặc biệt như:
   - hard / hardly
   - late / lately
   - high / highly
   - near / nearly
6. Kiểm tra vị trí của enough.

",10,2026-08-08 18:57:13.4421,2026-08-08 18:57:13.4421,
376,30,Word Forms là gì?,"

# Word Forms là gì?

## 1. Khái niệm

Word Forms (dạng từ) là các dạng khác nhau của một từ được tạo ra từ cùng một gốc từ.

Một từ có thể có nhiều dạng:

- Noun (danh từ)
- Verb (động từ)
- Adjective (tính từ)
- Adverb (trạng từ)

Ví dụ:

| Noun | Verb | Adjective | Adverb |
|---|---|---|---|
| success | succeed | successful | successfully |
| decision | decide | decisive | decisively |
| efficiency | improve | efficient | efficiently |

## 2. Vì sao Word Forms quan trọng trong TOEIC?

Dạng từ là một trong những dạng câu hỏi phổ biến của TOEIC Part 5.

Ví dụ:

The company was very ______.

A. success
B. succeed
C. successful
D. successfully

Đáp án: **C. successful**

Vì sau ""was"" cần adjective để mô tả chủ ngữ.

## 3. Mẹo TOEIC

Không chọn đáp án chỉ vì nghĩa của từ phù hợp.

Hãy xác định:

1. Từ cần điền thuộc loại gì?
2. Nó đứng ở vị trí nào?
3. Từ phía trước và phía sau yêu cầu loại từ nào?

",1,2026-08-08 18:58:05.44875,2026-08-08 18:58:05.44875,
377,30,Noun Forms,"

# Noun Forms

## 1. Khái niệm

Noun là danh từ, dùng để chỉ:

- người
- vật
- địa điểm
- sự việc
- khái niệm

Ví dụ:

employee

company

information

decision

development

## 2. Một số hậu tố thường gặp

Danh từ thường có các hậu tố:

- -tion
- -sion
- -ment
- -ness
- -ity
- -ance
- -ence
- -er
- -or

Ví dụ:

develop → development

decide → decision

important → importance

efficient → efficiency

employ → employee

## 3. Ví dụ TOEIC

The company announced the ______ of a new branch.

A. establish
B. established
C. establishment
D. establishing

Đáp án: **C. establishment**

Sau ""the"" và trước ""of"" cần noun.

## 4. Mẹo

Các từ như:

the / a / an / this / that / my / their

thường có thể đứng trước noun.

",2,2026-08-08 18:58:05.44875,2026-08-08 18:58:05.44875,
378,30,Verb Forms,"

# Verb Forms

## 1. Khái niệm

Verb là động từ, biểu thị:

- hành động
- trạng thái
- sự thay đổi

Ví dụ:

develop

decide

improve

increase

reduce

## 2. Một số hậu tố thường gặp

Động từ có thể có các hậu tố:

- -ize
- -ify
- -en
- -ate

Ví dụ:

modern → modernize

simple → simplify

wide → widen

active → activate

## 3. Sau modal verb

Sau modal verb thường dùng động từ nguyên mẫu.

Modal verbs:

- can
- could
- may
- might
- must
- should
- will
- would

Ví dụ:

The company must ______ costs.

A. reduction
B. reduce
C. reduced
D. reducing

Đáp án: **B. reduce**

## 4. Sau TO

Thông thường:

**to + V nguyên mẫu**

Ví dụ:

The company plans to expand.

## 5. Mẹo TOEIC

Nếu trước chỗ trống là:

**can / must / should / will**

→ kiểm tra **V nguyên mẫu**.

",3,2026-08-08 18:58:05.44875,2026-08-08 18:58:05.44875,
379,30,Adjective Forms,"

# Adjective Forms

## 1. Khái niệm

Adjective dùng để mô tả:

- người
- vật
- đặc điểm
- trạng thái

Ví dụ:

successful

effective

efficient

important

professional

## 2. Một số hậu tố phổ biến

Adjective thường có các hậu tố:

- -ful
- -less
- -ive
- -al
- -ous
- -able
- -ible
- -ic

Ví dụ:

success → successful

care → careful

effect → effective

profession → professional

danger → dangerous

comfort → comfortable

## 3. Ví dụ TOEIC

The company provides a ______ working environment.

A. profession
B. professional
C. professionally
D. professionalism

Đáp án: **B. professional**

Vì từ cần bổ nghĩa cho noun ""environment"".

## 4. Mẹo

Nếu chỗ trống đứng ngay trước noun:

→ kiểm tra adjective.

",4,2026-08-08 18:58:05.44875,2026-08-08 18:58:05.44875,
380,30,Adverb Forms,"

# Adverb Forms

## 1. Khái niệm

Adverb dùng để bổ nghĩa cho:

- verb
- adjective
- adverb
- clause

Ví dụ:

quickly

carefully

successfully

efficiently

## 2. Hậu tố -ly

Nhiều adverb được tạo bằng:

**adjective + -ly**

Ví dụ:

quick → quickly

careful → carefully

successful → successfully

efficient → efficiently

## 3. Ví dụ TOEIC

The employees completed the task ______.

A. efficient
B. efficiency
C. efficiently
D. efficiencies

Đáp án: **C. efficiently**

Vì efficiently bổ nghĩa cho động từ ""completed"".

## 4. Một số trường hợp đặc biệt

Không phải mọi adverb đều có đuôi -ly.

Ví dụ:

fast

hard

late

early

well

## 5. Mẹo

Nếu chỗ trống bổ nghĩa cho động từ hành động:

→ kiểm tra adverb.

",5,2026-08-08 18:58:05.44875,2026-08-08 18:58:05.44875,
381,30,Nhận biết Word Forms qua hậu tố,"

# Nhận biết Word Forms qua hậu tố

## 1. Noun

Một số hậu tố thường gặp:

- -tion
- -ment
- -ness
- -ity
- -ance
- -ence

Ví dụ:

information

development

happiness

ability

importance

difference

## 2. Adjective

Một số hậu tố:

- -ful
- -less
- -ive
- -al
- -ous
- -able
- -ible

Ví dụ:

useful

careless

effective

financial

dangerous

reliable

## 3. Adverb

Thường:

**adjective + -ly**

Ví dụ:

careful → carefully

effective → effectively

## 4. Verb

Một số hậu tố:

- -ize
- -ify
- -en
- -ate

Ví dụ:

modernize

simplify

strengthen

activate

## 5. Lưu ý

Không được xác định từ loại chỉ dựa vào hậu tố trong mọi trường hợp.

Cần xét cả vị trí và cấu trúc câu.

",6,2026-08-08 18:58:05.44875,2026-08-08 18:58:05.44875,
382,30,Word Family,"

# Word Family

## 1. Khái niệm

Word Family là nhóm từ có cùng một gốc nhưng thuộc các từ loại khác nhau.

Ví dụ:

**success**

- success → noun
- succeed → verb
- successful → adjective
- successfully → adverb

## 2. Ví dụ khác

**difference**

- differ → verb
- different → adjective
- differently → adverb
- difference → noun

**decision**

- decide → verb
- decision → noun
- decisive → adjective
- decisively → adverb

## 3. Ví dụ TOEIC

The company has ______ improved its production process.

A. significant
B. significance
C. significantly
D. signify

Đáp án: **C. significantly**

Vì từ này bổ nghĩa cho ""improved"".

## 4. Mẹo học

Khi học vocabulary TOEIC, nên học theo **word family** thay vì chỉ học một từ riêng lẻ.

Ví dụ:

success → succeed → successful → successfully

",7,2026-08-08 18:58:05.44875,2026-08-08 18:58:05.44875,
383,30,Xác định từ loại qua vị trí trong câu,"

# Xác định từ loại qua vị trí trong câu

## 1. Trước danh từ

Thường cần adjective.

Ví dụ:

an ______ employee

→ experienced employee

## 2. Sau linking verb

Thường cần adjective.

Ví dụ:

The system is ______.

→ effective

## 3. Sau động từ

Có thể cần adverb nếu từ đó mô tả cách thực hiện hành động.

Ví dụ:

The employee responded ______.

→ quickly

## 4. Sau mạo từ

Sau:

- a
- an
- the

thường có noun phrase.

Ví dụ:

the ______ of the company

→ development

## 5. Sau giới từ

Sau giới từ thường là:

- noun
- pronoun
- V-ing

Ví dụ:

after the meeting

before leaving

without permission

## 6. Mẹo TOEIC

Hãy nhìn **cấu trúc xung quanh chỗ trống** trước khi nhìn nghĩa của đáp án.

",8,2026-08-08 18:58:05.44875,2026-08-08 18:58:05.44875,
385,30,Bẫy Word Forms trong TOEIC,"

# Bẫy Word Forms trong TOEIC

## 1. Bẫy noun và adjective

The company needs a ______ manager.

A. success
B. successful
C. successfully
D. succeed

Đáp án: **B. successful**

Vì cần adjective trước noun ""manager"".

## 2. Bẫy adjective và adverb

The manager explained the policy ______.

A. clear
B. clearly
C. clarity
D. clarify

Đáp án: **B. clearly**

Vì bổ nghĩa cho động từ ""explained"".

## 3. Bẫy noun và verb

The company plans to ______ its operations.

A. expansion
B. expand
C. expansive
D. expansively

Đáp án: **B. expand**

Vì sau ""to"" cần verb nguyên mẫu.

## 4. Bẫy sau mạo từ

The ______ of the new system was successful.

A. implement
B. implemented
C. implementation
D. implementing

Đáp án: **C. implementation**

Cấu trúc:

**the + noun + of**

## 5. Bẫy sau linking verb

The new system seems ______.

A. effectiveness
B. effectively
C. effective
D. effect

Đáp án: **C. effective**

Vì sau ""seems"" cần adjective.

## 6. Ví dụ tổng hợp

The company has made significant ______ in recent years.

A. improve
B. improved
C. improvement
D. improving

Đáp án: **C. improvement**

---

The company has ______ improved its customer service.

A. significant
B. significance
C. significantly
D. signify

Đáp án: **C. significantly**

## 7. Quy trình làm bài

1. Xác định vị trí chỗ trống.
2. Xác định từ loại cần thiết.
3. Kiểm tra cấu trúc ngữ pháp.
4. Chọn dạng từ phù hợp.
5. Kiểm tra nghĩa của câu.

**Công thức nhớ nhanh:**

noun → người/vật/sự việc

verb → hành động

adjective → mô tả noun/subject

adverb → bổ nghĩa verb/adjective/adverb

",10,2026-08-08 18:58:05.44875,2026-08-08 18:58:05.44875,
386,31,Comparisons là gì?,"

# Comparisons là gì?

## 1. Khái niệm

Comparison (câu so sánh) được sử dụng để so sánh:

- người
- vật
- địa điểm
- hành động
- mức độ
- đặc điểm

Trong TOEIC, câu so sánh xuất hiện khá thường xuyên trong Part 5 và Part 6.

## 2. Ba dạng so sánh chính

### So sánh bằng

**as + adjective/adverb + as**

Ví dụ:

The new system is as efficient as the old one.

### So sánh hơn

**comparative + than**

Ví dụ:

The new system is more efficient than the old one.

### So sánh nhất

**the + superlative**

Ví dụ:

This is the most efficient system.

## 3. So sánh với danh từ

Có thể dùng:

- more + noun
- fewer + plural countable noun
- less + uncountable noun

Ví dụ:

more employees

fewer employees

less time

## 4. Mẹo TOEIC

Khi gặp:

- than → thường kiểm tra comparative
- the + ... → có thể là superlative
- as ... as → so sánh bằng

",1,2026-08-08 18:58:50.569444,2026-08-08 18:58:50.569444,
387,31,So sánh bằng với AS...AS,"

# So sánh bằng với AS...AS

## 1. Cấu trúc

**as + adjective + as**

Dùng để nói hai đối tượng có mức độ giống nhau về một đặc điểm.

Ví dụ:

The new system is as efficient as the old one.

## 2. Với trạng từ

**as + adverb + as**

Ví dụ:

She works as efficiently as her manager.

## 3. Với danh từ

Có thể dùng:

**as much + uncountable noun + as**

**as many + plural countable noun + as**

Ví dụ:

The company needs as much time as possible.

The company has as many employees as the previous branch.

## 4. Phủ định

**not as + adjective + as**

Ví dụ:

The new system is not as expensive as the old one.

→ Hệ thống mới không đắt bằng hệ thống cũ.

## 5. Mẹo TOEIC

Nhìn thấy:

**as ______ as**

→ thường cần adjective hoặc adverb tùy vị trí.

",2,2026-08-08 18:58:50.569444,2026-08-08 18:58:50.569444,
388,31,Comparative với tính từ ngắn,"

# Comparative với tính từ ngắn

## 1. Tính từ ngắn

Thông thường, tính từ ngắn tạo dạng so sánh hơn bằng:

**adjective + -er + than**

Ví dụ:

small → smaller

fast → faster

cheap → cheaper

high → higher

## 2. Tính từ kết thúc bằng -y

Đổi:

**y → i + er**

Ví dụ:

easy → easier

busy → busier

early → earlier

## 3. Tính từ kết thúc bằng -e

Chỉ thêm:

**-r**

Ví dụ:

large → larger

safe → safer

## 4. Gấp đôi phụ âm

Một số tính từ có cấu trúc phụ âm-nguyên âm-phụ âm sẽ gấp đôi phụ âm cuối.

Ví dụ:

big → bigger

hot → hotter

## 5. Ví dụ TOEIC

The new model is ______ than the previous one.

A. cheap
B. cheaper
C. cheapest
D. cheaply

Đáp án: **B. cheaper**

Vì có ""than"".

",3,2026-08-08 18:58:50.569444,2026-08-08 18:58:50.569444,
389,31,Comparative với tính từ dài,"

# Comparative với tính từ dài

## 1. Cấu trúc

Với tính từ dài, thường dùng:

**more + adjective + than**

Ví dụ:

more expensive than

more effective than

more efficient than

more reliable than

## 2. Ví dụ

The new system is more efficient than the old system.

This product is more expensive than that one.

## 3. Không dùng đồng thời MORE và -ER

Sai:

more cheaper ❌

more faster ❌

Đúng:

cheaper ✅

faster ✅

## 4. So sánh với LESS

LESS dùng để diễn tả mức độ thấp hơn.

**less + adjective + than**

Ví dụ:

The new model is less expensive than the old one.

## 5. Mẹo TOEIC

Nếu tính từ dài:

→ kiểm tra **more / less + adjective + than**.

",4,2026-08-08 18:58:50.569444,2026-08-08 18:58:50.569444,
390,31,Superlative – So sánh nhất,"

# Superlative – So sánh nhất

## 1. Khái niệm

So sánh nhất dùng để nói một đối tượng có mức độ cao nhất hoặc thấp nhất trong một nhóm.

## 2. Tính từ ngắn

**the + adjective-est**

Ví dụ:

the fastest

the cheapest

the largest

## 3. Tính từ dài

**the most + adjective**

Ví dụ:

the most effective

the most expensive

the most reliable

## 4. Mức thấp nhất

Dùng:

**the least + adjective**

Ví dụ:

the least expensive option

the least effective method

## 5. Ví dụ TOEIC

This is the ______ product in our catalog.

A. popular
B. more popular
C. most popular
D. popularly

Đáp án: **C. most popular**

Vì có cấu trúc:

**the most + adjective**

",5,2026-08-08 18:58:50.569444,2026-08-08 18:58:50.569444,
391,31,So sánh bất quy tắc,"

# So sánh bất quy tắc

## 1. Một số tính từ quan trọng

Một số adjective không tuân theo quy tắc thêm -er/-est.

| Positive | Comparative | Superlative |
|---|---|---|
| good | better | best |
| bad | worse | worst |
| far | farther/further | farthest/furthest |
| little | less | least |
| much/many | more | most |

## 2. GOOD

good → better → best

Ví dụ:

This option is better than the previous one.

## 3. BAD

bad → worse → worst

Ví dụ:

The new situation is worse than expected.

## 4. LITTLE

little → less → least

Ví dụ:

The new system requires less time.

## 5. MUCH / MANY

much/many → more → most

Ví dụ:

The company needs more employees.

## 6. Mẹo TOEIC

Đặc biệt ghi nhớ:

**good → better → best**

**bad → worse → worst**

**little → less → least**

**many/much → more → most**

",6,2026-08-08 18:58:50.569444,2026-08-08 18:58:50.569444,
392,31,So sánh với danh từ,"

# So sánh với danh từ

## 1. MORE + noun

MORE dùng với:

- danh từ đếm được số nhiều
- danh từ không đếm được

Ví dụ:

more employees

more information

more time

## 2. FEWER + noun

FEWER dùng với danh từ đếm được số nhiều.

Ví dụ:

fewer employees

fewer mistakes

fewer complaints

## 3. LESS + noun

LESS dùng với danh từ không đếm được.

Ví dụ:

less money

less time

less information

## 4. So sánh

**more + noun**

→ nhiều hơn

**fewer + plural countable noun**

→ ít hơn về số lượng đếm được

**less + uncountable noun**

→ ít hơn về lượng

## 5. Ví dụ TOEIC

The new system requires ______ employees.

A. less
B. fewer
C. little
D. least

Đáp án: **B. fewer**

Vì employees là danh từ đếm được số nhiều.

---

The new process requires ______ time.

→ time là danh từ không đếm được.

→ dùng **less**.

",7,2026-08-08 18:58:50.569444,2026-08-08 18:58:50.569444,
393,31,Double Comparatives,"

# Double Comparatives

## 1. Khái niệm

Double comparative diễn tả mối quan hệ:

→ càng... càng...

## 2. Cấu trúc

**The + comparative + S + V, the + comparative + S + V**

Ví dụ:

The more you practice, the better you become.

→ Bạn càng luyện tập nhiều, bạn càng tiến bộ.

## 3. Với adjective

The more expensive the product is, the less attractive it becomes.

## 4. Với adverb

The faster you work, the sooner you will finish.

## 5. Với danh từ

The more employees we hire, the more efficiently we can operate.

## 6. Mẹo TOEIC

Nhìn thấy cấu trúc:

**The + comparative, the + comparative**

→ đây là double comparative.

",8,2026-08-08 18:58:50.569444,2026-08-08 18:58:50.569444,
394,31,Comparative + and + Comparative,"

# Comparative + and + Comparative

## 1. Khái niệm

Cấu trúc:

**comparative + and + comparative**

diễn tả sự thay đổi ngày càng tăng hoặc giảm.

## 2. Ví dụ

The company is becoming **more and more successful**.

→ Công ty ngày càng thành công.

The machine is getting **faster and faster**.

→ Máy ngày càng nhanh.

## 3. Tính từ ngắn

Với adjective ngắn:

**-er and -er**

Ví dụ:

faster and faster

smaller and smaller

cheaper and cheaper

## 4. Tính từ dài

Dùng:

**more and more + adjective**

Ví dụ:

more and more important

more and more difficult

more and more expensive

## 5. Ví dụ TOEIC

Online shopping is becoming ______ popular.

A. more and more
B. most and most
C. much and much
D. many and many

Đáp án: **A. more and more**

",9,2026-08-08 18:58:50.569444,2026-08-08 18:58:50.569444,
395,31,Bẫy Comparisons trong TOEIC,"

# Bẫy Comparisons trong TOEIC

## 1. Bẫy MORE + -ER

Sai:

more cheaper ❌

more faster ❌

Đúng:

cheaper ✅

faster ✅

## 2. Bẫy THAN

Nếu có:

**than**

→ thường cần comparative.

Ví dụ:

The new model is cheaper than the old one.

## 3. Bẫy THE + SUPERLATIVE

Khi so sánh nhất:

**the + -est**

hoặc:

**the most + adjective**

Ví dụ:

the largest company

the most efficient system

## 4. Bẫy FEWER và LESS

FEWER + danh từ đếm được số nhiều.

LESS + danh từ không đếm được.

Ví dụ:

fewer employees

less money

## 5. Bẫy MORE và MOST

MORE:

→ so sánh hơn.

MOST:

→ so sánh nhất.

Ví dụ:

This system is more efficient than the old one.

This is the most efficient system.

## 6. Bẫy AS...AS

Cấu trúc:

**as + adjective/adverb + as**

Ví dụ:

The new model is as reliable as the old one.

## 7. Bẫy SO SÁNH KÉP

The more you practice, the better you become.

## 8. Ví dụ TOEIC

The new system is ______ efficient than the old one.

A. most
B. more
C. much
D. many

Đáp án: **B. more**

---

The company hired ______ employees this year than last year.

A. less
B. least
C. fewer
D. fewest

Đáp án: **C. fewer**

Vì employees là danh từ đếm được số nhiều.

---

This is ______ reliable system available.

A. more
B. most
C. the most
D. the more

Đáp án: **C. the most**

## 9. Quy trình làm bài

1. Tìm dấu hiệu **than**.
2. Kiểm tra **the** trước dạng so sánh nhất.
3. Xác định danh từ đếm được hay không đếm được.
4. Kiểm tra **as...as**.
5. Kiểm tra các dạng bất quy tắc.
6. Kiểm tra cấu trúc so sánh kép.

",10,2026-08-08 18:58:50.569444,2026-08-08 18:58:50.569444,
396,32,Quantity nâng cao là gì?,"

# Quantity nâng cao là gì?

## 1. Khái niệm

Quantity nâng cao tập trung vào cách diễn đạt số lượng trong những cấu trúc phức tạp hơn.

Ở Chặng 1, chúng ta đã học các từ cơ bản như:

- some
- any
- much
- many
- few
- a few
- little
- a little
- a lot of
- lots of

Ở Chặng 2, cần mở rộng sang:

- plenty of
- a great deal of
- a large amount of
- a large number of
- a number of
- the number of
- each
- every
- either
- neither
- both
- all
- most
- enough
- too much
- too many

## 2. Quan trọng nhất trong TOEIC

Cần phân biệt:

**a number of + plural noun + plural verb**

và:

**the number of + plural noun + singular verb**

Ví dụ:

A number of employees are absent.

The number of employees is increasing.

## 3. Mẹo TOEIC

Khi gặp câu hỏi về Quantity:

1. Xác định danh từ.
2. Xác định danh từ đếm được hay không đếm được.
3. Kiểm tra số ít hay số nhiều.
4. Kiểm tra động từ theo sau.
5. Kiểm tra ý nghĩa của từ chỉ số lượng.

",1,2026-08-08 19:02:08.282197,2026-08-08 19:02:08.282197,
397,32,PLENTY OF và ENOUGH,"

# PLENTY OF và ENOUGH

## 1. PLENTY OF

PLENTY OF có nghĩa là ""nhiều, dư dả"".

Dùng được với:

- danh từ đếm được số nhiều
- danh từ không đếm được

Ví dụ:

plenty of employees

plenty of time

plenty of information

## 2. ENOUGH

ENOUGH có nghĩa là ""đủ"".

Có thể dùng với danh từ:

**enough + noun**

Ví dụ:

enough time

enough money

enough employees

## 3. Enough + adjective/adverb

Cấu trúc:

**adjective + enough**

**adverb + enough**

Ví dụ:

The room is large enough.

She worked quickly enough.

## 4. Ví dụ TOEIC

The company has ______ resources to complete the project.

A. enough
B. too
C. many
D. few

Đáp án: **A. enough**

## 5. Mẹo

Phân biệt:

**enough + noun**

**adjective/adverb + enough**

Ví dụ:

enough money

good enough

quickly enough

",2,2026-08-08 19:02:08.282197,2026-08-08 19:02:08.282197,
398,32,A GREAT DEAL OF và A LARGE AMOUNT OF,"

# A GREAT DEAL OF và A LARGE AMOUNT OF

## 1. A GREAT DEAL OF

A GREAT DEAL OF dùng với danh từ không đếm được.

Nghĩa:

→ một lượng lớn

Ví dụ:

a great deal of money

a great deal of time

a great deal of information

## 2. A LARGE AMOUNT OF

A LARGE AMOUNT OF cũng dùng với danh từ không đếm được.

Ví dụ:

a large amount of information

a large amount of money

a large amount of work

## 3. Không dùng với danh từ đếm được số nhiều

Sai:

a great deal of employees ❌

a large amount of books ❌

Đúng:

a great deal of information ✅

a large amount of money ✅

## 4. So sánh

**a great deal of + uncountable noun**

**a large amount of + uncountable noun**

## 5. Ví dụ TOEIC

The company invested ______ money in the new facility.

A. a large amount of
B. a large number of
C. many
D. few

Đáp án: **A. a large amount of**

",3,2026-08-08 19:02:08.282197,2026-08-08 19:02:08.282197,
400,32,THE NUMBER OF,"

# THE NUMBER OF

## 1. Cấu trúc

**the number of + plural noun + singular verb**

""The number"" là chủ ngữ chính và được xem là số ít.

Ví dụ:

The number of employees is increasing.

## 2. So sánh với A NUMBER OF

### A number of

→ một số

→ động từ số nhiều

A number of employees are absent.

### The number of

→ số lượng

→ động từ số ít

The number of employees is increasing.

## 3. Đây là bẫy TOEIC rất phổ biến

Ví dụ:

The number of customers ______ increased significantly.

A. have
B. are
C. has
D. were

Đáp án: **C. has**

Vì chủ ngữ chính là:

**The number**

## 4. Mẹo

Đừng bị đánh lừa bởi danh từ số nhiều đứng sau ""of"".

Hãy xác định chủ ngữ chính:

**The number → singular**

",5,2026-08-08 19:02:08.282197,2026-08-08 19:02:08.282197,
401,32,EACH và EVERY,"

# EACH và EVERY

## 1. EACH

EACH dùng với danh từ đếm được số ít.

**each + singular noun**

Ví dụ:

each employee

each department

each student

## 2. EVERY

EVERY cũng dùng với danh từ đếm được số ít.

**every + singular noun**

Ví dụ:

every employee

every department

every month

## 3. Động từ

Sau:

**each/every + singular noun**

→ thường dùng động từ số ít.

Ví dụ:

Each employee is responsible for the task.

Every department has a manager.

## 4. EACH OF

Cấu trúc:

**each of + plural noun/pronoun + singular verb**

Ví dụ:

Each of the employees is required to attend.

## 5. So sánh

each employee

every employee

each of the employees

## 6. Mẹo TOEIC

Sau:

**each / every**

→ danh từ phải ở dạng số ít.

Sai:

every employees ❌

Đúng:

every employee ✅

",6,2026-08-08 19:02:08.282197,2026-08-08 19:02:08.282197,
402,32,"BOTH, EITHER và NEITHER","

# BOTH, EITHER và NEITHER

## 1. BOTH

BOTH dùng để nói về hai đối tượng.

**both + plural noun**

Ví dụ:

both employees

both departments

Both employees are experienced.

## 2. EITHER

EITHER nói về một trong hai đối tượng.

**either + singular noun**

Ví dụ:

either option

either employee

Either option is acceptable.

## 3. NEITHER

NEITHER có nghĩa là ""không cái nào trong hai"".

**neither + singular noun**

Ví dụ:

neither option

neither employee

Neither option is suitable.

## 4. BOTH OF

**both of + plural noun/pronoun**

Ví dụ:

Both of the employees are qualified.

## 5. EITHER OF và NEITHER OF

Có thể dùng:

either of + plural noun/pronoun

neither of + plural noun/pronoun

Ví dụ:

Either of the options is acceptable.

Neither of the options is available.

## 6. Mẹo TOEIC

Nhớ:

**both → plural**

**either → singular**

**neither → singular**

",7,2026-08-08 19:02:08.282197,2026-08-08 19:02:08.282197,
403,32,"ALL, MOST và NO","

# ALL, MOST và NO

## 1. ALL

ALL có thể dùng với:

- danh từ đếm được số nhiều
- danh từ không đếm được

Ví dụ:

all employees

all information

all the employees

all the information

## 2. MOST

MOST có thể dùng với:

- danh từ đếm được số nhiều
- danh từ không đếm được

Ví dụ:

most employees

most information

most of the employees

most of the information

## 3. NO

NO có thể dùng với:

- danh từ đếm được số ít/số nhiều tùy cấu trúc
- danh từ không đếm được

Ví dụ:

no employee

no employees

no information

## 4. MOST OF

Cấu trúc:

**most of + the/these/those/my/our + noun**

Ví dụ:

most of the employees

most of our customers

## 5. Mẹo TOEIC

Phân biệt:

**most employees**

và:

**most of the employees**

Khi có từ hạn định như:

the / these / those / my / our

→ thường dùng **most of**.

",8,2026-08-08 19:02:08.282197,2026-08-08 19:02:08.282197,
404,32,"TOO MUCH, TOO MANY và SO MUCH","

# TOO MUCH, TOO MANY và SO MUCH

## 1. TOO MUCH

Dùng với danh từ không đếm được.

**too much + uncountable noun**

Ví dụ:

too much money

too much time

too much information

## 2. TOO MANY

Dùng với danh từ đếm được số nhiều.

**too many + plural countable noun**

Ví dụ:

too many employees

too many questions

too many mistakes

## 3. SO MUCH

Dùng với danh từ không đếm được.

Ví dụ:

so much information

so much money

## 4. SO MANY

Dùng với danh từ đếm được số nhiều.

Ví dụ:

so many employees

so many applications

## 5. Ví dụ TOEIC

The manager has ______ work to complete today.

A. too many
B. too much
C. too few
D. too little

Đáp án: **B. too much**

Vì ""work"" là danh từ không đếm được.

## 6. Mẹo

**much → uncountable**

**many → plural countable**

",9,2026-08-08 19:02:08.282197,2026-08-08 19:02:08.282197,
405,32,Bẫy Quantity TOEIC,"

# Bẫy Quantity trong TOEIC

## 1. A NUMBER OF vs THE NUMBER OF

A number of employees **are** absent.

The number of employees **is** increasing.

Đây là một trong những bẫy quan trọng nhất.

## 2. FEWER vs LESS

**fewer + plural countable noun**

**less + uncountable noun**

Ví dụ:

fewer employees

less money

## 3. AMOUNT vs NUMBER

**amount of + uncountable noun**

**number of + plural countable noun**

Ví dụ:

a large amount of information

a large number of employees

## 4. EACH vs EVERY

each employee

every employee

Không dùng:

each employees ❌

every employees ❌

## 5. BOTH vs EITHER vs NEITHER

both employees

either employee

neither employee

## 6. ENOUGH

Có hai cấu trúc quan trọng:

**enough + noun**

**adjective/adverb + enough**

Ví dụ:

enough money

large enough

quickly enough

## 7. TOO MUCH vs TOO MANY

too much information

too many questions

## 8. Ví dụ tổng hợp

The company received ______ applications this year.

A. much
B. a large number of
C. a large amount of
D. little

Đáp án: **B. a large number of**

---

The number of applications ______ increased this month.

A. have
B. are
C. has
D. were

Đáp án: **C. has**

---

The company needs ______ information before making a decision.

A. a large number of
B. a large amount of
C. many
D. fewer

Đáp án: **B. a large amount of**

## 9. Quy trình làm bài

1. Xác định danh từ sau chỗ trống.
2. Kiểm tra countable/uncountable.
3. Kiểm tra singular/plural.
4. Nếu có ""number of"", xác định **a number** hay **the number**.
5. Kiểm tra động từ.
6. Kiểm tra nghĩa của câu.

**Công thức nhớ nhanh:**

amount → lượng → uncountable

number → số lượng → countable plural

a number of → plural verb

the number of → singular verb

",10,2026-08-08 19:02:08.282197,2026-08-08 19:02:08.282197,
406,33,Noun Clauses là gì?,"

# Noun Clauses là gì?

## 1. Khái niệm

Noun Clause (mệnh đề danh từ) là một mệnh đề có chức năng giống như một danh từ trong câu.

Noun Clause có thể làm:

- chủ ngữ
- tân ngữ
- bổ ngữ
- tân ngữ của giới từ

Ví dụ:

I know **that she is busy**.

→ ""that she is busy"" là noun clause, làm tân ngữ của ""know"".

## 2. Các từ thường mở đầu Noun Clause

Một số từ quan trọng:

- that
- whether
- if
- what
- who
- whom
- whose
- which
- when
- where
- why
- how

## 3. Ví dụ

I don't know **where he works**.

We need to determine **whether the plan is feasible**.

She explained **why the meeting was canceled**.

## 4. Mẹo TOEIC

Khi một mệnh đề đóng vai trò như một noun:

→ kiểm tra khả năng đó là **Noun Clause**.

",1,2026-08-08 20:11:53.335438,2026-08-08 20:11:53.335438,
407,33,That-Clause,"

# That-Clause

## 1. Cấu trúc

**that + S + V**

That-Clause thường làm tân ngữ sau các động từ như:

- think
- believe
- know
- say
- explain
- announce
- confirm
- report

Ví dụ:

The manager said **that the meeting was canceled**.

## 2. Ví dụ TOEIC

The company announced ______ it would open a new branch.

A. what
B. that
C. where
D. whether

Đáp án: **B. that**

Vì phía sau ""that"" là một mệnh đề hoàn chỉnh:

it would open a new branch.

## 3. Có thể bỏ THAT

Trong nhiều trường hợp, ""that"" có thể được lược bỏ.

Ví dụ:

I think that he is right.

I think he is right.

## 4. Lưu ý

Không phải mọi vị trí đều có thể bỏ ""that"".

Trong văn viết trang trọng, giữ ""that"" thường giúp câu rõ ràng hơn.

## 5. Mẹo TOEIC

Nếu sau chỗ trống là:

**S + V hoàn chỉnh**

và động từ phía trước phù hợp với nội dung được phát biểu:

→ kiểm tra **that-clause**.

",2,2026-08-08 20:11:53.335438,2026-08-08 20:11:53.335438,
408,33,Whether và If trong Noun Clauses,"

# Whether và If trong Noun Clauses

## 1. Ý nghĩa

WHETHER và IF trong noun clause thường có nghĩa:

→ liệu... hay không

Ví dụ:

I don't know whether he will attend.

I don't know if he will attend.

## 2. Sau động từ

Cả hai có thể được dùng sau nhiều động từ:

I don't know whether the plan will work.

I don't know if the plan will work.

## 3. WHETHER + TO V

Có thể dùng:

**whether + to-infinitive**

Ví dụ:

We need to decide whether to accept the offer.

Không dùng:

if to accept ❌

## 4. WHETHER OR NOT

Có thể dùng:

whether or not

Ví dụ:

We need to determine whether or not the proposal is acceptable.

## 5. Mẹo TOEIC

Nếu gặp:

**whether + to V**

→ đúng.

Nếu gặp:

**if + to V**

→ thường sai.

",3,2026-08-08 20:11:53.335438,2026-08-08 20:11:53.335438,
409,33,Wh-Clauses,"

# Wh-Clauses

## 1. Khái niệm

Wh-Clause là noun clause bắt đầu bằng các từ:

- what
- who
- whom
- whose
- which
- when
- where
- why
- how

Ví dụ:

I know **where he works**.

She explained **why the meeting was delayed**.

## 2. WHAT

WHAT có thể mang nghĩa:

→ điều gì / cái mà

Ví dụ:

We don't know what he wants.

## 3. WHERE

WHERE chỉ địa điểm.

Ví dụ:

Please tell me where the office is.

## 4. WHEN

WHEN chỉ thời gian.

Ví dụ:

We need to determine when the meeting will begin.

## 5. WHY

WHY chỉ nguyên nhân.

Ví dụ:

The manager explained why the project was delayed.

## 6. HOW

HOW thường hỏi về cách thức hoặc mức độ.

Ví dụ:

We need to know how the system works.

",4,2026-08-08 20:11:53.335438,2026-08-08 20:11:53.335438,
410,33,Noun Clause làm chủ ngữ,"

# Noun Clause làm chủ ngữ

## 1. Cấu trúc

Noun Clause có thể đứng đầu câu và làm chủ ngữ.

Ví dụ:

**What he said** was surprising.

→ ""What he said"" là chủ ngữ.

## 2. Ví dụ khác

**Whether the project will succeed** remains uncertain.

**Why the meeting was canceled** is unclear.

## 3. IT làm chủ ngữ giả

Trong tiếng Anh, noun clause dài có thể được đưa ra sau và dùng ""it"" làm chủ ngữ giả.

Ví dụ:

It is unclear **whether the project will succeed**.

It is important **that all employees attend the meeting**.

## 4. So sánh

### Noun clause làm chủ ngữ

What he said was important.

### It + be + adjective + noun clause

It was important that he attended.

## 5. Mẹo TOEIC

Nếu chỗ trống đứng đầu câu và sau đó là động từ:

→ kiểm tra noun clause có thể đóng vai trò **subject**.

",5,2026-08-08 20:11:53.335438,2026-08-08 20:11:53.335438,
411,33,Noun Clause làm tân ngữ,"

# Noun Clause làm tân ngữ

## 1. Cấu trúc

Noun Clause thường đứng sau động từ và làm object.

Ví dụ:

I know **where he works**.

She explained **why the meeting was canceled**.

The manager confirmed **that the report was accurate**.

## 2. Các động từ thường gặp

- know
- understand
- explain
- determine
- decide
- confirm
- believe
- think
- remember
- discover
- report

## 3. Ví dụ TOEIC

The manager explained ______ the shipment had been delayed.

A. why
B. what
C. who
D. whose

Đáp án: **A. why**

Vì noun clause cần diễn tả nguyên nhân:

why the shipment had been delayed.

## 4. Mẹo

Sau động từ cần một nội dung hoàn chỉnh:

**verb + noun clause**

",6,2026-08-08 20:11:53.335438,2026-08-08 20:11:53.335438,
412,33,Noun Clause và trật tự từ,"

# Noun Clause và trật tự từ

## 1. Quy tắc quan trọng

Trong noun clause, dùng **trật tự câu khẳng định**, không dùng trật tự câu hỏi.

Ví dụ đúng:

I don't know **where he is**.

Sai:

I don't know where **is he**. ❌

## 2. Với YES/NO question

Ví dụ:

Where is the office?

→ I don't know **where the office is**.

Does he work here?

→ I don't know **if he works here**.

## 3. Ví dụ TOEIC

The manager asked where ______.

A. was the report
B. the report was
C. did the report go
D. does the report go

Đáp án: **B. the report was**

## 4. Công thức

**Wh-word + S + V**

Không dùng:

**Wh-word + auxiliary + S + V**

trong noun clause.

## 5. Mẹo TOEIC

Đây là một bẫy rất phổ biến.

Nhìn thấy:

**I don't know / Do you know / Please tell me / We need to determine**

→ kiểm tra trật tự **S + V** phía sau wh-word.

",7,2026-08-08 20:11:53.335438,2026-08-08 20:11:53.335438,
413,33,Noun Clause sau giới từ,"

# Noun Clause sau giới từ

## 1. Cấu trúc

Một số noun clause có thể đứng sau giới từ.

Ví dụ:

We are concerned about **what will happen next**.

The decision depends on **whether the project is approved**.

## 2. Lưu ý với WHETHER

Sau giới từ, WHETHER thường được ưu tiên hơn IF trong văn viết trang trọng.

Ví dụ:

It depends on whether the client agrees.

## 3. Không dùng IF trong một số cấu trúc

Đặc biệt:

**preposition + whether-clause**

Ví dụ:

The decision depends on whether we receive approval.

## 4. Ví dụ TOEIC

The success of the project depends on ______ the client approves the proposal.

A. what
B. whether
C. why
D. which

Đáp án: **B. whether**

## 5. Mẹo

Nếu chỗ trống đứng sau:

- on
- about
- regarding
- concerning

→ kiểm tra noun clause phù hợp với giới từ.

",8,2026-08-08 20:11:53.335438,2026-08-08 20:11:53.335438,
414,33,Phân biệt Noun Clause và Relative Clause,"

# Phân biệt Noun Clause và Relative Clause

## 1. Noun Clause

Noun Clause đóng vai trò như một danh từ.

Ví dụ:

I know **what he wants**.

→ Toàn bộ ""what he wants"" là tân ngữ.

## 2. Relative Clause

Relative Clause bổ nghĩa cho một noun đã có trước đó.

Ví dụ:

I know the product **that he wants**.

→ ""that he wants"" bổ nghĩa cho ""the product"".

## 3. So sánh

### Noun Clause

I know **what he wants**.

→ ""what he wants"" = điều anh ấy muốn.

### Relative Clause

I know **the product that he wants**.

→ ""that he wants"" bổ nghĩa cho ""the product"".

## 4. Mẹo TOEIC

Nếu trước mệnh đề đã có một noun mà mệnh đề phía sau bổ nghĩa cho noun đó:

→ kiểm tra **Relative Clause**.

Nếu toàn bộ mệnh đề đóng vai trò noun:

→ kiểm tra **Noun Clause**.

",9,2026-08-08 20:11:53.335438,2026-08-08 20:11:53.335438,
415,33,Bẫy Noun Clauses trong TOEIC,"

# Bẫy Noun Clauses trong TOEIC

## 1. Bẫy trật tự từ

Sai:

I don't know where is the office. ❌

Đúng:

I don't know where the office is. ✅

## 2. Bẫy WHETHER và IF

Đúng:

I don't know whether he will come.

I don't know if he will come.

Nhưng:

whether + to V ✅

if + to V ❌

## 3. Bẫy THAT và WHAT

THAT chỉ kết nối mệnh đề.

Ví dụ:

I know that he is busy.

WHAT có thể mang nghĩa ""điều mà/cái mà"".

Ví dụ:

I know what he wants.

## 4. Bẫy Noun Clause và Relative Clause

I know what he wants.

→ noun clause.

I know the product that he wants.

→ relative clause.

## 5. Bẫy động từ theo sau noun clause

Noun clause vẫn phải có cấu trúc mệnh đề hoàn chỉnh.

Ví dụ:

We need to know where the meeting is.

Không:

where the meeting. ❌

## 6. Ví dụ tổng hợp

The manager wants to know ______ the shipment will arrive.

A. when
B. what
C. whose
D. which

Đáp án: **A. when**

---

The company has not decided ______ to accept the proposal.

A. whether
B. if
C. what
D. where

Đáp án: **A. whether**

Vì:

**whether + to accept**

---

The manager asked ______ the report was completed.

A. whether
B. was
C. did
D. what did

Đáp án: **A. whether**

## 7. Quy trình làm bài

1. Xác định noun clause bắt đầu từ đâu.
2. Kiểm tra từ nối.
3. Kiểm tra trật tự **S + V**.
4. Phân biệt **that / what / whether / if / wh-words**.
5. Kiểm tra noun clause hay relative clause.
6. Kiểm tra nghĩa toàn câu.

**Công thức nhớ nhanh:**

Noun Clause = đóng vai trò như noun.

**Wh-word + S + V**

Không đảo trợ động từ như câu hỏi trực tiếp.

",10,2026-08-08 20:11:53.335438,2026-08-08 20:11:53.335438,
416,34,Adverbial Clauses là gì?,"

# Adverbial Clauses là gì?

## 1. Khái niệm

Adverbial Clause (mệnh đề trạng ngữ) là một mệnh đề phụ có chức năng giống như trạng từ.

Nó bổ sung thông tin về:

- thời gian
- nguyên nhân
- điều kiện
- sự tương phản
- mục đích
- kết quả
- địa điểm
- cách thức

Ví dụ:

We will contact you **when the decision is made**.

→ ""when the decision is made"" là mệnh đề trạng ngữ chỉ thời gian.

## 2. Cấu trúc chung

**Independent Clause + Adverbial Clause**

Ví dụ:

The meeting will start when everyone arrives.

Hoặc:

**Adverbial Clause + Independent Clause**

Ví dụ:

When everyone arrives, the meeting will start.

## 3. Liên từ thường gặp

### Thời gian

- when
- while
- before
- after
- until
- since
- as soon as

### Nguyên nhân

- because
- since
- as

### Tương phản

- although
- though
- even though
- whereas
- while

### Điều kiện

- if
- unless
- provided that
- as long as

## 4. Mẹo TOEIC

Khi gặp một mệnh đề phụ:

→ xác định trước nó diễn tả **thời gian, nguyên nhân, điều kiện hay tương phản**.

Sau đó mới chọn conjunction phù hợp.

",1,2026-08-08 20:12:26.731623,2026-08-08 20:12:26.731623,
417,34,Adverbial Clauses chỉ thời gian,"

# Adverbial Clauses chỉ thời gian

## 1. Các liên từ quan trọng

Các từ thường dùng:

- when
- while
- before
- after
- until
- since
- as soon as
- once

## 2. WHEN

WHEN = khi.

Ví dụ:

We will start the meeting when the manager arrives.

## 3. WHILE

WHILE = trong khi.

Ví dụ:

Please wait here while I speak with the manager.

## 4. BEFORE và AFTER

Ví dụ:

Please submit the form before you leave.

We went home after the meeting ended.

## 5. UNTIL

UNTIL = cho đến khi.

Ví dụ:

The office will remain closed until the repairs are completed.

## 6. AS SOON AS

AS SOON AS = ngay khi.

Ví dụ:

We will notify you as soon as the decision is made.

## 7. Mẹo TOEIC

Các conjunction chỉ thời gian thường nối:

**conjunction + S + V**

Ví dụ:

when the manager arrives

before the meeting begins

after the report is completed

",2,2026-08-08 20:12:26.731623,2026-08-08 20:12:26.731623,
418,34,Adverbial Clauses và thì,"

# Adverbial Clauses và thì

## 1. Quy tắc quan trọng

Khi mệnh đề trạng ngữ chỉ thời gian nói về tương lai, sau các liên từ như:

- when
- before
- after
- until
- as soon as
- once

thường dùng **hiện tại đơn**, không dùng WILL.

Ví dụ:

We will call you when the manager **arrives**.

Không:

when the manager will arrive. ❌

## 2. Ví dụ

The meeting will begin after everyone arrives.

We will send the documents as soon as they are ready.

The office will remain closed until the repairs are completed.

## 3. Mệnh đề chính vẫn có thể dùng WILL

Cấu trúc:

**When + present simple, will + V**

Ví dụ:

When the report is finished, we will send it to the client.

## 4. Mẹo TOEIC

Nếu thấy:

**when / after / before / until / as soon as + ______**

và câu đang nói về tương lai:

→ kiểm tra **Present Simple**.

",3,2026-08-08 20:12:26.731623,2026-08-08 20:12:26.731623,
419,34,Adverbial Clauses chỉ nguyên nhân,"

# Adverbial Clauses chỉ nguyên nhân

## 1. BECAUSE

BECAUSE = bởi vì.

**because + S + V**

Ví dụ:

The meeting was canceled because the manager was ill.

## 2. SINCE

SINCE cũng có thể mang nghĩa ""bởi vì"".

Ví dụ:

Since the weather was bad, the event was postponed.

## 3. AS

AS cũng có thể chỉ nguyên nhân.

Ví dụ:

As the office was closed, we worked from home.

## 4. So sánh

because

→ nguyên nhân rõ ràng, thường được sử dụng phổ biến nhất.

since / as

→ cũng có thể chỉ nguyên nhân, thường mang tính giải thích hoặc thông tin đã biết.

## 5. Bẫy TOEIC

Không nhầm:

**because + clause**

với:

**because of + noun / noun phrase**

Ví dụ:

The flight was delayed because the weather was bad.

The flight was delayed because of bad weather.

## 6. Mẹo

Sau chỗ trống là:

**S + V → because**

**noun / noun phrase → because of**

",4,2026-08-08 20:12:26.731623,2026-08-08 20:12:26.731623,
420,34,Adverbial Clauses chỉ sự tương phản,"

# Adverbial Clauses chỉ sự tương phản

## 1. ALTHOUGH

ALTHOUGH = mặc dù.

**although + S + V**

Ví dụ:

Although the project was difficult, the team completed it on time.

## 2. EVEN THOUGH

EVEN THOUGH cũng có nghĩa ""mặc dù"", nhấn mạnh hơn.

Ví dụ:

Even though the company faced difficulties, it continued to expand.

## 3. THOUGH

THOUGH cũng có thể được dùng tương tự although.

Ví dụ:

Though the task was challenging, we completed it successfully.

## 4. WHILE và WHEREAS

Có thể dùng để thể hiện sự tương phản giữa hai đối tượng hoặc hai tình huống.

Ví dụ:

Sales increased in Asia, whereas sales declined in Europe.

## 5. Bẫy quan trọng

Không dùng:

Although ... but ... ❌

Đúng:

Although the project was expensive, the company approved it. ✅

Không cần ""but"".

## 6. Mẹo TOEIC

Nếu câu đã có:

**although / even though / though**

→ không thêm **but**.

",5,2026-08-08 20:12:26.731623,2026-08-08 20:12:26.731623,
421,34,Adverbial Clauses chỉ điều kiện,"

# Adverbial Clauses chỉ điều kiện

## 1. IF

IF = nếu.

**if + S + V**

Ví dụ:

If the weather improves, we will hold the event outside.

## 2. UNLESS

UNLESS = trừ khi / nếu không.

Ví dụ:

The event will be canceled unless the weather improves.

## 3. PROVIDED THAT

PROVIDED THAT = với điều kiện là.

Ví dụ:

You can attend the meeting provided that you register in advance.

## 4. AS LONG AS

AS LONG AS = miễn là.

Ví dụ:

You can use the equipment as long as you follow the instructions.

## 5. IF và UNLESS

If you don't submit the form, you cannot register.

≈ Unless you submit the form, you cannot register.

## 6. Mẹo TOEIC

Không dùng:

unless ... not ❌

Ví dụ:

Unless you do not submit the form ❌

Vì ""unless"" đã mang nghĩa điều kiện phủ định.

",6,2026-08-08 20:12:26.731623,2026-08-08 20:12:26.731623,
422,34,Adverbial Clauses chỉ mục đích,"

# Adverbial Clauses chỉ mục đích

## 1. SO THAT

SO THAT = để mà.

**so that + S + can/could/will/would + V**

Ví dụ:

The company hired more staff so that it could serve customers more efficiently.

## 2. IN ORDER THAT

IN ORDER THAT cũng dùng để diễn tả mục đích.

Ví dụ:

The system was upgraded in order that employees could work more efficiently.

## 3. SO THAT + modal verb

Ví dụ:

Please speak clearly so that everyone can understand you.

## 4. Phân biệt với IN ORDER TO

**in order to + V**

**so that + S + V**

Ví dụ:

The company hired more employees in order to improve customer service.

The company hired more employees so that it could improve customer service.

## 5. Mẹo TOEIC

Sau chỗ trống là:

**S + V → so that / in order that**

**V nguyên mẫu → in order to**

",7,2026-08-08 20:12:26.731623,2026-08-08 20:12:26.731623,
423,34,Adverbial Clauses chỉ kết quả,"

# Adverbial Clauses chỉ kết quả

## 1. SO ... THAT

Cấu trúc:

**so + adjective/adverb + that + S + V**

Ví dụ:

The problem was so difficult that nobody could solve it.

## 2. SUCH ... THAT

Cấu trúc:

**such + noun phrase + that + S + V**

Ví dụ:

It was such a difficult problem that nobody could solve it.

## 3. So sánh

### SO

so + adjective/adverb + that

so expensive that

so quickly that

### SUCH

such + noun phrase + that

such an expensive product that

such difficult conditions that

## 4. Ví dụ TOEIC

The report was ______ complicated that the manager requested a revision.

A. such
B. so
C. very
D. too

Đáp án: **B. so**

Vì ""complicated"" là adjective.

## 5. Mẹo

**so + adjective/adverb + that**

**such + noun phrase + that**

",8,2026-08-08 20:12:26.731623,2026-08-08 20:12:26.731623,
424,34,Adverbial Clauses chỉ địa điểm và cách thức,"

# Adverbial Clauses chỉ địa điểm và cách thức

## 1. WHERE

WHERE có thể mở đầu mệnh đề trạng ngữ chỉ địa điểm.

Ví dụ:

Please place the equipment where it is easily accessible.

## 2. WHEREVER

WHEREVER = bất cứ nơi nào.

Ví dụ:

Employees can work wherever they have an Internet connection.

## 3. AS

AS có thể diễn tả cách thức trong một số cấu trúc.

Ví dụ:

Please complete the form as the instructions indicate.

## 4. AS IF và AS THOUGH

AS IF / AS THOUGH = như thể.

Ví dụ:

He speaks as if he knows everything.

She acted as though nothing had happened.

## 5. Mẹo TOEIC

Không phải mọi ""where"" đều là câu hỏi.

Ví dụ:

I don't know where the office is.

→ noun clause.

Please work where the equipment is located.

→ adverbial clause chỉ địa điểm.

",9,2026-08-08 20:12:26.731623,2026-08-08 20:12:26.731623,
425,34,Bẫy Adverbial Clauses trong TOEIC,"

# Bẫy Adverbial Clauses trong TOEIC

## 1. Bẫy WILL sau liên từ thời gian

Sai:

We will call you when the manager will arrive. ❌

Đúng:

We will call you when the manager arrives. ✅

## 2. Bẫy ALTHOUGH và BUT

Sai:

Although the project was expensive, but the company approved it. ❌

Đúng:

Although the project was expensive, the company approved it. ✅

## 3. Bẫy BECAUSE và BECAUSE OF

**because + S + V**

**because of + noun**

Ví dụ:

because the weather was bad

because of bad weather

## 4. Bẫy DESPITE và ALTHOUGH

**despite + noun / V-ing**

**although + S + V**

Ví dụ:

Despite the rain, the event continued.

Although it was raining, the event continued.

## 5. Bẫy SO và SUCH

**so + adjective/adverb + that**

**such + noun phrase + that**

Ví dụ:

so difficult that

such a difficult task that

## 6. Bẫy UNLESS

UNLESS đã mang nghĩa điều kiện phủ định.

Đúng:

Unless you register, you cannot attend.

Sai:

Unless you don't register, you cannot attend. ❌

## 7. Bẫy IN ORDER TO và SO THAT

**in order to + V**

**so that + S + V**

Ví dụ:

The company upgraded the system in order to improve efficiency.

The company upgraded the system so that employees could work faster.

## 8. Ví dụ tổng hợp

The company will announce the results when the final report ______ completed.

A. will be
B. is
C. was
D. has

Đáp án: **B. is**

---

______ the weather was unfavorable, the event continued as planned.

A. Because of
B. Although
C. Despite
D. Because

Đáp án: **B. Although**

---

The manager explained the procedure clearly so that all employees ______ understand it.

A. can
B. could
C. are
D. have

Đáp án: **B. could**

## 9. Quy trình làm bài

1. Xác định mệnh đề chính và mệnh đề phụ.
2. Xác định quan hệ giữa hai mệnh đề.
3. Kiểm tra liên từ:
   - thời gian
   - nguyên nhân
   - điều kiện
   - tương phản
   - mục đích
   - kết quả
4. Kiểm tra cấu trúc phía sau liên từ.
5. Kiểm tra thì của động từ.

**Công thức nhớ nhanh:**

because + S + V

because of + noun

although + S + V

despite + noun/V-ing

so + adj/adv + that

such + noun phrase + that

in order to + V

so that + S + V

when + present simple → nói về tương lai

",10,2026-08-08 20:12:26.731623,2026-08-08 20:12:26.731623,
426,35,Conditionals là gì?,"

# Conditionals là gì?

## 1. Khái niệm

Conditional Sentences (câu điều kiện) dùng để diễn tả:

- điều kiện
- kết quả
- khả năng xảy ra
- tình huống giả định
- tình huống trái với thực tế

Câu điều kiện thường gồm hai phần:

**If-clause + Main Clause**

Ví dụ:

If it rains, we will cancel the event.

→ Nếu trời mưa, chúng tôi sẽ hủy sự kiện.

## 2. Hai mệnh đề

### If-clause

Diễn tả điều kiện.

### Main Clause

Diễn tả kết quả.

Ví dụ:

If the weather improves, we will hold the event.

If the weather improves → điều kiện

we will hold the event → kết quả

## 3. Các loại câu điều kiện chính

### Type 0

Sự thật hoặc quy luật chung.

### Type 1

Điều kiện có khả năng xảy ra trong hiện tại/tương lai.

### Type 2

Tình huống giả định hoặc ít có khả năng xảy ra.

### Type 3

Tình huống trái với thực tế trong quá khứ.

## 4. Mẹo TOEIC

Khi gặp câu điều kiện:

1. Xác định thời gian.
2. Xác định tình huống có thật hay giả định.
3. Xác định loại câu điều kiện.
4. Chọn đúng thì cho cả hai mệnh đề.

",1,2026-08-08 20:12:53.711301,2026-08-08 20:12:53.711301,
427,35,Conditional Type 0,"

# Conditional Type 0

## 1. Cách sử dụng

Type 0 dùng để diễn tả:

- sự thật hiển nhiên
- quy luật
- thói quen hoặc kết quả luôn xảy ra

## 2. Cấu trúc

**If + Present Simple, Present Simple**

Ví dụ:

If water reaches 100°C, it boils.

## 3. Ví dụ trong môi trường công việc

If employees arrive late, they receive a warning.

If the machine overheats, it shuts down automatically.

## 4. Có thể dùng WHEN

Trong nhiều trường hợp, IF có thể được thay bằng WHEN khi nói về sự thật hoặc quy luật.

Ví dụ:

When the temperature rises, the machine becomes less efficient.

## 5. Mẹo TOEIC

Nếu câu mô tả một quy luật hoặc kết quả luôn đúng:

→ kiểm tra **Type 0**.

**If + Present Simple → Present Simple**

",2,2026-08-08 20:12:53.711301,2026-08-08 20:12:53.711301,
428,35,Conditional Type 1,"

# Conditional Type 1

## 1. Cách sử dụng

Type 1 dùng để diễn tả một điều kiện:

- có khả năng xảy ra
- thường liên quan đến hiện tại hoặc tương lai

## 2. Cấu trúc

**If + Present Simple, will + V**

Ví dụ:

If the weather improves, we will hold the event.

## 3. Ví dụ TOEIC

If the client approves the proposal, we will begin the project next month.

If you submit the application today, we will process it tomorrow.

## 4. Có thể dùng modal verbs

Mệnh đề chính không nhất thiết phải dùng WILL.

Có thể dùng:

- can
- may
- might
- should
- must

Ví dụ:

If you finish the report today, you can leave early.

If the shipment arrives tomorrow, we may begin production.

## 5. Không dùng WILL sau IF trong trường hợp thông thường

Sai:

If the manager will approve the plan, we will proceed. ❌

Đúng:

If the manager approves the plan, we will proceed. ✅

## 6. Mẹo TOEIC

Nhìn thấy:

**If + hiện tại đơn**

→ mệnh đề chính thường có:

will / can / may / might / should

",3,2026-08-08 20:12:53.711301,2026-08-08 20:12:53.711301,
429,35,Conditional Type 2,"

# Conditional Type 2

## 1. Cách sử dụng

Type 2 dùng để nói về:

- tình huống giả định ở hiện tại
- tình huống ít có khả năng xảy ra
- điều không đúng với thực tế hiện tại

## 2. Cấu trúc

**If + Past Simple, would + V**

Ví dụ:

If I had more time, I would learn another language.

## 3. Ví dụ TOEIC

If the company had more resources, it would expand more quickly.

If I were the manager, I would change the policy.

## 4. WERE

Trong câu điều kiện Type 2, **were** thường được dùng với mọi chủ ngữ trong văn phong trang trọng.

Ví dụ:

If I were you, I would accept the offer.

If he were more experienced, he would perform better.

## 5. Có thể dùng COULD hoặc MIGHT

Ví dụ:

If we had more employees, we could finish the project earlier.

If the price were lower, more customers might buy the product.

## 6. Mẹo TOEIC

Nếu tình huống là giả định hiện tại:

**If + Past Simple → would + V**

",4,2026-08-08 20:12:53.711301,2026-08-08 20:12:53.711301,
430,35,Conditional Type 3,"

# Conditional Type 3

## 1. Cách sử dụng

Type 3 dùng để nói về một điều kiện:

- đã không xảy ra trong quá khứ
- kết quả cũng không xảy ra
- thường thể hiện sự tiếc nuối hoặc giả định quá khứ

## 2. Cấu trúc

**If + Past Perfect, would have + V3/ed**

Ví dụ:

If we had left earlier, we would have arrived on time.

## 3. Ví dụ TOEIC

If the company had prepared earlier, it would have avoided the delay.

If she had checked the report, she would have found the error.

## 4. Mệnh đề IF

Dùng:

**had + V3/ed**

Ví dụ:

If they had known about the problem...

## 5. Mệnh đề chính

Dùng:

**would have + V3/ed**

Ví dụ:

...they would have fixed it earlier.

## 6. Mẹo TOEIC

Nếu câu nói về một tình huống đã qua và không thể thay đổi:

→ kiểm tra Type 3.

**If + had + V3 → would have + V3**

",5,2026-08-08 20:12:53.711301,2026-08-08 20:12:53.711301,
431,35,"So sánh Type 1, Type 2 và Type 3","

# So sánh Type 1, Type 2 và Type 3

## 1. Type 1

Có khả năng xảy ra.

**If + Present Simple → will + V**

Ví dụ:

If he studies, he will pass.

## 2. Type 2

Giả định hiện tại.

**If + Past Simple → would + V**

Ví dụ:

If he studied, he would pass.

## 3. Type 3

Giả định quá khứ.

**If + Past Perfect → would have + V3**

Ví dụ:

If he had studied, he would have passed.

## 4. So sánh ý nghĩa

### Type 1

If the company invests more, it will grow.

→ Có khả năng công ty sẽ đầu tư.

### Type 2

If the company invested more, it would grow.

→ Giả định công ty đầu tư nhiều hơn.

### Type 3

If the company had invested more, it would have grown.

→ Công ty đã không đầu tư đủ trong quá khứ.

## 5. Mẹo TOEIC

Nhìn vào thời gian trước:

**present/future possibility → Type 1**

**present hypothetical → Type 2**

**past hypothetical → Type 3**

",6,2026-08-08 20:12:53.711301,2026-08-08 20:12:53.711301,
432,35,Unless trong câu điều kiện,"

# Unless trong câu điều kiện

## 1. Ý nghĩa

UNLESS có nghĩa:

- trừ khi
- nếu không

## 2. Cấu trúc

**Unless + Present Simple, Main Clause**

Ví dụ:

Unless you submit the form, you cannot register.

→ Nếu bạn không nộp biểu mẫu, bạn không thể đăng ký.

## 3. Tương đương với IF NOT

Unless you hurry, you will miss the train.

≈ If you do not hurry, you will miss the train.

## 4. Không dùng NOT sau UNLESS

Sai:

Unless you don't submit the form, you cannot register. ❌

Đúng:

Unless you submit the form, you cannot register. ✅

## 5. Ví dụ TOEIC

The shipment will not be released unless the payment ______ received.

A. is
B. will be
C. was
D. has

Đáp án: **A. is**

## 6. Mẹo

UNLESS đã mang nghĩa phủ định.

→ Không cần thêm NOT trong mệnh đề unless.

",7,2026-08-08 20:12:53.711301,2026-08-08 20:12:53.711301,
433,35,"Provided That, Providing That và As Long As","

# Provided That, Providing That và As Long As

## 1. PROVIDED THAT

PROVIDED THAT = với điều kiện là.

Ví dụ:

You may use the conference room provided that you reserve it in advance.

## 2. PROVIDING THAT

PROVIDING THAT cũng có nghĩa:

→ với điều kiện là.

Ví dụ:

We can approve the request providing that all documents are submitted.

## 3. AS LONG AS

AS LONG AS = miễn là.

Ví dụ:

Employees may work remotely as long as they meet their deadlines.

## 4. Cấu trúc chung

**provided that + S + V**

**providing that + S + V**

**as long as + S + V**

## 5. Ví dụ TOEIC

The company will extend the contract ______ the employee meets all requirements.

A. unless
B. provided that
C. despite
D. because of

Đáp án: **B. provided that**

## 6. Mẹo

Các cấu trúc này đều có thể diễn tả điều kiện.

",8,2026-08-08 20:12:53.711301,2026-08-08 20:12:53.711301,
434,35,In Case và câu điều kiện,"

# In Case và câu điều kiện

## 1. IN CASE

IN CASE = phòng khi / đề phòng trường hợp.

Ví dụ:

Take an umbrella in case it rains.

→ Mang ô phòng khi trời mưa.

## 2. IN CASE khác IF

IF:

→ điều kiện để một hành động xảy ra.

IN CASE:

→ chuẩn bị trước để đề phòng khả năng xảy ra.

### IF

Take an umbrella if it rains.

→ Nếu trời mưa thì hãy lấy ô.

### IN CASE

Take an umbrella in case it rains.

→ Mang ô phòng khi trời mưa.

## 3. Cấu trúc

**main clause + in case + present simple**

Ví dụ:

We should save a copy in case the system crashes.

## 4. Không dùng WILL sau IN CASE trong cách dùng thông thường

Sai:

Save the file in case the system will crash. ❌

Đúng:

Save the file in case the system crashes. ✅

## 5. Mẹo TOEIC

Nếu câu mang nghĩa:

""phòng khi / đề phòng""

→ kiểm tra **in case**.

",9,2026-08-08 20:12:53.711301,2026-08-08 20:12:53.711301,
435,35,Bẫy Conditionals trong TOEIC,"

# Bẫy Conditionals trong TOEIC

## 1. Bẫy WILL sau IF

Sai:

If the manager will approve the proposal, we will proceed. ❌

Đúng:

If the manager approves the proposal, we will proceed. ✅

## 2. Bẫy Type 2

Type 2:

**If + Past Simple → would + V**

Ví dụ:

If I were the manager, I would change the policy.

## 3. Bẫy Type 3

Type 3:

**If + Past Perfect → would have + V3**

Ví dụ:

If they had prepared earlier, they would have avoided the problem.

## 4. Bẫy UNLESS

Không dùng:

unless + not

Sai:

Unless you don't pay, the service will stop. ❌

## 5. Bẫy IF và IN CASE

IF:

→ điều kiện.

IN CASE:

→ đề phòng.

## 6. Bẫy đảo mệnh đề

Có thể viết:

If the manager approves the plan, we will proceed.

Hoặc:

We will proceed if the manager approves the plan.

Ý nghĩa không thay đổi.

## 7. Dấu phẩy

Nếu IF-clause đứng đầu:

**If + clause, main clause**

Ví dụ:

If the weather improves, we will continue the event.

Nếu main clause đứng trước:

**Main clause + if + clause**

Ví dụ:

We will continue the event if the weather improves.

Thường không cần dấu phẩy trước if-clause.

## 8. Ví dụ tổng hợp

If the company ______ more employees, it would be able to handle the workload.

A. hires
B. hired
C. had hired
D. will hire

Đáp án: **B. hired**

→ Type 2.

---

If the company had hired more employees, it ______ the deadline.

A. meets
B. will meet
C. would meet
D. would have met

Đáp án: **D. would have met**

→ Type 3.

---

The event will continue unless the weather ______ worse.

A. becomes
B. will become
C. became
D. would become

Đáp án: **A. becomes**

## 9. Công thức nhớ nhanh

**Type 0**

If + Present → Present

**Type 1**

If + Present → will + V

**Type 2**

If + Past → would + V

**Type 3**

If + had + V3 → would have + V3

**Unless**

unless + clause = if ... not

**Provided that**

= với điều kiện là

**As long as**

= miễn là

**In case**

= phòng khi

",10,2026-08-08 20:12:53.711301,2026-08-08 20:12:53.711301,
436,36,Wish là gì?,"

# Wish là gì?

## 1. Khái niệm

WISH được sử dụng để diễn tả:

- mong ước
- điều trái với thực tế
- sự tiếc nuối
- mong muốn một tình huống thay đổi

Ví dụ:

I wish I had more time.

→ Tôi ước mình có nhiều thời gian hơn.

## 2. Các cấu trúc chính

### Wish ở hiện tại

**wish + Past Simple**

### Wish ở quá khứ

**wish + Past Perfect**

### Wish về tương lai

**wish + would + V**

## 3. Ý nghĩa

Cần xác định thời điểm của điều ước:

- hiện tại → Past Simple
- quá khứ → Past Perfect
- tương lai/thay đổi → would

## 4. Mẹo TOEIC

Đừng nhìn riêng từ ""wish"".

Hãy xác định:

**Điều ước nói về hiện tại, quá khứ hay tương lai?**

",1,2026-08-08 20:13:14.353223,2026-08-08 20:13:14.353223,
437,36,Wish ở hiện tại,"

# Wish ở hiện tại

## 1. Cách sử dụng

Dùng để nói về một tình huống hiện tại:

- không đúng với thực tế
- người nói muốn nó khác đi

## 2. Cấu trúc

**wish + Past Simple**

Ví dụ:

I wish I had more time.

→ Hiện tại tôi không có nhiều thời gian.

She wishes she lived closer to the office.

→ Hiện tại cô ấy không sống gần văn phòng.

## 3. Với động từ BE

Trong văn phong trang trọng, thường dùng:

**were**

Ví dụ:

I wish I were more experienced.

I wish he were here.

## 4. So sánh với thực tế

### Thực tế:

I don't have enough money.

### Điều ước:

I wish I had more money.

## 5. Ví dụ TOEIC

The manager wishes he ______ more time to review the proposal.

A. has
B. had
C. will have
D. has had

Đáp án: **B. had**

## 6. Mẹo

**wish + Past Simple**

→ mong muốn hiện tại khác với thực tế.

",2,2026-08-08 20:13:14.353223,2026-08-08 20:13:14.353223,
438,36,Wish với WERE,"

# Wish với WERE

## 1. Cấu trúc

Khi diễn tả điều ước trái với thực tế, **were** thường được dùng thay cho was trong văn phong trang trọng.

Ví dụ:

I wish I were taller.

I wish she were here.

I wish he were more careful.

## 2. So sánh

Trong văn nói không trang trọng, đôi khi có:

I wish I was there.

Nhưng trong tiếng Anh chuẩn/trang trọng:

I wish I were there.

## 3. TOEIC

TOEIC thường ưu tiên cấu trúc ngữ pháp chuẩn.

Ví dụ:

I wish the manager ______ available today.

A. is
B. was
C. were
D. will be

Đáp án phù hợp nhất trong văn phong chuẩn:

**C. were**

## 4. Mẹo

Khi thấy:

**wish + chủ ngữ + BE**

→ kiểm tra khả năng dùng **were**.

",3,2026-08-08 20:13:14.353223,2026-08-08 20:13:14.353223,
439,36,Wish về quá khứ,"

# Wish về quá khứ

## 1. Cách sử dụng

Dùng để diễn tả:

- sự tiếc nuối
- điều đã không xảy ra trong quá khứ
- mong muốn quá khứ đã khác đi

## 2. Cấu trúc

**wish + Past Perfect**

Tức là:

**wish + had + V3/ed**

Ví dụ:

I wish I had studied harder.

→ Tôi ước mình đã học chăm chỉ hơn.

## 3. Ví dụ công việc

She wishes she had accepted the offer.

→ Cô ấy tiếc vì đã không nhận lời đề nghị.

The manager wishes he had checked the report earlier.

→ Người quản lý tiếc vì đã không kiểm tra báo cáo sớm hơn.

## 4. Ví dụ TOEIC

The manager wishes he ______ the error before submitting the report.

A. noticed
B. had noticed
C. would notice
D. notices

Đáp án: **B. had noticed**

## 5. Mẹo

Nếu điều ước nói về:

**một việc đã xảy ra/không xảy ra trong quá khứ**

→ **wish + had + V3**.

",4,2026-08-08 20:13:14.353223,2026-08-08 20:13:14.353223,
440,36,Wish về tương lai,"

# Wish về tương lai

## 1. Cách sử dụng

Dùng để thể hiện mong muốn:

- một tình huống thay đổi
- một người thay đổi hành vi
- một điều gì đó xảy ra trong tương lai

## 2. Cấu trúc

**wish + would + V**

Ví dụ:

I wish the manager would respond soon.

→ Tôi mong người quản lý sẽ phản hồi sớm.

## 3. Thường dùng khi muốn thay đổi hành vi/tình huống

Ví dụ:

I wish the employees would arrive on time.

I wish the company would improve its customer service.

## 4. Không dùng tùy tiện

Thông thường không dùng:

I wish I would have more money. ❌

Đúng:

I wish I had more money. ✅

Vì ""có nhiều tiền"" là tình trạng hiện tại.

## 5. Mẹo

**wish + would**

→ mong muốn một hành động hoặc tình huống thay đổi.

",5,2026-08-08 20:13:14.353223,2026-08-08 20:13:14.353223,
441,36,Wish + Could,"

# Wish + Could

## 1. Cấu trúc

**wish + could + V**

Dùng để diễn tả mong muốn có khả năng làm điều gì đó.

Ví dụ:

I wish I could speak English fluently.

→ Tôi ước mình có thể nói tiếng Anh trôi chảy.

## 2. Khác với Wish + Would

### Wish + could

→ mong muốn có khả năng.

I wish I could attend the meeting.

### Wish + would

→ mong muốn một hành động/tình huống thay đổi.

I wish he would attend the meeting.

## 3. Ví dụ TOEIC

The employee wishes she ______ attend the training session.

A. can
B. could
C. would
D. will

Đáp án: **B. could**

## 4. Mẹo

**could → khả năng**

**would → mong muốn thay đổi hành động/tình huống**

",6,2026-08-08 20:13:14.353223,2026-08-08 20:13:14.353223,
442,36,If Only,"

# If Only

## 1. Khái niệm

IF ONLY có thể được dùng tương tự WISH để diễn tả mong ước hoặc tiếc nuối.

Ví dụ:

If only I had more time!

→ Giá mà tôi có nhiều thời gian hơn!

## 2. Hiện tại

**If only + Past Simple**

Ví dụ:

If only I were more confident.

## 3. Quá khứ

**If only + Past Perfect**

Ví dụ:

If only I had studied harder.

## 4. Tương lai

**If only + would + V**

Ví dụ:

If only the company would reduce the price.

## 5. So sánh

I wish I had more time.

≈ If only I had more time.

## 6. Mẹo TOEIC

IF ONLY tuân theo logic tương tự WISH:

**hiện tại → Past Simple**

**quá khứ → Past Perfect**

**mong muốn thay đổi → would**

",7,2026-08-08 20:13:14.353223,2026-08-08 20:13:14.353223,
443,36,Wish và Conditional Sentences,"

# Wish và Conditional Sentences

## 1. Wish hiện tại và Conditional Type 2

Hai cấu trúc có điểm tương đồng:

### Wish

I wish I had more time.

### Conditional Type 2

If I had more time, I would travel more.

Cả hai đều dùng Past Simple để diễn tả tình huống giả định hiện tại.

## 2. Wish quá khứ và Conditional Type 3

### Wish

I wish I had studied harder.

### Conditional Type 3

If I had studied harder, I would have passed the exam.

Cả hai đều dùng Past Perfect để nói về quá khứ trái với thực tế.

## 3. Mẹo

Có thể ghi nhớ:

**Wish hiện tại ≈ logic Type 2**

**Wish quá khứ ≈ logic Type 3**

",8,2026-08-08 20:13:14.353223,2026-08-08 20:13:14.353223,
444,36,Wish và Hope,"

# Wish và Hope

## 1. HOPE

HOPE thường diễn tả một điều có khả năng xảy ra.

Ví dụ:

I hope the meeting goes well.

→ Tôi hy vọng cuộc họp diễn ra tốt đẹp.

## 2. WISH

WISH thường diễn tả:

- điều trái với thực tế
- điều khó xảy ra
- sự tiếc nuối
- mong muốn thay đổi

Ví dụ:

I wish I had more time.

→ Thực tế tôi không có nhiều thời gian.

## 3. So sánh

### Hope

I hope he comes tomorrow.

→ Có khả năng anh ấy sẽ đến.

### Wish

I wish he were here.

→ Hiện tại anh ấy không ở đây.

## 4. Ví dụ TOEIC

The manager ______ that the client will approve the proposal.

A. wishes
B. hopes
C. wished
D. had wished

Đáp án: **B. hopes**

Vì việc khách hàng phê duyệt vẫn có khả năng xảy ra.

## 5. Mẹo

**hope → có khả năng**

**wish → trái thực tế / khó xảy ra / tiếc nuối**

",9,2026-08-08 20:13:14.353223,2026-08-08 20:13:14.353223,
445,36,Bẫy Wish trong TOEIC,"

# Bẫy Wish trong TOEIC

## 1. Wish hiện tại

**wish + Past Simple**

Ví dụ:

I wish I had more experience.

Không:

I wish I have more experience. ❌

## 2. Wish quá khứ

**wish + Past Perfect**

Ví dụ:

I wish I had checked the report.

Không:

I wish I checked the report. ❌

nếu muốn diễn tả sự tiếc nuối về một việc đã xảy ra/không xảy ra trong quá khứ.

## 3. Wish + would

Dùng để mong một hành động/tình huống thay đổi.

Ví dụ:

I wish the company would improve its service.

## 4. Wish + could

Dùng để nói về khả năng.

Ví dụ:

I wish I could attend the meeting.

## 5. Wish và Hope

Hope:

→ điều có khả năng xảy ra.

Wish:

→ điều trái thực tế hoặc mong muốn thay đổi.

## 6. IF ONLY

If only I had more time!

→ tương đương:

I wish I had more time.

## 7. Ví dụ tổng hợp

The employee wishes he ______ more carefully before signing the contract.

A. reads
B. read
C. had read
D. would read

Đáp án: **C. had read**

→ tiếc nuối về quá khứ.

---

I wish the manager ______ the meeting time.

A. changes
B. changed
C. would change
D. had changed

Đáp án: **C. would change**

→ mong muốn một thay đổi.

---

I wish I ______ more confident when speaking English.

A. am
B. were
C. will be
D. have been

Đáp án: **B. were**

→ mong muốn trái với thực tế hiện tại.

## 8. Công thức nhớ nhanh

**Wish + Past Simple**

→ ước trái với thực tế hiện tại.

**Wish + Past Perfect**

→ tiếc nuối về quá khứ.

**Wish + would + V**

→ mong muốn hành động/tình huống thay đổi.

**Wish + could + V**

→ mong muốn có khả năng.

**If only + Past Simple**

→ ước hiện tại.

**If only + Past Perfect**

→ tiếc nuối quá khứ.

",10,2026-08-08 20:13:14.353223,2026-08-08 20:13:14.353223,
446,37,Causative là gì?,"

# Causative là gì?

## 1. Khái niệm

Causative được sử dụng khi **một người khiến hoặc yêu cầu người khác làm một việc**, hoặc khiến một việc được thực hiện.

Trong tiếng Việt thường có nghĩa:

- nhờ ai làm gì
- yêu cầu ai làm gì
- khiến ai làm gì
- thuê ai làm gì

Ví dụ:

I had the technician repair the machine.

→ Tôi nhờ kỹ thuật viên sửa máy.

## 2. Các động từ sai khiến thường gặp

Các động từ quan trọng:

- have
- get
- make
- let
- help

Ngoài ra còn có cấu trúc:

**have/get + something + V3**

để diễn tả việc yêu cầu hoặc thuê ai đó thực hiện một việc.

## 3. Hai nhóm quan trọng

### Causative chủ động

Một người khiến người khác thực hiện hành động.

**have + person + V**

**get + person + to V**

**make + person + V**

### Causative với vật

Một người khiến một việc được thực hiện.

**have + object + V3**

**get + object + V3**

## 4. Mẹo TOEIC

Khi thấy:

**have / get / make / let**

hãy kiểm tra ngay **động từ phía sau** vì mỗi động từ có cấu trúc khác nhau.

",1,2026-08-08 20:13:47.650757,2026-08-08 20:13:47.650757,
447,37,Have + Object + V,"

# Have + Object + V

## 1. Cấu trúc

**have + person + V nguyên mẫu**

Dùng khi yêu cầu hoặc nhờ ai đó làm việc gì.

Ví dụ:

I had the technician repair the machine.

→ Tôi nhờ kỹ thuật viên sửa máy.

## 2. Công thức

**have + somebody + V**

Không dùng:

have + somebody + to V ❌

Ví dụ:

The manager had the assistant prepare the documents.

→ Người quản lý yêu cầu trợ lý chuẩn bị tài liệu.

## 3. Ví dụ TOEIC

The manager had the secretary ______ the documents.

A. prepare
B. to prepare
C. prepared
D. preparing

Đáp án: **A. prepare**

## 4. Dạng bị động

Khi muốn nói một vật được thực hiện:

**have + something + V3**

Ví dụ:

We had the air conditioner repaired.

→ Chúng tôi đã cho sửa máy điều hòa.

## 5. Mẹo

**have + người + V**

**have + vật + V3**

",2,2026-08-08 20:13:47.650757,2026-08-08 20:13:47.650757,
448,37,Get + Object + to V,"

# Get + Object + to V

## 1. Cấu trúc

**get + person + to V**

Dùng để diễn tả việc thuyết phục, yêu cầu hoặc khiến ai đó làm gì.

Ví dụ:

I got my assistant to send the email.

→ Tôi nhờ/thuyết phục trợ lý gửi email.

## 2. So sánh với HAVE

### Have

**have + person + V**

The manager had the assistant check the report.

### Get

**get + person + to V**

The manager got the assistant to check the report.

## 3. Ví dụ TOEIC

The supervisor got the employees ______ overtime.

A. work
B. to work
C. worked
D. working

Đáp án: **B. to work**

## 4. Get + object + V3

Có thể dùng:

**get + something + V3**

Ví dụ:

I got my computer repaired.

→ Tôi đem máy tính đi sửa.

## 5. Mẹo

Nhớ:

**get + người + to V**

**get + vật + V3**

",3,2026-08-08 20:13:47.650757,2026-08-08 20:13:47.650757,
449,37,Make + Object + V,"

# Make + Object + V

## 1. Cấu trúc

**make + person + V nguyên mẫu**

Dùng để diễn tả việc bắt buộc hoặc khiến ai đó làm gì.

Ví dụ:

The manager made the employees attend the meeting.

→ Người quản lý bắt nhân viên tham dự cuộc họp.

## 2. Không dùng TO

Sai:

The manager made the employees to attend the meeting. ❌

Đúng:

The manager made the employees attend the meeting. ✅

## 3. Ví dụ TOEIC

The new policy made employees ______ additional training.

A. complete
B. to complete
C. completed
D. completing

Đáp án: **A. complete**

## 4. Dạng bị động

Khi MAKE chuyển sang bị động:

**be made + to V**

Ví dụ:

The employees were made to attend the meeting.

→ Nhân viên bị buộc phải tham dự cuộc họp.

## 5. Mẹo

Chủ động:

**make + O + V**

Bị động:

**be made + to V**

",4,2026-08-08 20:13:47.650757,2026-08-08 20:13:47.650757,
450,37,Let + Object + V,"

# Let + Object + V

## 1. Cấu trúc

**let + person + V nguyên mẫu**

Dùng để cho phép ai đó làm gì.

Ví dụ:

The manager let the employees leave early.

→ Người quản lý cho nhân viên về sớm.

## 2. Không dùng TO

Sai:

The manager let the employees to leave early. ❌

Đúng:

The manager let the employees leave early. ✅

## 3. Ví dụ TOEIC

The supervisor let the employees ______ home early.

A. go
B. to go
C. went
D. going

Đáp án: **A. go**

## 4. LET ở dạng bị động

Thông thường không dùng:

be let + to V

Trong tiếng Anh tự nhiên, có thể dùng:

**be allowed to V**

Ví dụ:

Employees were allowed to leave early.

→ Nhân viên được phép về sớm.

## 5. Mẹo

**let + O + V**

→ cho phép ai làm gì.

",5,2026-08-08 20:13:47.650757,2026-08-08 20:13:47.650757,
451,37,Help + Object + V hoặc to V,"

# Help + Object + V hoặc to V

## 1. Cấu trúc

HELP có thể đi với:

**help + person + V**

hoặc:

**help + person + to V**

Cả hai đều đúng.

## 2. Ví dụ

She helped me complete the report.

She helped me to complete the report.

→ Cô ấy giúp tôi hoàn thành báo cáo.

## 3. Không dùng V-ing sau cấu trúc này

Sai:

She helped me completing the report. ❌

Đúng:

She helped me complete the report. ✅

Hoặc:

She helped me to complete the report. ✅

## 4. Ví dụ TOEIC

The assistant helped the manager ______ the presentation.

A. prepare
B. preparing
C. prepared
D. preparation

Đáp án: **A. prepare**

## 5. Mẹo

Sau:

**help + O**

→ có thể dùng **V** hoặc **to V**.

",6,2026-08-08 20:13:47.650757,2026-08-08 20:13:47.650757,
452,37,Causative Have/Get + Something + V3,"

# Causative Have/Get + Something + V3

## 1. Khái niệm

Cấu trúc:

**have + something + V3**

hoặc:

**get + something + V3**

Dùng khi một người yêu cầu/thuê ai đó thực hiện một việc.

## 2. HAVE

Ví dụ:

I had my car repaired.

→ Tôi đem xe đi sửa.

We had the office cleaned.

→ Chúng tôi thuê người dọn văn phòng.

## 3. GET

Ví dụ:

I got my computer fixed.

→ Tôi đem máy tính đi sửa.

She got her documents translated.

→ Cô ấy nhờ dịch tài liệu.

## 4. Công thức

**have + object + V3**

**get + object + V3**

## 5. Ví dụ TOEIC

The company had the equipment ______ before the inspection.

A. test
B. tested
C. testing
D. to test

Đáp án: **B. tested**

## 6. Mẹo

Nếu sau HAVE/GET là **vật** và muốn nói vật được ai đó thực hiện:

→ dùng **V3**.

",7,2026-08-08 20:13:47.650757,2026-08-08 20:13:47.650757,
453,37,Causative và Passive Voice,"

# Causative và Passive Voice

## 1. Causative

Causative nhấn mạnh việc **chủ thể yêu cầu hoặc sắp xếp để việc được thực hiện**.

Ví dụ:

The manager had the report prepared.

→ Người quản lý cho chuẩn bị báo cáo.

## 2. Passive Voice

Passive chỉ tập trung vào việc **đối tượng chịu tác động**.

Ví dụ:

The report was prepared.

→ Báo cáo đã được chuẩn bị.

## 3. So sánh

### Causative

The manager had the report prepared.

→ Người quản lý yêu cầu/cho chuẩn bị báo cáo.

### Passive

The report was prepared.

→ Báo cáo được chuẩn bị.

## 4. Công thức

### Causative

**have + O + V3**

### Passive

**be + V3**

## 5. Ví dụ TOEIC

The company had the building ______ last year.

A. renovate
B. renovated
C. renovating
D. to renovate

Đáp án: **B. renovated**

",8,2026-08-08 20:13:47.650757,2026-08-08 20:13:47.650757,
454,37,Causative trong các thì,"

# Causative trong các thì

## 1. Hiện tại đơn

**have/has + O + V3**

Ví dụ:

The company has the equipment inspected regularly.

## 2. Quá khứ đơn

**had + O + V3**

Ví dụ:

The company had the equipment inspected last week.

## 3. Tương lai

**will have + O + V3**

Ví dụ:

We will have the office renovated next month.

## 4. Hiện tại hoàn thành

**have/has had + O + V3**

Ví dụ:

We have had the system updated.

## 5. Quá khứ hoàn thành

**had had + O + V3**

Ví dụ:

The company had had the equipment repaired before the inspection.

## 6. Mẹo TOEIC

Không nhầm:

**have + O + V3**

là cấu trúc causative.

Nhưng:

**have + V3**

có thể là Present Perfect.

Ví dụ:

We have completed the report.

→ Present Perfect.

We have the report completed.

→ Causative.

",9,2026-08-08 20:13:47.650757,2026-08-08 20:13:47.650757,
455,37,Bẫy Causative trong TOEIC,"

# Bẫy Causative trong TOEIC

## 1. HAVE + người

**have + person + V**

Ví dụ:

The manager had the assistant check the report.

Không:

had the assistant to check ❌

## 2. GET + người

**get + person + to V**

Ví dụ:

The manager got the assistant to check the report.

Không:

got the assistant check ❌

## 3. MAKE + người

**make + person + V**

Ví dụ:

The manager made the employees attend the meeting.

Không:

made the employees to attend ❌

Nhưng ở bị động:

The employees were made **to attend** the meeting. ✅

## 4. LET + người

**let + person + V**

Ví dụ:

The manager let the employees leave early.

## 5. HELP

**help + person + V**

hoặc:

**help + person + to V**

Cả hai đều đúng.

## 6. HAVE/GET + vật

**have + object + V3**

**get + object + V3**

Ví dụ:

We had the equipment repaired.

We got the equipment repaired.

## 7. Ví dụ tổng hợp

The manager had the technician ______ the machine.

A. repair
B. to repair
C. repaired
D. repairing

Đáp án: **A. repair**

---

The manager got the technician ______ the machine.

A. repair
B. to repair
C. repaired
D. repairing

Đáp án: **B. to repair**

---

The manager had the machine ______.

A. repair
B. to repair
C. repaired
D. repairing

Đáp án: **C. repaired**

---

The employees were made ______ overtime.

A. work
B. to work
C. worked
D. working

Đáp án: **B. to work**

## 8. Công thức nhớ nhanh

**HAVE + người + V**

**GET + người + TO V**

**MAKE + người + V**

**LET + người + V**

**HELP + người + V / TO V**

**HAVE + vật + V3**

**GET + vật + V3**

**BE MADE + TO V**

",10,2026-08-08 20:13:47.650757,2026-08-08 20:13:47.650757,
456,38,Participles là gì?,"

# Participles là gì?

## 1. Khái niệm

Participle (phân từ) là dạng của động từ có thể được sử dụng như:

- tính từ
- một phần của cụm động từ
- thành phần trong các cấu trúc rút gọn

Có hai loại phân từ chính:

- Present Participle: V-ing
- Past Participle: V3/ed

## 2. Present Participle

Dạng:

**V-ing**

Ví dụ:

interesting

exciting

developing

growing

## 3. Past Participle

Dạng:

**V3/ed**

Ví dụ:

interested

excited

developed

written

## 4. Vai trò

Phân từ có thể đứng:

- trước danh từ
- sau linking verb
- trong cụm phân từ
- trong thì tiếp diễn
- trong câu bị động

## 5. Mẹo TOEIC

Khi thấy đáp án có:

- V
- V-ing
- V3/ed
- to V

hãy xác định xem từ đó đang đóng vai trò gì trong câu.

",1,2026-08-08 20:14:12.513375,2026-08-08 20:14:12.513375,
457,38,Present Participle V-ing,"

# Present Participle V-ing

## 1. Khái niệm

Present Participle có dạng:

**V-ing**

Nó thường mô tả đặc điểm hoặc tác động của một người/vật.

Ví dụ:

an interesting book

a growing company

a developing market

## 2. V-ing làm tính từ

Ví dụ:

The presentation was interesting.

→ Bài thuyết trình thú vị.

The meeting was boring.

→ Cuộc họp nhàm chán.

## 3. V-ing thường mô tả nguyên nhân gây ra cảm xúc

Ví dụ:

The news was surprising.

→ Tin tức gây ngạc nhiên.

The training was tiring.

→ Buổi đào tạo gây mệt mỏi.

## 4. Ví dụ TOEIC

The company introduced an ______ training program.

A. interest
B. interested
C. interesting
D. interestingly

Đáp án: **C. interesting**

## 5. Mẹo

Nếu danh từ **gây ra** cảm xúc:

→ thường dùng **V-ing**.

",2,2026-08-08 20:14:12.513375,2026-08-08 20:14:12.513375,
458,38,Past Participle V3/ed,"

# Past Participle V3/ed

## 1. Khái niệm

Past Participle có dạng:

**V3/ed**

Có thể được dùng như tính từ hoặc trong các cấu trúc bị động/hoàn thành.

## 2. V3/ed làm tính từ

Ví dụ:

an interested employee

a damaged machine

a completed report

a broken window

## 3. Mô tả trạng thái hoặc đối tượng chịu tác động

Ví dụ:

The employees were interested in the training.

→ Nhân viên cảm thấy hứng thú với buổi đào tạo.

The machine was damaged.

→ Máy bị hư hỏng.

## 4. Ví dụ TOEIC

The employees were ______ in the new training program.

A. interesting
B. interested
C. interest
D. interestingly

Đáp án: **B. interested**

## 5. Mẹo

Nếu chủ thể **chịu tác động hoặc trải nghiệm cảm xúc**:

→ thường dùng **V3/ed**.

",3,2026-08-08 20:14:12.513375,2026-08-08 20:14:12.513375,
459,38,Phân biệt V-ing và V3/ed,"

# Phân biệt V-ing và V3/ed

## 1. V-ing

Thường mang nghĩa:

**gây ra / tạo ra cảm xúc**

Ví dụ:

The movie is interesting.

→ Bộ phim gây thú vị.

## 2. V3/ed

Thường mang nghĩa:

**cảm thấy / chịu tác động**

Ví dụ:

I am interested in the movie.

→ Tôi cảm thấy hứng thú với bộ phim.

## 3. Một số cặp thường gặp

| V-ing | V3/ed |
|---|---|
| interesting | interested |
| boring | bored |
| exciting | excited |
| confusing | confused |
| surprising | surprised |
| tiring | tired |
| disappointing | disappointed |
| satisfying | satisfied |

## 4. Ví dụ TOEIC

The instructions were ______, so several employees became ______.

A. confusing / confused
B. confused / confusing
C. confusing / confusing
D. confused / confused

Đáp án: **A. confusing / confused**

## 5. Mẹo

**Thing → V-ing**

**Person → V3/ed**

Ví dụ:

The presentation is boring.

The employees are bored.

",4,2026-08-08 20:14:12.513375,2026-08-08 20:14:12.513375,
460,38,Participles sau Linking Verbs,"

# Participles sau Linking Verbs

## 1. Linking Verbs

Một số linking verbs thường gặp:

- be
- seem
- become
- feel
- look
- appear
- remain
- stay

Sau linking verb có thể dùng tính từ, trong đó có nhiều tính từ dạng participle.

## 2. Ví dụ

The employees are interested in the project.

The presentation was exciting.

The instructions seemed confusing.

## 3. FEEL + V3/ed

Ví dụ:

I feel tired.

→ Tôi cảm thấy mệt.

## 4. LOOK + V3/ed

Ví dụ:

She looks surprised.

→ Cô ấy trông có vẻ ngạc nhiên.

## 5. LOOK + V-ing

Có thể dùng khi mô tả đặc điểm gây ra cảm giác:

The situation looks confusing.

→ Tình huống có vẻ khó hiểu.

## 6. Mẹo TOEIC

Sau linking verb:

→ kiểm tra xem cần tính từ hay phân từ đóng vai trò tính từ.

Không mặc định chọn V-ing chỉ vì trước đó có ""be"".

",5,2026-08-08 20:14:12.513375,2026-08-08 20:14:12.513375,
461,38,Participles trước danh từ,"

# Participles trước danh từ

## 1. V-ing + Noun

Dùng để mô tả đặc điểm hoặc hành động đang diễn ra.

Ví dụ:

a growing company

a developing country

an increasing demand

a challenging task

## 2. V3/ed + Noun

Dùng để mô tả trạng thái hoặc kết quả.

Ví dụ:

a damaged product

a completed project

a written report

an updated schedule

## 3. So sánh

### V-ing

an increasing number of customers

→ số lượng khách hàng đang tăng.

### V3/ed

an increased number of customers

→ số lượng khách hàng đã tăng.

## 4. Ví dụ TOEIC

The company needs to replace the ______ equipment.

A. damage
B. damaging
C. damaged
D. damages

Đáp án: **C. damaged**

## 5. Mẹo

Nếu phân từ đứng trước danh từ:

→ xem danh từ đó đang **gây ra hành động** hay **chịu tác động**.

",6,2026-08-08 20:14:12.513375,2026-08-08 20:14:12.513375,
462,38,Participles trong thì tiếp diễn,"

# Participles trong thì tiếp diễn

## 1. Present Continuous

Cấu trúc:

**be + V-ing**

Ví dụ:

The manager is preparing the report.

→ Người quản lý đang chuẩn bị báo cáo.

## 2. Past Continuous

**was/were + V-ing**

Ví dụ:

The employees were attending a meeting.

## 3. Present Perfect Continuous

**have/has been + V-ing**

Ví dụ:

The company has been expanding rapidly.

## 4. Past Perfect Continuous

**had been + V-ing**

Ví dụ:

The team had been working on the project for months.

## 5. Lưu ý

Trong các cấu trúc trên, V-ing là một phần của **verb phrase**, không phải đơn thuần là tính từ.

## 6. Mẹo TOEIC

Phân biệt:

**be + V-ing**

→ có thể là thì tiếp diễn.

**be + V3**

→ thường là bị động.

Ví dụ:

The manager is reviewing the report.

The report is reviewed by the manager.

",7,2026-08-08 20:14:12.513375,2026-08-08 20:14:12.513375,
463,38,Participles trong câu bị động,"

# Participles trong câu bị động

## 1. Cấu trúc cơ bản

Passive Voice:

**be + V3/ed**

Ví dụ:

The report was completed yesterday.

The equipment is inspected regularly.

## 2. V3/ed có thể đóng vai trò tính từ

Ví dụ:

a completed report

a damaged machine

an updated schedule

## 3. Phân biệt

### Passive verb

The report was completed by the assistant.

→ Có hành động được thực hiện.

### Participial adjective

The completed report was submitted to the manager.

→ ""completed"" bổ nghĩa cho report.

## 4. Ví dụ TOEIC

The ______ documents should be submitted by Friday.

A. complete
B. completing
C. completed
D. completion

Đáp án: **C. completed**

## 5. Mẹo

Nếu V3/ed đứng trước danh từ:

→ rất thường đóng vai trò tính từ/phân từ bổ nghĩa cho danh từ.

",8,2026-08-08 20:14:12.513375,2026-08-08 20:14:12.513375,
464,38,Participle Adjectives trong TOEIC,"

# Participle Adjectives trong TOEIC

## 1. Khái niệm

TOEIC thường kiểm tra các tính từ có dạng:

**V-ing / V3-ed**

Ví dụ:

interesting / interested

satisfying / satisfied

confusing / confused

## 2. Một số cặp quan trọng

### Affecting emotion

exciting → gây phấn khích

excited → cảm thấy phấn khích

### Causing confusion

confusing → gây khó hiểu

confused → cảm thấy bối rối

### Causing disappointment

disappointing → gây thất vọng

disappointed → cảm thấy thất vọng

### Causing satisfaction

satisfying → đem lại sự hài lòng

satisfied → cảm thấy hài lòng

## 3. Ví dụ

The customers were satisfied with the service.

The service was satisfying.

## 4. Bẫy TOEIC

The manager was ______ by the unexpected result.

A. surprising
B. surprised
C. surprise
D. surprisingly

Đáp án: **B. surprised**

Vì manager là người trải nghiệm cảm xúc.

## 5. Mẹo

Hỏi:

**Ai/cái gì gây ra cảm xúc?**

→ V-ing.

**Ai cảm thấy cảm xúc đó?**

→ V3/ed.

",9,2026-08-08 20:14:12.513375,2026-08-08 20:14:12.513375,
465,38,Bẫy Participles trong TOEIC,"

# Bẫy Participles trong TOEIC

## 1. Bẫy V-ing và V3/ed

The presentation was ______.

A. interested
B. interesting

Nếu bài thuyết trình tạo ra sự thú vị:

→ **interesting**

## 2. Bẫy người và vật

The employees were ______.

A. tiring
B. tired

Nếu nhân viên cảm thấy mệt:

→ **tired**

## 3. Bẫy danh từ trước/sau

The company introduced an ______ system.

A. improved
B. improving

Nếu hệ thống đã được cải thiện:

→ **improved system**

## 4. Bẫy thì tiếp diễn

The manager is ______ the report.

A. reviewed
B. reviewing
C. review
D. reviews

Đáp án:

**B. reviewing**

Vì:

**be + V-ing**

→ Present Continuous.

## 5. Bẫy bị động

The report was ______ yesterday.

A. completing
B. completed
C. complete
D. completion

Đáp án:

**B. completed**

Vì:

**be + V3**

→ Passive Voice.

## 6. Ví dụ tổng hợp

The company announced an ______ policy.

A. updated
B. updating
C. update
D. updates

Đáp án: **A. updated**

---

The new policy is ______ to many employees.

A. confusing
B. confused
C. confuse
D. confusion

Đáp án: **A. confusing**

---

Many employees are ______ about the new policy.

A. confusing
B. confused
C. confuse
D. confusion

Đáp án: **B. confused**

## 7. Công thức nhớ nhanh

**V-ing**

→ gây ra đặc điểm/cảm xúc.

**V3/ed**

→ chịu tác động/trải nghiệm.

**be + V-ing**

→ thường là tiếp diễn.

**be + V3**

→ thường là bị động.

",10,2026-08-08 20:14:12.513375,2026-08-08 20:14:12.513375,
466,39,Participle Clauses là gì?,"

# Participle Clauses là gì?

## 1. Khái niệm

Participle Clause (mệnh đề phân từ) là một dạng mệnh đề rút gọn sử dụng phân từ để làm cho câu ngắn gọn hơn.

Hai dạng phổ biến:

- Present Participle → V-ing
- Past Participle → V3/ed

Ngoài ra có:

- Having + V3
- Having been + V3

## 2. Ví dụ

Câu đầy đủ:

Because she was tired, she went home.

Có thể rút gọn:

Being tired, she went home.

→ Vì mệt, cô ấy về nhà.

## 3. Mục đích

Participle Clauses thường dùng để diễn tả:

- thời gian
- nguyên nhân
- điều kiện
- kết quả
- hành động xảy ra đồng thời
- hành động xảy ra trước một hành động khác

## 4. Mẹo TOEIC

Khi gặp một cụm:

**V-ing / V3 / Having + V3**

ở đầu câu, hãy kiểm tra xem nó có phải là **mệnh đề rút gọn** hay không.

",1,2026-08-08 20:15:12.398132,2026-08-08 20:15:12.398132,
467,39,Cách rút gọn mệnh đề bằng V-ing,"

# Cách rút gọn mệnh đề bằng V-ing

## 1. Khi nào dùng?

Có thể rút gọn mệnh đề khi:

- hai mệnh đề có cùng chủ ngữ
- động từ ở mệnh đề cần rút gọn mang nghĩa chủ động
- hai hành động xảy ra cùng lúc hoặc gần nhau

## 2. Cấu trúc

**S + V, S + V**

→ **V-ing, S + V**

## 3. Ví dụ

Câu đầy đủ:

While she was walking to work, she saw her manager.

Rút gọn:

Walking to work, she saw her manager.

## 4. Ví dụ TOEIC

While reviewing the report, the manager found several errors.

→ Khi xem xét báo cáo, người quản lý phát hiện một số lỗi.

## 5. Có thể bỏ liên từ

Câu đầy đủ:

Because he worked hard, he finished the project early.

Rút gọn:

Working hard, he finished the project early.

## 6. Mẹo

Nếu hành động mang nghĩa **chủ động** và chủ ngữ giống nhau:

→ có thể kiểm tra **V-ing**.

",2,2026-08-08 20:15:12.398132,2026-08-08 20:15:12.398132,
468,39,V-ing diễn tả hai hành động đồng thời,"

# V-ing diễn tả hai hành động đồng thời

## 1. Cách sử dụng

V-ing thường được dùng khi hai hành động xảy ra cùng thời điểm hoặc gần như đồng thời.

Ví dụ:

The manager walked into the office carrying several documents.

→ Người quản lý bước vào văn phòng trong khi đang mang theo một số tài liệu.

## 2. Cấu trúc

**V-ing + main clause**

hoặc:

**Main clause + V-ing**

## 3. Ví dụ

Checking the documents, the assistant noticed an error.

The assistant noticed an error while checking the documents.

Hai câu có ý nghĩa tương đương.

## 4. Một số liên từ có thể được rút gọn

- while
- when
- as

Ví dụ:

While waiting for the client, the manager reviewed the proposal.

→ Waiting for the client, the manager reviewed the proposal.

## 5. Mẹo TOEIC

Nếu hai hành động xảy ra đồng thời và cùng chủ ngữ:

→ **V-ing** thường là lựa chọn phù hợp.

",3,2026-08-08 20:15:12.398132,2026-08-08 20:15:12.398132,
469,39,V-ing diễn tả nguyên nhân,"

# V-ing diễn tả nguyên nhân

## 1. Cách sử dụng

Participle Clause với V-ing có thể diễn tả nguyên nhân.

Ví dụ:

Knowing the deadline, the employees worked quickly.

→ Vì biết thời hạn, các nhân viên làm việc nhanh chóng.

## 2. So sánh với BECAUSE

Câu đầy đủ:

Because the employees knew the deadline, they worked quickly.

Câu rút gọn:

Knowing the deadline, the employees worked quickly.

## 3. Cấu trúc

**V-ing + main clause**

## 4. Ví dụ TOEIC

Not knowing the correct procedure, the employee asked the supervisor for help.

→ Vì không biết quy trình chính xác, nhân viên hỏi người giám sát.

## 5. Phủ định

Dùng:

**Not + V-ing**

Ví dụ:

Not understanding the instructions, she asked for clarification.

## 6. Mẹo

Nếu có thể thay cụm V-ing bằng:

**because + clause**

→ V-ing có thể đang diễn tả nguyên nhân.

",4,2026-08-08 20:15:12.398132,2026-08-08 20:15:12.398132,
470,39,Past Participle trong Participle Clauses,"

# Past Participle trong Participle Clauses

## 1. Cách sử dụng

Past Participle thường được dùng khi chủ thể của cụm phân từ **chịu tác động**.

Cấu trúc:

**V3/ed + main clause**

## 2. Ví dụ

Built in 1990, the building is still in good condition.

→ Được xây vào năm 1990, tòa nhà vẫn còn trong tình trạng tốt.

""the building"" là đối tượng được xây.

## 3. So sánh chủ động và bị động

### Chủ động

Working in the office, the employee answered the phone.

→ Nhân viên đang làm việc tại văn phòng.

### Bị động

Located downtown, the office is easy to access.

→ Nằm ở trung tâm thành phố, văn phòng dễ tiếp cận.

## 4. Ví dụ TOEIC

Located near the airport, the hotel is convenient for business travelers.

## 5. Mẹo

Nếu chủ ngữ **chịu tác động**:

→ kiểm tra **V3/ed**.

",5,2026-08-08 20:15:12.398132,2026-08-08 20:15:12.398132,
471,39,Having + V3 trong Participle Clauses,"

# Having + V3 trong Participle Clauses

## 1. Cách sử dụng

**Having + V3** dùng khi hành động trong mệnh đề phân từ **xảy ra trước** hành động trong mệnh đề chính.

## 2. Cấu trúc

**Having + V3, S + V**

Ví dụ:

Having finished the report, she submitted it to the manager.

→ Sau khi hoàn thành báo cáo, cô ấy nộp nó cho người quản lý.

## 3. So sánh với V-ing

### V-ing

Reviewing the report, she found an error.

→ Hai hành động xảy ra cùng thời điểm/gần nhau.

### Having + V3

Having reviewed the report, she submitted it.

→ Xem xét báo cáo xảy ra trước, sau đó mới nộp.

## 4. Ví dụ TOEIC

Having completed the training, the employees returned to work.

## 5. Mẹo

Nếu hành động trong cụm phân từ:

**xảy ra trước hành động chính**

→ dùng:

**Having + V3**

",6,2026-08-08 20:15:12.398132,2026-08-08 20:15:12.398132,
472,39,Having Been + V3,"

# Having Been + V3

## 1. Cách sử dụng

**Having been + V3** dùng để diễn tả một hành động bị động xảy ra trước hành động chính.

## 2. Cấu trúc

**Having been + V3, S + V**

Ví dụ:

Having been informed of the changes, the employees adjusted their schedules.

→ Sau khi được thông báo về những thay đổi, các nhân viên điều chỉnh lịch trình.

## 3. So sánh

### Chủ động

Having completed the training, the employees returned to work.

→ Nhân viên đã hoàn thành khóa đào tạo.

### Bị động

Having been informed of the changes, the employees adjusted their schedules.

→ Nhân viên đã được thông báo về những thay đổi.

## 4. Ví dụ TOEIC

Having been selected for the position, she began working immediately.

## 5. Mẹo

**Having + V3**

→ chủ động, đã làm gì trước đó.

**Having been + V3**

→ bị động, đã được làm gì trước đó.

",7,2026-08-08 20:15:12.398132,2026-08-08 20:15:12.398132,
502,42,"Chủ ngữ với One of, Each of và Every one of","

# One of, Each of và Every one of

## 1. ONE OF

Cấu trúc:

**one of + plural noun + singular verb**

Ví dụ:

One of the employees **is** absent.

## 2. EACH OF

Cấu trúc:

**each of + plural noun + singular verb**

Ví dụ:

Each of the employees **has** a company ID.

## 3. EVERY ONE OF

Cấu trúc:

**every one of + plural noun + singular verb**

Ví dụ:

Every one of the applicants **has** submitted the form.

## 4. Bẫy TOEIC

One of the managers ______ responsible for the project.

A. are
B. is
C. have
D. were

Đáp án: **B. is**

Chủ ngữ là:

**One**

Không phải:

**managers**

## 5. Mẹo

Gặp:

**one of + plural noun**

→ động từ thường **số ít**.

",7,2026-08-08 20:16:40.405962,2026-08-08 20:16:40.405962,
473,39,Participle Clauses với When và While,"

# Participle Clauses với When và While

## 1. WHEN

Có thể rút gọn một số mệnh đề bắt đầu bằng WHEN.

Ví dụ:

When entering the building, visitors must show identification.

→ Khi vào tòa nhà, khách phải xuất trình giấy tờ.

## 2. WHILE

Có thể dùng V-ing sau WHILE.

Ví dụ:

While waiting for the manager, please take a seat.

→ Trong khi chờ quản lý, vui lòng ngồi chờ.

## 3. Khi không cần WHILE

Có thể viết:

While reviewing the report, she noticed an error.

Hoặc:

Reviewing the report, she noticed an error.

## 4. Khi chủ ngữ không giống nhau

Không nên rút gọn tùy tiện nếu chủ ngữ của hai mệnh đề khác nhau.

Ví dụ:

While the manager was reviewing the report, the employees waited outside.

Không nên rút thành:

While reviewing the report, the employees waited outside. ❌

Vì ""reviewing"" sẽ khiến người đọc hiểu employees là người review.

## 5. Mẹo TOEIC

Luôn kiểm tra:

**Chủ ngữ của cụm phân từ là ai?**

Nếu xác định sai chủ ngữ → dễ chọn đáp án sai.

",8,2026-08-08 20:15:12.398132,2026-08-08 20:15:12.398132,
474,39,Dangling Participle và Misplaced Modifier,"

# Dangling Participle và Misplaced Modifier

## 1. Dangling Participle

Dangling participle xảy ra khi cụm phân từ không có chủ ngữ phù hợp với mệnh đề chính.

Ví dụ sai:

Walking into the office, the meeting had already started. ❌

Câu này khiến ""the meeting"" có vẻ là đối tượng đang đi vào văn phòng.

## 2. Cách sửa

Đúng:

Walking into the office, I saw that the meeting had already started. ✅

## 3. Misplaced Modifier

Là trường hợp cụm bổ nghĩa đứng sai vị trí khiến ý nghĩa không rõ hoặc sai.

Ví dụ:

The manager found the report while reviewing the documents.

Có thể gây nhầm về chủ thể thực hiện hành động ""reviewing"".

## 4. Trong TOEIC

TOEIC có thể kiểm tra khả năng xác định:

- chủ ngữ
- động từ
- cụm phân từ
- mối quan hệ giữa modifier và noun

## 5. Mẹo

Khi câu bắt đầu bằng:

**V-ing, V3, Having + V3**

hãy nhìn ngay danh từ/chủ ngữ phía sau.

Hỏi:

**Chủ ngữ đó có thực hiện hoặc chịu hành động của cụm phân từ không?**

Nếu không → có khả năng câu sai.

",9,2026-08-08 20:15:12.398132,2026-08-08 20:15:12.398132,
475,39,Bẫy Participle Clauses trong TOEIC,"

# Bẫy Participle Clauses trong TOEIC

## 1. Bẫy V-ing và V3

______ near the airport, the hotel is convenient for business travelers.

A. Locating
B. Located
C. Locate
D. To locate

Đáp án: **B. Located**

→ Khách sạn là đối tượng được đặt tại vị trí đó.

## 2. Bẫy hành động xảy ra trước

______ the report, the manager submitted it to the director.

A. Reviewing
B. Reviewed
C. Having reviewed
D. To review

Đáp án: **C. Having reviewed**

→ Xem xét báo cáo xảy ra trước khi nộp.

## 3. Bẫy bị động xảy ra trước

______ about the changes, the employees adjusted their schedules.

A. Informing
B. Informed
C. Having informed
D. Having been informed

Đáp án: **D. Having been informed**

→ Nhân viên được thông báo trước rồi mới điều chỉnh lịch trình.

## 4. Bẫy chủ ngữ

______ to work, she called her manager.

A. Driving
B. Driven
C. Drive
D. To driving

Đáp án: **A. Driving**

→ ""she"" là người thực hiện hành động driving.

## 5. Bẫy NOT

______ the instructions, the employee asked for help.

A. Not understanding
B. Not understood
C. Not understand
D. Not to understand

Đáp án: **A. Not understanding**

## 6. Bẫy V-ing và Having + V3

### V-ing

Reviewing the document, she found an error.

→ Hai hành động gần như đồng thời.

### Having + V3

Having reviewed the document, she submitted it.

→ Review xảy ra trước.

## 7. Bẫy Participle và mệnh đề đầy đủ

Câu đầy đủ:

Because the manager was concerned about the delay, he contacted the supplier.

Có thể rút gọn:

Concerned about the delay, the manager contacted the supplier.

→ ""concerned"" là Past Participle vì manager đang ở trạng thái bị tác động/cảm xúc.

## 8. Công thức nhớ nhanh

**V-ing**

→ chủ động / đồng thời / nguyên nhân.

**V3/ed**

→ bị động / trạng thái.

**Having + V3**

→ chủ động, xảy ra trước.

**Having been + V3**

→ bị động, xảy ra trước.

**Not + V-ing**

→ phủ định chủ động.

**Not + V3**

→ phủ định bị động trong trường hợp phù hợp.

## 9. Quy tắc quan trọng nhất

Cụm Participle Clause phải có **chủ ngữ logic phù hợp với mệnh đề chính**.

",10,2026-08-08 20:15:12.398132,2026-08-08 20:15:12.398132,
476,40,Appositive là gì?,"

# Appositive là gì?

## 1. Khái niệm

Appositive (cụm đồng vị) là một danh từ hoặc cụm danh từ đứng cạnh một danh từ khác để:

- giải thích
- xác định
- cung cấp thêm thông tin

Hai danh từ/cụm danh từ thường cùng chỉ một người, vật hoặc sự việc.

## 2. Ví dụ

Mr. Brown, the company manager, attended the meeting.

→ Mr. Brown và the company manager cùng chỉ một người.

## 3. Cấu trúc cơ bản

**Noun + Appositive**

Ví dụ:

Ms. Lee, the new director, will speak first.

## 4. Appositive có thể đứng giữa hai dấu phẩy

Ví dụ:

The manager, Mr. Brown, approved the proposal.

## 5. Appositive cũng có thể dùng để xác định danh từ

Ví dụ:

The author William Smith wrote the report.

Trong trường hợp này, ""William Smith"" xác định người nào là author.

## 6. Mẹo TOEIC

Khi thấy:

**Noun, noun, ...**

hãy kiểm tra xem danh từ thứ hai có đang giải thích danh từ thứ nhất hay không.

Nếu có → có thể là **appositive**.

",1,2026-08-08 20:15:39.278336,2026-08-08 20:15:39.278336,
477,40,Non-restrictive Appositive,"

# Non-restrictive Appositive

## 1. Khái niệm

Non-restrictive appositive cung cấp thông tin bổ sung nhưng không cần thiết để xác định danh từ.

Thường được đặt giữa:

**hai dấu phẩy**

## 2. Ví dụ

John Smith, the company president, attended the meeting.

→ ""the company president"" chỉ là thông tin bổ sung về John Smith.

## 3. Cấu trúc

**Noun, Appositive, + main clause**

Ví dụ:

The manager, a former engineer, designed the system.

## 4. Có thể bỏ appositive

The manager, a former engineer, designed the system.

→ The manager designed the system.

Ý chính vẫn đầy đủ.

## 5. Dấu hiệu nhận biết

Nếu cụm danh từ ở giữa hai dấu phẩy chỉ cung cấp thông tin thêm:

→ có khả năng là non-restrictive appositive.

## 6. Mẹo TOEIC

Hai dấu phẩy thường báo hiệu một thành phần **không thiết yếu**.

Không nên nhầm nó với một mệnh đề quan hệ.

",2,2026-08-08 20:15:39.278336,2026-08-08 20:15:39.278336,
478,40,Restrictive Appositive,"

# Restrictive Appositive

## 1. Khái niệm

Restrictive appositive cung cấp thông tin cần thiết để xác định danh từ đang được nói đến.

Thông thường **không có dấu phẩy**.

## 2. Ví dụ

The author William Smith will give a presentation.

→ William Smith xác định tác giả nào.

## 3. So sánh

### Restrictive

The manager John Smith approved the proposal.

→ John Smith giúp xác định manager nào.

### Non-restrictive

John Smith, the manager, approved the proposal.

→ ""the manager"" chỉ cung cấp thêm thông tin.

## 4. Dấu phẩy

Restrictive:

**Noun + Appositive**

Non-restrictive:

**Noun, Appositive,**

## 5. Mẹo TOEIC

Nếu thông tin là cần thiết để xác định danh từ:

→ thường **không dùng dấu phẩy**.

Nếu chỉ là thông tin bổ sung:

→ thường dùng **hai dấu phẩy**.

",3,2026-08-08 20:15:39.278336,2026-08-08 20:15:39.278336,
479,40,Appositive và dấu phẩy,"

# Appositive và dấu phẩy

## 1. Appositive không thiết yếu

Dùng hai dấu phẩy.

Ví dụ:

Mr. Lee, the sales manager, attended the conference.

Cấu trúc:

**Noun, Appositive, Verb**

## 2. Appositive thiết yếu

Không dùng dấu phẩy.

Ví dụ:

Sales manager Mr. Lee attended the conference.

## 3. Một số dấu hiệu

Các cụm như:

- the manager
- the director
- the president
- a former employee
- a well-known expert

có thể làm appositive tùy ngữ cảnh.

## 4. Ví dụ TOEIC

The company's president, Mr. Davis, will announce the results.

→ ""Mr. Davis"" giải thích president.

## 5. Bẫy dấu phẩy

Không phải cứ thấy hai danh từ cạnh nhau là bắt buộc phải có dấu phẩy.

Cần xem thông tin thứ hai:

- cần thiết để xác định → restrictive
- chỉ bổ sung → non-restrictive

",4,2026-08-08 20:15:39.278336,2026-08-08 20:15:39.278336,
480,40,Appositive sau đại từ và danh từ riêng,"

# Appositive sau danh từ riêng

## 1. Danh từ riêng + appositive

Có thể dùng danh từ riêng trước rồi thêm thông tin giải thích.

Ví dụ:

Mr. Johnson, the head of the department, will attend the meeting.

## 2. Appositive giải thích chức vụ

Ví dụ:

Ms. Brown, the new marketing director, joined the company last month.

## 3. Appositive giải thích nghề nghiệp hoặc vai trò

Ví dụ:

Dr. Kim, a leading researcher, presented the results.

## 4. Không nhầm với subject complement

So sánh:

John is the manager.

→ ""the manager"" là subject complement.

John, the manager, attended the meeting.

→ ""the manager"" là appositive.

## 5. Mẹo TOEIC

Nếu hai cụm danh từ cùng chỉ một người và cụm thứ hai đứng cạnh danh từ thứ nhất:

→ kiểm tra khả năng là appositive.

",5,2026-08-08 20:15:39.278336,2026-08-08 20:15:39.278336,
481,40,Appositive và Relative Clause,"

# Appositive và Relative Clause

## 1. Appositive

Dùng một danh từ/cụm danh từ để giải thích danh từ khác.

Ví dụ:

Mr. Lee, the company manager, attended the meeting.

## 2. Relative Clause

Dùng mệnh đề có:

- who
- which
- that
- whose
- whom
- where
- when

Ví dụ:

Mr. Lee, who is the company manager, attended the meeting.

## 3. So sánh

### Appositive

Mr. Lee, the company manager, attended the meeting.

### Relative Clause

Mr. Lee, who is the company manager, attended the meeting.

Hai câu có ý nghĩa gần giống nhau nhưng cấu trúc khác nhau.

## 4. Bẫy TOEIC

Không dùng:

Mr. Lee, the company manager who... ❌

nếu cấu trúc cần một appositive độc lập.

## 5. Mẹo

Sau danh từ nếu thấy:

**Noun + Noun**

→ kiểm tra appositive.

Nếu thấy:

**Noun + who/which/that...**

→ kiểm tra relative clause.

",6,2026-08-08 20:15:39.278336,2026-08-08 20:15:39.278336,
482,40,Appositive và giới từ,"

# Appositive và giới từ

## 1. Appositive có thể chứa cụm giới từ

Ví dụ:

Mr. Brown, the manager of the sales department, attended the meeting.

""the manager of the sales department"" là appositive.

## 2. Cấu trúc

**Noun, [Noun + Prepositional Phrase], Verb**

Ví dụ:

The company president, a member of the board, announced the decision.

## 3. Một số cụm thường gặp

- the manager of the department
- the head of the company
- a member of the committee
- the director of sales
- the president of the organization

## 4. Ví dụ TOEIC

Ms. Taylor, the director of human resources, will conduct the interview.

## 5. Mẹo

Đừng nhầm:

**of + noun**

với một mệnh đề.

Cả cụm:

**the director of human resources**

có thể là một noun phrase đóng vai trò appositive.

",7,2026-08-08 20:15:39.278336,2026-08-08 20:15:39.278336,
483,40,Appositive trong câu TOEIC,"

# Appositive trong câu TOEIC

## 1. Dạng thường gặp

TOEIC thường đặt appositive giữa chủ ngữ và động từ.

Ví dụ:

The company's CEO, a former engineer, announced the new policy.

## 2. Xác định động từ chính

Trong câu:

The company's CEO, a former engineer, announced the new policy.

Động từ chính là:

**announced**

Không phải:

**engineer**

## 3. Ví dụ

The new director, a highly experienced manager, ______ the meeting tomorrow.

A. attend
B. attending
C. will attend
D. attendance

Đáp án: **C. will attend**

## 4. Mẹo

Nếu thấy:

**Subject, appositive, ______**

hãy bỏ tạm appositive ra khỏi câu để tìm động từ chính.

Ví dụ:

The new director, a highly experienced manager, will attend the meeting.

Bỏ cụm giữa hai dấu phẩy:

The new director will attend the meeting.

",8,2026-08-08 20:15:39.278336,2026-08-08 20:15:39.278336,
484,40,Appositive và Subject-Verb Agreement,"

# Appositive và Subject-Verb Agreement

## 1. Quy tắc

Appositive không quyết định số ít/số nhiều của động từ.

Động từ phải hòa hợp với **danh từ chính**.

## 2. Ví dụ

The manager, along with several employees, is attending the meeting.

Chủ ngữ chính:

**The manager**

→ số ít

→ dùng **is**

## 3. Ví dụ

The employees, the company's most experienced workers, are attending the meeting.

Chủ ngữ chính:

**The employees**

→ số nhiều

→ dùng **are**

## 4. Bẫy TOEIC

The director, one of the company's senior managers, ______ responsible for the project.

A. are
B. is
C. have
D. were

Đáp án: **B. is**

Chủ ngữ chính là:

**The director**

## 5. Mẹo

Khi gặp:

**Subject, Appositive, Verb**

hãy bỏ appositive ra.

Sau đó xác định subject chính rồi chia động từ.

",9,2026-08-08 20:15:39.278336,2026-08-08 20:15:39.278336,
485,40,Bẫy Appositive trong TOEIC,"

# Bẫy Appositive trong TOEIC

## 1. Bẫy xác định động từ chính

The manager, a former employee of the company, ______ the proposal.

A. approve
B. approves
C. approving
D. approval

Đáp án: **B. approves**

→ Chủ ngữ chính là ""The manager"".

## 2. Bẫy số ít/số nhiều

The director, one of the senior managers, ______ responsible for the project.

A. are
B. is
C. have
D. be

Đáp án: **B. is**

## 3. Bẫy Appositive và Relative Clause

The company's CEO, ______, announced the decision.

A. a former engineer
B. who a former engineer
C. which former engineer
D. being a former engineer who

Đáp án: **A. a former engineer**

## 4. Bẫy dấu phẩy

Mr. Smith, the company's new director, will attend the meeting.

→ ""the company's new director"" là thông tin bổ sung.

## 5. Bẫy hai danh từ liên tiếp

The manager John Smith approved the proposal.

→ John Smith có thể là restrictive appositive.

## 6. Quy tắc nhớ nhanh

**Noun + Noun**

→ kiểm tra Appositive.

**Noun, Noun, ...**

→ thường là non-restrictive appositive.

**Noun + who/which/that**

→ kiểm tra Relative Clause.

**Subject, Appositive, Verb**

→ động từ chia theo Subject chính.

",10,2026-08-08 20:15:39.278336,2026-08-08 20:15:39.278336,
486,41,Parallel Structure là gì?,"

# Parallel Structure là gì?

## 1. Khái niệm

Parallel Structure (cấu trúc song song) là nguyên tắc sử dụng các thành phần có **cùng dạng ngữ pháp** khi chúng được nối hoặc đặt cạnh nhau.

Ví dụ:

The job requires **planning, organizing, and managing**.

Ba thành phần:

- planning
- organizing
- managing

đều có dạng **V-ing**.

## 2. Vì sao cần Parallel Structure?

Cấu trúc song song giúp câu:

- rõ ràng hơn
- cân đối hơn
- dễ hiểu hơn
- đúng ngữ pháp

## 3. Các dạng thường gặp

Các thành phần song song có thể là:

- noun + noun
- adjective + adjective
- verb + verb
- V-ing + V-ing
- to V + to V
- phrase + phrase
- clause + clause

## 4. Ví dụ TOEIC

The position requires employees to be **flexible, responsible, and reliable**.

Ba tính từ:

- flexible
- responsible
- reliable

được sử dụng song song.

## 5. Mẹo TOEIC

Khi thấy các thành phần được nối bằng:

- and
- or
- but
- nor

hãy kiểm tra xem chúng có cùng dạng ngữ pháp hay không.

",1,2026-08-08 20:16:10.393981,2026-08-08 20:16:10.393981,
487,41,Parallel Structure với AND,"

# Parallel Structure với AND

## 1. Khái niệm

AND thường nối hai hoặc nhiều thành phần có chức năng tương đương.

Cấu trúc:

**A + and + A**

Trong đó A phải có dạng ngữ pháp tương đương.

## 2. Danh từ

The company sells **computers and printers**.

→ noun + noun

## 3. Tính từ

The position requires employees to be **creative and flexible**.

→ adjective + adjective

## 4. Động từ

The manager **reviewed the report and approved the proposal**.

→ verb + verb

## 5. V-ing

The job involves **planning and organizing**.

→ V-ing + V-ing

## 6. To-infinitive

The company plans **to expand and to hire** more employees.

→ to V + to V

Có thể bỏ ""to"" ở động từ thứ hai nếu cấu trúc vẫn rõ:

The company plans **to expand and hire** more employees.

## 7. Mẹo TOEIC

Khi thấy AND:

→ nhìn ngay hai thành phần hai bên AND.

Nếu một bên là V-ing thì bên còn lại thường cũng cần V-ing khi chúng có cùng chức năng.

",2,2026-08-08 20:16:10.393981,2026-08-08 20:16:10.393981,
488,41,Parallel Structure với OR và BUT,"

# Parallel Structure với OR và BUT

## 1. OR

OR nối các lựa chọn có cùng chức năng.

Ví dụ:

You can **call the office or send an email**.

→ verb + verb

## 2. Danh từ

The meeting will be held on **Monday or Tuesday**.

→ noun + noun

## 3. Tính từ

The instructions are **simple but effective**.

→ adjective + adjective

## 4. BUT

BUT cũng có thể nối các thành phần song song.

Ví dụ:

The service is **fast but expensive**.

→ adjective + adjective

## 5. Ví dụ TOEIC

Employees can **submit the form online or deliver it in person**.

→ submit + deliver

## 6. Bẫy thường gặp

Employees can submit the form online or **delivering** it in person. ❌

Đúng:

Employees can submit the form online or **deliver** it in person. ✅

## 7. Mẹo

Sau OR/BUT:

→ kiểm tra dạng của thành phần đứng trước nó.

",3,2026-08-08 20:16:10.393981,2026-08-08 20:16:10.393981,
489,41,Parallel Structure với Correlative Conjunctions,"

# Parallel Structure với Correlative Conjunctions

## 1. Khái niệm

Correlative Conjunctions là các cặp liên từ đi cùng nhau.

Các cặp phổ biến:

- both ... and
- either ... or
- neither ... nor
- not only ... but also
- whether ... or

## 2. BOTH ... AND

Cấu trúc:

**both + A + and + A**

Ví dụ:

The job requires **both accuracy and speed**.

→ noun + noun

## 3. EITHER ... OR

Ví dụ:

You can **either call us or send an email**.

→ verb + verb

## 4. NEITHER ... NOR

Ví dụ:

The employee is **neither experienced nor qualified**.

→ adjective + adjective

## 5. NOT ONLY ... BUT ALSO

Ví dụ:

The program is **not only useful but also affordable**.

→ adjective + adjective

## 6. Mẹo TOEIC

Sau khi gặp:

**both / either / neither / not only**

hãy tìm phần còn lại:

- and
- or
- nor
- but also

Sau đó kiểm tra hai thành phần có song song hay không.

",4,2026-08-08 20:16:10.393981,2026-08-08 20:16:10.393981,
490,41,Both ... And,"

# Both ... And

## 1. Cấu trúc

**both + A + and + B**

Trong đó:

**A và B phải song song về mặt ngữ pháp.**

## 2. Danh từ

The company provides **both training and equipment**.

→ noun + noun

## 3. Tính từ

The new system is **both efficient and reliable**.

→ adjective + adjective

## 4. Động từ

The manager **both reviewed the report and approved the proposal**.

→ verb + verb

## 5. V-ing

The position involves **both planning and organizing**.

→ V-ing + V-ing

## 6. Bẫy TOEIC

The job requires both **communication skills and to work effectively**. ❌

Không song song:

noun + to V

Có thể sửa:

The job requires both **communication skills and effective teamwork**. ✅

Hoặc:

The job requires employees both **to communicate effectively and to work efficiently**. ✅

## 7. Mẹo

Sau BOTH:

→ tìm AND.

Sau đó kiểm tra hai thành phần có cùng dạng hay không.

",5,2026-08-08 20:16:10.393981,2026-08-08 20:16:10.393981,
491,41,Either ... Or và Neither ... Nor,"

# Either ... Or và Neither ... Nor

## 1. Either ... Or

Dùng để đưa ra hai lựa chọn.

Cấu trúc:

**either + A + or + B**

Ví dụ:

Employees can **either work remotely or work in the office**.

## 2. Neither ... Nor

Dùng để phủ định cả hai.

Ví dụ:

The product is **neither cheap nor durable**.

→ adjective + adjective

## 3. Song song với động từ

The manager will **either approve the request or reject it**.

→ approve + reject

## 4. Subject-Verb Agreement

Với:

**either A or B**

và:

**neither A nor B**

động từ thường hòa hợp với chủ ngữ gần nó nhất.

Ví dụ:

Either the manager or the employees **are** responsible.

Either the employees or the manager **is** responsible.

## 5. Mẹo TOEIC

Ngoài kiểm tra Parallel Structure, hãy kiểm tra luôn:

→ **Subject-Verb Agreement**.

",6,2026-08-08 20:16:10.393981,2026-08-08 20:16:10.393981,
492,41,Not Only ... But Also,"

# Not Only ... But Also

## 1. Cấu trúc

**not only + A + but also + B**

A và B phải song song.

## 2. Danh từ

The company provides **not only training but also financial support**.

→ noun + noun

## 3. Tính từ

The new system is **not only faster but also more reliable**.

→ adjective + adjective

## 4. Động từ

The manager **not only reviewed the report but also approved it**.

→ verb + verb

## 5. V-ing

The job involves **not only planning but also organizing**.

→ V-ing + V-ing

## 6. Bẫy TOEIC

The position requires employees to **not only communicate effectively but also working independently**. ❌

Đúng:

The position requires employees to **not only communicate effectively but also work independently**. ✅

## 7. Mẹo

Sau NOT ONLY:

→ tìm BUT ALSO.

Sau đó so sánh dạng ngữ pháp của hai thành phần.

",7,2026-08-08 20:16:10.393981,2026-08-08 20:16:10.393981,
493,41,Parallel Structure với Gerund và Infinitive,"

# Parallel Structure với Gerund và Infinitive

## 1. Gerund

Gerund có dạng:

**V-ing**

Ví dụ:

The job involves **planning and organizing**.

## 2. Infinitive

Infinitive có dạng:

**to + V**

Ví dụ:

The company plans **to expand and to hire** more employees.

## 3. Không trộn dạng tùy tiện

Sai:

The manager wants **to review the report and approving the proposal**. ❌

Đúng:

The manager wants **to review the report and approve the proposal**. ✅

## 4. Gerund song song

The position requires **communicating clearly and working efficiently**.

→ V-ing + V-ing

## 5. Infinitive song song

The company expects employees **to arrive on time and to follow company policies**.

Có thể viết:

The company expects employees **to arrive on time and follow company policies**.

## 6. Mẹo TOEIC

Khi hai động từ cùng phụ thuộc vào một động từ chính:

→ kiểm tra xem chúng có cùng dạng hay không.

",8,2026-08-08 20:16:10.393981,2026-08-08 20:16:10.393981,
501,42,"Chủ ngữ với Each, Every và Everyone","

# Chủ ngữ với Each, Every và Everyone

## 1. Each

**Each + singular noun + singular verb**

Ví dụ:

Each employee **has** an identification card.

## 2. Every

**Every + singular noun + singular verb**

Ví dụ:

Every employee **is** required to attend the meeting.

## 3. Everyone

Everyone là đại từ số ít.

Ví dụ:

Everyone **is** invited.

Không dùng:

Everyone are ❌

## 4. Các đại từ tương tự

Các đại từ thường dùng động từ số ít:

- everyone
- everybody
- everything
- someone
- somebody
- something
- anyone
- anybody
- anything
- no one
- nobody
- nothing

Ví dụ:

Everyone **has** a responsibility.

Someone **is** waiting outside.

## 5. Mẹo TOEIC

Đừng bị đánh lừa bởi ý nghĩa ""nhiều người"".

**Everyone / everybody** về ngữ pháp là số ít.

",6,2026-08-08 20:16:40.405962,2026-08-08 20:16:40.405962,
494,41,Parallel Structure với cụm từ và mệnh đề,"

# Parallel Structure với cụm từ và mệnh đề

## 1. Phrase + Phrase

Ví dụ:

The manager is responsible for **training employees and monitoring performance**.

→ V-ing phrase + V-ing phrase

## 2. Clause + Clause

Ví dụ:

The company wants employees **to work efficiently and to communicate clearly**.

## 3. Tính từ + cụm tính từ

Ví dụ:

The new system is **easy to use and highly reliable**.

Hai phần đều đóng vai trò bổ nghĩa cho system.

## 4. So sánh cấu trúc

Sai:

The company values employees who are **hard-working, reliable, and who communicate well**. ❌

Cấu trúc không cân đối.

Có thể sửa:

The company values employees who are **hard-working, reliable, and effective communicators**. ✅

Hoặc:

The company values employees who **work hard, act reliably, and communicate well**. ✅

## 5. Mẹo TOEIC

Không chỉ nhìn từng từ.

Hãy nhìn **toàn bộ cụm** hai bên liên từ.

Parallel Structure có thể áp dụng ở cấp độ:

- từ
- cụm từ
- mệnh đề

",9,2026-08-08 20:16:10.393981,2026-08-08 20:16:10.393981,
495,41,Bẫy Parallel Structure trong TOEIC,"

# Bẫy Parallel Structure trong TOEIC

## 1. Bẫy AND

The position requires **accuracy, efficiency, and ______**.

A. responsible
B. responsibility
C. reliability
D. reliably

Đáp án: **C. reliability**

Vì:

- accuracy → noun
- efficiency → noun
- reliability → noun

## 2. Bẫy V-ing

The job involves **planning, organizing, and ______**.

A. manage
B. managed
C. managing
D. management

Đáp án: **C. managing**

## 3. Bẫy TO V

The company plans **to expand its operations and ______ more employees**.

A. hire
B. hiring
C. hired
D. hires

Đáp án: **A. hire**

→ to expand + hire.

## 4. Bẫy NOT ONLY ... BUT ALSO

The new system is **not only faster but also ______**.

A. reliability
B. reliably
C. more reliable
D. rely

Đáp án: **C. more reliable**

## 5. Bẫy BOTH ... AND

The position requires both **technical knowledge and ______ skills**.

A. communicate
B. communication
C. communicating
D. communicated

Đáp án: **B. communication**

## 6. Bẫy EITHER ... OR

Employees can either **submit the form online or ______ it directly**.

A. deliver
B. delivering
C. delivered
D. delivery

Đáp án: **A. deliver**

## 7. Công thức nhớ nhanh

**A and A**

**A or A**

**both A and A**

**either A or A**

**neither A nor A**

**not only A but also A**

Trong đó A phải có cấu trúc ngữ pháp tương đương.

",10,2026-08-08 20:16:10.393981,2026-08-08 20:16:10.393981,
496,42,Subject-Verb Agreement là gì?,"

# Subject-Verb Agreement là gì?

## 1. Khái niệm

Subject-Verb Agreement là quy tắc **động từ phải hòa hợp với chủ ngữ về số**.

- Chủ ngữ số ít → động từ số ít.
- Chủ ngữ số nhiều → động từ số nhiều.

## 2. Hiện tại đơn

### Chủ ngữ số ít

Dùng:

**V-s/es**

Ví dụ:

The manager **works** here.

The company **provides** training.

### Chủ ngữ số nhiều

Dùng động từ nguyên mẫu:

Employees **work** here.

Companies **provide** training.

## 3. Động từ BE

| Chủ ngữ | BE |
|---|---|
| I | am |
| He/She/It | is |
| Singular noun | is |
| You/We/They | are |
| Plural noun | are |

## 4. Ví dụ

The employee **is** responsible.

The employees **are** responsible.

## 5. Mẹo TOEIC

Đừng chỉ nhìn danh từ gần động từ nhất.

Hãy xác định **chủ ngữ chính** trước.

",1,2026-08-08 20:16:40.405962,2026-08-08 20:16:40.405962,
497,42,Chủ ngữ số ít và số nhiều,"

# Chủ ngữ số ít và số nhiều

## 1. Danh từ số ít

Danh từ số ít thường đi với động từ số ít.

Ví dụ:

The employee **works** hard.

The manager **is** busy.

## 2. Danh từ số nhiều

Danh từ số nhiều đi với động từ số nhiều.

Ví dụ:

The employees **work** hard.

The managers **are** busy.

## 3. Danh từ tận cùng bằng -s

Không phải mọi danh từ kết thúc bằng **-s** đều là số nhiều.

Ví dụ:

The news **is** important.

Economics **is** an interesting subject.

## 4. Danh từ không có -s nhưng mang nghĩa số nhiều

Ví dụ:

People **are** waiting.

Children **are** playing.

## 5. Mẹo

Không xác định số ít/số nhiều chỉ dựa vào chữ **-s**.

Cần biết danh từ thực sự là singular hay plural.

",2,2026-08-08 20:16:40.405962,2026-08-08 20:16:40.405962,
498,42,Chủ ngữ nối bằng AND,"

# Chủ ngữ nối bằng AND

## 1. Quy tắc

Hai chủ ngữ nối bằng **and** thường tạo thành chủ ngữ số nhiều.

Cấu trúc:

**A and B + plural verb**

Ví dụ:

The manager and the assistant **are** attending the meeting.

## 2. Ví dụ

John and Mary **work** together.

The sales department and the marketing department **are** preparing a report.

## 3. Trường hợp cùng chỉ một người/vật

Nếu hai danh từ cùng chỉ **một người hoặc một khái niệm**, động từ có thể dùng số ít.

Ví dụ:

The owner and manager **is** attending the meeting.

Nếu ""owner and manager"" chỉ cùng một người.

## 4. So sánh

The owner and the manager **are** attending the meeting.

→ Hai người.

The owner and manager **is** attending the meeting.

→ Một người có hai vai trò.

## 5. Mẹo TOEIC

Khi gặp AND:

→ thông thường chọn động từ số nhiều.

Nhưng hãy kiểm tra xem hai danh từ có cùng chỉ một người/vật hay không.

",3,2026-08-08 20:16:40.405962,2026-08-08 20:16:40.405962,
499,42,"Chủ ngữ với OR, EITHER...OR và NEITHER...NOR","

# Chủ ngữ với OR, EITHER...OR và NEITHER...NOR

## 1. OR

Khi hai chủ ngữ được nối bằng **or**, động từ thường hòa hợp với chủ ngữ gần nó nhất.

Ví dụ:

The manager or the employees **are** responsible.

The employees or the manager **is** responsible.

## 2. EITHER ... OR

Ví dụ:

Either the manager or the employees **are** attending the meeting.

Either the employees or the manager **is** attending the meeting.

## 3. NEITHER ... NOR

Ví dụ:

Neither the manager nor the employees **are** available.

Neither the employees nor the manager **is** available.

## 4. Mẹo TOEIC

Với:

- either ... or
- neither ... nor
- or

hãy nhìn **chủ ngữ đứng gần động từ nhất**.

",4,2026-08-08 20:16:40.405962,2026-08-08 20:16:40.405962,
500,42,"Chủ ngữ với Along With, Together With và As Well As","

# Chủ ngữ với Along With, Together With và As Well As

## 1. Quy tắc

Các cụm:

- along with
- together with
- as well as
- accompanied by
- in addition to

không làm thay đổi chủ ngữ chính.

## 2. Ví dụ

The manager, along with several employees, **is** attending the meeting.

Chủ ngữ chính:

**The manager**

→ dùng **is**.

## 3. Ví dụ

The employees, along with the manager, **are** attending the meeting.

Chủ ngữ chính:

**The employees**

→ dùng **are**.

## 4. Bẫy TOEIC

The director, together with his assistants, ______ responsible for the project.

A. are
B. is
C. have
D. were

Đáp án: **B. is**

## 5. Mẹo

Khi thấy cụm chen giữa hai dấu phẩy:

→ tạm bỏ cụm đó ra.

Sau đó xác định chủ ngữ chính.

",5,2026-08-08 20:16:40.405962,2026-08-08 20:16:40.405962,
503,42,Chủ ngữ với Quantifiers,"

# Chủ ngữ với Quantifiers

## 1. Some of

Động từ phụ thuộc vào danh từ sau **of**.

### Some of + plural countable noun

Some of the employees **are** working remotely.

### Some of + uncountable noun

Some of the information **is** incorrect.

## 2. Most of

Most of the employees **are** available.

Most of the information **is** accurate.

## 3. All of

All of the employees **are** required to attend.

All of the equipment **is** inspected regularly.

## 4. None of

None of the employees **are** available.

None of the information **is** available.

Trong thực tế, cách dùng của ""none"" có thể thay đổi theo danh từ và văn phong, nhưng TOEIC thường yêu cầu xét danh từ sau **of**.

## 5. Mẹo

Với:

**some/most/all/none + of**

→ nhìn danh từ sau **of** để xác định số.

",8,2026-08-08 20:16:40.405962,2026-08-08 20:16:40.405962,
504,42,Danh từ tập hợp và Subject-Verb Agreement,"

# Danh từ tập hợp và Subject-Verb Agreement

## 1. Collective Nouns

Một số danh từ tập hợp:

- team
- staff
- committee
- family
- company
- organization
- audience

## 2. Khi xem tập thể như một đơn vị

Thường dùng động từ số ít trong tiếng Anh Mỹ và trong nhiều ngữ cảnh TOEIC.

Ví dụ:

The team **is** ready.

The committee **has** reached a decision.

The company **is** expanding.

## 3. Khi nhấn mạnh các thành viên

Trong một số ngữ cảnh, tiếng Anh Anh có thể dùng động từ số nhiều.

Ví dụ:

The team **are** arguing among themselves.

Tuy nhiên, trong TOEIC, cách dùng số ít thường an toàn hơn khi collective noun được xem như một đơn vị.

## 4. Không nhầm với danh từ số nhiều

Ví dụ:

The employees **are** working.

→ employees là danh từ số nhiều.

The company **is** hiring.

→ company là danh từ số ít.

## 5. Mẹo

Xác định xem danh từ tập hợp đang được xem là:

**một đơn vị**

hay

**các thành viên riêng lẻ**.

",9,2026-08-08 20:16:40.405962,2026-08-08 20:16:40.405962,
505,42,Bẫy Subject-Verb Agreement trong TOEIC,"

# Bẫy Subject-Verb Agreement trong TOEIC

## 1. Bẫy danh từ đứng gần động từ

The manager, along with several employees, ______ attending the meeting.

A. are
B. is
C. have
D. were

Đáp án: **B. is**

Chủ ngữ chính:

**The manager**

## 2. Bẫy One of

One of the employees ______ responsible for the report.

A. are
B. is
C. have
D. were

Đáp án: **B. is**

→ One of + plural noun + singular verb.

## 3. Bẫy Each

Each of the applicants ______ required to submit a résumé.

A. are
B. is
C. have
D. were

Đáp án: **B. is**

## 4. Bẫy Everyone

Everyone ______ expected to attend the meeting.

A. are
B. is
C. have
D. were

Đáp án: **B. is**

## 5. Bẫy Some of

Some of the information ______ outdated.

A. are
B. is
C. have
D. were

Đáp án: **B. is**

## 6. Bẫy OR

Either the manager or the employees ______ responsible.

A. is
B. are
C. was
D. has

Đáp án: **B. are**

Vì chủ ngữ gần động từ nhất là:

**employees**

## 7. Bẫy AND

The manager and the assistant ______ preparing the report.

A. is
B. are
C. has
D. was

Đáp án: **B. are**

## 8. Quy tắc xử lý nhanh

Khi gặp câu hỏi Subject-Verb Agreement:

### Bước 1
Tìm động từ chính.

### Bước 2
Tìm chủ ngữ chính.

### Bước 3
Bỏ qua các cụm chen giữa như:

- along with
- together with
- as well as
- in addition to
- prepositional phrases
- appositives

### Bước 4
Kiểm tra:

- singular → singular verb
- plural → plural verb

### Bước 5
Đặc biệt chú ý:

- each
- every
- everyone
- one of
- each of
- either...or
- neither...nor
- some of
- most of
- all of

",10,2026-08-08 20:16:40.405962,2026-08-08 20:16:40.405962,
506,43,"Ôn lại hệ thống mạo từ A, AN và THE","

# Ôn lại hệ thống mạo từ A, AN và THE

## 1. Mạo từ là gì?

Mạo từ (Articles) đứng trước danh từ để cho biết danh từ đó đang được nói đến theo nghĩa **chung chung** hay **cụ thể**.

Ba mạo từ chính:

- a
- an
- the

Ngoài ra còn có trường hợp **không dùng mạo từ** (zero article).

## 2. A

Dùng **a** trước danh từ đếm được số ít bắt đầu bằng **âm phụ âm**.

Ví dụ:

a company

a manager

a university

a European company

## 3. AN

Dùng **an** trước danh từ đếm được số ít bắt đầu bằng **âm nguyên âm**.

Ví dụ:

an employee

an office

an hour

an honest person

## 4. THE

Dùng **the** khi người nghe/người đọc có thể xác định được danh từ đang nói đến.

Ví dụ:

I read a report.

The report was very useful.

Lần đầu nói đến → a report.

Đã xác định → the report.

## 5. Zero Article

Một số danh từ không cần mạo từ.

Ví dụ:

Employees need training.

Information is important.

## 6. Mẹo TOEIC

Khi gặp A / AN / THE:

→ xác định trước:

1. Danh từ có đếm được không?
2. Nếu đếm được, có phải số ít không?
3. Danh từ đã xác định hay chưa?
4. Đang nói về một đối tượng hay nói chung?

",1,2026-08-08 20:17:04.564352,2026-08-08 20:17:04.564352,
507,43,"A và AN: Chọn theo âm, không phải chữ cái","

# A và AN: Chọn theo âm, không phải chữ cái

## 1. Quy tắc quan trọng

A và AN được chọn dựa trên **âm đầu tiên khi phát âm**, không chỉ dựa vào chữ cái đầu tiên.

## 2. AN + nguyên âm

an employee

an office

an engineer

an application

## 3. A + âm phụ âm

a manager

a company

a report

a university

## 4. UNIVERSITY

University bắt đầu bằng chữ ""u"" nhưng phát âm bắt đầu bằng âm /j/.

Vì vậy:

**a university** ✅

Không phải:

an university ❌

## 5. HOUR

Hour bắt đầu bằng chữ ""h"" nhưng h không được phát âm.

Vì vậy:

**an hour** ✅

## 6. HONEST

honest cũng có âm đầu là nguyên âm.

**an honest employee** ✅

## 7. Viết tắt

Nếu cách đọc bắt đầu bằng âm nguyên âm:

an MBA

an HR manager

Nếu bắt đầu bằng âm phụ âm:

a CEO

a university

## 8. Mẹo TOEIC

Đừng nhìn chữ cái đầu tiên.

→ Hãy đọc **âm đầu tiên**.

",2,2026-08-08 20:17:04.564352,2026-08-08 20:17:04.564352,
508,43,Dùng A/AN với danh từ đếm được số ít,"

# Dùng A/AN với danh từ đếm được số ít

## 1. Quy tắc

Danh từ đếm được số ít khi nói đến **một đối tượng chưa xác định** thường cần:

**a / an**

Ví dụ:

I need **a pen**.

She is **an engineer**.

## 2. Nghề nghiệp

A/AN thường được dùng trước nghề nghiệp.

Ví dụ:

She is **a manager**.

He is **an accountant**.

She became **a director**.

## 3. Một đối tượng trong một nhóm

Ví dụ:

We need **a solution** to this problem.

The company hired **an experienced employee**.

## 4. Sau THERE IS

There is **a problem** with the system.

There is **an error** in the report.

## 5. Bẫy TOEIC

Sai:

The company hired manager. ❌

Đúng:

The company hired **a manager**. ✅

Vì manager là danh từ đếm được số ít.

## 6. Mẹo

Nếu thấy:

**singular countable noun**

hãy kiểm tra xem trước nó đã có từ hạn định chưa.

Nếu chưa và danh từ chưa xác định:

→ thường cần **a/an**.

",3,2026-08-08 20:17:04.564352,2026-08-08 20:17:04.564352,
509,43,THE với danh từ đã xác định,"

# THE với danh từ đã xác định

## 1. Khái niệm

THE được dùng khi danh từ đã được xác định rõ trong ngữ cảnh.

Ví dụ:

I received **a report** yesterday.

**The report** contains several errors.

Lần đầu → a report.

Lần sau → the report.

## 2. Khi có thông tin xác định

The report **that you sent** was useful.

Cụm:

**that you sent**

giúp xác định report nào.

## 3. Khi chỉ có một đối tượng cụ thể trong ngữ cảnh

Please close **the door**.

→ Người nghe biết cánh cửa nào đang được nói đến.

## 4. Với danh từ đã được đề cập

We purchased a new computer.

**The computer** is very fast.

## 5. Mẹo TOEIC

Nếu danh từ đã được nhắc đến hoặc có thông tin phía sau giúp xác định nó:

→ kiểm tra khả năng dùng **THE**.

",4,2026-08-08 20:17:04.564352,2026-08-08 20:17:04.564352,
510,43,THE với danh từ được xác định bởi cụm từ hoặc mệnh đề,"

# THE với danh từ được xác định bởi cụm từ hoặc mệnh đề

## 1. Cụm giới từ

The report **on the desk** is important.

""on the desk"" xác định report nào.

## 2. Mệnh đề quan hệ

The employee **who submitted the application** was hired.

Mệnh đề quan hệ xác định employee nào.

## 3. Cấu trúc

**the + noun + identifying phrase/clause**

Ví dụ:

the information in the report

the manager from Tokyo

the documents that you requested

## 4. So sánh

I need **a report**.

→ Một báo cáo bất kỳ.

I need **the report on your desk**.

→ Báo cáo cụ thể trên bàn của bạn.

## 5. Mẹo TOEIC

Khi sau danh từ có:

- relative clause
- prepositional phrase
- identifying phrase

hãy kiểm tra xem cụm đó có làm danh từ trở nên **xác định** hay không.

",5,2026-08-08 20:17:04.564352,2026-08-08 20:17:04.564352,
511,43,THE với danh từ duy nhất và thứ tự,"

# THE với danh từ duy nhất và thứ tự

## 1. Đối tượng duy nhất

THE thường được dùng với những thứ được xem là duy nhất trong một ngữ cảnh.

Ví dụ:

the sun

the moon

the Earth

the Internet

## 2. Số thứ tự

Dùng THE trước số thứ tự.

Ví dụ:

the first meeting

the second floor

the third chapter

## 3. So sánh nhất

Dùng THE trước superlative.

Ví dụ:

the best candidate

the most important issue

the largest company

## 4. Only

THE thường đứng trước danh từ được xác định bởi **only**.

Ví dụ:

the only solution

the only employee available

## 5. Same

Dùng:

**the same**

Ví dụ:

We received the same information.

They work in the same office.

## 6. Mẹo TOEIC

Đặc biệt chú ý:

- the first
- the second
- the last
- the best
- the most
- the only
- the same

",6,2026-08-08 20:17:04.564352,2026-08-08 20:17:04.564352,
512,43,"THE với địa danh, tổ chức và tên riêng","

# THE với địa danh, tổ chức và tên riêng

## 1. Tên quốc gia

Phần lớn tên quốc gia không dùng THE.

Ví dụ:

Vietnam

Japan

France

Canada

## 2. Quốc gia có dạng số nhiều hoặc chứa từ chỉ loại hình

Thường dùng THE với:

the United States

the United Kingdom

the Netherlands

the Philippines

## 3. Sông, biển và đại dương

Thường dùng THE:

the Mekong

the Pacific Ocean

the South China Sea

## 4. Dãy núi

Dùng THE với dãy núi:

the Alps

the Rocky Mountains

Nhưng tên một ngọn núi thường không dùng THE:

Mount Everest

## 5. Tổ chức

Một số tên tổ chức dùng THE:

the United Nations

the World Bank

the European Union

## 6. Mẹo TOEIC

Không nên học thuộc một quy tắc duy nhất cho mọi tên riêng.

Hãy chú ý loại địa danh/tổ chức.

",7,2026-08-08 20:17:04.564352,2026-08-08 20:17:04.564352,
513,43,Zero Article: Khi không dùng mạo từ,"

# Zero Article: Khi không dùng mạo từ

## 1. Khái niệm

Zero Article nghĩa là **không sử dụng a, an hoặc the** trước danh từ.

## 2. Danh từ số nhiều nói chung

Employees need regular training.

→ Nhân viên nói chung.

Không cần:

The employees need regular training.

nếu không nói đến một nhóm nhân viên cụ thể.

## 3. Danh từ không đếm được nói chung

Information is important.

Training improves performance.

Money is necessary for the project.

## 4. Tên riêng

Thông thường không dùng mạo từ trước:

- tên người
- tên thành phố
- tên nhiều quốc gia

Ví dụ:

John works in Hanoi.

Vietnam exports many products.

## 5. Bữa ăn

Trong nghĩa chung:

have breakfast

have lunch

have dinner

Ví dụ:

Employees usually have lunch at noon.

## 6. Môn học và ngôn ngữ

Ví dụ:

English is widely used in business.

Marketing is an important field.

## 7. Mẹo TOEIC

Nếu danh từ:

- số nhiều nói chung
- không đếm được nói chung
- tên riêng thông thường
- môn học/ngôn ngữ

→ kiểm tra khả năng **không dùng mạo từ**.

",8,2026-08-08 20:17:04.564352,2026-08-08 20:17:04.564352,
514,43,THE và Zero Article với danh từ số nhiều,"

# THE và Zero Article với danh từ số nhiều

## 1. Nói chung

Employees must follow company policies.

→ Nhân viên nói chung.

Không dùng THE.

## 2. Nói về nhóm cụ thể

The employees in this department must attend the meeting.

→ Nhóm nhân viên cụ thể của phòng ban này.

Dùng THE.

## 3. So sánh

**Employees** are required to wear uniforms.

→ Nhân viên nói chung.

**The employees** in the production department are required to wear uniforms.

→ Nhân viên cụ thể trong bộ phận sản xuất.

## 4. Với danh từ không đếm được

Information is valuable.

→ Thông tin nói chung.

The information in this report is valuable.

→ Thông tin cụ thể trong báo cáo này.

## 5. Mẹo TOEIC

Đây là một bẫy rất phổ biến:

**plural/uncountable noun + general meaning → zero article**

**plural/uncountable noun + specific meaning → THE**

",9,2026-08-08 20:17:04.564352,2026-08-08 20:17:04.564352,
522,44,"Much, Many, Few, Little và Several","

# Much, Many, Few, Little và Several

## 1. MANY

**many + plural countable noun**

many employees

many applications

## 2. MUCH

**much + uncountable noun**

much information

much money

## 3. FEW

**few + plural countable noun**

few employees

few opportunities

## 4. LITTLE

**little + uncountable noun**

little time

little information

## 5. SEVERAL

Several dùng với danh từ đếm được số nhiều.

**several + plural countable noun**

Ví dụ:

several employees

several companies

## 6. Bảng ghi nhớ

| Determiner | Danh từ |
|---|---|
| many | plural countable |
| much | uncountable |
| few | plural countable |
| little | uncountable |
| several | plural countable |

## 7. Mẹo TOEIC

Nhìn danh từ ngay sau determiner.

Nếu là:

- plural countable → many / few / several
- uncountable → much / little

",7,2026-08-08 20:17:30.456787,2026-08-08 20:17:30.456787,
568,49,Passive với Modal Verbs,"

# Passive với Modal Verbs

## 1. Cấu trúc

Modal + **be + V3/ed**

Các modal thường gặp:

- can
- could
- may
- might
- must
- should
- will
- would

## 2. Ví dụ

The application **must be submitted** by Friday.

The documents **should be reviewed** carefully.

The equipment **can be used** by all employees.

The meeting **may be postponed**.

## 3. Phủ định

Modal + **not + be + V3**

Ví dụ:

The information must not be disclosed.

The equipment should not be used without permission.

## 4. Câu hỏi

**Modal + subject + be + V3?**

Ví dụ:

Can the report be completed today?

Should the documents be sent immediately?

## 5. Mẹo TOEIC

Sau modal:

**modal + V nguyên mẫu**

Vì vậy:

must be completed ✅

must completed ❌

must be completing ❌

",2,2026-08-08 20:21:12.361922,2026-08-08 20:21:12.361922,
515,43,Bẫy Advanced Articles trong TOEIC,"

# Bẫy Advanced Articles trong TOEIC

## 1. Bẫy danh từ đếm được số ít

The company hired ______ experienced engineer.

A. a  
B. an  
C. the  
D. Ø

Đáp án: **B. an**

→ engineer là danh từ đếm được số ít và chưa xác định.

## 2. Bẫy âm đầu

She works at ______ university in Hanoi.

A. an  
B. a  
C. the  
D. Ø

Đáp án: **B. a**

→ university bắt đầu bằng âm /j/.

## 3. Bẫy danh từ đã xác định

Please review ______ report that I sent yesterday.

A. a  
B. an  
C. the  
D. Ø

Đáp án: **C. the**

→ ""that I sent yesterday"" xác định report nào.

## 4. Bẫy superlative

This is ______ most effective solution.

A. a  
B. an  
C. the  
D. Ø

Đáp án: **C. the**

## 5. Bẫy số thứ tự

She is ______ first employee to arrive.

A. a  
B. an  
C. the  
D. Ø

Đáp án: **C. the**

## 6. Bẫy danh từ số nhiều nói chung

______ employees need regular training.

A. A  
B. An  
C. The  
D. Ø

Đáp án: **D. Ø**

→ employees được dùng với nghĩa chung.

## 7. Bẫy danh từ cụ thể

______ employees in our department need additional training.

A. A  
B. An  
C. The  
D. Ø

Đáp án: **C. The**

→ ""in our department"" xác định nhóm nhân viên.

## 8. Công thức làm bài

Khi gặp câu hỏi về mạo từ:

### Bước 1
Xác định danh từ là:

- countable
- uncountable
- singular
- plural

### Bước 2
Nếu là danh từ đếm được số ít:

→ kiểm tra **a/an/the**.

### Bước 3
Xác định danh từ:

- chưa xác định → a/an
- đã xác định → the
- nói chung → có thể zero article

### Bước 4
Kiểm tra các dấu hiệu đặc biệt:

- first / second / last
- best / most
- only
- same
- unique objects
- geographical names

",10,2026-08-08 20:17:04.564352,2026-08-08 20:17:04.564352,
516,44,Determiners là gì?,"

# Determiners là gì?

## 1. Khái niệm

Determiners (từ hạn định) là những từ đứng trước danh từ để xác định hoặc giới hạn phạm vi của danh từ.

Một số Determiners thường gặp:

- a / an
- the
- this / that
- these / those
- my / your / his / her
- some / any
- each / every
- either / neither
- much / many
- few / little
- several
- enough
- all / both

## 2. Vị trí

Determiner thường đứng trước danh từ.

Ví dụ:

this book

my company

some information

each employee

## 3. Determiner + noun

Ví dụ:

**this employee**

**those documents**

**my manager**

**every student**

## 4. Determiner không phải adjective

Determiner có chức năng xác định danh từ, trong khi adjective chủ yếu mô tả đặc điểm của danh từ.

Ví dụ:

**this new employee**

- this → determiner
- new → adjective
- employee → noun

## 5. Mẹo TOEIC

Khi thấy một danh từ trong câu:

→ kiểm tra xem trước nó có cần một từ hạn định hay không.

Đặc biệt chú ý:

- số ít / số nhiều
- đếm được / không đếm được
- xác định / chưa xác định

",1,2026-08-08 20:17:30.456787,2026-08-08 20:17:30.456787,
517,44,"This, That, These và Those","

# This, That, These và Those

## 1. This

**This + singular countable noun**

Ví dụ:

this report

this employee

this company

## 2. That

**That + singular countable noun**

Ví dụ:

that building

that document

that manager

## 3. These

**These + plural countable noun**

Ví dụ:

these reports

these employees

these documents

## 4. Those

**Those + plural countable noun**

Ví dụ:

those buildings

those companies

those applicants

## 5. Bảng ghi nhớ

| Gần | Xa |
|---|---|
| this + singular | that + singular |
| these + plural | those + plural |

## 6. Bẫy TOEIC

This employees ❌

These employees ✅

That documents ❌

Those documents ✅

## 7. Mẹo

Nhìn ngay danh từ phía sau:

- singular → this / that
- plural → these / those

",2,2026-08-08 20:17:30.456787,2026-08-08 20:17:30.456787,
518,44,Possessive Determiners,"

# Possessive Determiners

## 1. Khái niệm

Possessive Determiners cho biết danh từ thuộc về ai hoặc cái gì.

Các từ thường gặp:

- my
- your
- his
- her
- its
- our
- their

## 2. Cấu trúc

**possessive determiner + noun**

Ví dụ:

my office

your manager

his computer

her application

our company

their employees

## 3. Không dùng A/AN sau Possessive Determiner

Sai:

my a car ❌

her an office ❌

Đúng:

my car ✅

her office ✅

## 4. Không dùng THE trước Possessive Determiner

Sai:

the my manager ❌

the their company ❌

Đúng:

my manager ✅

their company ✅

## 5. Possessive Determiner và Possessive Pronoun

Possessive Determiner:

my book

your car

their office

Possessive Pronoun:

mine

yours

theirs

Ví dụ:

This is **my book**.

This book is **mine**.

## 6. Mẹo TOEIC

Nếu sau chỗ trống là danh từ và cần thể hiện sở hữu:

→ kiểm tra **my / your / his / her / its / our / their**.

",3,2026-08-08 20:17:30.456787,2026-08-08 20:17:30.456787,
519,44,"Some, Any, No và các Determiners cơ bản","

# Some, Any, No và các Determiners cơ bản

## 1. SOME

Some có thể đi với:

- plural countable noun
- uncountable noun

Ví dụ:

some employees

some information

## 2. ANY

Any thường dùng trong câu hỏi và phủ định.

Ví dụ:

Do you have any questions?

We don't have any information.

## 3. NO

NO có nghĩa là ""không có"".

Cấu trúc:

**no + noun**

Ví dụ:

There is no problem.

There are no employees available.

## 4. Không dùng NOT + NO

Sai:

We don't have no information. ❌

Đúng:

We don't have any information. ✅

Hoặc:

We have no information. ✅

## 5. Mẹo TOEIC

SOME / ANY / NO đều đứng trực tiếp trước danh từ.

Hãy kiểm tra:

→ danh từ số ít, số nhiều hay không đếm được.

",4,2026-08-08 20:17:30.456787,2026-08-08 20:17:30.456787,
520,44,Each và Every,"

# Each và Every

## 1. EACH

Each nhấn mạnh từng cá thể riêng biệt trong một nhóm.

Cấu trúc:

**each + singular countable noun**

Ví dụ:

Each employee has an ID card.

## 2. EVERY

Every nói đến tất cả các thành viên trong một nhóm theo nghĩa tổng quát.

Cấu trúc:

**every + singular countable noun**

Ví dụ:

Every employee must attend the meeting.

## 3. Động từ

Cả EACH và EVERY thường đi với danh từ số ít và động từ số ít.

Each employee **is** responsible.

Every employee **has** a badge.

## 4. EACH OF

Cấu trúc:

**each of + plural noun/pronoun**

Ví dụ:

Each of the employees **has** a badge.

Each of them **is** responsible.

## 5. EVERY OF

Không dùng:

every of the employees ❌

Đúng:

every employee ✅

hoặc:

every one of the employees ✅

## 6. Mẹo TOEIC

Nhớ:

**each + singular noun**

**every + singular noun**

**each of + plural noun**

**every one of + plural noun**

",5,2026-08-08 20:17:30.456787,2026-08-08 20:17:30.456787,
521,44,"Either, Neither và Both","

# Either, Neither và Both

## 1. EITHER

Either có thể mang nghĩa:

- một trong hai
- bất kỳ một trong hai

Cấu trúc:

**either + singular noun**

Ví dụ:

Either option is acceptable.

## 2. NEITHER

Neither có nghĩa là:

**không cái nào trong hai**

Cấu trúc:

**neither + singular noun**

Ví dụ:

Neither option is suitable.

## 3. BOTH

Both dùng với danh từ số nhiều.

Cấu trúc:

**both + plural noun**

Ví dụ:

Both options are acceptable.

## 4. So sánh

Either option → một trong hai lựa chọn.

Neither option → không lựa chọn nào trong hai.

Both options → cả hai lựa chọn.

## 5. Mẹo TOEIC

- either + singular noun
- neither + singular noun
- both + plural noun

",6,2026-08-08 20:17:30.456787,2026-08-08 20:17:30.456787,
523,44,"All, Both, Either và Neither với OF","

# All, Both, Either và Neither với OF

## 1. ALL OF

Cấu trúc:

**all of + noun/pronoun**

Ví dụ:

All of the employees attended the meeting.

All of the information was useful.

## 2. BOTH OF

Cấu trúc:

**both of + plural noun/pronoun**

Ví dụ:

Both of the employees are qualified.

Both of them are available.

## 3. EITHER OF

Cấu trúc:

**either of + plural noun/pronoun**

Ví dụ:

Either of the options is acceptable.

Either of them is suitable.

## 4. NEITHER OF

Cấu trúc:

**neither of + plural noun/pronoun**

Ví dụ:

Neither of the options is suitable.

Neither of them is available.

## 5. Đại từ sau OF

Có thể dùng:

- us
- you
- them

Ví dụ:

both of them

either of them

neither of them

all of us

## 6. Mẹo TOEIC

Đừng nhầm:

both employees

với:

both of the employees

Cả hai đều đúng nhưng cấu trúc khác nhau.

",8,2026-08-08 20:17:30.456787,2026-08-08 20:17:30.456787,
524,44,"Enough, More, Less và Fewer","

# Enough, More, Less và Fewer

## 1. ENOUGH

Enough có thể đứng trước danh từ.

**enough + noun**

Ví dụ:

enough time

enough money

enough employees

## 2. MORE

More dùng để chỉ số lượng lớn hơn.

**more + plural countable noun**

more employees

**more + uncountable noun**

more information

## 3. FEWER

Fewer dùng với danh từ đếm được số nhiều.

**fewer + plural countable noun**

fewer employees

fewer mistakes

## 4. LESS

Less dùng với danh từ không đếm được.

**less + uncountable noun**

less time

less money

less information

## 5. So sánh

There are **fewer employees** this year.

There is **less information** available.

## 6. Mẹo TOEIC

Nhớ:

**fewer + countable plural**

**less + uncountable**

Đây là một cặp rất thường xuất hiện trong câu hỏi TOEIC.

",9,2026-08-08 20:17:30.456787,2026-08-08 20:17:30.456787,
525,44,Bẫy Determiners trong TOEIC,"

# Bẫy Determiners trong TOEIC

## 1. Bẫy THIS / THESE

______ documents must be submitted by Friday.

A. This  
B. That  
C. These  
D. It

Đáp án: **C. These**

→ documents là danh từ số nhiều.

## 2. Bẫy EACH / EVERY

______ employee must complete the training.

A. Each  
B. Many  
C. Several  
D. Both

Đáp án: **A. Each**

→ employee là danh từ số ít.

## 3. Bẫy MANY / MUCH

The company needs ______ employees.

A. much  
B. many  
C. little  
D. less

Đáp án: **B. many**

→ employees là danh từ đếm được số nhiều.

## 4. Bẫy FEWER / LESS

The new system has ______ errors.

A. less  
B. fewer  
C. little  
D. much

Đáp án: **B. fewer**

→ errors là danh từ đếm được số nhiều.

## 5. Bẫy BOTH

______ applicants have relevant experience.

A. Both  
B. Either  
C. Neither  
D. Every

Đáp án: **A. Both**

→ applicants là danh từ số nhiều và nói về cả hai.

## 6. Bẫy NEITHER

______ option is suitable for the company.

A. Both  
B. Several  
C. Neither  
D. Many

Đáp án: **C. Neither**

→ option là danh từ số ít.

## 7. Bẫy POSSESSIVE DETERMINER

The manager asked ______ assistant to prepare the documents.

A. a  
B. an  
C. his  
D. the his

Đáp án: **C. his**

→ his đã là determiner nên không dùng thêm a/an/the.

## 8. Công thức làm bài

Khi gặp câu hỏi Determiners:

### Bước 1
Xác định danh từ sau chỗ trống.

### Bước 2
Xác định:

- singular
- plural
- countable
- uncountable

### Bước 3
Kiểm tra ý nghĩa:

- chỉ định → this/that/these/those
- sở hữu → my/your/his/her/our/their
- số lượng → many/much/few/little/several
- từng cá thể → each/every
- hai đối tượng → either/neither/both

### Bước 4
Kiểm tra xem determiner đó có thể đi trực tiếp với danh từ hay không.

",10,2026-08-08 20:17:30.456787,2026-08-08 20:17:30.456787,
526,45,Quantifiers nâng cao là gì?,"

# Quantifiers nâng cao là gì?

## 1. Khái niệm

Quantifiers nâng cao là các từ hoặc cụm từ dùng để diễn tả số lượng một cách chính xác hơn.

Các cấu trúc quan trọng trong TOEIC:

- all
- both
- either
- neither
- each
- every
- several
- plenty of
- enough
- a number of
- the number of
- a great deal of
- a large amount of
- a large number of

## 2. Phân loại

### Với danh từ đếm được số nhiều

- many
- few
- several
- both
- a number of
- a large number of

### Với danh từ không đếm được

- much
- little
- a great deal of
- a large amount of

### Với cả hai

- all
- enough
- plenty of
- a lot of
- lots of

## 3. Mẹo TOEIC

Không chỉ nhìn nghĩa ""nhiều"" hoặc ""ít"".

Hãy kiểm tra:

1. Danh từ đếm được hay không đếm được?
2. Danh từ số ít hay số nhiều?
3. Quantifier có yêu cầu động từ số ít hay số nhiều?
4. Cấu trúc có OF hay không?

",1,2026-08-08 20:17:53.838226,2026-08-08 20:17:53.838226,
527,45,"ALL, BOTH, EITHER và NEITHER","

# ALL, BOTH, EITHER và NEITHER

## 1. ALL

All có nghĩa là ""tất cả"".

Cấu trúc:

**all + plural noun**

Ví dụ:

All employees must attend the meeting.

## 2. BOTH

Both có nghĩa là ""cả hai"".

Cấu trúc:

**both + plural noun**

Ví dụ:

Both candidates are qualified.

## 3. EITHER

Either có nghĩa là ""một trong hai"".

Cấu trúc:

**either + singular noun**

Ví dụ:

Either option is acceptable.

## 4. NEITHER

Neither có nghĩa là ""không cái nào trong hai"".

Cấu trúc:

**neither + singular noun**

Ví dụ:

Neither option is suitable.

## 5. Bảng ghi nhớ

| Quantifier | Ý nghĩa | Danh từ |
|---|---|---|
| all | tất cả | plural / uncountable |
| both | cả hai | plural |
| either | một trong hai | singular |
| neither | không cái nào trong hai | singular |

## 6. Mẹo TOEIC

Đặc biệt chú ý:

**both + plural noun**

nhưng:

**either/neither + singular noun**

",2,2026-08-08 20:17:53.838226,2026-08-08 20:17:53.838226,
528,45,EACH và EVERY nâng cao,"

# EACH và EVERY nâng cao

## 1. EACH

Each nhấn mạnh từng thành viên riêng lẻ.

**each + singular noun**

Ví dụ:

Each employee receives a badge.

## 2. EVERY

Every đề cập đến tất cả thành viên trong một nhóm theo nghĩa tổng quát.

**every + singular noun**

Ví dụ:

Every employee must follow the rules.

## 3. EACH OF

**each of + plural noun/pronoun**

Ví dụ:

Each of the employees has an ID card.

Each of them is responsible.

## 4. EVERY ONE OF

**every one of + plural noun/pronoun**

Ví dụ:

Every one of the employees received a notice.

## 5. Động từ

Each/every thường đi với động từ số ít.

Each employee **has** a computer.

Every employee **is** required to attend.

## 6. Bẫy TOEIC

Each employees ❌

Each employee ✅

Every employees ❌

Every employee ✅

Every of the employees ❌

Every one of the employees ✅

",3,2026-08-08 20:17:53.838226,2026-08-08 20:17:53.838226,
529,45,A Number of và The Number of,"

# A Number of và The Number of

## 1. A NUMBER OF

A number of có nghĩa là ""một số"".

Cấu trúc:

**a number of + plural countable noun + plural verb**

Ví dụ:

A number of employees **are** absent.

→ Một số nhân viên vắng mặt.

## 2. THE NUMBER OF

The number of có nghĩa là ""số lượng"".

Cấu trúc:

**the number of + plural countable noun + singular verb**

Ví dụ:

The number of employees **is** increasing.

→ Số lượng nhân viên đang tăng.

## 3. So sánh

A number of employees **are** available.

→ Có một số nhân viên.

The number of employees **is** increasing.

→ Số lượng nhân viên đang tăng.

## 4. Bẫy TOEIC

A number of employees **is** ❌

A number of employees **are** ✅

The number of employees **are** ❌

The number of employees **is** ✅

## 5. Mẹo

Nhìn từ đầu cụm:

**A number of → động từ số nhiều**

**The number of → động từ số ít**

",4,2026-08-08 20:17:53.838226,2026-08-08 20:17:53.838226,
530,45,NUMBER và AMOUNT,"

# NUMBER và AMOUNT

## 1. NUMBER

Number dùng với danh từ **đếm được**.

Ví dụ:

the number of employees

the number of applications

a large number of customers

## 2. AMOUNT

Amount dùng với danh từ **không đếm được**.

Ví dụ:

a large amount of money

a small amount of information

a significant amount of time

## 3. So sánh

**number + countable noun**

**amount + uncountable noun**

## 4. Ví dụ TOEIC

The company received a large number of applications.

The project requires a large amount of funding.

## 5. Bẫy

a large amount of employees ❌

→ employees là danh từ đếm được.

Đúng:

a large number of employees ✅

a large number of information ❌

Đúng:

a large amount of information ✅

## 6. Mẹo

Nếu sau OF là:

plural countable noun → NUMBER

uncountable noun → AMOUNT

",5,2026-08-08 20:17:53.838226,2026-08-08 20:17:53.838226,
531,45,A Large Number of và A Large Amount of,"

# A Large Number of và A Large Amount of

## 1. A LARGE NUMBER OF

Dùng với danh từ đếm được số nhiều.

**a large number of + plural countable noun**

Ví dụ:

a large number of employees

a large number of applicants

a large number of companies

## 2. A LARGE AMOUNT OF

Dùng với danh từ không đếm được.

**a large amount of + uncountable noun**

Ví dụ:

a large amount of money

a large amount of information

a large amount of time

## 3. Ví dụ trong TOEIC

The company received a large number of applications.

The project requires a large amount of funding.

## 4. So sánh

| Cấu trúc | Danh từ |
|---|---|
| a large number of | countable plural |
| a large amount of | uncountable |

## 5. Mẹo

Không chọn theo nghĩa ""nhiều"".

Hãy nhìn danh từ sau **of**.

",6,2026-08-08 20:17:53.838226,2026-08-08 20:17:53.838226,
532,45,A Great Deal of,"

# A Great Deal Of

## 1. Khái niệm

A great deal of có nghĩa là ""một lượng lớn"".

Cấu trúc:

**a great deal of + uncountable noun**

## 2. Ví dụ

a great deal of money

a great deal of time

a great deal of information

a great deal of effort

## 3. Không dùng với danh từ đếm được

Sai:

a great deal of employees ❌

Đúng:

a great deal of information ✅

Nếu là employees:

a large number of employees ✅

## 4. Ví dụ TOEIC

The project requires a great deal of time.

The company has invested a great deal of money.

## 5. So sánh

**a great deal of → uncountable**

**a large number of → plural countable**

## 6. Mẹo

Nếu sau OF là danh từ không đếm được:

→ kiểm tra **a great deal of**.

",7,2026-08-08 20:17:53.838226,2026-08-08 20:17:53.838226,
533,45,Plenty of và Enough,"

# Plenty Of và Enough

## 1. PLENTY OF

Plenty of có nghĩa là ""nhiều, dư dả"".

Dùng được với:

- plural countable nouns
- uncountable nouns

Ví dụ:

plenty of employees

plenty of time

plenty of opportunities

## 2. ENOUGH

Enough có nghĩa là ""đủ"".

Cấu trúc:

**enough + noun**

Ví dụ:

enough time

enough employees

enough money

## 3. Enough + adjective

Enough cũng có thể đứng sau adjective.

Ví dụ:

The room is large enough.

The system is fast enough.

## 4. Enough + adverb

Ví dụ:

She worked hard enough.

He responded quickly enough.

## 5. So sánh

There is **enough time**.

→ Có đủ thời gian.

There is **plenty of time**.

→ Có rất nhiều/dư dả thời gian.

## 6. Mẹo TOEIC

Phân biệt vị trí:

**enough + noun**

nhưng:

**adjective/adverb + enough**

",8,2026-08-08 20:17:53.838226,2026-08-08 20:17:53.838226,
534,45,Quantifiers với OF,"

# Quantifiers với OF

## 1. Cấu trúc

Một số quantifiers có thể đi với:

**quantifier + of + determiner + noun**

Ví dụ:

some of the employees

many of the employees

all of the employees

both of the employees

each of the employees

## 2. Some of

Some of the employees are absent.

## 3. Many of

Many of the employees work remotely.

## 4. All of

All of the information is useful.

## 5. Both of

Both of the candidates are qualified.

## 6. Each of

Each of the employees has a badge.

## 7. Đại từ

OF có thể đi với đại từ:

some of them

many of us

all of you

both of them

each of them

## 8. Bẫy TOEIC

Không phải quantifier nào cũng dùng OF theo cùng một cách.

Ví dụ:

many employees ✅

many of the employees ✅

many of employees ❌

## 9. Mẹo

Sau **of** thường cần:

- the
- my
- these
- those
- us
- them
- you

",9,2026-08-08 20:17:53.838226,2026-08-08 20:17:53.838226,
535,45,Bẫy Quantifiers nâng cao trong TOEIC,"

# Bẫy Quantifiers nâng cao trong TOEIC

## 1. Bẫy A NUMBER OF / THE NUMBER OF

______ employees have joined the company this year.

A. The number of  
B. A number of  
C. The amount of  
D. A great deal of

Đáp án: **B. A number of**

→ employees là danh từ số nhiều và động từ ""have"" là số nhiều.

---

## 2. Bẫy THE NUMBER OF

______ employees has increased significantly.

A. A number of  
B. The number of  
C. A large amount of  
D. Several of

Đáp án: **B. The number of**

→ ""the number"" là chủ ngữ số ít → has.

---

## 3. Bẫy NUMBER / AMOUNT

The company received a large ______ of applications.

A. amount  
B. number  
C. deal  
D. quantity

Đáp án: **B. number**

→ applications là danh từ đếm được số nhiều.

---

## 4. Bẫy AMOUNT

The project requires a large ______ of funding.

A. number  
B. amount  
C. few  
D. several

Đáp án: **B. amount**

→ funding là danh từ không đếm được.

---

## 5. Bẫy EACH

______ of the employees has completed the training.

A. Each  
B. Both  
C. Many  
D. Several

Đáp án: **A. Each**

→ Each of + plural noun nhưng động từ vẫn số ít.

---

## 6. Bẫy BOTH

______ of the candidates are qualified.

A. Either  
B. Neither  
C. Both  
D. Each

Đáp án: **C. Both**

→ Both of + plural noun + plural verb.

---

## 7. Bẫy A GREAT DEAL OF

The manager spent a great ______ of time reviewing the documents.

A. number  
B. deal  
C. amount  
D. few

Đáp án: **B. deal**

→ a great deal of + uncountable noun.

---

## 8. Bẫy FEWER / LESS

The new system uses ______ resources than the previous one.

A. fewer  
B. less  
C. few  
D. little

Đáp án phụ thuộc vào danh từ sau đó.

Nếu **resources** là danh từ đếm được số nhiều:

→ **fewer resources**.

---

## 9. Bẫy ENOUGH

The company has ______ employees to complete the project.

A. enough  
B. enough of  
C. sufficiently  
D. many of

Đáp án: **A. enough**

→ enough + noun.

---

## 10. Công thức tổng hợp

### Countable plural:

- many
- few
- several
- both
- a number of
- a large number of
- fewer

### Uncountable:

- much
- little
- a great deal of
- a large amount of
- less

### Both:

- all
- enough
- plenty of
- some
- any
- a lot of

### Đặc biệt:

**a number of + plural noun + plural verb**

**the number of + plural noun + singular verb**

",10,2026-08-08 20:17:53.838226,2026-08-08 20:17:53.838226,
536,46,Preposition Collocations là gì?,"

# Preposition Collocations là gì?

## 1. Khái niệm

Preposition Collocations là những cụm từ trong đó một từ thường đi kèm với một giới từ cụ thể.

Ví dụ:

- interested in
- responsible for
- depend on
- participate in
- apply for
- access to

Không phải lúc nào cũng có thể chọn giới từ dựa vào nghĩa tiếng Việt.

## 2. Ba nhóm chính

### Adjective + Preposition

Ví dụ:

responsible for

interested in

familiar with

similar to

### Verb + Preposition

Ví dụ:

depend on

apply for

participate in

belong to

### Noun + Preposition

Ví dụ:

reason for

access to

increase in

demand for

## 3. Tại sao quan trọng trong TOEIC?

TOEIC thường đưa ra các đáp án là những giới từ đều có nghĩa gần giống nhau.

Ví dụ:

The manager is responsible ___ training new employees.

A. at
B. for
C. in
D. on

Đáp án: **B. for**

## 4. Mẹo học

Không nên học riêng:

responsible = chịu trách nhiệm

Hãy học cả cụm:

**responsible for = chịu trách nhiệm về**

",1,2026-08-08 20:18:26.974139,2026-08-08 20:18:26.974139,
560,48,Phrasal Verbs với DOWN,"

# Phrasal Verbs với DOWN

## 1. Cut down

**cut down = cắt giảm**

Ví dụ:

The company needs to cut down on expenses.

## 2. Turn down

**turn down = từ chối; giảm**

Ví dụ:

She turned down the job offer.

## 3. Slow down

**slow down = chậm lại**

Ví dụ:

The production process has slowed down.

## 4. Write down

**write down = viết lại, ghi xuống**

Ví dụ:

Please write down your phone number.

## 5. Break down

**break down = hỏng; phân tích; sụp đổ**

Ví dụ:

The machine broke down yesterday.

## 6. Shut down

**shut down = đóng cửa, tắt hệ thống**

Ví dụ:

The factory will shut down temporarily.

## 7. Mẹo TOEIC

Chú ý:

cut down on expenses

turn down an offer

write down information

break down

shut down

",5,2026-08-08 20:19:33.374912,2026-08-08 20:19:33.374912,
537,46,Adjective + Preposition: FOR,"

# Adjective + Preposition: FOR

## 1. Responsible for

**be responsible for + noun/V-ing**

Ví dụ:

The manager is responsible for employee training.

She is responsible for preparing the report.

## 2. Famous for

**be famous for + noun**

Ví dụ:

The company is famous for its innovative products.

## 3. Suitable for

**be suitable for + noun**

Ví dụ:

This position is suitable for experienced candidates.

## 4. Available for

**be available for + noun**

Ví dụ:

The conference room is available for meetings.

## 5. Ready for

**be ready for + noun**

Ví dụ:

The team is ready for the presentation.

## 6. Known for

**be known for + noun**

Ví dụ:

The company is known for its excellent customer service.

## 7. TOEIC patterns

responsible for

suitable for

available for

ready for

known for

famous for

## 8. Mẹo

Nếu thấy adjective:

**responsible / suitable / available / ready / known**

hãy kiểm tra khả năng đi với **FOR**.

",2,2026-08-08 20:18:26.974139,2026-08-08 20:18:26.974139,
538,46,Adjective + Preposition: TO,"

# Adjective + Preposition: TO

## 1. Similar to

**be similar to + noun**

Ví dụ:

This product is similar to the previous model.

## 2. Related to

**be related to + noun**

Ví dụ:

The issue is related to customer service.

## 3. Important to

**be important to + noun**

Ví dụ:

Customer satisfaction is important to the company.

## 4. Familiar to

**be familiar to + person**

Ví dụ:

The software is familiar to experienced users.

## 5. Opposed to

**be opposed to + noun/V-ing**

Ví dụ:

Some employees are opposed to changing the schedule.

## 6. Accustomed to

**be accustomed to + noun/V-ing**

Ví dụ:

Employees are accustomed to working remotely.

## 7. Lưu ý

TO trong các cụm trên là **giới từ**, vì vậy sau TO có thể là:

- noun
- pronoun
- V-ing

Ví dụ:

accustomed to working

opposed to changing

",3,2026-08-08 20:18:26.974139,2026-08-08 20:18:26.974139,
539,46,Adjective + Preposition: IN,"

# Adjective + Preposition: IN

## 1. Interested in

**be interested in + noun/V-ing**

Ví dụ:

Many students are interested in the training program.

She is interested in learning English.

## 2. Experienced in

**be experienced in + noun/V-ing**

Ví dụ:

She is experienced in managing projects.

## 3. Successful in

**be successful in + noun/V-ing**

Ví dụ:

The company was successful in expanding its business.

## 4. Involved in

**be involved in + noun/V-ing**

Ví dụ:

Employees are involved in developing new products.

## 5. Skilled in

**be skilled in + noun/V-ing**

Ví dụ:

He is skilled in using accounting software.

## 6. Confident in

**be confident in + noun**

Ví dụ:

The manager is confident in the team's ability.

## 7. Mẹo TOEIC

Các cụm cần nhớ:

interested in

experienced in

successful in

involved in

skilled in

confident in

",4,2026-08-08 20:18:26.974139,2026-08-08 20:18:26.974139,
540,46,Adjective + Preposition: WITH,"

# Adjective + Preposition: WITH

## 1. Familiar with

**be familiar with + noun**

Ví dụ:

Employees should be familiar with company policies.

## 2. Satisfied with

**be satisfied with + noun**

Ví dụ:

Customers are satisfied with the service.

## 3. Pleased with

**be pleased with + noun**

Ví dụ:

The manager was pleased with the results.

## 4. Concerned with

**be concerned with + noun**

Ví dụ:

The department is concerned with employee safety.

## 5. Associated with

**be associated with + noun**

Ví dụ:

The brand is associated with high quality.

## 6. Equipped with

**be equipped with + noun**

Ví dụ:

The office is equipped with modern computers.

## 7. Mẹo

Học theo cụm:

familiar with

satisfied with

pleased with

associated with

equipped with

",5,2026-08-08 20:18:26.974139,2026-08-08 20:18:26.974139,
541,46,Verb + Preposition: ON,"

# Verb + Preposition: ON

## 1. Depend on

**depend on + noun**

Ví dụ:

The schedule depends on the weather.

## 2. Rely on

**rely on + noun**

Ví dụ:

The company relies on customer feedback.

## 3. Focus on

**focus on + noun/V-ing**

Ví dụ:

The training focuses on improving communication skills.

## 4. Agree on

**agree on + noun**

Ví dụ:

The managers agreed on the final plan.

## 5. Comment on

**comment on + noun**

Ví dụ:

The director commented on the new policy.

## 6. Concentrate on

**concentrate on + noun/V-ing**

Ví dụ:

Employees should concentrate on completing the task.

## 7. Mẹo

Nhớ các cụm:

depend on

rely on

focus on

agree on

comment on

concentrate on

",6,2026-08-08 20:18:26.974139,2026-08-08 20:18:26.974139,
542,46,Verb + Preposition: FOR,"

# Verb + Preposition: FOR

## 1. Apply for

**apply for + job/position**

Ví dụ:

She applied for the marketing position.

## 2. Ask for

**ask for + noun**

Ví dụ:

The customer asked for a refund.

## 3. Pay for

**pay for + noun**

Ví dụ:

The company paid for the equipment.

## 4. Prepare for

**prepare for + noun**

Ví dụ:

Employees are preparing for the annual meeting.

## 5. Search for

**search for + noun**

Ví dụ:

The manager searched for the missing document.

## 6. Wait for

**wait for + noun**

Ví dụ:

The customers are waiting for the results.

## 7. Mẹo TOEIC

Đặc biệt chú ý:

apply **for** a job

ask **for** information

pay **for** something

prepare **for** a meeting

wait **for** someone

",7,2026-08-08 20:18:26.974139,2026-08-08 20:18:26.974139,
543,46,Verb + Preposition: TO và FROM,"

# Verb + Preposition: TO và FROM

## 1. Belong to

**belong to + noun**

Ví dụ:

This equipment belongs to the company.

## 2. Refer to

**refer to + noun**

Ví dụ:

Please refer to the attached document.

## 3. Respond to

**respond to + noun**

Ví dụ:

The company responded to the customer's request.

## 4. Contribute to

**contribute to + noun/V-ing**

Ví dụ:

The new system contributes to improving productivity.

## 5. Lead to

**lead to + noun/V-ing**

Ví dụ:

Poor communication can lead to delays.

## 6. Differ from

**differ from + noun**

Ví dụ:

The new model differs from the previous one.

## 7. Recover from

**recover from + noun**

Ví dụ:

The company recovered from the financial loss.

## 8. Mẹo

TO trong:

refer to

respond to

contribute to

lead to

là giới từ.

Vì vậy:

**lead to + noun/V-ing**

Không dùng:

lead to improve ❌

Đúng:

lead to improving ✅

",8,2026-08-08 20:18:26.974139,2026-08-08 20:18:26.974139,
544,46,Noun + Preposition,"

# Noun + Preposition

## 1. Reason for

**reason for + noun**

Ví dụ:

What is the reason for the delay?

## 2. Access to

**access to + noun**

Ví dụ:

Employees have access to the database.

## 3. Demand for

**demand for + noun**

Ví dụ:

There is strong demand for skilled workers.

## 4. Increase in

**increase in + noun**

Ví dụ:

The company reported an increase in sales.

## 5. Decrease in

**decrease in + noun**

Ví dụ:

There was a decrease in production costs.

## 6. Interest in

**interest in + noun**

Ví dụ:

There is growing interest in online training.

## 7. Experience in

**experience in + noun/V-ing**

Ví dụ:

She has experience in managing international projects.

## 8. Solution to

**solution to + noun**

Ví dụ:

We need a solution to this problem.

## 9. Mẹo

Học cả cụm:

reason for

access to

demand for

increase in

decrease in

interest in

solution to

",9,2026-08-08 20:18:26.974139,2026-08-08 20:18:26.974139,
545,46,Bẫy Preposition Collocations trong TOEIC,"

# Bẫy Preposition Collocations trong TOEIC

## 1. Responsible for

The manager is responsible ______ training new employees.

A. at
B. for
C. to
D. on

Đáp án: **B. for**

→ responsible for.

---

## 2. Interested in

Many employees are interested ______ the new training program.

A. at
B. on
C. in
D. for

Đáp án: **C. in**

→ interested in.

---

## 3. Depend on

The final decision depends ______ the results of the survey.

A. at
B. in
C. for
D. on

Đáp án: **D. on**

→ depend on.

---

## 4. Apply for

She applied ______ the marketing position.

A. to
B. for
C. with
D. at

Đáp án: **B. for**

→ apply for a position.

---

## 5. Access to

Employees have access ______ the company's database.

A. for
B. with
C. to
D. on

Đáp án: **C. to**

→ access to.

---

## 6. Solution to

The team is looking for a solution ______ the problem.

A. for
B. at
C. to
D. with

Đáp án: **C. to**

→ solution to.

---

## 7. Lead to

Poor communication can lead ______ serious delays.

A. for
B. at
C. to
D. on

Đáp án: **C. to**

→ lead to + noun/V-ing.

---

## 8. Bẫy TO + V-ing

The new policy will contribute to ______ productivity.

A. improve
B. improving
C. improved
D. improves

Đáp án: **B. improving**

→ contribute to + V-ing.

---

## 9. Công thức học nhanh

### Adjective + Preposition

responsible for

interested in

similar to

familiar with

satisfied with

experienced in

### Verb + Preposition

depend on

rely on

apply for

prepare for

refer to

respond to

lead to

contribute to

### Noun + Preposition

reason for

access to

demand for

increase in

interest in

solution to

## 10. Mẹo TOEIC

Không chọn giới từ chỉ vì dịch nghĩa tiếng Việt.

Hãy nhận diện **collocation hoàn chỉnh**.

Ví dụ:

responsible **for**

interested **in**

depend **on**

access **to**

solution **to**

",10,2026-08-08 20:18:26.974139,2026-08-08 20:18:26.974139,
546,47,Verb Patterns là gì?,"

# Verb Patterns là gì?

## 1. Khái niệm

Verb Patterns là các cấu trúc xác định **dạng của động từ đứng sau một động từ khác**.

Ví dụ:

- want to work
- enjoy working
- decide to leave
- avoid making
- ask someone to help
- make someone work

Không phải động từ nào cũng có thể đi với mọi dạng động từ.

## 2. Các dạng quan trọng

### Verb + to V

want to go

decide to leave

### Verb + V-ing

enjoy working

avoid making

### Verb + object + to V

ask him to help

allow employees to work

### Verb + object + V

make employees work

let employees work

### Verb + object + V-ing

see him working

## 3. Tại sao quan trọng trong TOEIC?

Trong Part 5, đáp án thường chứa:

- to + V
- V-ing
- V nguyên mẫu
- V-s/es
- V-ed

Người làm phải nhận diện cấu trúc của động từ trước chỗ trống.

## 4. Mẹo

Đừng chỉ nhìn từ đứng ngay trước chỗ trống.

Hãy xác định:

**động từ chính + cấu trúc theo sau nó.**

",1,2026-08-08 20:18:55.058291,2026-08-08 20:18:55.058291,
547,47,Verb + To-Infinitive,"

# Verb + To-Infinitive

## 1. Khái niệm

Một số động từ thường được theo sau bởi **to + V nguyên mẫu**.

Cấu trúc:

**verb + to V**

## 2. Các động từ thường gặp

- want to
- need to
- decide to
- plan to
- hope to
- agree to
- promise to
- refuse to
- expect to
- offer to
- manage to
- learn to

## 3. Ví dụ

The company plans **to expand** its business.

She decided **to apply** for the position.

We hope **to receive** your response soon.

The manager agreed **to attend** the meeting.

## 4. Manage to

**manage to + V**

mang nghĩa ""xoay xở/làm được"".

Ví dụ:

She managed to finish the report on time.

## 5. Mẹo TOEIC

Nếu thấy:

want

need

decide

plan

hope

agree

promise

refuse

expect

offer

manage

→ kiểm tra **to + V**.

",2,2026-08-08 20:18:55.058291,2026-08-08 20:18:55.058291,
548,47,Verb + Gerund,"

# Verb + Gerund

## 1. Khái niệm

Một số động từ thường được theo sau bởi **V-ing**.

Cấu trúc:

**verb + V-ing**

## 2. Các động từ thường gặp

- enjoy
- avoid
- consider
- suggest
- recommend
- finish
- mind
- postpone
- practice
- admit
- deny
- quit
- miss

## 3. Ví dụ

Employees should avoid **making** mistakes.

She enjoys **working** with customers.

The manager suggested **changing** the schedule.

We finished **preparing** the report.

## 4. Recommend

Recommend có thể dùng:

**recommend + V-ing**

Ví dụ:

I recommend reviewing the document.

## 5. Suggest

Suggest:

**suggest + V-ing**

Ví dụ:

She suggested changing the meeting time.

Không dùng:

suggest to change ❌

Trong cấu trúc cơ bản.

## 6. Mẹo TOEIC

Nhóm cần nhớ:

avoid + V-ing

enjoy + V-ing

consider + V-ing

suggest + V-ing

recommend + V-ing

finish + V-ing

",3,2026-08-08 20:18:55.058291,2026-08-08 20:18:55.058291,
549,47,Động từ có thể đi với To V hoặc V-ing,"

# Động từ có thể đi với To V hoặc V-ing

## 1. Một số động từ

Một số động từ có thể đi với cả:

- to V
- V-ing

Ví dụ:

begin

start

continue

## 2. Begin

begin to work

begin working

Ví dụ:

The meeting began to start at 9 a.m.

The meeting began at 9 a.m.

## 3. Start

start to work

start working

Ví dụ:

The employees started working at 8 a.m.

The employees started to work at 8 a.m.

## 4. Continue

continue to work

continue working

Ví dụ:

The company continued to operate normally.

The company continued operating normally.

## 5. Một số trường hợp khác

Like, love, hate và prefer có thể dùng với cả to V và V-ing trong nhiều ngữ cảnh.

Ví dụ:

I like working here.

I like to work here.

## 6. Mẹo TOEIC

Khi gặp:

start / begin / continue

→ thường cả **to V** và **V-ing** đều có thể đúng.

",4,2026-08-08 20:18:55.058291,2026-08-08 20:18:55.058291,
550,47,Verb + Object + To-Infinitive,"

# Verb + Object + To-Infinitive

## 1. Cấu trúc

Một số động từ có cấu trúc:

**verb + object + to V**

Ví dụ:

The manager asked employees to attend the meeting.

## 2. Các động từ thường gặp

- ask
- tell
- advise
- allow
- encourage
- remind
- require
- invite
- expect
- persuade
- want
- need

## 3. Ví dụ

The manager asked us **to submit** the report.

The company requires employees **to wear** uniforms.

She reminded me **to call** the client.

The manager encouraged employees **to participate**.

## 4. Require

**require + object + to V**

Ví dụ:

The company requires all employees to complete the training.

## 5. Allow

**allow + object + to V**

Ví dụ:

The company allows employees to work remotely.

## 6. Mẹo TOEIC

Nếu thấy:

ask + someone

tell + someone

allow + someone

require + someone

encourage + someone

→ kiểm tra:

**object + to V**

",5,2026-08-08 20:18:55.058291,2026-08-08 20:18:55.058291,
551,47,"Make, Let và Have","

# Make, Let và Have

## 1. MAKE

Cấu trúc:

**make + object + V nguyên mẫu**

Ví dụ:

The manager made employees work overtime.

Không dùng:

made employees to work ❌

## 2. LET

Cấu trúc:

**let + object + V nguyên mẫu**

Ví dụ:

The company lets employees work remotely.

Không dùng:

lets employees to work ❌

## 3. HAVE

Cấu trúc sai khiến:

**have + object + V nguyên mẫu**

Ví dụ:

The manager had the assistant prepare the documents.

## 4. So sánh

make someone do

let someone do

have someone do

## 5. Mẹo TOEIC

Sau:

make + object

let + object

have + object

→ thường dùng **bare infinitive (V nguyên mẫu không TO)**.

",6,2026-08-08 20:18:55.058291,2026-08-08 20:18:55.058291,
552,47,"Help, See, Hear và các Verb Patterns đặc biệt","

# Help, See, Hear và các Verb Patterns đặc biệt

## 1. HELP

Help có thể dùng:

**help + object + V**

hoặc:

**help + object + to V**

Ví dụ:

She helped me finish the report.

She helped me to finish the report.

Cả hai đều đúng.

## 2. SEE

See có thể dùng:

**see + object + V**

hoặc:

**see + object + V-ing**

Ví dụ:

I saw him enter the office.

I saw him entering the office.

## 3. HEAR

Hear cũng có thể dùng:

**hear + object + V**

hoặc:

**hear + object + V-ing**

Ví dụ:

We heard the manager speak.

We heard the manager speaking.

## 4. Khác biệt

V nguyên mẫu thường nhấn mạnh toàn bộ hành động.

V-ing thường nhấn mạnh hành động đang diễn ra.

## 5. Mẹo TOEIC

Đặc biệt chú ý:

help someone do

help someone to do

see someone do

see someone doing

hear someone do

hear someone doing

",7,2026-08-08 20:18:55.058291,2026-08-08 20:18:55.058291,
553,47,Verb + Preposition + V-ing,"

# Verb + Preposition + V-ing

## 1. Quy tắc

Nếu một động từ đi với **giới từ**, động từ tiếp theo sau giới từ thường ở dạng **V-ing**.

Cấu trúc:

**verb + preposition + V-ing**

## 2. Các cụm thường gặp

- think about
- talk about
- worry about
- succeed in
- insist on
- apologize for
- believe in
- depend on
- focus on

## 3. Ví dụ

She succeeded in **finding** a solution.

The manager insisted on **changing** the schedule.

They talked about **improving** the system.

The company focuses on **providing** quality service.

## 4. TO là giới từ

Một số cụm có TO là giới từ:

- look forward to
- object to
- contribute to
- be accustomed to
- be committed to

Ví dụ:

We look forward to **hearing** from you.

She is accustomed to **working** late.

## 5. Mẹo TOEIC

Nếu TO là **preposition**:

→ sau TO dùng **V-ing**, không dùng V nguyên mẫu.

",8,2026-08-08 20:18:55.058291,2026-08-08 20:18:55.058291,
554,47,Verb Patterns với Passive và Infinitive,"

# Verb Patterns với Passive và Infinitive

## 1. Một số cấu trúc bị động

Một số động từ thường xuất hiện trong cấu trúc:

**be + V3 + to V**

Ví dụ:

Employees are required **to complete** the training.

Applicants are expected **to provide** references.

## 2. Require

Chủ động:

The company requires employees to complete the form.

Bị động:

Employees are required to complete the form.

## 3. Expect

Chủ động:

The company expects employees to arrive on time.

Bị động:

Employees are expected to arrive on time.

## 4. Allow

Chủ động:

The company allows employees to work remotely.

Bị động:

Employees are allowed to work remotely.

## 5. Encourage

Chủ động:

The manager encourages employees to participate.

Bị động:

Employees are encouraged to participate.

## 6. Mẹo TOEIC

Các cụm rất thường gặp:

be required to V

be expected to V

be allowed to V

be encouraged to V

",9,2026-08-08 20:18:55.058291,2026-08-08 20:18:55.058291,
555,47,Bẫy Verb Patterns trong TOEIC,"

# Bẫy Verb Patterns trong TOEIC

## 1. Avoid + V-ing

Employees should avoid ______ personal information.

A. share
B. to share
C. sharing
D. shared

Đáp án: **C. sharing**

→ avoid + V-ing.

---

## 2. Decide + To V

The manager decided ______ the meeting.

A. postpone
B. postponing
C. to postpone
D. postponed

Đáp án: **C. to postpone**

→ decide + to V.

---

## 3. Require + Object + To V

The company requires employees ______ safety rules.

A. follow
B. following
C. to follow
D. followed

Đáp án: **C. to follow**

→ require + object + to V.

---

## 4. Make + Object + V

The manager made the employees ______ overtime.

A. to work
B. working
C. work
D. worked

Đáp án: **C. work**

→ make + object + bare infinitive.

---

## 5. Look Forward To + V-ing

We look forward to ______ from you.

A. hear
B. hearing
C. to hear
D. heard

Đáp án: **B. hearing**

→ look forward to + V-ing.

---

## 6. Suggest + V-ing

The manager suggested ______ the schedule.

A. change
B. to change
C. changing
D. changed

Đáp án: **C. changing**

→ suggest + V-ing.

---

## 7. Passive + To V

Employees are required ______ the form.

A. complete
B. completing
C. to complete
D. completed

Đáp án: **C. to complete**

→ be required to V.

---

## 8. Help

She helped me ______ the report.

A. finish
B. finishing
C. to finish
D. A và C đều đúng

Đáp án: **D. A và C đều đúng**

→ help + object + V / to V.

---

## 9. Công thức tổng hợp

### Verb + to V

want to

decide to

plan to

hope to

agree to

expect to

manage to

### Verb + V-ing

enjoy doing

avoid doing

consider doing

suggest doing

recommend doing

finish doing

### Verb + object + to V

ask someone to do

tell someone to do

allow someone to do

require someone to do

encourage someone to do

remind someone to do

### Verb + object + V

make someone do

let someone do

have someone do

### Đặc biệt

help someone do / to do

look forward to doing

be accustomed to doing

contribute to doing

",10,2026-08-08 20:18:55.058291,2026-08-08 20:18:55.058291,
556,48,Phrasal Verbs là gì?,"

# Phrasal Verbs là gì?

## 1. Khái niệm

Phrasal Verb là cụm động từ được tạo thành từ:

**Verb + Adverb Particle**

Ví dụ:

- look up
- find out
- carry out
- set up
- take over
- put off

Phrasal verb thường có nghĩa khác với động từ ban đầu.

Ví dụ:

look = nhìn

look up = tra cứu

## 2. Ví dụ trong TOEIC

The manager will **set up** a meeting.

→ Người quản lý sẽ sắp xếp một cuộc họp.

The company plans to **take over** another business.

→ Công ty dự định tiếp quản một doanh nghiệp khác.

## 3. Các particle thường gặp

- up
- down
- on
- off
- out
- in
- away
- back
- over
- through

## 4. Tại sao quan trọng trong TOEIC?

Phrasal verbs xuất hiện trong:

- Email
- Thông báo
- Hội thoại công sở
- Part 5
- Part 6
- Part 7

## 5. Mẹo

Không nên dịch từng từ riêng lẻ.

Hãy học cả cụm:

**carry out = thực hiện**

**find out = tìm ra**

**set up = thiết lập**

",1,2026-08-08 20:19:33.374912,2026-08-08 20:19:33.374912,
557,48,Phrasal Verbs với UP,"

# Phrasal Verbs với UP

## 1. Set up

**set up = thiết lập, sắp xếp**

Ví dụ:

The company set up a new branch.

## 2. Pick up

**pick up = đón, nhận, lấy**

Ví dụ:

I will pick up the documents tomorrow.

## 3. Follow up

**follow up = theo dõi, tiếp tục xử lý**

Ví dụ:

The manager will follow up on the customer's request.

## 4. Give up

**give up = từ bỏ**

Ví dụ:

The company did not give up on the project.

## 5. Bring up

**bring up = đề cập, đưa ra vấn đề**

Ví dụ:

She brought up an important issue during the meeting.

## 6. Look up

**look up = tra cứu**

Ví dụ:

Please look up the customer's contact information.

## 7. Sign up

**sign up = đăng ký**

Ví dụ:

Employees can sign up for the training course.

## 8. Mẹo TOEIC

Các cụm cần nhớ:

set up

pick up

follow up

bring up

look up

sign up

",2,2026-08-08 20:19:33.374912,2026-08-08 20:19:33.374912,
558,48,Phrasal Verbs với OUT,"

# Phrasal Verbs với OUT

## 1. Find out

**find out = tìm ra, phát hiện**

Ví dụ:

We need to find out the cause of the problem.

## 2. Carry out

**carry out = thực hiện**

Ví dụ:

The company carried out a survey.

## 3. Fill out

**fill out = điền vào**

Ví dụ:

Please fill out this application form.

## 4. Figure out

**figure out = tìm ra cách giải quyết, hiểu ra**

Ví dụ:

The team figured out how to solve the problem.

## 5. Point out

**point out = chỉ ra**

Ví dụ:

The manager pointed out several errors in the report.

## 6. Work out

**work out = giải quyết, tìm ra cách**

Ví dụ:

We need to work out a solution.

## 7. Run out of

**run out of = hết**

Ví dụ:

The office has run out of paper.

## 8. Mẹo TOEIC

Đặc biệt nhớ:

carry out a survey

fill out a form

find out the reason

point out a problem

run out of supplies

",3,2026-08-08 20:19:33.374912,2026-08-08 20:19:33.374912,
559,48,Phrasal Verbs với OFF,"

# Phrasal Verbs với OFF

## 1. Put off

**put off = trì hoãn**

Ví dụ:

The meeting was put off until Friday.

## 2. Call off

**call off = hủy bỏ**

Ví dụ:

The company called off the event.

## 3. Turn off

**turn off = tắt**

Ví dụ:

Please turn off the lights before leaving.

## 4. Take off

**take off = cất cánh; cởi ra**

Ví dụ:

The plane took off on time.

## 5. Go off

**go off = reo, vang lên; hỏng/không hoạt động đúng**

Ví dụ:

The alarm went off at 7 a.m.

## 6. Pay off

**pay off = trả hết; mang lại kết quả**

Ví dụ:

Hard work eventually paid off.

## 7. Mẹo TOEIC

Các cụm thường gặp:

put off a meeting

call off an event

turn off equipment

take off

pay off

",4,2026-08-08 20:19:33.374912,2026-08-08 20:19:33.374912,
561,48,Phrasal Verbs với ON và IN,"

# Phrasal Verbs với ON và IN

## 1. Turn on

**turn on = bật**

Ví dụ:

Please turn on the computer.

## 2. Put on

**put on = mặc; đặt/bật**

Ví dụ:

Please put on your safety equipment.

## 3. Carry on

**carry on = tiếp tục**

Ví dụ:

Please carry on with your work.

## 4. Take on

**take on = đảm nhận; tuyển dụng**

Ví dụ:

The company plans to take on more employees.

## 5. Check in

**check in = làm thủ tục nhận phòng/đăng ký**

Ví dụ:

Guests can check in after 2 p.m.

## 6. Fill in

**fill in = điền vào**

Ví dụ:

Please fill in the application form.

## 7. Hand in

**hand in = nộp**

Ví dụ:

Please hand in your report by Friday.

## 8. Mẹo

Trong văn phòng:

carry on working

take on employees

fill in a form

hand in a report

",6,2026-08-08 20:19:33.374912,2026-08-08 20:19:33.374912,
562,48,Phrasal Verbs với BACK và AWAY,"

# Phrasal Verbs với BACK và AWAY

## 1. Give back

**give back = trả lại**

Ví dụ:

Please give back the company equipment.

## 2. Pay back

**pay back = trả lại tiền**

Ví dụ:

He paid back the money.

## 3. Call back

**call back = gọi lại**

Ví dụ:

I will call the customer back later.

## 4. Get back

**get back = trở lại**

Ví dụ:

She will get back to you tomorrow.

## 5. Send back

**send back = gửi trả lại**

Ví dụ:

The customer sent back the defective product.

## 6. Take back

**take back = lấy lại; rút lại lời nói**

Ví dụ:

The store accepted the product and took it back.

## 7. Throw away

**throw away = vứt bỏ**

Ví dụ:

Please throw away the old documents.

## 8. Mẹo TOEIC

Các cụm quan trọng:

call back

get back to someone

send back

take back

throw away

",7,2026-08-08 20:19:33.374912,2026-08-08 20:19:33.374912,
563,48,Phrasal Verbs với OVER và THROUGH,"

# Phrasal Verbs với OVER và THROUGH

## 1. Take over

**take over = tiếp quản**

Ví dụ:

The company took over a smaller competitor.

## 2. Go over

**go over = xem xét, kiểm tra lại**

Ví dụ:

Let's go over the report before the meeting.

## 3. Look over

**look over = xem xét nhanh**

Ví dụ:

Please look over the document.

## 4. Hand over

**hand over = bàn giao**

Ví dụ:

The manager handed over the project to her assistant.

## 5. Go through

**go through = xem xét kỹ; trải qua**

Ví dụ:

The accountant went through the financial records.

## 6. Get through

**get through = hoàn thành; liên lạc được**

Ví dụ:

I couldn't get through to the customer.

## 7. Mẹo TOEIC

Đặc biệt nhớ:

take over a company

go over a report

hand over a project

go through documents

",8,2026-08-08 20:19:33.374912,2026-08-08 20:19:33.374912,
564,48,Phrasal Verbs có thể tách và không thể tách,"

# Phrasal Verbs có thể tách và không thể tách

## 1. Phrasal verb có thể tách

Một số phrasal verbs cho phép object đứng giữa verb và particle.

Ví dụ:

**turn off the computer**

**turn the computer off**

Cả hai đều đúng.

## 2. Đại từ phải đứng giữa

Nếu object là đại từ:

turn **it** off

Không dùng:

turn off it ❌

Ví dụ:

Please turn it off.

## 3. Một số cụm có thể tách

- turn off
- turn on
- pick up
- put off
- write down
- fill out
- hand in

Ví dụ:

Please fill out the form.

Please fill the form out.

## 4. Phrasal verb không thể tách

Một số cụm thường không tách:

**look after**

**look for**

**depend on**

**deal with**

**run into**

Ví dụ:

She looks after the office.

Không dùng:

looks the office after ❌

## 5. Mẹo TOEIC

Nếu không chắc, hãy học phrasal verb cùng với cách sử dụng object.

",9,2026-08-08 20:19:33.374912,2026-08-08 20:19:33.374912,
565,48,Phrasal Verbs trong môi trường công việc,"

# Phrasal Verbs trong môi trường công việc

## 1. Set up

The company will **set up** a new office.

→ thiết lập văn phòng mới.

## 2. Carry out

The department **carried out** a customer survey.

→ thực hiện khảo sát khách hàng.

## 3. Fill out

Please **fill out** the application form.

→ điền đơn đăng ký.

## 4. Follow up

The sales representative will **follow up on** the customer's request.

→ tiếp tục theo dõi yêu cầu của khách hàng.

## 5. Take over

The company will **take over** the business.

→ tiếp quản doanh nghiệp.

## 6. Put off

The meeting was **put off** until next week.

→ cuộc họp bị hoãn đến tuần sau.

## 7. Call off

The company **called off** the event.

→ công ty đã hủy sự kiện.

## 8. Hand in

Employees must **hand in** their reports by Friday.

→ nhân viên phải nộp báo cáo trước thứ Sáu.

## 9. Look into

The manager will **look into** the complaint.

→ quản lý sẽ điều tra/xem xét khiếu nại.

## 10. Deal with

The customer service department **deals with** complaints.

→ bộ phận chăm sóc khách hàng xử lý khiếu nại.

",10,2026-08-08 20:19:33.374912,2026-08-08 20:19:33.374912,
566,48,Bẫy Phrasal Verbs trong TOEIC,"

# Bẫy Phrasal Verbs trong TOEIC

## 1. Carry out

The company will ______ a survey next month.

A. carry
B. carry out
C. carry on
D. carry away

Đáp án: **B. carry out**

→ carry out = thực hiện.

---

## 2. Put off

The meeting was ______ until next Monday.

A. put on
B. put up
C. put off
D. put out

Đáp án: **C. put off**

→ put off = trì hoãn.

---

## 3. Fill out

Please ______ this application form.

A. fill out
B. fill over
C. fill away
D. fill back

Đáp án: **A. fill out**

→ fill out = điền vào biểu mẫu.

---

## 4. Take over

The larger company plans to ______ its competitor.

A. take off
B. take over
C. take down
D. take away

Đáp án: **B. take over**

→ take over = tiếp quản.

---

## 5. Call off

Due to bad weather, the event was ______.

A. called back
B. called on
C. called off
D. called over

Đáp án: **C. called off**

→ call off = hủy bỏ.

---

## 6. Turn down

She ______ the job offer because the salary was too low.

A. turned on
B. turned off
C. turned down
D. turned over

Đáp án: **C. turned down**

→ turn down = từ chối.

---

## 7. Run out of

The office has ______ printer paper.

A. run out
B. run out of
C. run over
D. run through

Đáp án: **B. run out of**

→ run out of + noun = hết cái gì.

---

## 8. Hand in

Employees must ______ their reports by Friday.

A. hand over
B. hand in
C. hand back
D. hand away

Đáp án: **B. hand in**

→ hand in = nộp.

---

## 9. Look into

The manager promised to ______ the complaint.

A. look after
B. look for
C. look into
D. look up

Đáp án: **C. look into**

→ look into = điều tra/xem xét.

---

## 10. Tổng hợp nhanh

### UP

set up

pick up

follow up

bring up

look up

sign up

### OUT

find out

carry out

fill out

figure out

point out

run out of

### OFF

put off

call off

turn off

pay off

### DOWN

cut down

turn down

write down

break down

shut down

### ON / IN

turn on

carry on

take on

check in

fill in

hand in

### OVER / THROUGH

take over

go over

hand over

go through

### BACK / AWAY

call back

get back

send back

give back

throw away

## 11. Mẹo TOEIC

Đừng học:

**carry = mang**

Mà học:

**carry out = thực hiện**

Đừng học:

**take = lấy**

Mà học:

**take over = tiếp quản**

Đừng học:

**put = đặt**

Mà học:

**put off = trì hoãn**

Phrasal verb cần được ghi nhớ như **một đơn vị từ vựng hoàn chỉnh**.

",11,2026-08-08 20:19:33.374912,2026-08-08 20:19:33.374912,
567,49,Advanced Passive là gì?,"

# Advanced Passive là gì?

## 1. Khái niệm

Advanced Passive là các cấu trúc bị động nâng cao thường xuất hiện trong văn phong trang trọng và TOEIC.

Ở cấp độ cơ bản:

**S + be + V3/ed**

Ví dụ:

The report was completed yesterday.

Ở cấp độ nâng cao, câu bị động có thể kết hợp với:

- modal verbs
- perfect tenses
- continuous tenses
- infinitives
- reporting verbs
- causative structures
- two objects

## 2. Ví dụ

The report **must be completed** today.

The project **has been completed**.

The system **is being tested**.

The documents **are expected to be submitted** tomorrow.

## 3. Mẹo TOEIC

Khi gặp câu bị động, hãy xác định:

1. Chủ ngữ có thực hiện hành động không?
2. Nếu không, có cần dùng bị động không?
3. Thì của câu là gì?
4. Sau modal verb có cần **be + V3** không?

",1,2026-08-08 20:21:12.361922,2026-08-08 20:21:12.361922,
569,49,Passive với Perfect Tenses,"

# Passive với Perfect Tenses

## 1. Present Perfect Passive

Cấu trúc:

**have/has + been + V3**

Ví dụ:

The report has been completed.

The documents have been submitted.

## 2. Past Perfect Passive

Cấu trúc:

**had + been + V3**

Ví dụ:

The meeting had been postponed before we arrived.

The equipment had been repaired before the inspection.

## 3. Future Perfect Passive

Cấu trúc:

**will have been + V3**

Ví dụ:

The project will have been completed by December.

## 4. So sánh

Present Perfect Passive:

has been completed

Past Perfect Passive:

had been completed

Future Perfect Passive:

will have been completed

## 5. Mẹo TOEIC

Nhìn dấu hiệu thời gian:

- already / recently → thường Present Perfect
- before / by the time → có thể Past Perfect
- by + thời điểm tương lai → có thể Future Perfect

",3,2026-08-08 20:21:12.361922,2026-08-08 20:21:12.361922,
570,49,Passive với Continuous Tenses,"

# Passive với Continuous Tenses

## 1. Present Continuous Passive

Cấu trúc:

**am/is/are + being + V3**

Ví dụ:

The equipment is being inspected.

The employees are being trained.

## 2. Past Continuous Passive

Cấu trúc:

**was/were + being + V3**

Ví dụ:

The building was being renovated last month.

The documents were being reviewed when the manager arrived.

## 3. Ý nghĩa

Continuous Passive nhấn mạnh rằng hành động bị động **đang diễn ra** tại một thời điểm.

So sánh:

The machine is repaired.

→ Máy được sửa / trạng thái sửa chữa.

The machine is being repaired.

→ Máy đang được sửa.

## 4. Mẹo TOEIC

Nếu thấy:

now

currently

at the moment

while

when + một hành động khác

→ kiểm tra khả năng dùng **being + V3**.

",4,2026-08-08 20:21:12.361922,2026-08-08 20:21:12.361922,
571,49,Passive Infinitive,"

# Passive Infinitive

## 1. Cấu trúc

Passive Infinitive:

**to be + V3**

Ví dụ:

The report needs to be completed.

The documents are expected to be submitted soon.

## 2. Need to be + V3

Ví dụ:

The equipment needs to be repaired.

The form needs to be completed.

## 3. Expect + Object + to be + V3

Ví dụ:

The manager expects the report to be completed today.

## 4. Be expected to + V

Ví dụ:

Employees are expected to follow company policies.

Applicants are expected to provide references.

## 5. So sánh

Chủ động:

The manager expects employees to complete the report.

Bị động:

Employees are expected to complete the report.

## 6. Mẹo TOEIC

Sau **to** nếu hành động được thực hiện lên chủ thể:

**to be + V3**

Ví dụ:

The form needs **to be completed**.

",5,2026-08-08 20:21:12.361922,2026-08-08 20:21:12.361922,
572,49,Passive Gerund,"

# Passive Gerund

## 1. Cấu trúc

Passive Gerund:

**being + V3**

Ví dụ:

The employees dislike being monitored.

The equipment requires being cleaned regularly.

## 2. Sau giới từ

Sau giới từ có thể dùng:

**being + V3**

Ví dụ:

The company is responsible for the equipment **being maintained** properly.

## 3. Perfect Passive Gerund

Cấu trúc:

**having been + V3**

Ví dụ:

She was proud of having been selected for the position.

## 4. So sánh

Active:

Employees dislike working overtime.

Passive:

Employees dislike being required to work overtime.

## 5. Mẹo TOEIC

Nếu cần một danh động từ mang nghĩa bị động:

**being + V3**

",6,2026-08-08 20:21:12.361922,2026-08-08 20:21:12.361922,
573,49,Passive với Two Objects,"

# Passive với Two Objects

## 1. Một số động từ

Một số động từ có thể có hai tân ngữ:

- give
- send
- offer
- tell
- show
- award
- lend
- teach

Ví dụ:

The company gave the employee a bonus.

Có:

- employee = indirect object
- bonus = direct object

## 2. Cách 1

The employee was given a bonus.

## 3. Cách 2

A bonus was given to the employee.

## 4. Ví dụ

Active:

The company sent the customer an email.

Passive:

The customer was sent an email.

Hoặc:

An email was sent to the customer.

## 5. Mẹo TOEIC

Với các động từ có hai tân ngữ, cả hai kiểu bị động có thể xuất hiện.

Đặc biệt thường gặp:

be given

be offered

be sent

be shown

be awarded

",7,2026-08-08 20:21:12.361922,2026-08-08 20:21:12.361922,
574,49,Passive với Reporting Verbs,"

# Passive với Reporting Verbs

## 1. Khái niệm

Một số động từ chỉ việc báo cáo hoặc nhận định có thể tạo câu bị động đặc biệt.

Ví dụ:

- say
- believe
- think
- report
- expect
- consider
- know

## 2. Cấu trúc 1

**It + be + V3 + that + clause**

Ví dụ:

It is believed that the company will expand.

It is expected that sales will increase.

It is reported that the factory will reopen.

## 3. Cấu trúc 2

**Subject + be + V3 + to V**

Ví dụ:

The company is believed to be successful.

Sales are expected to increase.

The manager is reported to have resigned.

## 4. Khi hành động xảy ra trước

Dùng:

**to have + V3**

Ví dụ:

The manager is believed to have resigned.

→ Người quản lý được cho là đã từ chức.

## 5. Mẹo TOEIC

Hai cấu trúc quan trọng:

It is believed that...

Subject is believed to...

",8,2026-08-08 20:21:12.361922,2026-08-08 20:21:12.361922,
575,49,Get Passive và Have/Get Something Done,"

# Get Passive và Have/Get Something Done

## 1. Get Passive

Ngoài **be**, đôi khi có thể dùng:

**get + V3**

Ví dụ:

The equipment got damaged during transportation.

He got promoted last year.

## 2. Have Something Done

Cấu trúc:

**have + object + V3**

Thường mang nghĩa thuê hoặc yêu cầu người khác thực hiện hành động.

Ví dụ:

The manager had the computer repaired.

She had her documents printed.

## 3. Get Something Done

Cấu trúc:

**get + object + V3**

Ví dụ:

We need to get the equipment repaired.

The company got the office renovated.

## 4. So sánh

I repaired the computer.

→ Tôi tự sửa máy tính.

I had the computer repaired.

→ Tôi nhờ/yêu cầu người khác sửa máy tính.

## 5. Mẹo TOEIC

Nếu chủ thể **không trực tiếp thực hiện hành động** mà nhờ người khác:

**have/get + object + V3**

",9,2026-08-08 20:21:12.361922,2026-08-08 20:21:12.361922,
576,49,Bẫy Advanced Passive trong TOEIC,"

# Bẫy Advanced Passive trong TOEIC

## 1. Modal Passive

The documents must ______ before the meeting.

A. review
B. reviewing
C. be reviewed
D. reviewed

Đáp án: **C. be reviewed**

→ modal + be + V3.

---

## 2. Present Perfect Passive

The report has ______ to all department managers.

A. send
B. sent
C. been sent
D. being sent

Đáp án: **C. been sent**

→ has + been + V3.

---

## 3. Continuous Passive

The equipment is currently ______.

A. inspect
B. inspected
C. being inspected
D. been inspected

Đáp án: **C. being inspected**

→ is being + V3.

---

## 4. Passive Infinitive

The application needs ______ by Friday.

A. complete
B. completing
C. to complete
D. to be completed

Đáp án: **D. to be completed**

→ need + to be + V3.

---

## 5. Reporting Verb

The company is believed ______ its production capacity.

A. increase
B. increasing
C. to increase
D. increased

Đáp án: **C. to increase**

→ be believed to + V.

---

## 6. Reporting Verb với hành động trước

The manager is believed ______ the company last month.

A. leave
B. to leave
C. to have left
D. leaving

Đáp án: **C. to have left**

→ be believed to have + V3.

---

## 7. Two Objects

The employee ______ a bonus by the company.

A. gave
B. was given
C. was giving
D. has giving

Đáp án: **B. was given**

→ employee là người nhận.

---

## 8. Causative Passive

The manager had the report ______.

A. prepare
B. preparing
C. prepared
D. to prepare

Đáp án: **C. prepared**

→ have + object + V3.

---

## 9. Tổng hợp công thức

### Modal Passive

modal + be + V3

### Perfect Passive

have/has/had + been + V3

### Continuous Passive

be + being + V3

### Passive Infinitive

to be + V3

### Passive Gerund

being + V3

### Perfect Passive Infinitive

to have been + V3

### Reporting Passive

It is believed that...

Subject is believed to...

### Causative Passive

have/get + object + V3

## 10. Mẹo TOEIC

Khi gặp câu bị động nâng cao, đừng chỉ nhìn **V3**.

Hãy nhìn toàn bộ chuỗi:

**modal + be + V3**

**has/have + been + V3**

**is/are + being + V3**

**to be + V3**

**to have been + V3**

**have/get + object + V3**

",10,2026-08-08 20:21:12.361922,2026-08-08 20:21:12.361922,
577,50,Reporting Verbs là gì?,"

# Reporting Verbs là gì?

## 1. Khái niệm

Reporting Verbs là các động từ được sử dụng để **tường thuật, báo cáo, thông báo, cho biết, khẳng định hoặc nhận xét** về một thông tin.

Các reporting verbs thường gặp trong TOEIC:

- say
- tell
- report
- announce
- state
- explain
- mention
- indicate
- confirm
- claim
- suggest
- recommend
- advise
- warn
- remind
- inform

## 2. Ví dụ

The manager **said** that the meeting was canceled.

The company **announced** that it would open a new branch.

The report **indicates** that sales have increased.

## 3. Vì sao quan trọng trong TOEIC?

Reporting verbs thường xuất hiện trong:

- Email
- Báo cáo
- Thông báo
- Tin tức doanh nghiệp
- Part 5
- Part 6
- Part 7

## 4. Mẹo

Không học reporting verb riêng lẻ.

Hãy học cả **cấu trúc đi sau động từ**.

Ví dụ:

say + that clause

tell + object + that clause

advise + object + to V

suggest + V-ing

",1,2026-08-08 20:22:47.186707,2026-08-08 20:22:47.186707,
578,50,SAY và TELL,"

# SAY và TELL

## 1. SAY

Cấu trúc phổ biến:

**say + that + clause**

Ví dụ:

The manager said that the meeting was canceled.

She said that she would call later.

## 2. SAY + something

Có thể dùng:

**say + something**

Ví dụ:

The manager said something important.

## 3. TELL

Cấu trúc:

**tell + someone + something**

hoặc:

**tell + someone + that + clause**

Ví dụ:

The manager told me the news.

The manager told me that the meeting was canceled.

## 4. Không dùng

tell that... ❌

Trong cấu trúc thông thường, phải có tân ngữ:

tell **someone** that...

## 5. So sánh

He said that he was busy.

He told me that he was busy.

## 6. Mẹo TOEIC

Nhớ:

**say + that**

**tell + someone + that**

",2,2026-08-08 20:22:47.186707,2026-08-08 20:22:47.186707,
579,50,REPORT và ANNOUNCE,"

# REPORT và ANNOUNCE

## 1. REPORT

Report có thể dùng:

**report + that + clause**

Ví dụ:

The newspaper reported that sales had increased.

## 2. Report + noun

Ví dụ:

The manager reported the problem to the director.

## 3. ANNOUNCE

Announce thường dùng:

**announce + something**

hoặc:

**announce + that + clause**

Ví dụ:

The company announced the new policy.

The company announced that it would open a new branch.

## 4. Không dùng

announce someone something ❌

Không dùng announce giống cấu trúc tell.

## 5. Bị động

It was reported that sales had increased.

The company announced that the office would close.

## 6. Mẹo

report + that clause

announce + noun / that clause

",3,2026-08-08 20:22:47.186707,2026-08-08 20:22:47.186707,
580,50,"STATE, EXPLAIN và MENTION","

# STATE, EXPLAIN và MENTION

## 1. STATE

State = tuyên bố, nêu rõ.

Cấu trúc:

**state + that + clause**

Ví dụ:

The company stated that the information was incorrect.

## 2. EXPLAIN

Explain = giải thích.

Có thể dùng:

**explain + something**

**explain + something + to + someone**

**explain + why/what/how + clause**

Ví dụ:

The manager explained the problem to the employees.

She explained why the meeting was canceled.

## 3. Không dùng

explain me the problem ❌

Đúng:

explain the problem **to me** ✅

## 4. MENTION

Mention = đề cập.

Cấu trúc:

**mention + noun**

**mention + V-ing**

**mention + that + clause**

Ví dụ:

She mentioned the new policy.

He mentioned that the meeting had been postponed.

She mentioned working with international clients.

## 5. Mẹo TOEIC

Đặc biệt nhớ:

explain something **to someone**

không dùng:

explain someone something ❌

",4,2026-08-08 20:22:47.186707,2026-08-08 20:22:47.186707,
581,50,"INDICATE, CONFIRM và CLAIM","

# INDICATE, CONFIRM và CLAIM

## 1. INDICATE

Indicate = chỉ ra, cho thấy.

Cấu trúc:

**indicate + that + clause**

Ví dụ:

The report indicates that sales are increasing.

## 2. CONFIRM

Confirm = xác nhận.

Cấu trúc:

**confirm + noun**

hoặc:

**confirm + that + clause**

Ví dụ:

Please confirm your reservation.

The company confirmed that the order had been shipped.

## 3. CLAIM

Claim = tuyên bố, khẳng định.

Cấu trúc:

**claim + that + clause**

Ví dụ:

The company claims that its product is environmentally friendly.

## 4. Bị động

The report indicates that...

The information confirms that...

It is claimed that...

## 5. Mẹo TOEIC

Các cụm cần nhớ:

indicate that...

confirm that...

claim that...

",5,2026-08-08 20:22:47.186707,2026-08-08 20:22:47.186707,
582,50,SUGGEST và RECOMMEND,"

# SUGGEST và RECOMMEND

## 1. SUGGEST

Suggest có thể dùng:

**suggest + V-ing**

Ví dụ:

The manager suggested changing the meeting time.

Hoặc:

**suggest + that + subject + (should) + V**

Ví dụ:

The manager suggested that we change the meeting time.

## 2. Không dùng

suggest to do ❌

Ví dụ:

She suggested to change the schedule. ❌

Đúng:

She suggested changing the schedule. ✅

## 3. RECOMMEND

Recommend có thể dùng:

**recommend + V-ing**

Ví dụ:

I recommend reviewing the document.

Hoặc:

**recommend + that + subject + (should) + V**

Ví dụ:

I recommend that you review the document.

## 4. Không dùng

recommend someone to do ❌

Trong cấu trúc cơ bản.

## 5. Mẹo TOEIC

Nhớ:

suggest + V-ing

suggest + that + S + V

recommend + V-ing

recommend + that + S + V

",6,2026-08-08 20:22:47.186707,2026-08-08 20:22:47.186707,
583,50,ADVISE và REMIND,"

# ADVISE và REMIND

## 1. ADVISE

Advise thường dùng:

**advise + someone + to V**

Ví dụ:

The manager advised employees to arrive early.

## 2. Advise + V-ing

Có thể dùng:

**advise + V-ing**

Ví dụ:

The doctor advised getting more rest.

## 3. REMIND

Remind thường dùng:

**remind + someone + to V**

Ví dụ:

Please remind me to call the client.

## 4. Remind + someone + of

Cấu trúc:

**remind + someone + of + noun**

Ví dụ:

This notice reminds employees of the safety rules.

## 5. So sánh

advise someone to do

remind someone to do

remind someone of something

## 6. Mẹo TOEIC

Nếu sau chỗ trống có người:

advise + someone + to V

remind + someone + to V

",7,2026-08-08 20:22:47.186707,2026-08-08 20:22:47.186707,
584,50,"WARN, INFORM và NOTIFY","

# WARN, INFORM và NOTIFY

## 1. WARN

Warn = cảnh báo.

Cấu trúc:

**warn + someone + about + noun**

Ví dụ:

The manager warned employees about the safety risk.

Có thể dùng:

**warn + someone + not to V**

Ví dụ:

The manager warned employees not to enter the area.

## 2. INFORM

Inform = thông báo cho ai biết.

Cấu trúc:

**inform + someone + of/about + noun**

Ví dụ:

The company informed employees of the policy change.

## 3. NOTIFY

Notify = thông báo chính thức.

Cấu trúc:

**notify + someone + of + noun**

Ví dụ:

The company notified customers of the delay.

## 4. So sánh

warn someone about something

warn someone not to do something

inform someone of something

notify someone of something

## 5. Mẹo TOEIC

Không nhầm:

inform **someone of** something

notify **someone of** something

",8,2026-08-08 20:22:47.186707,2026-08-08 20:22:47.186707,
624,54,So và Such trong câu nhấn mạnh,"

# So và Such trong câu nhấn mạnh

## 1. SO

Cấu trúc:

**so + adjective/adverb + that**

Ví dụ:

The report was **so detailed that** everyone understood it.

## 2. SUCH

Cấu trúc:

**such + a/an + adjective + singular noun + that**

Ví dụ:

It was **such a useful report that** everyone kept a copy.

## 3. Such + plural noun

Ví dụ:

They were **such helpful employees that** the manager promoted them.

## 4. So + many/much/few/little

Ví dụ:

There were **so many applicants that** the company extended the deadline.

There was **so much work that** we stayed late.

## 5. Mẹo TOEIC

Nhớ:

**so + adjective/adverb**

**such + noun phrase**

",8,2026-08-08 20:24:23.079946,2026-08-08 20:24:23.079946,
585,50,Reporting Verb + Object + To V,"

# Reporting Verb + Object + To V

## 1. Một số động từ

Một số reporting verbs có cấu trúc:

**verb + object + to V**

Các động từ thường gặp:

- advise
- ask
- tell
- remind
- encourage
- invite
- warn
- persuade
- urge

## 2. Ví dụ

The manager advised employees to attend the training.

She told me to submit the report.

The manager reminded us to check the documents.

The company encouraged employees to participate.

## 3. PERSUADE

Persuade = thuyết phục.

Cấu trúc:

**persuade + someone + to V**

Ví dụ:

The manager persuaded the client to accept the proposal.

## 4. URGE

Urge = thúc giục.

Cấu trúc:

**urge + someone + to V**

Ví dụ:

The company urged customers to contact support.

## 5. Mẹo

Nếu reporting verb có:

**someone + to V**

hãy kiểm tra:

advise

tell

remind

encourage

persuade

urge

",9,2026-08-08 20:22:47.186707,2026-08-08 20:22:47.186707,
586,50,Bẫy Reporting Verbs trong TOEIC,"

# Bẫy Reporting Verbs trong TOEIC

## 1. SAY và TELL

The manager ______ that the meeting was canceled.

A. told
B. said
C. explained
D. advised

Đáp án: **B. said**

→ say + that clause.

---

## 2. TELL + OBJECT

The manager ______ employees to submit the report.

A. said
B. told
C. mentioned
D. explained

Đáp án: **B. told**

→ tell + someone + to V.

---

## 3. EXPLAIN

The manager explained the new policy ______ the employees.

A. for
B. at
C. to
D. with

Đáp án: **C. to**

→ explain something to someone.

---

## 4. SUGGEST

The manager suggested ______ the meeting.

A. to postpone
B. postponing
C. postpone
D. postponed

Đáp án: **B. postponing**

→ suggest + V-ing.

---

## 5. RECOMMEND

The consultant recommended ______ the system.

A. upgrading
B. to upgrade
C. upgrade
D. upgraded

Đáp án: **A. upgrading**

→ recommend + V-ing.

---

## 6. ADVISE

The manager advised employees ______ the safety rules.

A. follow
B. following
C. to follow
D. followed

Đáp án: **C. to follow**

→ advise + object + to V.

---

## 7. REMIND

Please remind me ______ the client.

A. call
B. calling
C. to call
D. called

Đáp án: **C. to call**

→ remind + object + to V.

---

## 8. INFORM

The company informed employees ______ the policy change.

A. of
B. to
C. for
D. at

Đáp án: **A. of**

→ inform someone of something.

---

## 9. WARN

The manager warned employees ______ entering the restricted area.

A. to
B. from
C. against
D. for

Đáp án: **C. against**

→ warn someone against + V-ing.

---

## 10. Tổng hợp cấu trúc

### Say

say + that clause

### Tell

tell + someone + that clause

tell + someone + to V

### Explain

explain + something + to + someone

### Suggest

suggest + V-ing

suggest + that + S + V

### Recommend

recommend + V-ing

recommend + that + S + V

### Advise

advise + someone + to V

### Remind

remind + someone + to V

remind + someone + of + noun

### Warn

warn + someone + about + noun

warn + someone + not to V

warn + someone + against + V-ing

### Inform / Notify

inform + someone + of/about + noun

notify + someone + of + noun

",10,2026-08-08 20:22:47.186707,2026-08-08 20:22:47.186707,
587,51,Reported Speech là gì?,"

# Reported Speech là gì?

## 1. Khái niệm

Reported Speech (câu tường thuật) được sử dụng để thuật lại lời nói hoặc thông tin mà một người đã nói trước đó.

Có hai dạng chính:

- Direct Speech: lời nói trực tiếp.
- Reported Speech: lời nói được tường thuật lại.

## 2. Direct Speech

Ví dụ:

The manager said, ""The meeting is at 9 a.m.""

→ Người quản lý nói: ""Cuộc họp lúc 9 giờ sáng.""

## 3. Reported Speech

Có thể chuyển thành:

The manager said that the meeting was at 9 a.m.

## 4. Cấu trúc cơ bản

**Reporting verb + (that) + reported clause**

Ví dụ:

She said that she was busy.

He told me that he needed more time.

## 5. Say và Tell

### Say

say + that clause

She said that she was tired.

### Tell

tell + someone + that clause

She told me that she was tired.

## 6. Mẹo TOEIC

Khi chuyển Direct Speech sang Reported Speech, cần kiểm tra:

1. Đại từ.
2. Thì của động từ.
3. Từ chỉ thời gian.
4. Từ chỉ nơi chốn.
5. Cấu trúc câu hỏi hoặc mệnh lệnh.

",1,2026-08-08 20:23:10.289137,2026-08-08 20:23:10.289137,
588,51,Backshift - Lùi thì,"

# Backshift - Lùi thì

## 1. Khái niệm

Khi reporting verb ở quá khứ, động từ trong mệnh đề tường thuật thường được lùi về một thì.

Đây gọi là **backshift**.

## 2. Present Simple → Past Simple

Direct:

The manager said, ""Sales are good.""

Reported:

The manager said that sales were good.

## 3. Present Continuous → Past Continuous

Direct:

She said, ""I am working.""

Reported:

She said that she was working.

## 4. Present Perfect → Past Perfect

Direct:

He said, ""I have finished the report.""

Reported:

He said that he had finished the report.

## 5. Past Simple → Past Perfect

Direct:

She said, ""I completed the project.""

Reported:

She said that she had completed the project.

## 6. Will → Would

Direct:

He said, ""I will call you.""

Reported:

He said that he would call me.

## 7. Can → Could

Direct:

She said, ""I can help.""

Reported:

She said that she could help.

## 8. Mẹo TOEIC

Nếu reporting verb là quá khứ như:

said

told

reported

explained

thì hãy kiểm tra khả năng **lùi thì**.

",2,2026-08-08 20:23:10.289137,2026-08-08 20:23:10.289137,
589,51,Các trường hợp không cần lùi thì,"

# Các trường hợp không cần lùi thì

## 1. Sự thật hiển nhiên

Không nhất thiết phải lùi thì khi nội dung vẫn đúng ở hiện tại.

Direct:

The manager said, ""The Earth is round.""

Reported:

The manager said that the Earth is round.

## 2. Sự thật hoặc thông tin vẫn còn đúng

Ví dụ:

The company announced that the office is located downtown.

Nếu địa điểm vẫn không thay đổi, hiện tại đơn có thể được giữ lại.

## 3. Reporting verb ở hiện tại

Nếu reporting verb ở hiện tại, thường không cần lùi thì.

Ví dụ:

The manager says that the meeting is at nine.

She says that she is busy.

## 4. Mệnh đề mang tính quy luật

Ví dụ:

The teacher explained that water boils at 100°C.

Không cần đổi:

boils → boiled

## 5. Mẹo TOEIC

Đừng tự động lùi mọi động từ.

Hãy kiểm tra:

- Nội dung còn đúng không?
- Reporting verb đang ở thì nào?
- Có phải sự thật hiển nhiên không?

",3,2026-08-08 20:23:10.289137,2026-08-08 20:23:10.289137,
590,51,Thay đổi đại từ trong Reported Speech,"

# Thay đổi đại từ trong Reported Speech

## 1. Khái niệm

Khi chuyển sang câu tường thuật, đại từ có thể phải thay đổi theo người nói và người nghe.

## 2. Ví dụ

Direct:

John said, ""I am busy.""

Reported:

John said that **he** was busy.

""I"" → ""he""

## 3. Ví dụ khác

Mary said, ""I need your help.""

Reported:

Mary said that she needed **my** help.

## 4. Các đại từ thường thay đổi

I → he / she

we → they

my → his / her

our → their

me → him / her

us → them

## 5. Không có công thức cố định

Việc thay đổi đại từ phụ thuộc vào:

- Người nói.
- Người nghe.
- Người được nhắc đến.

## 6. Mẹo TOEIC

Không chỉ nhìn từ **I**.

Hãy xác định:

**Ai nói?**

**Ai nghe?**

Sau đó mới chọn đại từ phù hợp.

",4,2026-08-08 20:23:10.289137,2026-08-08 20:23:10.289137,
591,51,Thay đổi từ chỉ thời gian và nơi chốn,"

# Thay đổi từ chỉ thời gian và nơi chốn

## 1. Các thay đổi thường gặp

Một số từ có thể thay đổi khi chuyển sang Reported Speech.

| Direct | Reported |
|---|---|
| now | then |
| today | that day |
| tonight | that night |
| yesterday | the day before |
| tomorrow | the next day |
| this | that |
| these | those |
| here | there |

## 2. Ví dụ

Direct:

She said, ""I will finish this tomorrow.""

Reported:

She said that she would finish **that the next day**.

Cách tự nhiên:

She said that she would finish **it the next day**.

## 3. TODAY

Direct:

He said, ""I am busy today.""

Reported:

He said that he was busy that day.

## 4. TOMORROW

Direct:

She said, ""I will call you tomorrow.""

Reported:

She said that she would call me the next day.

## 5. Mẹo TOEIC

Khi gặp câu tường thuật, kiểm tra các từ:

now

today

tomorrow

yesterday

this

these

here

",5,2026-08-08 20:23:10.289137,2026-08-08 20:23:10.289137,
592,51,Reported Questions - Câu hỏi Yes/No,"

# Reported Questions - Câu hỏi Yes/No

## 1. Khái niệm

Khi tường thuật câu hỏi Yes/No, thường dùng:

**if** hoặc **whether**.

## 2. Cấu trúc

**ask + if/whether + subject + verb**

Ví dụ:

Direct:

""Is the meeting canceled?""

Reported:

She asked if the meeting was canceled.

## 3. Không đảo trợ động từ

Direct:

""Did he finish the report?""

Reported:

She asked if he had finished the report.

Không dùng:

She asked if did he finish the report. ❌

## 4. IF và WHETHER

Cả hai đều có thể được dùng trong nhiều trường hợp.

Ví dụ:

She asked whether the report was ready.

She asked if the report was ready.

## 5. Mẹo TOEIC

Reported Question không dùng trật tự câu hỏi.

Sai:

asked if **was the report** ready ❌

Đúng:

asked if **the report was** ready ✅

",6,2026-08-08 20:23:10.289137,2026-08-08 20:23:10.289137,
593,51,Reported Questions - Wh- Questions,"

# Reported Questions - Wh- Questions

## 1. Khái niệm

Với câu hỏi bắt đầu bằng:

- what
- where
- when
- why
- who
- how

giữ lại từ để hỏi.

## 2. Cấu trúc

**ask + wh-word + subject + verb**

Ví dụ:

Direct:

""Where is the office?""

Reported:

She asked where the office was.

## 3. Ví dụ

Direct:

""When will the meeting start?""

Reported:

He asked when the meeting would start.

Direct:

""Why did the manager leave?""

Reported:

She asked why the manager had left.

## 4. Không đảo ngữ

Sai:

She asked where **was the office**. ❌

Đúng:

She asked where **the office was**. ✅

## 5. Mẹo TOEIC

Sau Wh-word trong Reported Question:

**Subject + Verb**

Không dùng:

Wh-word + auxiliary + subject + verb

",7,2026-08-08 20:23:10.289137,2026-08-08 20:23:10.289137,
594,51,Reported Commands và Requests,"

# Reported Commands và Requests

## 1. Câu mệnh lệnh

Khi tường thuật mệnh lệnh, thường dùng:

**tell + object + to V**

Ví dụ:

Direct:

""Close the door.""

Reported:

The manager told him to close the door.

## 2. Mệnh lệnh phủ định

Cấu trúc:

**tell + object + not to V**

Ví dụ:

""Don't open the door.""

→ The manager told him not to open the door.

## 3. Requests

Có thể dùng:

**ask + object + to V**

Ví dụ:

""Please send me the report.""

→ She asked me to send her the report.

## 4. Không dùng

told to do ❌

Trong cấu trúc thông thường phải có object:

told **someone** to do something.

## 5. Mẹo TOEIC

Mệnh lệnh:

tell + O + to V

tell + O + not to V

Yêu cầu:

ask + O + to V

",8,2026-08-08 20:23:10.289137,2026-08-08 20:23:10.289137,
595,51,Reported Suggestions và Advice,"

# Reported Suggestions và Advice

## 1. Suggest

Có thể tường thuật đề xuất bằng:

**suggest + V-ing**

Ví dụ:

""Let's postpone the meeting.""

→ He suggested postponing the meeting.

## 2. Suggest + that

Cấu trúc:

**suggest + that + subject + V**

Ví dụ:

He suggested that we postpone the meeting.

## 3. Advice

Với lời khuyên:

**advise + object + to V**

Ví dụ:

""Check the documents carefully.""

→ The manager advised us to check the documents carefully.

## 4. Warn

Cấu trúc:

**warn + object + not to V**

Ví dụ:

""Don't enter the room.""

→ The manager warned us not to enter the room.

## 5. Mẹo TOEIC

Nhớ các cấu trúc:

suggest + V-ing

suggest + that + S + V

advise + O + to V

warn + O + not to V

",9,2026-08-08 20:23:10.289137,2026-08-08 20:23:10.289137,
596,51,Bẫy Reported Speech trong TOEIC,"

# Bẫy Reported Speech trong TOEIC

## 1. Bẫy lùi thì

The manager said that the report ______ completed.

A. is
B. was
C. be
D. being

Đáp án: **B. was**

→ said ở quá khứ → thường lùi hiện tại đơn thành quá khứ đơn.

---

## 2. Bẫy trật tự câu hỏi

The manager asked where ______.

A. was the office
B. the office was
C. is the office
D. did the office be

Đáp án: **B. the office was**

→ Reported Question dùng trật tự câu khẳng định.

---

## 3. Bẫy Yes/No Question

She asked ______ the meeting had been canceled.

A. what
B. where
C. if
D. why

Đáp án: **C. if**

→ Câu hỏi Yes/No → if/whether.

---

## 4. Bẫy mệnh lệnh

The manager told employees ______ the documents.

A. submit
B. submitting
C. to submit
D. submitted

Đáp án: **C. to submit**

→ tell + object + to V.

---

## 5. Bẫy phủ định

The supervisor told us ______ the equipment.

A. not use
B. not to use
C. don't use
D. not using

Đáp án: **B. not to use**

→ tell + object + not to V.

---

## 6. Bẫy SAY và TELL

The manager ______ me that the schedule had changed.

A. said
B. told
C. spoke
D. mentioned

Đáp án: **B. told**

→ tell + someone + that.

---

## 7. Bẫy Suggest

The manager suggested ______ the meeting.

A. to postpone
B. postponing
C. postponed
D. postpone

Đáp án: **B. postponing**

→ suggest + V-ing.

---

## 8. Bẫy đại từ

John said, ""I need more time.""

→ John said that ______ needed more time.

A. I
B. he
C. they
D. we

Đáp án: **B. he**

→ I đổi thành he vì John là người nói.

---

## 9. Bẫy từ chỉ thời gian

She said, ""I will finish the report tomorrow.""

→ She said that she would finish the report ______.

A. yesterday
B. now
C. the next day
D. today

Đáp án: **C. the next day**

---

## 10. Tổng hợp công thức

### Statement

say/tell + that + clause

### Yes/No Question

ask + if/whether + S + V

### Wh-Question

ask + wh-word + S + V

### Command

tell + O + to V

### Negative Command

tell + O + not to V

### Request

ask + O + to V

### Suggestion

suggest + V-ing

suggest + that + S + V

### Advice

advise + O + to V

### Warning

warn + O + not to V

## 11. Mẹo TOEIC

Khi gặp Reported Speech, kiểm tra theo thứ tự:

1. Đây là câu kể, câu hỏi hay mệnh lệnh?
2. Reporting verb là gì?
3. Có cần lùi thì không?
4. Đại từ có cần thay đổi không?
5. Từ chỉ thời gian/nơi chốn có cần thay đổi không?
6. Nếu là câu hỏi, có đảo ngữ hay không?

",10,2026-08-08 20:23:10.289137,2026-08-08 20:23:10.289137,
597,52,Subjunctive là gì?,"

# Subjunctive là gì?

## 1. Khái niệm

Subjunctive (thức giả định) được sử dụng để diễn đạt:

- yêu cầu
- đề nghị
- khuyến nghị
- mệnh lệnh
- sự cần thiết
- giả định hoặc tình huống không có thật

Trong TOEIC, dạng quan trọng nhất là **mandative subjunctive**.

## 2. Cấu trúc cơ bản

**Subject + verb + that + subject + V nguyên mẫu**

Ví dụ:

The manager recommended that he **be** present.

The company requires that all employees **arrive** on time.

## 3. Điểm quan trọng

Động từ sau **that** ở dạng nguyên mẫu.

Ví dụ:

The manager suggested that she **take** the course.

Không dùng:

suggested that she **takes** ❌

## 4. Các động từ thường gặp

- suggest
- recommend
- request
- require
- demand
- insist
- propose
- urge

## 5. Mẹo TOEIC

Khi gặp:

**verb + that + subject + ______**

hãy kiểm tra xem động từ phía trước có yêu cầu Subjunctive hay không.

",1,2026-08-08 20:23:38.201983,2026-08-08 20:23:38.201983,
598,52,Mandative Subjunctive,"

# Mandative Subjunctive

## 1. Khái niệm

Mandative Subjunctive được dùng sau các động từ hoặc cụm từ thể hiện:

- yêu cầu
- đề nghị
- yêu cầu bắt buộc
- khuyến nghị

## 2. Cấu trúc

**verb + that + subject + base verb**

Ví dụ:

The manager recommended that employees **attend** the training.

The company requires that every employee **wear** an ID badge.

## 3. Không chia động từ

Ví dụ:

The manager suggested that he **go**.

Không dùng:

The manager suggested that he **goes**. ❌

## 4. Với động từ BE

Dùng **be** cho tất cả chủ ngữ.

Ví dụ:

The manager requested that John **be** present.

The company requires that all equipment **be** inspected.

Không dùng:

John be**s** present ❌

## 5. Mẹo TOEIC

Nếu sau that là:

he/she/it

vẫn dùng:

**V nguyên mẫu**

",2,2026-08-08 20:23:38.201983,2026-08-08 20:23:38.201983,
599,52,Các động từ thường đi với Subjunctive,"

# Các động từ thường đi với Subjunctive

## 1. Suggest

**suggest + that + S + V**

The manager suggested that we revise the schedule.

## 2. Recommend

**recommend + that + S + V**

The consultant recommended that the company invest in new equipment.

## 3. Require

**require + that + S + V**

The company requires that employees wear uniforms.

## 4. Request

**request + that + S + V**

The customer requested that the order be delivered immediately.

## 5. Demand

**demand + that + S + V**

The manager demanded that the problem be fixed.

## 6. Insist

**insist + that + S + V**

The director insisted that the report be completed today.

## 7. Propose

**propose + that + S + V**

The committee proposed that the meeting be postponed.

## 8. Urge

**urge + that + S + V**

The company urged that employees follow the new policy.

## 9. Mẹo

Các động từ trên thường báo hiệu:

**that + subject + V nguyên mẫu**

",3,2026-08-08 20:23:38.201983,2026-08-08 20:23:38.201983,
600,52,Subjunctive với tính từ,"

# Subjunctive với tính từ

## 1. Khái niệm

Subjunctive cũng có thể xuất hiện sau các tính từ thể hiện:

- sự cần thiết
- sự quan trọng
- sự cấp thiết
- sự cần thiết phải làm gì

## 2. Cấu trúc

**It is + adjective + that + subject + V**

Ví dụ:

It is essential that every employee **be** on time.

It is important that the report **be** completed today.

## 3. Các tính từ thường gặp

- essential
- important
- necessary
- vital
- crucial
- imperative
- advisable

## 4. Ví dụ

It is necessary that all applications **be submitted** by Friday.

It is vital that the equipment **remain** secure.

## 5. Không chia động từ

It is important that he **be** present.

Không dùng:

It is important that he **is** present. ❌

## 6. Mẹo TOEIC

Cấu trúc:

**It is essential/important/necessary that + S + V**

→ kiểm tra Subjunctive.

",4,2026-08-08 20:23:38.201983,2026-08-08 20:23:38.201983,
601,52,Subjunctive với Passive Voice,"

# Subjunctive với Passive Voice

## 1. Cấu trúc

Subjunctive bị động:

**that + subject + be + V3**

Ví dụ:

The manager requested that the report **be completed** today.

## 2. Ví dụ

The company requires that all documents **be signed**.

The director insisted that the problem **be resolved** immediately.

It is essential that the equipment **be inspected** regularly.

## 3. So sánh

Active Subjunctive:

The manager recommended that employees **attend** the training.

Passive Subjunctive:

The manager recommended that the training **be attended** by all employees.

## 4. Bẫy thường gặp

Sai:

The manager requested that the report **is completed**. ❌

Đúng:

The manager requested that the report **be completed**. ✅

## 5. Mẹo TOEIC

Nếu:

**that + subject + bị động**

→ dùng:

**be + V3**

",5,2026-08-08 20:23:38.201983,2026-08-08 20:23:38.201983,
602,52,Should trong Subjunctive,"

# Should trong Subjunctive

## 1. Khái niệm

Trong tiếng Anh, đặc biệt là British English và văn phong trang trọng, Subjunctive có thể được diễn đạt bằng:

**should + V**

## 2. Ví dụ

The manager suggested that we **should postpone** the meeting.

It is important that the report **should be completed** today.

## 3. So sánh

Mandative Subjunctive:

The manager suggested that we **postpone** the meeting.

Should construction:

The manager suggested that we **should postpone** the meeting.

Cả hai đều có thể được sử dụng tùy văn phong.

## 4. Passive

The manager requested that the report **should be completed** immediately.

## 5. Mẹo TOEIC

Trong câu hỏi TOEIC, nếu thấy:

**that + should + V**

đừng vội loại bỏ.

Cần xét cấu trúc và ngữ cảnh.

",6,2026-08-08 20:23:38.201983,2026-08-08 20:23:38.201983,
603,52,Subjunctive với Insist và Demand,"

# Subjunctive với Insist và Demand

## 1. INSIST

Khi insist mang nghĩa **yêu cầu mạnh mẽ**, có thể dùng:

**insist + that + S + V**

Ví dụ:

The manager insisted that the report **be completed** today.

## 2. DEMAND

Demand có thể dùng:

**demand + that + S + V**

Ví dụ:

The customer demanded that the problem **be resolved** immediately.

## 3. Phân biệt INSIST

Insist cũng có thể mang nghĩa ""khăng khăng rằng điều gì đó là đúng"".

Khi đó cấu trúc có thể là:

**insist + that + clause**

Ví dụ:

He insisted that he **was** right.

Ở đây **was** không phải Mandative Subjunctive.

## 4. So sánh

Yêu cầu:

The manager insisted that he **be** present.

Khẳng định:

He insisted that he **was** present.

## 5. Mẹo TOEIC

Phải xét nghĩa của **insist**.

- insist = yêu cầu → Subjunctive
- insist = khẳng định → mệnh đề thông thường

",7,2026-08-08 20:23:38.201983,2026-08-08 20:23:38.201983,
604,52,Subjunctive và các cấu trúc tương đương,"

# Subjunctive và các cấu trúc tương đương

## 1. Subjunctive

The manager recommended that the employee **take** the course.

## 2. To-Infinitive

Một số động từ có thể dùng:

**verb + object + to V**

Ví dụ:

The manager advised the employee to take the course.

## 3. Gerund

Một số động từ có thể dùng:

**verb + V-ing**

Ví dụ:

The manager suggested taking the course.

## 4. So sánh

Recommend:

recommend that employees attend

recommend employees to attend ❌

Recommend + V-ing:

recommend attending

Suggest:

suggest that employees attend

suggest attending

## 5. Mẹo TOEIC

Không phải động từ nào cũng dùng được mọi cấu trúc.

Đặc biệt:

suggest + V-ing

suggest + that + S + V

recommend + V-ing

recommend + that + S + V

",8,2026-08-08 20:23:38.201983,2026-08-08 20:23:38.201983,
605,52,Subjunctive trong văn phong Business English,"

# Subjunctive trong văn phong Business English

## 1. Trong email

Subjunctive thường xuất hiện trong email và thông báo trang trọng.

Ví dụ:

We request that all employees **submit** their forms by Friday.

## 2. Trong chính sách công ty

The company requires that all visitors **wear** identification badges.

## 3. Trong quy định

It is essential that all safety procedures **be followed**.

## 4. Trong đề xuất

The committee recommends that the company **invest** in new equipment.

## 5. Trong yêu cầu

The customer requested that the order **be delivered** immediately.

## 6. Vì sao TOEIC hay dùng?

TOEIC thường sử dụng văn phong:

- công việc
- công ty
- email
- thông báo
- quy định
- hợp đồng

Đây là những môi trường mà Subjunctive xuất hiện khá thường xuyên.

## 7. Mẹo TOEIC

Các cụm cần nhận diện nhanh:

It is essential that...

It is important that...

The company requires that...

The manager recommends that...

The customer requested that...

",9,2026-08-08 20:23:38.201983,2026-08-08 20:23:38.201983,
606,52,Bẫy Subjunctive trong TOEIC,"

# Bẫy Subjunctive trong TOEIC

## 1. Bẫy chia động từ

The manager recommended that employees ______ the training.

A. attends
B. attended
C. attend
D. attending

Đáp án: **C. attend**

→ recommend + that + S + V nguyên mẫu.

---

## 2. Bẫy BE

It is essential that the manager ______ present.

A. is
B. be
C. being
D. was

Đáp án: **B. be**

→ Subjunctive dùng be.

---

## 3. Bẫy Passive

The director requested that the report ______ immediately.

A. completes
B. completed
C. be completed
D. is completed

Đáp án: **C. be completed**

→ that + S + be + V3.

---

## 4. Bẫy REQUIRE

The company requires that all employees ______ their ID cards.

A. wears
B. wore
C. wear
D. wearing

Đáp án: **C. wear**

---

## 5. Bẫy SUGGEST

The manager suggested that the meeting ______ postponed.

A. is
B. be
C. was
D. being

Đáp án: **B. be**

---

## 6. Bẫy INSIST

The manager insisted that the report ______ completed today.

A. is
B. be
C. was
D. being

Đáp án: **B. be**

→ insist mang nghĩa yêu cầu.

---

## 7. Bẫy SHOULD

The manager suggested that we ______ postpone the meeting.

A. should
B. are
C. were
D. have

Đáp án: **A. should**

→ suggest + that + S + should + V.

---

## 8. Bẫy tính từ

It is important that every applicant ______ the form correctly.

A. completes
B. completed
C. complete
D. completing

Đáp án: **C. complete**

---

## 9. Tổng hợp công thức

### Verb + Subjunctive

verb + that + S + V

### Passive Subjunctive

verb + that + S + be + V3

### Adjective + Subjunctive

It is + adjective + that + S + V

### Should Subjunctive

verb + that + S + should + V

### Các động từ quan trọng

suggest

recommend

request

require

demand

insist

propose

urge

## 10. Mẹo làm bài

Khi gặp:

**that + subject + ______**

hãy kiểm tra động từ hoặc tính từ phía trước.

Nếu mang nghĩa:

**yêu cầu / đề nghị / khuyến nghị / cần thiết**

→ kiểm tra **Subjunctive**.

Công thức quan trọng nhất:

**that + S + V nguyên mẫu**

và:

**that + S + be + V3**.

",10,2026-08-08 20:23:38.201983,2026-08-08 20:23:38.201983,
625,54,Emphasis kết hợp với Inversion,"

# Emphasis kết hợp với Inversion

## 1. Khái niệm

Một số cấu trúc nhấn mạnh sử dụng đồng thời **đảo ngữ**.

Ví dụ:

Never **have I seen** such a complicated procedure.

→ Never tạo sắc thái nhấn mạnh và đồng thời yêu cầu đảo ngữ.

## 2. Only

Ví dụ:

Only after the meeting **did we understand** the problem.

## 3. Not until

Ví dụ:

Not until Friday **did the company receive** the payment.

## 4. So + adjective

Ví dụ:

So difficult **was the examination** that many candidates struggled.

## 5. Mẹo TOEIC

Các từ/cụm từ đầu câu có tính phủ định hoặc giới hạn thường vừa tạo nhấn mạnh vừa yêu cầu đảo ngữ.

",9,2026-08-08 20:24:23.079946,2026-08-08 20:24:23.079946,
607,53,Inversion là gì?,"

# Inversion là gì?

## 1. Khái niệm

Inversion (đảo ngữ) là cách đảo vị trí thông thường của chủ ngữ và trợ động từ hoặc động từ để:

- Nhấn mạnh.
- Tạo văn phong trang trọng.
- Diễn đạt một số cấu trúc đặc biệt.
- Tạo câu hỏi.

Trong TOEIC, đảo ngữ thường xuất hiện trong các cấu trúc nâng cao.

## 2. Trật tự thông thường

Cấu trúc thông thường:

**Subject + auxiliary + verb**

Ví dụ:

She has never seen the report.

## 3. Đảo ngữ

Khi một số trạng từ hoặc cụm từ đặc biệt đứng đầu câu:

**Auxiliary + subject + verb**

Ví dụ:

Never **has she seen** the report.

## 4. Ví dụ

Thông thường:

The company has never experienced such a problem.

Đảo ngữ:

Never **has the company experienced** such a problem.

## 5. Mẹo TOEIC

Khi gặp các từ như:

- never
- rarely
- seldom
- hardly
- scarcely
- no sooner
- only then
- only after

hãy kiểm tra khả năng cần **inversion**.

",1,2026-08-08 20:23:59.349315,2026-08-08 20:23:59.349315,
608,53,"Đảo ngữ với Never, Rarely và Seldom","

# Đảo ngữ với Never, Rarely và Seldom

## 1. Never

Khi **never** đứng đầu câu để nhấn mạnh, dùng đảo ngữ.

Cấu trúc:

**Never + auxiliary + S + V**

Ví dụ:

Never have I seen such a large office.

→ Tôi chưa bao giờ thấy một văn phòng lớn như vậy.

## 2. Rarely

Ví dụ:

Rarely does the company offer such discounts.

## 3. Seldom

Ví dụ:

Seldom do employees receive such benefits.

## 4. Nếu câu có BE

Ví dụ:

Never is the office open on Sundays.

## 5. Mẹo TOEIC

Không dùng:

Never the company has offered... ❌

Dùng:

Never **has the company offered**... ✅

",2,2026-08-08 20:23:59.349315,2026-08-08 20:23:59.349315,
609,53,"Đảo ngữ với Hardly, Scarcely và Barely","

# Đảo ngữ với Hardly, Scarcely và Barely

## 1. Khái niệm

Các từ:

- hardly
- scarcely
- barely

có thể tạo đảo ngữ khi đứng đầu câu.

## 2. Cấu trúc

**Hardly + had + S + V3 + when + S + V2**

Ví dụ:

Hardly had the meeting started when the manager arrived.

## 3. Scarcely

Cấu trúc:

**Scarcely + had + S + V3 + when + S + V2**

Ví dụ:

Scarcely had the meeting begun when the fire alarm sounded.

## 4. Barely

Cấu trúc:

**Barely + had + S + V3 + when + S + V2**

Ví dụ:

Barely had we finished the report when the client called.

## 5. Mẹo TOEIC

Nhớ cặp:

**Hardly ... when**

**Scarcely ... when**

**Barely ... when**

",3,2026-08-08 20:23:59.349315,2026-08-08 20:23:59.349315,
610,53,No sooner ... than,"

# No sooner ... than

## 1. Khái niệm

**No sooner ... than** diễn tả một hành động xảy ra ngay sau một hành động khác.

## 2. Cấu trúc đảo ngữ

**No sooner + had + S + V3 + than + S + V2**

Ví dụ:

No sooner had the meeting ended than the employees left.

## 3. So sánh

Không đảo:

The meeting had no sooner ended than the employees left.

Đảo ngữ:

No sooner had the meeting ended than the employees left.

## 4. Lưu ý

Không dùng:

No sooner ... when ❌

Đúng:

No sooner ... **than** ✅

## 5. Mẹo TOEIC

Nhìn thấy:

**No sooner**

→ kiểm tra:

**had + S + V3**

và:

**than**

",4,2026-08-08 20:23:59.349315,2026-08-08 20:23:59.349315,
611,53,Đảo ngữ với Only,"

# Đảo ngữ với Only

## 1. Khái niệm

Một số cấu trúc bắt đầu bằng **only** yêu cầu đảo ngữ ở mệnh đề chính.

Các dạng thường gặp:

- only then
- only later
- only after
- only when
- only by
- only if

## 2. Only then

Ví dụ:

Only then did we understand the problem.

## 3. Only after

Ví dụ:

Only after the meeting did the manager explain the decision.

## 4. Only when

Ví dụ:

Only when the report was completed did the manager approve it.

## 5. Only by

Ví dụ:

Only by working together can the team solve the problem.

## 6. Mẹo TOEIC

Cấu trúc:

**Only + phrase/clause + auxiliary + S + V**

",5,2026-08-08 20:23:59.349315,2026-08-08 20:23:59.349315,
612,53,Đảo ngữ với Not until,"

# Đảo ngữ với Not until

## 1. Khái niệm

**Not until** có nghĩa là ""mãi đến khi"".

Khi cụm **Not until** đứng đầu câu, mệnh đề chính thường dùng đảo ngữ.

## 2. Cấu trúc

**Not until + time/clause + auxiliary + S + V**

Ví dụ:

Not until Monday did the manager return to the office.

## 3. Với mệnh đề

Ví dụ:

Not until the meeting ended did we discuss the problem.

## 4. Lưu ý

Không đảo trong mệnh đề sau **until**.

Sai:

Not until did the meeting end the manager speak. ❌

Đúng:

Not until the meeting ended **did the manager speak**. ✅

## 5. Mẹo TOEIC

Nhìn thấy:

**Not until + ...**

→ đảo ngữ ở **mệnh đề chính**.

",6,2026-08-08 20:23:59.349315,2026-08-08 20:23:59.349315,
613,53,Đảo ngữ với Under no circumstances và các cụm phủ định,"

# Đảo ngữ với các cụm phủ định

## 1. Khái niệm

Một số cụm phủ định khi đứng đầu câu có thể yêu cầu đảo ngữ.

Ví dụ:

- under no circumstances
- on no account
- at no time
- in no way
- by no means

## 2. Under no circumstances

Ví dụ:

Under no circumstances should employees disclose confidential information.

## 3. At no time

Ví dụ:

At no time did the manager approve the proposal.

## 4. By no means

Ví dụ:

By no means is the decision final.

## 5. On no account

Ví dụ:

On no account should visitors enter this area.

## 6. Mẹo TOEIC

Các cụm phủ định đứng đầu câu:

**negative phrase + auxiliary + S + V**

",7,2026-08-08 20:23:59.349315,2026-08-08 20:23:59.349315,
614,53,Đảo ngữ với So và Such,"

# Đảo ngữ với So và Such

## 1. So + adjective

Có thể dùng cấu trúc:

**So + adjective + be + S + that...**

Ví dụ:

So difficult was the test that many employees failed.

## 2. Such

Cấu trúc:

**Such + be + noun + that...**

Ví dụ:

Such was the demand that the company increased production.

## 3. So + adjective + that

Ví dụ:

So successful was the campaign that sales increased significantly.

## 4. Mục đích

Cấu trúc này thường được dùng để:

- Nhấn mạnh.
- Tạo văn phong trang trọng.
- Mô tả mức độ dẫn đến kết quả.

## 5. Mẹo TOEIC

Nếu câu bắt đầu bằng:

**So + adjective**

hãy kiểm tra:

**be + subject**

",8,2026-08-08 20:23:59.349315,2026-08-08 20:23:59.349315,
615,53,Đảo ngữ trong điều kiện,"

# Đảo ngữ trong câu điều kiện

## 1. Khái niệm

Một số câu điều kiện có thể bỏ **if** và dùng đảo ngữ.

## 2. Điều kiện loại 1

Dùng:

**Should + S + V, ...**

Ví dụ:

Should you need any assistance, please contact us.

= If you should need any assistance, please contact us.

## 3. Điều kiện loại 2

Dùng:

**Were + S + to V, ...**

Ví dụ:

Were the company to expand, it would hire more employees.

= If the company were to expand, it would hire more employees.

## 4. Điều kiện loại 3

Dùng:

**Had + S + V3, ...**

Ví dụ:

Had we known about the problem, we would have acted earlier.

= If we had known about the problem, we would have acted earlier.

## 5. Mẹo TOEIC

Nhớ ba dạng:

**Should + S + V**

**Were + S + to V**

**Had + S + V3**

",9,2026-08-08 20:23:59.349315,2026-08-08 20:23:59.349315,
616,53,Bẫy Inversion trong TOEIC,"

# Bẫy Inversion trong TOEIC

## 1. Never

Never ______ such a serious problem.

A. we have seen
B. have we seen
C. we saw
D. did we have seen

Đáp án: **B. have we seen**

→ Never đứng đầu câu → đảo ngữ.

---

## 2. Only after

Only after the meeting ______ the manager announce the decision.

A. did
B. has
C. was
D. had

Đáp án: **A. did**

→ Only after + clause → đảo ngữ ở mệnh đề chính.

---

## 3. Not until

Not until Friday ______ the company receive the payment.

A. did
B. the company did
C. was
D. has

Đáp án: **A. did**

---

## 4. No sooner

No sooner ______ the meeting started than the fire alarm rang.

A. has
B. did
C. had
D. was

Đáp án: **C. had**

→ No sooner + had + S + V3 + than.

---

## 5. Hardly

Hardly had the manager arrived ______ the meeting began.

A. than
B. when
C. while
D. because

Đáp án: **B. when**

---

## 6. Điều kiện đảo ngữ

______ you need further information, please contact us.

A. Should
B. Would
C. Had
D. Did

Đáp án: **A. Should**

→ Should you need...

---

## 7. Điều kiện loại 3

______ we known about the delay, we would have changed the schedule.

A. Should
B. Were
C. Had
D. Did

Đáp án: **C. Had**

→ Had we known...

---

## 8. Cụm phủ định

Under no circumstances ______ employees disclose confidential information.

A. employees should
B. should employees
C. employees can
D. can employees to

Đáp án: **B. should employees**

---

## 9. Công thức tổng hợp

### Negative adverb

Never/Rarely/Seldom + auxiliary + S + V

### Hardly

Hardly + had + S + V3 + when...

### No sooner

No sooner + had + S + V3 + than...

### Only

Only + phrase/clause + auxiliary + S + V

### Not until

Not until + phrase/clause + auxiliary + S + V

### Conditional inversion

Should + S + V

Were + S + to V

Had + S + V3

## 10. Mẹo làm bài

Khi thấy một cụm phủ định hoặc hạn định đứng đầu câu, đừng giữ trật tự:

**Subject + Verb**

Hãy kiểm tra xem có cần:

**Auxiliary + Subject + Verb**

hay không.

",10,2026-08-08 20:23:59.349315,2026-08-08 20:23:59.349315,
617,54,Emphasis là gì?,"

# Emphasis là gì?

## 1. Khái niệm

Emphasis là cách sử dụng cấu trúc ngữ pháp để **nhấn mạnh** một thành phần trong câu.

Trong tiếng Anh, có nhiều cách tạo câu nhấn mạnh:

- Do / Does / Did
- Cleft Sentences
- It-cleft
- What-cleft
- Đảo ngữ
- So / Such
- Từ nhấn mạnh

## 2. Câu thông thường

Ví dụ:

The manager approved the proposal.

Câu này chỉ đơn giản cung cấp thông tin.

## 3. Nhấn mạnh bằng DO

Có thể nói:

The manager **did approve** the proposal.

→ Nhấn mạnh rằng người quản lý thực sự đã phê duyệt đề xuất.

## 4. Cleft Sentence

Có thể dùng:

**It was the manager who approved the proposal.**

→ Nhấn mạnh ""the manager"".

## 5. Mẹo TOEIC

Khi câu có cấu trúc bất thường, hãy xác định:

- Thành phần nào đang được nhấn mạnh?
- Cấu trúc nhấn mạnh nào đang được sử dụng?

",1,2026-08-08 20:24:23.079946,2026-08-08 20:24:23.079946,
618,54,"Nhấn mạnh bằng Do, Does và Did","

# Nhấn mạnh bằng Do, Does và Did

## 1. Khái niệm

Do, does và did có thể được dùng trong câu khẳng định để nhấn mạnh động từ.

## 2. Hiện tại đơn

Với chủ ngữ I/you/we/they:

**do + V nguyên mẫu**

Ví dụ:

I **do agree** with your proposal.

## 3. Ngôi thứ ba số ít

Dùng:

**does + V nguyên mẫu**

Ví dụ:

She **does understand** the problem.

## 4. Quá khứ đơn

Dùng:

**did + V nguyên mẫu**

Ví dụ:

The manager **did approve** the request.

## 5. Lưu ý

Sau do/does/did phải dùng **V nguyên mẫu**.

Sai:

She does **understands** the problem. ❌

Đúng:

She does **understand** the problem. ✅

## 6. Mẹo TOEIC

Nếu thấy:

do / does / did + ______

→ chọn **V nguyên mẫu**.

",2,2026-08-08 20:24:23.079946,2026-08-08 20:24:23.079946,
619,54,It-Cleft Sentence,"

# It-Cleft Sentence

## 1. Khái niệm

It-Cleft dùng để nhấn mạnh một thành phần trong câu.

## 2. Cấu trúc cơ bản

**It + be + thành phần được nhấn mạnh + that/who + phần còn lại**

Ví dụ:

It was **the manager** who approved the proposal.

→ Nhấn mạnh ""the manager"".

## 3. Nhấn mạnh người

It was Sarah who contacted the client.

## 4. Nhấn mạnh vật hoặc sự việc

It was the new system that caused the problem.

## 5. That và Who

**who** thường dùng khi thành phần được nhấn mạnh là người.

**that** có thể dùng cho người hoặc vật trong nhiều trường hợp.

Ví dụ:

It was John who called me.

It was the report that caused the confusion.

## 6. Mẹo TOEIC

Nhận diện nhanh:

**It + be + emphasized element + who/that...**

",3,2026-08-08 20:24:23.079946,2026-08-08 20:24:23.079946,
620,54,Nhấn mạnh thời gian và nơi chốn bằng Cleft,"

# Nhấn mạnh thời gian và nơi chốn bằng Cleft

## 1. Nhấn mạnh thời gian

Ví dụ:

It was **yesterday** that we received the report.

→ Nhấn mạnh thời điểm ""yesterday"".

## 2. Nhấn mạnh nơi chốn

Ví dụ:

It was **at the main office** that the meeting was held.

## 3. Nhấn mạnh nguyên nhân

Ví dụ:

It was **because of the delay** that the shipment arrived late.

## 4. Cấu trúc

**It + be + emphasized element + that + clause**

## 5. So sánh

Câu thường:

We received the report yesterday.

Câu nhấn mạnh:

It was yesterday that we received the report.

## 6. Mẹo TOEIC

Nếu câu bắt đầu bằng:

**It was/is + cụm từ + that...**

→ rất có thể đó là **It-Cleft**.

",4,2026-08-08 20:24:23.079946,2026-08-08 20:24:23.079946,
621,54,What-Cleft và Pseudo-Cleft,"

# What-Cleft và Pseudo-Cleft

## 1. Khái niệm

What-Cleft, còn gọi là Pseudo-Cleft, dùng mệnh đề bắt đầu bằng **what** để nhấn mạnh thông tin.

## 2. Cấu trúc

**What + clause + be + emphasized information**

Ví dụ:

What we need is **more time**.

→ Điều chúng ta cần là thêm thời gian.

## 3. Ví dụ

What the company needs is better equipment.

What I want is a clear explanation.

## 4. Có thể nhấn mạnh hành động

Ví dụ:

What the manager did was **approve the proposal**.

## 5. So sánh

Câu thông thường:

We need more time.

What-cleft:

What we need is more time.

## 6. Mẹo TOEIC

Nhận diện:

**What + S + V + be + ...**

",5,2026-08-08 20:24:23.079946,2026-08-08 20:24:23.079946,
622,54,All-Cleft và các cấu trúc nhấn mạnh khác,"

# All-Cleft và các cấu trúc nhấn mạnh khác

## 1. All + clause

Có thể dùng **all** để nhấn mạnh điều duy nhất cần hoặc điều duy nhất xảy ra.

Ví dụ:

All we need is more information.

→ Tất cả những gì chúng ta cần là thêm thông tin.

## 2. Cấu trúc

**All + S + V + be + ...**

Ví dụ:

All the company needs is additional funding.

## 3. The thing that

Có thể dùng:

**The thing that + clause + be...**

Ví dụ:

The thing that we need is more time.

## 4. The reason why

Dùng để nhấn mạnh lý do:

The reason why the shipment was delayed was the bad weather.

## 5. Mẹo TOEIC

Một số cấu trúc thường dùng để nhấn mạnh:

What ... is ...

All ... is ...

The thing that ... is ...

The reason why ... is ...

",6,2026-08-08 20:24:23.079946,2026-08-08 20:24:23.079946,
623,54,Emphatic Reflexive Pronouns,"

# Emphatic Reflexive Pronouns

## 1. Khái niệm

Các đại từ phản thân:

- myself
- yourself
- himself
- herself
- itself
- ourselves
- yourselves
- themselves

có thể được dùng để nhấn mạnh rằng chính người hoặc vật đó thực hiện hành động.

## 2. Ví dụ

The manager **himself** approved the proposal.

→ Chính người quản lý đã phê duyệt đề xuất.

## 3. Đặt sau chủ ngữ

Ví dụ:

The CEO himself attended the meeting.

## 4. Đặt cuối câu

Ví dụ:

The CEO attended the meeting himself.

## 5. Phân biệt với Reflexive Pronoun thông thường

Reflexive:

He hurt himself.

→ himself là tân ngữ.

Emphatic:

He himself approved the proposal.

→ himself dùng để nhấn mạnh ""chính anh ấy"".

## 6. Mẹo TOEIC

Nếu bỏ đại từ phản thân mà câu vẫn đúng ngữ pháp và ý chính không thay đổi, nó có thể đang được dùng để **nhấn mạnh**.

",7,2026-08-08 20:24:23.079946,2026-08-08 20:24:23.079946,
626,54,Bẫy Emphasis trong TOEIC,"

# Bẫy Emphasis trong TOEIC

## 1. Bẫy DO/DOES/DID

The manager did ______ the proposal.

A. approved
B. approves
C. approve
D. approving

Đáp án: **C. approve**

→ did + V nguyên mẫu.

---

## 2. Bẫy It-Cleft

It was the manager ______ approved the proposal.

A. which
B. who
C. what
D. where

Đáp án: **B. who**

→ Người → who.

---

## 3. Bẫy What-Cleft

What the company needs ______ more employees.

A. are
B. be
C. is
D. being

Đáp án: **C. is**

→ Toàn bộ mệnh đề ""What the company needs"" được xem như một chủ ngữ số ít.

---

## 4. Bẫy SO

The presentation was ______ informative that everyone took notes.

A. such
B. so
C. very
D. too

Đáp án: **B. so**

→ so + adjective + that.

---

## 5. Bẫy SUCH

It was ______ useful presentation that everyone attended.

A. so
B. such
C. such a
D. so a

Đáp án: **C. such a**

→ such + a/an + adjective + singular noun.

---

## 6. Bẫy MANY

There were ______ many applicants that the company extended the deadline.

A. such
B. so
C. very
D. too

Đáp án: **B. so**

→ so + many + plural countable noun.

---

## 7. Bẫy đại từ nhấn mạnh

The director ______ approved the proposal.

A. himself
B. him
C. his
D. he

Đáp án: **A. himself**

→ himself dùng để nhấn mạnh ""chính giám đốc"".

---

## 8. Bẫy đảo ngữ

Only after the meeting ______ the manager announce the decision.

A. did
B. was
C. has
D. the manager did

Đáp án: **A. did**

→ Only + phrase đứng đầu → đảo ngữ ở mệnh đề chính.

---

## 9. Tổng hợp cấu trúc

### Do/Does/Did

do/does/did + V nguyên mẫu

### It-Cleft

It + be + emphasized element + who/that + clause

### What-Cleft

What + S + V + be + emphasized element

### Emphatic Reflexive

Subject + reflexive pronoun + verb

### So

so + adjective/adverb + that

### Such

such + noun phrase + that

### Inversion

Negative/limiting expression + auxiliary + S + V

## 10. Mẹo làm bài

Khi gặp cấu trúc có vẻ ""dài"" hoặc khác câu thông thường, đừng chỉ nhìn từng từ.

Hãy xác định:

1. Thành phần nào đang được nhấn mạnh?
2. Đây có phải Cleft Sentence không?
3. Có do/does/did để nhấn mạnh không?
4. Có so/such không?
5. Có đảo ngữ không?

Đặc biệt trong TOEIC, hãy kiểm tra cấu trúc trước khi chọn đáp án.

",10,2026-08-08 20:24:23.079946,2026-08-08 20:24:23.079946,
627,55,Advanced Relative Clauses là gì?,"

# Advanced Relative Clauses là gì?

## 1. Khái niệm

Advanced Relative Clauses là các dạng mệnh đề quan hệ nâng cao, được sử dụng để bổ sung thông tin cho danh từ hoặc đại từ trong câu.

Các cấu trúc nâng cao thường gặp:

- giới từ + relative pronoun
- which thay thế cho cả mệnh đề
- whose + noun
- whom
- non-defining relative clauses
- reduced relative clauses nâng cao
- relative adverbs
- expressions of quantity + of which/of whom

## 2. Relative Pronouns

Các đại từ quan hệ thường gặp:

- who
- whom
- which
- that
- whose

## 3. Ví dụ

The employee **who submitted the report** received a bonus.

The report **which was submitted yesterday** is on my desk.

## 4. Mệnh đề quan hệ xác định

The employee who submitted the report received a bonus.

Mệnh đề quan hệ xác định giúp xác định chính xác người hoặc vật được nói đến.

## 5. Mệnh đề quan hệ không xác định

Mr. Brown, who submitted the report, received a bonus.

Thông tin trong dấu phẩy chỉ mang tính bổ sung.

## 6. Mẹo TOEIC

Khi gặp mệnh đề quan hệ nâng cao, hãy xác định:

1. Danh từ được bổ nghĩa.
2. Người hay vật.
3. Đại từ quan hệ đóng vai trò chủ ngữ hay tân ngữ.
4. Có dấu phẩy hay không.
5. Có giới từ đi trước hay không.

",1,2026-08-08 20:24:45.507237,2026-08-08 20:24:45.507237,
628,55,"Who, Whom và That","

# Who, Whom và That

## 1. WHO

WHO thường dùng để thay thế cho người và đóng vai trò **chủ ngữ**.

Ví dụ:

The employee **who prepared the report** is very experienced.

→ who = the employee.

## 2. WHOM

WHOM dùng cho người và thường đóng vai trò **tân ngữ**.

Ví dụ:

The employee **whom I interviewed** was highly qualified.

→ I interviewed the employee.

## 3. THAT

THAT có thể thay thế cho người hoặc vật trong mệnh đề quan hệ xác định.

Ví dụ:

The employee **that prepared the report** is here.

The report **that we received** was incomplete.

## 4. Không dùng THAT trong một số trường hợp

Không dùng THAT trong mệnh đề quan hệ không xác định.

Mr. Brown, who works here, is the manager. ✅

Mr. Brown, that works here, is the manager. ❌

## 5. Mẹo TOEIC

Nếu đại từ quan hệ đứng ngay trước động từ:

**who + V**

→ who đang làm chủ ngữ.

Nếu sau đại từ quan hệ đã có chủ ngữ:

**whom + S + V**

→ whom đang làm tân ngữ.

",2,2026-08-08 20:24:45.507237,2026-08-08 20:24:45.507237,
629,55,Preposition + Relative Pronoun,"

# Preposition + Relative Pronoun

## 1. Khái niệm

Trong văn phong trang trọng, giới từ có thể đứng trước đại từ quan hệ.

Cấu trúc:

**preposition + whom/which**

## 2. Với người

Ví dụ:

The employee **to whom** I spoke was very helpful.

= The employee **who I spoke to** was very helpful.

## 3. Với vật

Ví dụ:

The company **for which** she works is expanding.

= The company **which she works for** is expanding.

## 4. Các giới từ thường gặp

- to whom
- for whom
- with whom
- from whom
- by whom
- about which
- in which
- on which
- for which

## 5. Không dùng THAT

Không nói:

the employee to that I spoke ❌

Đúng:

the employee to whom I spoke ✅

## 6. Mẹo TOEIC

Nếu thấy:

**preposition + ______**

và phía trước là danh từ người/vật đang được bổ nghĩa, hãy kiểm tra:

**whom / which**

",3,2026-08-08 20:24:45.507237,2026-08-08 20:24:45.507237,
630,55,Whose và Possessive Relative Clauses,"

# Whose và Possessive Relative Clauses

## 1. Khái niệm

**Whose** dùng để diễn đạt quan hệ sở hữu trong mệnh đề quan hệ.

Có thể dùng cho:

- người
- tổ chức
- vật

## 2. Cấu trúc

**whose + noun + verb**

Ví dụ:

The employee **whose computer was damaged** contacted the IT department.

→ whose computer = the employee's computer.

## 3. Với tổ chức

The company **whose headquarters are in Tokyo** opened a new branch.

## 4. Với vật

The building **whose roof was damaged** needs repairs.

## 5. Không dùng

the employee who computer was damaged ❌

Đúng:

the employee **whose computer** was damaged. ✅

## 6. Mẹo TOEIC

Nếu sau chỗ trống là một danh từ:

**______ + noun**

và cần thể hiện quan hệ sở hữu → kiểm tra **whose**.

",4,2026-08-08 20:24:45.507237,2026-08-08 20:24:45.507237,
631,55,Which thay thế cho cả mệnh đề,"

# Which thay thế cho cả mệnh đề

## 1. Khái niệm

**Which** có thể dùng sau dấu phẩy để đề cập đến **toàn bộ mệnh đề phía trước**, thay vì chỉ một danh từ.

## 2. Ví dụ

The company increased salaries, **which pleased the employees**.

→ which đề cập đến việc công ty tăng lương.

## 3. Ví dụ khác

The manager canceled the meeting, **which surprised everyone**.

→ which đề cập đến toàn bộ sự việc ""manager canceled the meeting"".

## 4. Lưu ý

Cấu trúc này thường có dấu phẩy:

**clause, which + verb**

## 5. Không dùng THAT

The company increased salaries, **which** pleased the employees. ✅

The company increased salaries, **that** pleased the employees. ❌

## 6. Mẹo TOEIC

Nếu:

- có dấu phẩy trước which
- which đứng đầu mệnh đề mới
- nội dung sau which nhận xét về cả sự việc phía trước

→ which có thể thay cho **toàn bộ mệnh đề trước**.

",5,2026-08-08 20:24:45.507237,2026-08-08 20:24:45.507237,
794,71,Prepositional Phrase Placement,"

# Prepositional Phrase Placement

## 1. Cụm giới từ có thể bổ nghĩa cho noun

Ví dụ:

the report **on the desk**

→ on the desk bổ nghĩa cho report.

## 2. Có thể bổ nghĩa cho verb

Ví dụ:

The manager spoke **with the client**.

→ with the client liên quan đến hành động spoke.

## 3. Vấn đề mơ hồ

Ví dụ:

The company hired employees **from Canada**.

→ có thể hiểu employees đến từ Canada.

Nếu muốn nói công ty ở Canada:

The company **from Canada** hired employees.

## 4. TOEIC

Cần xác định cụm giới từ đang bổ nghĩa cho:

- noun
- verb
- adjective

## 5. Mẹo

Đừng mặc định cụm giới từ luôn bổ nghĩa cho danh từ gần nhất.

Hãy xét nghĩa toàn câu.

",8,2026-08-08 20:35:05.965307,2026-08-08 20:35:05.965307,
632,55,Non-defining Relative Clauses nâng cao,"

# Non-defining Relative Clauses nâng cao

## 1. Khái niệm

Non-defining Relative Clause cung cấp thêm thông tin về danh từ đã xác định.

Mệnh đề này thường được đặt trong dấu phẩy.

## 2. Ví dụ

Mr. Lee, **who is the sales manager**, will attend the meeting.

Tên ""Mr. Lee"" đã xác định người nào.

## 3. Với vật

The new office, **which opened last month**, is already full.

## 4. Không dùng THAT

Mr. Lee, that is the sales manager, will attend. ❌

Đúng:

Mr. Lee, **who is the sales manager**, will attend. ✅

## 5. Không được bỏ đại từ quan hệ khi nó làm chủ ngữ

The manager, who approved the proposal, left early. ✅

Không bỏ who:

The manager, approved the proposal, left early. ❌

## 6. Mẹo TOEIC

Có dấu phẩy → kiểm tra Non-defining Relative Clause.

Đặc biệt:

**comma + who/which/whose**

",6,2026-08-08 20:24:45.507237,2026-08-08 20:24:45.507237,
633,55,"Relative Adverbs: Where, When và Why","

# Relative Adverbs

## 1. WHERE

WHERE dùng để nói về nơi chốn.

Ví dụ:

This is the office **where I work**.

Có thể tương đương:

This is the office **in which I work**.

## 2. WHEN

WHEN dùng để nói về thời gian.

Ví dụ:

I remember the day **when we met**.

Có thể tương đương:

I remember the day **on which we met**.

## 3. WHY

WHY thường dùng sau danh từ ""reason"".

Ví dụ:

That is the reason **why he resigned**.

Có thể tương đương:

That is the reason **for which he resigned**.

## 4. Mẹo TOEIC

Nhớ:

place → where

time → when

reason → why

",7,2026-08-08 20:24:45.507237,2026-08-08 20:24:45.507237,
634,55,Expressions of Quantity + Of Which/Of Whom,"

# Expressions of Quantity + Of Which/Of Whom

## 1. Khái niệm

Có thể dùng các cụm chỉ số lượng kết hợp với:

- of whom
- of which

để nói về một phần trong một nhóm.

## 2. OF WHOM

Dùng cho người.

Ví dụ:

The company has 50 employees, **many of whom** work remotely.

→ Công ty có 50 nhân viên, nhiều người trong số họ làm việc từ xa.

## 3. OF WHICH

Dùng cho vật.

Ví dụ:

The company has several offices, **two of which** are located overseas.

→ Công ty có nhiều văn phòng, hai trong số đó ở nước ngoài.

## 4. Các cụm thường gặp

- many of whom
- some of whom
- several of whom
- most of whom
- none of whom
- many of which
- some of which
- several of which
- most of which

## 5. Mẹo TOEIC

Người → **of whom**

Vật → **of which**

",8,2026-08-08 20:24:45.507237,2026-08-08 20:24:45.507237,
635,55,Advanced Relative Clause Reduction,"

# Advanced Relative Clause Reduction

## 1. Khái niệm

Mệnh đề quan hệ có thể được rút gọn để câu ngắn gọn hơn.

## 2. Active Relative Clause

The employees **who work** in this office are experienced.

Có thể rút gọn:

The employees **working** in this office are experienced.

## 3. Passive Relative Clause

The documents **that were submitted** yesterday are being reviewed.

Có thể rút gọn:

The documents **submitted** yesterday are being reviewed.

## 4. Với BE

The manager **who is responsible** for the project is absent.

Có thể rút gọn:

The manager **responsible** for the project is absent.

## 5. Lưu ý

Rút gọn phải đảm bảo chủ ngữ của mệnh đề quan hệ phù hợp với danh từ được bổ nghĩa.

## 6. Mẹo TOEIC

Nếu danh từ + ______ và sau đó có:

- V-ing → có thể là relative clause rút gọn chủ động.
- V3/V-ed → có thể là relative clause rút gọn bị động.
- adjective/prepositional phrase → có thể là dạng rút gọn với BE.

",9,2026-08-08 20:24:45.507237,2026-08-08 20:24:45.507237,
636,55,Bẫy Advanced Relative Clauses trong TOEIC,"

# Bẫy Advanced Relative Clauses trong TOEIC

## 1. Bẫy WHO và WHOM

The employee ______ I interviewed was highly qualified.

A. who
B. whom
C. whose
D. which

Đáp án: **B. whom**

→ I interviewed the employee → employee là tân ngữ.

---

## 2. Bẫy WHO

The manager ______ approved the proposal is absent.

A. whom
B. which
C. who
D. whose

Đáp án: **C. who**

→ who là chủ ngữ của approved.

---

## 3. Bẫy WHOSE

The employee ______ computer was damaged contacted IT.

A. who
B. whom
C. whose
D. which

Đáp án: **C. whose**

→ whose + noun.

---

## 4. Bẫy giới từ

The consultant ______ we spoke was very helpful.

A. to whom
B. to which
C. to that
D. who to

Đáp án: **A. to whom**

---

## 5. Bẫy dấu phẩy

Mr. Kim, ______ works in accounting, will attend the meeting.

A. that
B. who
C. what
D. where

Đáp án: **B. who**

→ Non-defining Relative Clause không dùng that.

---

## 6. Bẫy WHICH thay cả mệnh đề

The company opened a new branch, ______ created many jobs.

A. that
B. what
C. which
D. where

Đáp án: **C. which**

---

## 7. Bẫy OF WHOM

The company employs 100 people, many ______ work remotely.

A. of whom
B. of which
C. of them
D. who of

Đáp án: **A. of whom**

→ Người → of whom.

---

## 8. Bẫy OF WHICH

The company owns several buildings, two ______ are located downtown.

A. of whom
B. of which
C. which of
D. of them

Đáp án: **B. of which**

→ Vật → of which.

---

## 9. Bẫy Relative Adverb

This is the office ______ I work.

A. who
B. whom
C. where
D. whose

Đáp án: **C. where**

---

## 10. Bẫy rút gọn

The documents ______ yesterday have been approved.

A. submitting
B. submitted
C. were submitted
D. which submitted

Đáp án: **B. submitted**

→ Documents là đối tượng được nộp → dùng V3/V-ed.

## 11. Mẹo tổng hợp

### Người - chủ ngữ

who + V

### Người - tân ngữ

whom + S + V

### Sở hữu

whose + noun

### Vật

which

### Người/vật trong defining clause

that

### Nơi chốn

where

### Thời gian

when

### Lý do

why

### Người sau giới từ

preposition + whom

### Vật sau giới từ

preposition + which

### Một phần của nhóm người

many/some/most + of whom

### Một phần của nhóm vật

many/some/most + of which

",10,2026-08-08 20:24:45.507237,2026-08-08 20:24:45.507237,
637,56,Advanced Conditionals là gì?,"

# Advanced Conditionals là gì?

## 1. Khái niệm

Advanced Conditionals là các cấu trúc câu điều kiện nâng cao, được sử dụng để diễn tả:

- Điều kiện thực tế.
- Điều kiện có khả năng xảy ra.
- Điều kiện không có thật.
- Điều kiện trái với quá khứ.
- Điều kiện kết hợp giữa quá khứ và hiện tại.
- Những trường hợp đặc biệt trong văn phong trang trọng.

## 2. Các loại câu điều kiện cơ bản

### Zero Conditional

If + present simple, present simple.

Ví dụ:

If employees arrive late, the manager records it.

### First Conditional

If + present simple, will + V.

Ví dụ:

If the shipment arrives today, we will deliver it tomorrow.

### Second Conditional

If + past simple, would + V.

Ví dụ:

If I had more time, I would review the report.

### Third Conditional

If + past perfect, would have + V3.

Ví dụ:

If we had left earlier, we would have arrived on time.

## 3. Advanced Conditionals

Ở trình độ cao hơn, cần chú ý:

- unless
- provided that
- providing that
- as long as
- on condition that
- otherwise
- even if
- if only
- đảo ngữ câu điều kiện
- mixed conditionals

## 4. Mẹo TOEIC

Khi gặp câu điều kiện, hãy xác định trước:

1. Điều kiện xảy ra ở thời điểm nào?
2. Điều kiện có thật hay giả định?
3. Kết quả xảy ra ở thời điểm nào?
4. Có từ nối đặc biệt hay không?

",1,2026-08-08 20:25:08.223829,2026-08-08 20:25:08.223829,
638,56,Unless,"

# Unless

## 1. Khái niệm

**Unless** có nghĩa gần với:

**if ... not**

Ví dụ:

Unless you submit the form today, you will miss the deadline.

= If you do not submit the form today, you will miss the deadline.

## 2. Cấu trúc

**Unless + S + V, S + will + V**

Ví dụ:

Unless the payment arrives today, we will cancel the order.

## 3. Unless trong các loại câu điều kiện

Unless không chỉ dùng với First Conditional.

Ví dụ:

Unless you hurry, you may miss the train.

Unless the company changes its policy, sales will continue to decline.

## 4. Không dùng unless với phủ định không cần thiết

Tránh:

Unless you don't submit the form... ❌

Nên dùng:

Unless you submit the form... ✅

## 5. Mẹo TOEIC

Có thể thay:

**unless + clause**

bằng:

**if + negative clause**

Ví dụ:

Unless he calls → If he does not call.

",2,2026-08-08 20:25:08.223829,2026-08-08 20:25:08.223829,
639,56,Provided That và Providing That,"

# Provided That và Providing That

## 1. Khái niệm

**Provided that** và **providing that** có nghĩa là:

**miễn là / với điều kiện là**.

## 2. Cấu trúc

**provided that + clause**

**providing that + clause**

Ví dụ:

We will approve the request provided that all documents are complete.

## 3. Ví dụ

Employees may work remotely provided that they meet the requirements.

The company will extend the contract providing that the employee agrees to the new terms.

## 4. Trong TOEIC

Hai cấu trúc này thường xuất hiện trong:

- hợp đồng
- quy định công ty
- thông báo
- email công việc
- chính sách

## 5. So sánh

provided that = providing that

Cả hai đều đưa ra một điều kiện cần thiết.

## 6. Mẹo TOEIC

Nếu sau chỗ trống là một mệnh đề hoàn chỉnh:

**S + V**

thì có thể kiểm tra:

provided that / providing that.

",3,2026-08-08 20:25:08.223829,2026-08-08 20:25:08.223829,
640,56,As Long As và So Long As,"

# As Long As và So Long As

## 1. Khái niệm

**As long as** có thể dùng để diễn tả điều kiện.

Nó có nghĩa:

**miễn là / với điều kiện là**.

## 2. Cấu trúc

**as long as + S + V**

Ví dụ:

You can use the conference room as long as you reserve it in advance.

## 3. So Long As

**So long as** cũng có thể mang nghĩa tương tự.

Ví dụ:

Employees may access the system so long as they use their company accounts.

## 4. Không chỉ về thời gian

As long as có thể có nghĩa ""trong khoảng thời gian"".

Ví dụ:

You can stay as long as you want.

Nhưng trong ngữ cảnh điều kiện:

You can stay as long as you follow the rules.

→ miễn là bạn tuân thủ quy định.

## 5. Mẹo TOEIC

Nếu as long as mang nghĩa:

**miễn là / với điều kiện là**

→ đây là cấu trúc điều kiện.

",4,2026-08-08 20:25:08.223829,2026-08-08 20:25:08.223829,
641,56,On Condition That và On the Condition That,"

# On Condition That

## 1. Khái niệm

**On condition that** có nghĩa:

**với điều kiện rằng**.

Đây là cấu trúc thường gặp trong văn phong trang trọng.

## 2. Cấu trúc

**on condition that + S + V**

Ví dụ:

The company will approve the request on condition that all requirements are met.

## 3. On the Condition That

Có thể dùng:

**on the condition that + clause**

Ví dụ:

The employee may take additional leave on the condition that the manager approves it.

## 4. Ngữ cảnh TOEIC

Cấu trúc này thường xuất hiện trong:

- hợp đồng
- thỏa thuận
- quy định
- chính sách
- thông báo chính thức

## 5. So sánh

provided that

as long as

on condition that

đều có thể mang nghĩa:

**miễn là / với điều kiện là**

## 6. Mẹo TOEIC

Nếu câu mang văn phong hợp đồng hoặc chính sách, hãy chú ý:

**on condition that + clause**

",5,2026-08-08 20:25:08.223829,2026-08-08 20:25:08.223829,
642,56,Otherwise và Conditional Meaning,"

# Otherwise và Conditional Meaning

## 1. Khái niệm

**Otherwise** có thể mang nghĩa:

**nếu không thì / nếu không làm như vậy**.

Nó thường diễn tả một điều kiện ngầm.

## 2. Ví dụ

Please submit the form today; otherwise, your application will be rejected.

→ Hãy nộp biểu mẫu hôm nay; nếu không, đơn của bạn sẽ bị từ chối.

## 3. Có thể hiểu như câu điều kiện

Please submit the form today.

Otherwise, your application will be rejected.

≈ If you do not submit the form today, your application will be rejected.

## 4. Vị trí

Otherwise có thể đứng:

- đầu câu
- giữa câu
- sau dấu chấm phẩy

Ví dụ:

You should leave now; otherwise, you may miss the train.

## 5. Mẹo TOEIC

Nếu thấy:

**clause; otherwise, clause**

hãy hiểu clause thứ hai là **kết quả nếu điều kiện trước không được thực hiện**.

",6,2026-08-08 20:25:08.223829,2026-08-08 20:25:08.223829,
643,56,Even If và Even Though,"

# Even If và Even Though

## 1. EVEN IF

**Even if** diễn tả một điều kiện giả định.

Nghĩa:

**ngay cả nếu / cho dù**

Ví dụ:

Even if the price increases, we will continue the project.

→ Ngay cả nếu giá tăng, chúng tôi vẫn tiếp tục dự án.

## 2. EVEN THOUGH

**Even though** diễn tả một sự thật.

Ví dụ:

Even though the price increased, we continued the project.

→ Mặc dù giá đã tăng, chúng tôi vẫn tiếp tục dự án.

## 3. So sánh

Even if → giả định.

Even though → sự thật.

## 4. Ví dụ

Even if he apologizes, I will not change my decision.

→ Chưa biết anh ấy có xin lỗi hay không.

Even though he apologized, I did not change my decision.

→ Anh ấy thực sự đã xin lỗi.

## 5. Mẹo TOEIC

Nếu điều kiện chỉ là giả định:

**even if**

Nếu sự việc đã xảy ra hoặc được xác nhận:

**even though**

",7,2026-08-08 20:25:08.223829,2026-08-08 20:25:08.223829,
644,56,If Only,"

# If Only

## 1. Khái niệm

**If only** được sử dụng để thể hiện mong muốn hoặc sự tiếc nuối mạnh mẽ.

## 2. Mong muốn ở hiện tại

**If only + past simple**

Ví dụ:

If only I had more time.

→ Giá mà tôi có nhiều thời gian hơn.

## 3. Mong muốn về quá khứ

**If only + past perfect**

Ví dụ:

If only we had checked the report earlier.

→ Giá mà chúng tôi đã kiểm tra báo cáo sớm hơn.

## 4. Mong muốn về tương lai

Có thể dùng:

**If only + would + V**

Ví dụ:

If only the company would change its policy.

→ Giá mà công ty chịu thay đổi chính sách.

## 5. So sánh với Wish

If only I had more time.

≈ I wish I had more time.

If only we had left earlier.

≈ I wish we had left earlier.

## 6. Mẹo TOEIC

Nhớ:

Hiện tại → past simple.

Quá khứ → past perfect.

Mong muốn thay đổi hành động → would + V.

",8,2026-08-08 20:25:08.223829,2026-08-08 20:25:08.223829,
645,56,Conditional Inversion,"

# Conditional Inversion

## 1. Khái niệm

Trong văn phong trang trọng, có thể bỏ **if** và đảo trợ động từ lên trước chủ ngữ.

Các cấu trúc quan trọng:

- Had ...
- Were ...
- Should ...

## 2. Had

Câu thường:

If we had known about the problem, we would have acted earlier.

Đảo ngữ:

**Had we known** about the problem, we would have acted earlier.

## 3. Were

Câu thường:

If I were the manager, I would change the policy.

Đảo ngữ:

**Were I the manager**, I would change the policy.

## 4. Should

Câu thường:

If you should need assistance, please contact us.

Đảo ngữ:

**Should you need assistance**, please contact us.

## 5. Mẹo TOEIC

Nhận diện:

**Had + S + V3**

**Were + S + ...**

**Should + S + V**

→ thường là câu điều kiện đảo ngữ.

",9,2026-08-08 20:25:08.223829,2026-08-08 20:25:08.223829,
653,57,Nhận diện thời gian trong Mixed Conditionals,"

# Nhận diện thời gian trong Mixed Conditionals

## 1. Past Condition

Các dấu hiệu thường gặp:

- had + V3
- previously
- earlier
- last year
- at that time

Ví dụ:

If we had invested earlier...

## 2. Present Result

Các dấu hiệu:

- now
- today
- currently
- at present
- these days

Ví dụ:

...we would be more competitive now.

## 3. Present Condition

Thường dùng:

- past simple
- were

Ví dụ:

If he were more experienced...

## 4. Past Result

Thường dùng:

**would have + V3**

Ví dụ:

...he would have handled the situation better.

## 5. Công thức nhận diện nhanh

### Past → Present

If + had + V3 → would + V

### Present → Past

If + past simple/were → would have + V3

## 6. Mẹo TOEIC

Đừng chỉ nhìn vào từ **if**.

Hãy nhìn cả:

- động từ trong mệnh đề IF
- động từ trong mệnh đề chính
- trạng từ chỉ thời gian

",7,2026-08-08 20:25:36.370282,2026-08-08 20:25:36.370282,
646,56,Bẫy Advanced Conditionals trong TOEIC,"

# Bẫy Advanced Conditionals trong TOEIC

## 1. Bẫy UNLESS

Unless you submit the form, your application will not be processed.

Có thể hiểu:

If you **do not** submit the form, your application will not be processed.

Không dùng:

Unless you don't submit the form. ❌

---

## 2. Bẫy EVEN IF và EVEN THOUGH

______ the weather is bad, the event will continue.

A. Even if
B. Even though
C. Unless
D. Otherwise

Nếu thời tiết xấu chỉ là giả định → **A. Even if**

---

## 3. Bẫy PROVIDED THAT

Employees may work remotely ______ they meet all requirements.

A. unless
B. provided that
C. otherwise
D. despite

Đáp án: **B. provided that**

→ miễn là họ đáp ứng tất cả yêu cầu.

---

## 4. Bẫy OTHERWISE

Please submit the documents today; ______, your application may be delayed.

A. unless
B. otherwise
C. provided
D. even

Đáp án: **B. otherwise**

---

## 5. Bẫy IF ONLY

If only I ______ more time, I could finish the report.

A. have
B. had
C. will have
D. have had

Đáp án: **B. had**

→ If only + past simple để diễn tả mong muốn trái với hiện tại.

---

## 6. Bẫy quá khứ

If only we ______ the instructions earlier, we would not have made the mistake.

A. read
B. had read
C. have read
D. would read

Đáp án: **B. had read**

→ Tiếc nuối về quá khứ → past perfect.

---

## 7. Bẫy đảo ngữ HAD

______ we known about the delay, we would have changed the schedule.

A. If
B. Had
C. Were
D. Should

Đáp án: **B. Had**

→ Had we known = If we had known.

---

## 8. Bẫy đảo ngữ SHOULD

______ you require further assistance, please contact our office.

A. Had
B. Were
C. Should
D. Would

Đáp án: **C. Should**

→ Should you require = If you should require.

---

## 9. Bẫy đảo ngữ WERE

______ I in your position, I would accept the offer.

A. Had
B. Were
C. Should
D. Did

Đáp án: **B. Were**

→ Were I in your position = If I were in your position.

---

## 10. Tổng hợp cấu trúc

### Unless

unless + S + V

= if + S + not + V

### Provided that

provided that + S + V

### As long as

as long as + S + V

### On condition that

on condition that + S + V

### Even if

even if + giả định

### Even though

even though + sự thật

### If only

if only + past simple / past perfect

### Conditional Inversion

Had + S + V3

Were + S + ...

Should + S + V

## 11. Mẹo làm bài

Khi gặp câu điều kiện nâng cao:

1. Xác định mối quan hệ điều kiện – kết quả.
2. Kiểm tra điều kiện là thật hay giả định.
3. Kiểm tra thời điểm của điều kiện.
4. Chú ý các từ:
   - unless
   - provided that
   - as long as
   - otherwise
   - even if
   - if only
5. Nếu không có **if**, kiểm tra khả năng đảo ngữ với:
   - Had
   - Were
   - Should

",10,2026-08-08 20:25:08.223829,2026-08-08 20:25:08.223829,
647,57,Mixed Conditionals là gì?,"

# Mixed Conditionals là gì?

## 1. Khái niệm

Mixed Conditionals là câu điều kiện trong đó **thời điểm của điều kiện và kết quả không giống nhau**.

Thông thường:

- Điều kiện có thể nói về quá khứ.
- Kết quả có thể nói về hiện tại.

Hoặc:

- Điều kiện nói về hiện tại.
- Kết quả nói về quá khứ.

## 2. Ví dụ

If I had studied harder, I would have a better job now.

→ Điều kiện xảy ra trong quá khứ.

→ Kết quả ảnh hưởng đến hiện tại.

## 3. So sánh

Third Conditional:

If I had studied harder, I would have passed the exam.

→ Điều kiện và kết quả đều liên quan đến quá khứ.

Mixed Conditional:

If I had studied harder, I would have a better job now.

→ Điều kiện ở quá khứ nhưng kết quả ở hiện tại.

## 4. Hai dạng quan trọng

### Past → Present

If + past perfect, would + V

### Present → Past

If + past simple, would have + V3

## 5. Mẹo TOEIC

Khi gặp Mixed Conditional, hãy xác định **thời điểm của cả điều kiện và kết quả** trước khi chọn thì.

",1,2026-08-08 20:25:36.370282,2026-08-08 20:25:36.370282,
648,57,Past Condition → Present Result,"

# Past Condition → Present Result

## 1. Khái niệm

Đây là dạng Mixed Conditional phổ biến nhất.

Một sự việc trong quá khứ không xảy ra hoặc xảy ra khác đi, và nó tạo ra kết quả khác ở hiện tại.

## 2. Cấu trúc

**If + S + had + V3, S + would + V**

Ví dụ:

If I had accepted the job, I would work in Tokyo now.

→ Tôi đã không nhận công việc trong quá khứ.

→ Hiện tại tôi không làm việc ở Tokyo.

## 3. Ví dụ TOEIC

If the company had invested more in technology, it would be more competitive now.

→ Đầu tư là chuyện quá khứ.

→ Khả năng cạnh tranh là kết quả hiện tại.

## 4. Dấu hiệu

Mệnh đề if thường có:

**had + V3**

Mệnh đề chính thường có:

**would + V**

và có các từ:

- now
- today
- currently
- at present

## 5. Mẹo TOEIC

Nếu thấy:

**If + had + V3 + now/today**

→ kiểm tra Past → Present Mixed Conditional.

",2,2026-08-08 20:25:36.370282,2026-08-08 20:25:36.370282,
649,57,Present Condition → Past Result,"

# Present Condition → Past Result

## 1. Khái niệm

Dạng này diễn tả một tình trạng hoặc đặc điểm hiện tại đã dẫn đến một kết quả trong quá khứ.

## 2. Cấu trúc

**If + S + past simple, S + would have + V3**

Ví dụ:

If I were more organized, I would have finished the project on time.

→ Tôi hiện tại không phải là người đủ ngăn nắp.

→ Vì vậy trong quá khứ tôi đã không hoàn thành dự án đúng hạn.

## 3. Ví dụ

If she were more careful, she would not have made that mistake.

→ Tính cách/cách làm việc hiện tại dẫn đến kết quả trong quá khứ.

## 4. Dấu hiệu

Mệnh đề if:

**past simple**

Mệnh đề chính:

**would have + V3**

## 5. Mẹo TOEIC

Nếu thấy:

**If + past simple + would have + V3**

→ rất có thể là Present → Past Mixed Conditional.

",3,2026-08-08 20:25:36.370282,2026-08-08 20:25:36.370282,
650,57,Mixed Conditional với Would,"

# Mixed Conditional với Would

## 1. WOULD trong mệnh đề chính

Trong Mixed Conditional, **would** thường đứng ở mệnh đề kết quả.

Ví dụ:

If I had taken the course, I would understand the system better now.

## 2. Would + V

Dùng khi kết quả xảy ra ở hiện tại.

If the company had expanded earlier, it would be larger now.

## 3. Would have + V3

Dùng khi kết quả xảy ra trong quá khứ.

If he were more experienced, he would have handled the situation better.

## 4. Không dùng would trong mệnh đề IF theo cách thông thường

Sai:

If I would have studied harder, I would have a better job now. ❌

Đúng:

If I had studied harder, I would have a better job now. ✅

## 5. Mẹo TOEIC

Nhìn vào mệnh đề IF trước:

**had + V3** → thường dẫn đến kết quả hiện tại với would + V.

**past simple** → có thể dẫn đến kết quả quá khứ với would have + V3.

",4,2026-08-08 20:25:36.370282,2026-08-08 20:25:36.370282,
651,57,Could và Might trong Mixed Conditionals,"

# Could và Might trong Mixed Conditionals

## 1. COULD

Có thể dùng **could** để diễn tả khả năng hoặc năng lực.

Ví dụ:

If I had taken the training course, I could perform the job better now.

## 2. MIGHT

Có thể dùng **might** để diễn tả khả năng ít chắc chắn hơn.

Ví dụ:

If the company had invested earlier, it might be more successful now.

## 3. Quá khứ

Có thể dùng:

**could have + V3**

Ví dụ:

If she were more careful, she could have avoided the mistake.

## 4. So sánh

would → kết quả giả định

could → khả năng/năng lực

might → khả năng không chắc chắn

## 5. Mẹo TOEIC

Đừng mặc định mọi câu điều kiện đều phải dùng **would**.

Hãy xét ý nghĩa của kết quả:

- kết quả chắc chắn theo giả định → would
- khả năng → could
- khả năng không chắc chắn → might

",5,2026-08-08 20:25:36.370282,2026-08-08 20:25:36.370282,
652,57,Mixed Conditional với Were,"

# Mixed Conditional với Were

## 1. Khái niệm

**Were** thường được dùng trong mệnh đề IF để diễn tả tình trạng trái với hiện tại.

## 2. Cấu trúc

**If + S + were, S + would have + V3**

Ví dụ:

If he were more experienced, he would have avoided the problem.

→ Hiện tại anh ấy không đủ kinh nghiệm.

→ Điều đó được cho là nguyên nhân dẫn đến sai lầm trong quá khứ.

## 3. Với I

Trong văn phong chuẩn:

If I were more organized, I would have completed the project earlier.

## 4. Với các chủ ngữ khác

If she were more careful, she would not have made that mistake.

If the system were more reliable, we would have avoided the problem.

## 5. Mẹo TOEIC

**If + were + would have + V3**

là dấu hiệu mạnh của:

**Present Condition → Past Result**

",6,2026-08-08 20:25:36.370282,2026-08-08 20:25:36.370282,
654,57,Phân biệt Mixed Conditional và Third Conditional,"

# Phân biệt Mixed Conditional và Third Conditional

## 1. Third Conditional

Cấu trúc:

**If + had + V3, would have + V3**

Ví dụ:

If I had studied harder, I would have passed the exam.

→ Điều kiện quá khứ.

→ Kết quả quá khứ.

## 2. Past → Present Mixed Conditional

Cấu trúc:

**If + had + V3, would + V**

Ví dụ:

If I had studied harder, I would have a better job now.

→ Điều kiện quá khứ.

→ Kết quả hiện tại.

## 3. Present → Past Mixed Conditional

Cấu trúc:

**If + past simple/were, would have + V3**

Ví dụ:

If I were more careful, I would not have made that mistake.

→ Tình trạng hiện tại.

→ Kết quả quá khứ.

## 4. Bảng so sánh

| Loại | Mệnh đề IF | Mệnh đề chính |
|---|---|---|
| Third Conditional | had + V3 | would have + V3 |
| Past → Present | had + V3 | would + V |
| Present → Past | past simple/were | would have + V3 |

## 5. Mẹo TOEIC

Nếu cả hai mệnh đề đều nói về quá khứ:

→ Third Conditional.

Nếu hai mệnh đề khác thời điểm:

→ Mixed Conditional.

",8,2026-08-08 20:25:36.370282,2026-08-08 20:25:36.370282,
655,57,Bẫy Mixed Conditionals trong TOEIC,"

# Bẫy Mixed Conditionals trong TOEIC

## 1. Bẫy Past → Present

If the company had invested more, it ______ more competitive now.

A. would be
B. would have been
C. was
D. had been

Đáp án: **A. would be**

→ had invested = quá khứ.

→ now = hiện tại.

---

## 2. Bẫy Present → Past

If she ______ more careful, she would not have made that mistake.

A. is
B. were
C. had been
D. has been

Đáp án: **B. were**

→ tình trạng hiện tại → kết quả quá khứ.

---

## 3. Bẫy Third Conditional

If we had left earlier, we ______ the train.

A. would catch
B. would have caught
C. will catch
D. caught

Đáp án: **B. would have caught**

→ Cả điều kiện và kết quả đều ở quá khứ.

---

## 4. Bẫy HAD + V3

If I ______ the opportunity, I would work there now.

A. accept
B. accepted
C. had accepted
D. have accepted

Đáp án: **C. had accepted**

→ Điều kiện quá khứ, kết quả hiện tại.

---

## 5. Bẫy WOULD

If the manager were more experienced, he ______ the problem yesterday.

A. would solve
B. would have solved
C. solved
D. had solved

Đáp án: **B. would have solved**

→ Điều kiện hiện tại → kết quả quá khứ.

---

## 6. Bẫy NOW

If we had chosen a different supplier, the company ______ more profitable now.

A. would be
B. would have been
C. had been
D. is

Đáp án: **A. would be**

→ now → kết quả hiện tại.

---

## 7. Bẫy COULD

If I had received the training, I ______ perform the job better now.

A. could
B. could have
C. can
D. had

Đáp án: **A. could**

→ khả năng hiện tại.

---

## 8. Bẫy MIGHT

If the company had expanded earlier, it ______ have a larger market share now.

A. might
B. might have
C. had
D. would have

Đáp án: **A. might**

→ kết quả giả định hiện tại.

---

## 9. Bẫy WERE

If the system ______ more reliable, we would have avoided the problem.

A. is
B. was
C. were
D. had been

Đáp án: **C. were**

→ tình trạng hiện tại → kết quả quá khứ.

---

## 10. Mẹo tổng hợp

### Past → Present

If + had + V3

→ would/could/might + V

### Present → Past

If + past simple/were

→ would/could/might have + V3

Hãy xác định **thời điểm của điều kiện và kết quả** trước khi chọn đáp án.

",9,2026-08-08 20:25:36.370282,2026-08-08 20:25:36.370282,
656,57,Bài tổng hợp Mixed Conditionals,"

# Bài tổng hợp Mixed Conditionals

## 1. Past → Present

If the company had hired more employees last year, it ______ less pressure now.

A. would have
B. would have had
C. had
D. has

Đáp án: **A. would have**

→ hired = điều kiện quá khứ.

→ now = kết quả hiện tại.

---

## 2. Present → Past

If the manager were more organized, she ______ the deadline last month.

A. would meet
B. would have met
C. met
D. had met

Đáp án: **B. would have met**

---

## 3. Past → Present

If I had accepted the offer, I ______ in Singapore now.

A. would work
B. would have worked
C. worked
D. had worked

Đáp án: **A. would work**

---

## 4. Present → Past

If he were more careful, he ______ the wrong file yesterday.

A. would not select
B. would not have selected
C. did not select
D. had not selected

Đáp án: **B. would not have selected**

---

## 5. Past → Present với Could

If the company had provided more training, employees ______ perform their jobs better now.

A. could
B. could have
C. can
D. had

Đáp án: **A. could**

---

## 6. Past → Present với Might

If the company had launched the product earlier, it ______ have a larger customer base today.

A. might
B. might have
C. had
D. would have

Đáp án: **A. might**

---

## 7. Present → Past

If I were more confident, I ______ the presentation yesterday.

A. would give
B. would have given
C. gave
D. had given

Đáp án: **B. would have given**

---

## 8. Phân biệt với Third Conditional

If the company had prepared better, it ______ the contract last year.

A. would have won
B. would win
C. would be winning
D. will win

Đáp án: **A. would have won**

→ Đây là Third Conditional vì cả điều kiện và kết quả đều ở quá khứ.

---

## 9. Past → Present

If we had chosen a better location, the store ______ more successful today.

A. would be
B. would have been
C. was
D. had been

Đáp án: **A. would be**

---

## 10. Công thức cần nhớ

### Dạng 1

**If + had + V3, would + V**

→ Quá khứ → Hiện tại.

### Dạng 2

**If + past simple/were, would have + V3**

→ Hiện tại → Quá khứ.

### Third Conditional

**If + had + V3, would have + V3**

→ Quá khứ → Quá khứ.

## Mẹo cuối

Trong TOEIC, hãy nhìn các từ chỉ thời gian như:

- now
- today
- currently
- yesterday
- last year
- earlier

Nếu thời gian của hai mệnh đề khác nhau, hãy nghĩ ngay đến **Mixed Conditional**.

",10,2026-08-08 20:25:36.370282,2026-08-08 20:25:36.370282,
657,58,Ellipsis là gì?,"

# Ellipsis là gì?

## 1. Khái niệm

Ellipsis (phép lược bỏ) là cách **bỏ đi một hoặc nhiều thành phần của câu** khi phần bị bỏ vẫn có thể được hiểu từ ngữ cảnh.

Mục đích:

- tránh lặp lại
- làm câu ngắn gọn
- làm văn phong tự nhiên hơn
- tránh nhắc lại thông tin đã biết

## 2. Ví dụ

I can attend the meeting, and John can too.

Đầy đủ:

I can attend the meeting, and John can attend the meeting too.

Phần **attend the meeting** được lược bỏ vì đã rõ từ câu trước.

## 3. Ellipsis trong TOEIC

Ellipsis thường xuất hiện trong:

- câu so sánh
- câu có trợ động từ
- câu song song
- câu trả lời ngắn
- mệnh đề phụ
- văn phong trang trọng

## 4. Nguyên tắc

Không phải thành phần nào cũng có thể tùy ý bỏ.

Phần bị bỏ phải:

- có thể được suy ra từ ngữ cảnh
- không làm câu trở nên khó hiểu
- vẫn giữ được cấu trúc ngữ pháp cần thiết

## 5. Mẹo TOEIC

Khi câu có vẻ thiếu một thành phần nhưng vẫn đúng ngữ pháp, hãy kiểm tra xem đó có phải **Ellipsis** hay không.

",1,2026-08-08 20:26:34.865835,2026-08-08 20:26:34.865835,
658,58,Ellipsis với trợ động từ,"

# Ellipsis với trợ động từ

## 1. Khái niệm

Trong một số câu, trợ động từ có thể được giữ lại trong khi phần động từ chính được lược bỏ.

Ví dụ:

John has completed the report, and Mary has too.

Đầy đủ:

John has completed the report, and Mary has completed the report too.

## 2. Do

I work overtime, and my colleague does too.

→ does = works overtime.

## 3. Did

The manager approved the proposal, and the director did too.

→ did = approved the proposal.

## 4. Modal Verbs

She can attend the meeting, and I can too.

They should submit the form, and we should too.

## 5. Trợ động từ thay thế

Các từ thường gặp:

- do
- does
- did
- have
- has
- had
- can
- could
- will
- would
- should
- may
- might

## 6. Mẹo TOEIC

Nếu sau chủ ngữ xuất hiện:

**do / does / did / have / can / will...**

và không thấy động từ chính, hãy kiểm tra khả năng **Ellipsis**.

",2,2026-08-08 20:26:34.865835,2026-08-08 20:26:34.865835,
659,58,Ellipsis trong câu so sánh,"

# Ellipsis trong câu so sánh

## 1. Khái niệm

Ellipsis rất phổ biến trong câu so sánh vì phần lặp lại thường được bỏ đi.

## 2. Ví dụ

The new system is more efficient than the old one.

Đầy đủ về mặt ý nghĩa:

The new system is more efficient than the old system is efficient.

Phần lặp lại được lược bỏ.

## 3. So sánh bằng

John is as experienced as Sarah.

Có thể hiểu:

John is as experienced as Sarah is experienced.

## 4. So sánh hơn

The new model is cheaper than the previous model.

Có thể hiểu:

The new model is cheaper than the previous model was.

## 5. So sánh với động từ

She works harder than I do.

→ do thay cho work hard.

## 6. Mẹo TOEIC

Sau **than/as** nếu cấu trúc có vẻ không đầy đủ nhưng ý nghĩa vẫn rõ, có thể đó là Ellipsis.

",3,2026-08-08 20:26:34.865835,2026-08-08 20:26:34.865835,
674,59,Fronting với So và Such,"

# Fronting với SO và SUCH

## 1. SO

Cấu trúc:

**So + adjective + auxiliary + subject + that...**

Ví dụ:

So difficult was the task that several employees needed assistance.

## 2. SUCH

Cấu trúc:

**Such + be + noun + that...**

Ví dụ:

Such was the demand that the company increased production.

## 3. Mục đích

Fronting trong những cấu trúc này giúp nhấn mạnh:

- mức độ
- tính chất
- quy mô
- kết quả

## 4. Ví dụ TOEIC

So successful was the campaign that the company extended it.

Such was the popularity of the product that supplies quickly ran out.

## 5. Lưu ý

Đây là dạng Fronting có kết hợp **Inversion**.

## 6. Mẹo TOEIC

Nếu thấy:

**So + adjective**

hoặc:

**Such + noun**

ở đầu câu và có **that**, hãy kiểm tra khả năng đảo ngữ.

",8,2026-08-08 20:27:22.451807,2026-08-08 20:27:22.451807,
660,58,Ellipsis với so sánh và Than,"

# Ellipsis với so sánh và Than

## 1. Than + Clause

Sau than có thể có một mệnh đề đầy đủ.

Ví dụ:

The project took longer than we expected.

## 2. Than + Phrase

Có thể rút gọn:

The project took longer than expected.

→ Chủ ngữ và động từ được hiểu từ ngữ cảnh.

## 3. Ví dụ

The company hired more employees than expected.

Đầy đủ về ý:

The company hired more employees than were expected.

## 4. Ellipsis với chủ ngữ

Ví dụ:

The report was completed earlier than we thought.

## 5. Lưu ý

Không phải mọi dạng rút gọn đều giống nhau.

Cần xét xem phần bị bỏ có thể phục hồi từ ngữ cảnh hay không.

## 6. Mẹo TOEIC

Các cụm:

- than expected
- than anticipated
- than planned
- than originally estimated

thường là dạng rút gọn phổ biến trong văn phong công việc.

",4,2026-08-08 20:26:34.865835,2026-08-08 20:26:34.865835,
661,58,Ellipsis với If và các mệnh đề điều kiện,"

# Ellipsis với If và các mệnh đề điều kiện

## 1. Khái niệm

Trong một số cấu trúc, các thành phần đã rõ từ ngữ cảnh có thể được lược bỏ.

Ví dụ:

If necessary, please contact the manager.

Đầy đủ:

If it is necessary, please contact the manager.

## 2. If possible

If possible, please send the documents today.

Đầy đủ:

If it is possible, please send the documents today.

## 3. If required

If required, additional training will be provided.

Đầy đủ:

If it is required, additional training will be provided.

## 4. If available

If available, please use the conference room.

Đầy đủ:

If it is available, please use the conference room.

## 5. Các cụm thường gặp trong TOEIC

- if necessary
- if possible
- if required
- if available
- if applicable
- if appropriate
- if needed

## 6. Mẹo TOEIC

Nếu thấy:

**If + adjective/V3**

mà câu vẫn có nghĩa đầy đủ, hãy kiểm tra dạng Ellipsis.

",5,2026-08-08 20:26:34.865835,2026-08-08 20:26:34.865835,
662,58,Ellipsis trong câu trả lời ngắn,"

# Ellipsis trong câu trả lời ngắn

## 1. Khái niệm

Trong hội thoại, các phần đã biết thường được lược bỏ.

Ví dụ:

Who approved the proposal?

The manager.

Đầy đủ:

The manager approved the proposal.

## 2. Yes/No

Did you send the report?

Yes, I did.

→ did thay cho toàn bộ cụm động từ đã biết.

## 3. Phủ định

Did John attend the meeting?

No, he didn't.

→ didn't = did not attend the meeting.

## 4. Modal

Can you finish the report?

Yes, I can.

→ can = can finish the report.

## 5. So sánh

Do you work on Saturdays?

I do.

→ do = work on Saturdays.

## 6. Mẹo TOEIC

Trong Part 2, câu trả lời ngắn thường sử dụng Ellipsis.

Không cần lặp lại toàn bộ câu hỏi.

",6,2026-08-08 20:26:34.865835,2026-08-08 20:26:34.865835,
663,58,"Ellipsis với Too, Either và Neither","

# Ellipsis với Too, Either và Neither

## 1. Too

Có thể dùng trợ động từ + too để thể hiện cùng một điều.

Ví dụ:

John can attend the meeting, and Mary can too.

## 2. Either

Trong câu phủ định:

John doesn't work on weekends, and Mary doesn't either.

## 3. So

Có thể dùng:

**So + auxiliary + subject**

Ví dụ:

John can attend the meeting.

So can Mary.

→ Mary cũng có thể tham dự.

## 4. Neither

Dùng để đồng ý với câu phủ định:

John doesn't work here.

Neither does Mary.

## 5. So sánh

### Khẳng định

So + auxiliary + subject.

So can Mary.

### Phủ định

Neither + auxiliary + subject.

Neither can Mary.

## 6. Mẹo TOEIC

Nhớ cấu trúc:

**So + auxiliary + S**

**Neither + auxiliary + S**

",7,2026-08-08 20:26:34.865835,2026-08-08 20:26:34.865835,
664,58,Ellipsis và Parallel Structure,"

# Ellipsis và Parallel Structure

## 1. Khái niệm

Ellipsis thường kết hợp với Parallel Structure để tránh lặp lại những thành phần giống nhau.

## 2. Ví dụ

The manager reviewed the report and approved the proposal.

Chủ ngữ **the manager** chỉ xuất hiện một lần nhưng được hiểu cho cả hai động từ.

## 3. So sánh

Đầy đủ:

The manager reviewed the report and the manager approved the proposal.

Tự nhiên hơn:

The manager reviewed the report and approved the proposal.

## 4. Trong câu có nhiều chủ ngữ

John ordered the equipment, and Mary the supplies.

→ động từ **ordered** ở mệnh đề thứ hai được hiểu từ ngữ cảnh.

## 5. TOEIC

Ellipsis giúp câu:

- tránh lặp từ
- ngắn gọn
- cân đối
- tự nhiên

## 6. Mẹo

Nếu các thành phần trong câu song song nhưng một phần bị bỏ, hãy kiểm tra xem thành phần đó có thể được phục hồi từ mệnh đề trước hay không.

",8,2026-08-08 20:26:34.865835,2026-08-08 20:26:34.865835,
665,58,Ellipsis trong văn phong trang trọng,"

# Ellipsis trong văn phong trang trọng

## 1. Khái niệm

Ellipsis được sử dụng thường xuyên trong văn viết để tránh lặp lại thông tin.

## 2. Ví dụ

The first report was submitted on Monday and the second on Tuesday.

Đầy đủ:

The first report was submitted on Monday and the second report was submitted on Tuesday.

## 3. Trong văn bản kinh doanh

Ví dụ:

Employees in the sales department work five days a week, while those in management six.

Trong trường hợp này, cần dựa vào ngữ cảnh để xác định thành phần bị lược bỏ.

## 4. Lược bỏ trong mệnh đề phụ

Ví dụ:

When necessary, employees may request additional training.

Đầy đủ:

When it is necessary, employees may request additional training.

## 5. Lợi ích

Ellipsis giúp văn bản:

- súc tích
- tránh lặp
- chuyên nghiệp
- dễ đọc hơn

## 6. Mẹo TOEIC

Trong email, thông báo và tài liệu công việc, hãy chú ý các cấu trúc rút gọn nhưng vẫn giữ được ý nghĩa hoàn chỉnh.

",9,2026-08-08 20:26:34.865835,2026-08-08 20:26:34.865835,
666,58,Bẫy Ellipsis trong TOEIC,"

# Bẫy Ellipsis trong TOEIC

## 1. Bẫy trợ động từ

John completed the report, and Mary ______ too.

A. completed
B. does
C. did
D. doing

Đáp án: **C. did**

→ did thay cho completed the report.

---

## 2. Bẫy So

John can attend the meeting, and ______ can Mary.

A. so
B. too
C. either
D. neither

Đáp án: **A. so**

→ So can Mary.

---

## 3. Bẫy Neither

John doesn't work on Saturdays, and ______ does Mary.

A. so
B. too
C. neither
D. either

Đáp án: **C. neither**

→ Neither does Mary.

---

## 4. Bẫy If Necessary

______ necessary, please contact the manager.

A. If
B. Unless
C. Because
D. Although

Đáp án: **A. If**

→ If necessary = If it is necessary.

---

## 5. Bẫy If Required

Additional documents will be requested, if ______.

A. require
B. required
C. requiring
D. requires

Đáp án: **B. required**

→ if required = if they are required.

---

## 6. Bẫy câu so sánh

The project was completed earlier than ______.

A. expected
B. expecting
C. expect
D. expectation

Đáp án: **A. expected**

→ than expected là dạng rút gọn phổ biến.

---

## 7. Bẫy trợ động từ theo thì

Sarah has completed the report, and John ______ too.

A. did
B. has
C. does
D. is

Đáp án: **B. has**

→ has thay cho has completed the report.

---

## 8. Bẫy Modal Verb

The employees should attend the training, and managers ______ too.

A. should
B. do
C. did
D. have

Đáp án: **A. should**

---

## 9. Bẫy Either

The company doesn't provide transportation, and it doesn't offer accommodation ______.

A. too
B. so
C. either
D. neither

Đáp án: **C. either**

→ Either dùng trong câu phủ định.

---

## 10. Tổng hợp

### Trợ động từ

S + V, and S + auxiliary + too.

### So

So + auxiliary + S.

### Neither

Neither + auxiliary + S.

### If Ellipsis

if necessary

if possible

if required

if available

### Comparative Ellipsis

than expected

than anticipated

than planned

### Mẹo TOEIC

Khi gặp một câu có vẻ ""thiếu động từ"" hoặc ""thiếu thành phần"", đừng vội cho rằng câu sai.

Hãy kiểm tra:

1. Thành phần đó có xuất hiện ở phía trước không?
2. Có thể khôi phục từ ngữ cảnh không?
3. Có trợ động từ thay thế không?
4. Có phải cấu trúc so sánh hoặc câu điều kiện rút gọn không?

",10,2026-08-08 20:26:34.865835,2026-08-08 20:26:34.865835,
667,59,Fronting là gì?,"

# Fronting là gì?

## 1. Khái niệm

Fronting là cách **đưa một thành phần của câu lên đầu câu** để nhấn mạnh hoặc tạo sự liên kết với nội dung trước đó.

Thông thường, thành phần này nằm ở vị trí khác trong câu.

## 2. Ví dụ

### Câu thông thường

We discussed the new proposal yesterday.

### Fronting

The new proposal, we discussed yesterday.

→ ""The new proposal"" được đưa lên đầu để nhấn mạnh.

## 3. Mục đích

Fronting thường được sử dụng để:

- nhấn mạnh thông tin
- tạo sự tương phản
- liên kết ý
- làm văn phong tự nhiên hoặc trang trọng hơn
- đưa thông tin quan trọng lên trước

## 4. Fronting trong TOEIC

Fronting có thể xuất hiện trong:

- email
- thông báo
- báo cáo
- văn bản kinh doanh
- câu đọc hiểu

## 5. Mẹo TOEIC

Khi một cụm từ đứng đầu câu nhưng vị trí thông thường của nó nằm phía sau, hãy kiểm tra khả năng đó là **Fronting**.

",1,2026-08-08 20:27:22.451807,2026-08-08 20:27:22.451807,
668,59,Fronting với tân ngữ,"

# Fronting với tân ngữ

## 1. Khái niệm

Tân ngữ có thể được đưa lên đầu câu để nhấn mạnh.

### Câu thông thường

The manager reviewed the report yesterday.

### Fronting

The report, the manager reviewed yesterday.

## 2. Ví dụ TOEIC

### Thông thường

We need these documents immediately.

### Fronting

These documents, we need immediately.

→ ""These documents"" được nhấn mạnh.

## 3. Lưu ý

Khi tân ngữ được đưa lên đầu, chủ ngữ và động từ vẫn phải giữ cấu trúc phù hợp.

Không được tự ý đảo toàn bộ câu nếu cấu trúc không yêu cầu.

## 4. So sánh

### Normal

The company announced the new policy.

### Fronting

The new policy, the company announced.

## 5. Mẹo TOEIC

Nếu thấy một danh từ/cụm danh từ ở đầu câu và sau đó vẫn xuất hiện chủ ngữ + động từ, hãy kiểm tra xem danh từ đó có phải là tân ngữ được Fronting hay không.

",2,2026-08-08 20:27:22.451807,2026-08-08 20:27:22.451807,
669,59,Fronting với trạng từ và cụm trạng từ,"

# Fronting với trạng từ và cụm trạng từ

## 1. Khái niệm

Trạng từ hoặc cụm trạng từ thường có thể được đưa lên đầu câu để nhấn mạnh thời gian, địa điểm hoặc cách thức.

## 2. Fronting với thời gian

### Thông thường

The company launched the product in June.

### Fronting

In June, the company launched the product.

## 3. Fronting với địa điểm

### Thông thường

The meeting will take place in Room 305.

### Fronting

In Room 305, the meeting will take place.

## 4. Fronting với cách thức

Ví dụ:

With great care, the technician inspected the equipment.

→ Cụm chỉ cách thức được đưa lên đầu.

## 5. Dấu phẩy

Khi cụm trạng từ dài được đưa lên đầu, dấu phẩy thường được dùng để tách khỏi mệnh đề chính.

## 6. Mẹo TOEIC

Các cụm thường gặp:

- In June,
- At the meeting,
- During the conference,
- After the inspection,
- With great care,

thường có thể đứng đầu câu để làm rõ hoặc nhấn mạnh thông tin.

",3,2026-08-08 20:27:22.451807,2026-08-08 20:27:22.451807,
670,59,Fronting với cụm giới từ,"

# Fronting với cụm giới từ

## 1. Khái niệm

Cụm giới từ có thể được đưa lên đầu câu để làm nổi bật thời gian, địa điểm, nguyên nhân hoặc hoàn cảnh.

## 2. Ví dụ

### Thông thường

The manager discussed the issue during the meeting.

### Fronting

During the meeting, the manager discussed the issue.

## 3. Địa điểm

The employees work in the main office.

→ In the main office, the employees work.

## 4. Thời gian

The company will announce the results after the meeting.

→ After the meeting, the company will announce the results.

## 5. Lưu ý

Fronting không đồng nghĩa với đảo ngữ.

Ví dụ:

**In the morning, the employees attend training.**

→ Đây là Fronting, không phải Inversion.

Cấu trúc chủ ngữ + động từ vẫn giữ nguyên.

## 6. Mẹo TOEIC

Nếu cụm giới từ đứng đầu nhưng sau đó vẫn là:

**Subject + Verb**

→ thường là Fronting đơn giản.

",4,2026-08-08 20:27:22.451807,2026-08-08 20:27:22.451807,
671,59,Fronting để tạo sự tương phản,"

# Fronting để tạo sự tương phản

## 1. Khái niệm

Fronting có thể dùng để đưa thông tin cần so sánh hoặc tương phản lên đầu câu.

## 2. Ví dụ

The old system, we no longer use.

The new system, we use every day.

→ Các đối tượng được đưa lên đầu để tạo sự tương phản.

## 3. Với But

Ví dụ:

The previous proposal, however, the committee rejected.

→ ""The previous proposal"" được đưa lên đầu và nhấn mạnh đối tượng.

## 4. Trong văn phong kinh doanh

Ví dụ:

The budget issue, the finance department will discuss tomorrow.

The hiring process, the HR department will manage.

## 5. Mục đích

Fronting trong trường hợp này giúp người đọc nhanh chóng nhận ra:

- chủ đề
- đối tượng
- vấn đề đang được nói đến

## 6. Mẹo TOEIC

Nếu câu bắt đầu bằng một danh từ/cụm danh từ có dấu phẩy và sau đó xuất hiện một mệnh đề hoàn chỉnh, hãy kiểm tra quan hệ giữa thành phần đầu câu và phần còn lại.

",5,2026-08-08 20:27:22.451807,2026-08-08 20:27:22.451807,
672,59,Fronting với trạng từ phủ định và giới hạn,"

# Fronting với trạng từ phủ định và giới hạn

## 1. Khái niệm

Khi một số trạng từ mang nghĩa phủ định hoặc giới hạn được đưa lên đầu câu, câu có thể yêu cầu **đảo ngữ**.

Đây là điểm rất quan trọng vì Fronting và Inversion có thể xuất hiện cùng nhau.

## 2. Never

### Bình thường

The company has never faced such a problem.

### Đưa lên đầu

Never has the company faced such a problem.

→ Có đảo trợ động từ.

## 3. Rarely

Rarely do employees receive such benefits.

## 4. Only

Only after the meeting did the manager make a decision.

## 5. Not only

Not only did the company reduce costs, but it also increased productivity.

## 6. Mẹo TOEIC

Nhớ:

**Negative/limiting adverb + auxiliary + subject + verb**

Ví dụ:

Never **has** the company...

Rarely **do** employees...

Only then **did** the manager...

",6,2026-08-08 20:27:22.451807,2026-08-08 20:27:22.451807,
673,59,Fronting với Only,"

# Fronting với ONLY

## 1. Khái niệm

Các cụm bắt đầu bằng **only** có thể được đưa lên đầu câu để nhấn mạnh điều kiện, thời gian, cách thức hoặc phương tiện.

## 2. Only after

Only after the meeting did the manager announce the decision.

→ Chỉ sau cuộc họp thì quản lý mới công bố quyết định.

## 3. Only when

Only when the report was completed did the manager approve it.

## 4. Only if

Only if the application is approved will the employee receive the benefit.

## 5. Only then

Only then did we understand the problem.

## 6. Cấu trúc

**Only + phrase/clause + auxiliary + subject + verb**

Ví dụ:

Only after the inspection **did** the company discover the problem.

## 7. Mẹo TOEIC

Nếu **Only + cụm từ/mệnh đề** đứng đầu câu và nhấn mạnh điều kiện/thời điểm:

→ kiểm tra **đảo ngữ** ở mệnh đề chính.

",7,2026-08-08 20:27:22.451807,2026-08-08 20:27:22.451807,
675,59,Phân biệt Fronting và Inversion,"

# Phân biệt Fronting và Inversion

## 1. Fronting

Fronting chỉ đơn giản là đưa một thành phần lên đầu câu.

Ví dụ:

In the morning, the employees attend training.

→ In the morning được đưa lên đầu.

Cấu trúc vẫn:

**Subject + Verb**

## 2. Inversion

Inversion làm thay đổi trật tự thông thường của chủ ngữ và trợ động từ/động từ.

Ví dụ:

Never **has** the company faced such a problem.

## 3. So sánh

| Fronting | Inversion |
|---|---|
| Đưa thành phần lên đầu | Đảo trật tự |
| Không nhất thiết đảo trợ động từ | Có đảo |
| In the morning, we work. | Never have we worked... |

## 4. Trường hợp kết hợp

Một số Fronting dẫn đến Inversion:

- Never
- Rarely
- Only after
- Only when
- Not only
- So + adjective
- Such + noun

## 5. Mẹo TOEIC

Đừng thấy một thành phần đứng đầu câu rồi chọn đáp án đảo ngữ ngay.

Hãy xác định xem từ/cụm từ đó có **kích hoạt inversion** hay chỉ là trạng ngữ được Fronting.

",9,2026-08-08 20:27:22.451807,2026-08-08 20:27:22.451807,
676,59,Bẫy Fronting trong TOEIC,"

# Bẫy Fronting trong TOEIC

## 1. Bẫy trạng từ đầu câu

______ the meeting, the manager announced the new policy.

A. During
B. During was
C. Did during
D. Has during

Đáp án: **A. During**

→ Cụm giới từ đứng đầu câu.

---

## 2. Bẫy Only

Only after the inspection ______ the company discover the problem.

A. did
B. does
C. has
D. was

Đáp án: **A. did**

→ Only after + cụm từ → đảo ngữ.

---

## 3. Bẫy Never

Never ______ the company experienced such a serious problem.

A. has
B. the company has
C. did has
D. is

Đáp án: **A. has**

→ Never + auxiliary + subject.

---

## 4. Bẫy Only if

Only if the application is approved ______ the employee receive the benefit.

A. will
B. does
C. has
D. is

Đáp án: **A. will**

→ Only if + clause → inversion ở mệnh đề chính.

---

## 5. Bẫy Not only

Not only ______ the company reduce costs, but it also increased productivity.

A. did
B. the company
C. has
D. was

Đáp án: **A. did**

→ Not only + auxiliary + subject + verb.

---

## 6. Bẫy Fronting đơn giản

In the main office, ______ employees usually meet clients.

A. the
B. did the
C. have the
D. does

Đáp án: **A. the**

→ Fronting trạng ngữ, không có đảo ngữ.

---

## 7. Bẫy So

So successful ______ the campaign that the company extended it.

A. was
B. did
C. has
D. the

Đáp án: **A. was**

→ So + adjective + be + subject.

---

## 8. Bẫy Such

Such ______ the demand that the company increased production.

A. was
B. did
C. has
D. the

Đáp án: **A. was**

→ Such was the demand that...

---

## 9. Bẫy Rarely

Rarely ______ employees receive such benefits.

A. do
B. employees
C. are
D. have

Đáp án: **A. do**

→ Rarely + auxiliary + subject + verb.

---

## 10. Công thức tổng hợp

### Fronting bình thường

**Adverbial phrase + Subject + Verb**

Ví dụ:

After the meeting, the manager announced the decision.

### Negative/limiting Fronting

**Negative/limiting expression + Auxiliary + Subject + Verb**

Ví dụ:

Never has the company faced this problem.

### Only

**Only + phrase/clause + Auxiliary + Subject + Verb**

Ví dụ:

Only after the meeting did the manager announce the decision.

### Mẹo TOEIC

Khi thấy một cụm được đưa lên đầu câu:

1. Xác định nó có phải trạng ngữ bình thường không.
2. Kiểm tra có từ kích hoạt đảo ngữ không.
3. Nếu có **never, rarely, only, not only, so, such**, hãy kiểm tra inversion.
4. Nếu không, giữ cấu trúc **Subject + Verb** bình thường.

",10,2026-08-08 20:27:22.451807,2026-08-08 20:27:22.451807,
677,60,Advanced Comparison là gì?,"

# Advanced Comparison là gì?

## 1. Khái niệm

Advanced Comparison là các cấu trúc so sánh nâng cao được sử dụng để diễn tả:

- mức độ khác biệt
- mức độ tương đồng
- sự thay đổi theo tỷ lệ
- xu hướng tăng hoặc giảm
- sự vượt trội hoặc kém hơn

Trong TOEIC, các cấu trúc này thường xuất hiện trong email, báo cáo, thông báo và bài đọc kinh doanh.

## 2. So sánh cơ bản

### So sánh hơn

S + be + comparative + than + N

Ví dụ:

The new system is more efficient than the old one.

### So sánh nhất

S + be + the + superlative

Ví dụ:

This is the most efficient system.

## 3. Các cấu trúc nâng cao

Một số cấu trúc quan trọng:

- far + comparative
- much + comparative
- even + comparative
- slightly + comparative
- as...as
- the more..., the more...
- comparative + and + comparative
- no more than
- no less than

## 4. Mẹo TOEIC

Không chỉ nhìn vào tính từ.

Hãy xác định:

1. Đang so sánh cái gì?
2. Mức độ chênh lệch lớn hay nhỏ?
3. Có tỷ lệ hoặc xu hướng thay đổi không?
4. Cấu trúc có cần **than**, **as**, hoặc **the** không?

",1,2026-08-08 20:27:47.977003,2026-08-08 20:27:47.977003,
678,60,Các từ nhấn mạnh so sánh hơn,"

# Các từ nhấn mạnh so sánh hơn

## 1. Khái niệm

Một số trạng từ có thể đứng trước tính từ hoặc trạng từ so sánh để nhấn mạnh mức độ khác biệt.

Các từ thường gặp:

- much
- far
- considerably
- significantly
- substantially
- slightly
- a little
- somewhat
- even

## 2. Much + comparative

The new system is much more efficient than the old one.

→ Hệ thống mới hiệu quả hơn rất nhiều.

## 3. Far + comparative

The new model is far better than the previous model.

## 4. Slightly + comparative

The new version is slightly cheaper than the old version.

→ Chỉ rẻ hơn một chút.

## 5. Không dùng very với comparative

Sai:

very better ❌

very more efficient ❌

Đúng:

much better ✅

far better ✅

much more efficient ✅

## 6. Mẹo TOEIC

Nếu chỗ trống đứng trước:

**better / worse / more + adjective / less + adjective**

hãy kiểm tra các từ:

**much, far, significantly, slightly, even...**

",2,2026-08-08 20:27:47.977003,2026-08-08 20:27:47.977003,
679,60,"The more..., the more...","

# The more..., the more...

## 1. Khái niệm

Cấu trúc **The more..., the more...** diễn tả mối quan hệ tỷ lệ:

→ Một yếu tố tăng/giảm thì yếu tố khác cũng thay đổi theo.

## 2. Cấu trúc

**The + comparative + S + V, the + comparative + S + V**

Ví dụ:

The more you practice, the better you become.

→ Bạn càng luyện tập nhiều, bạn càng trở nên tốt hơn.

## 3. Ví dụ TOEIC

The more employees receive training, the more productive they become.

The more customers use the service, the more revenue the company generates.

## 4. The less..., the less...

The less energy we use, the lower our costs become.

## 5. The more..., the less...

The more we delay the project, the less time we have.

## 6. Mẹo TOEIC

Cấu trúc cần nhớ:

**The + comparative, the + comparative**

Không bỏ **the**.

Sai:

More employees receive training, more productive they become. ❌

Đúng:

The more employees receive training, the more productive they become. ✅

",3,2026-08-08 20:27:47.977003,2026-08-08 20:27:47.977003,
680,60,Comparative and Comparative,"

# Comparative and Comparative

## 1. Khái niệm

Cấu trúc:

**comparative + and + comparative**

dùng để diễn tả một sự thay đổi tăng hoặc giảm dần.

## 2. Tính từ ngắn

The weather is getting hotter and hotter.

→ Thời tiết ngày càng nóng hơn.

## 3. Tính từ dài

The system is becoming more and more efficient.

→ Hệ thống ngày càng hiệu quả.

## 4. Với less

The situation is becoming less and less predictable.

## 5. Ví dụ TOEIC

The company's online services are becoming more and more popular.

The process is getting faster and faster.

## 6. Mẹo TOEIC

Tính từ ngắn:

**-er and -er**

Tính từ dài:

**more and more + adjective**

Với giảm dần:

**less and less + adjective**

",4,2026-08-08 20:27:47.977003,2026-08-08 20:27:47.977003,
681,60,As...as và các cấu trúc tương đương,"

# As...as và các cấu trúc tương đương

## 1. So sánh bằng

Cấu trúc:

**as + adjective/adverb + as**

Ví dụ:

The new system is as reliable as the old one.

## 2. Phủ định

**not as/so + adjective + as**

Ví dụ:

The old system is not as efficient as the new one.

## 3. As much as

Dùng với danh từ không đếm được.

The company spends as much money as its competitors.

## 4. As many as

Dùng với danh từ đếm được số nhiều.

The company hired as many employees as last year.

## 5. As well as

Có nghĩa là ""cũng như"", không phải cấu trúc so sánh bằng.

The manager speaks English as well as Japanese.

## 6. Mẹo TOEIC

Phân biệt:

**as + adj + as** → so sánh bằng.

**as many + plural noun + as** → số lượng đếm được.

**as much + uncountable noun + as** → số lượng không đếm được.

",5,2026-08-08 20:27:47.977003,2026-08-08 20:27:47.977003,
682,60,No more than và No less than,"

# No more than và No less than

## 1. No more than

**No more than** có nghĩa là ""không quá"", ""chỉ"".

Ví dụ:

The company has no more than 50 employees.

→ Công ty có không quá 50 nhân viên.

## 2. No less than

**No less than** có nghĩa là ""không ít hơn"", thường nhấn mạnh số lượng lớn.

Ví dụ:

No less than 500 employees attended the event.

→ Có tới 500 nhân viên tham dự sự kiện.

## 3. So sánh

No more than 50.

→ tối đa 50.

No less than 50.

→ ít nhất 50.

## 4. Lưu ý

Không nhầm với:

**not more than**

và

**not less than**

Các cấu trúc này có thể mang ý nghĩa giới hạn số lượng.

## 5. Mẹo TOEIC

Khi gặp số liệu trong báo cáo:

- no more than → giới hạn trên
- no less than → nhấn mạnh mức tối thiểu

",6,2026-08-08 20:27:47.977003,2026-08-08 20:27:47.977003,
683,60,Not more than và Not less than,"

# Not more than và Not less than

## 1. Not more than

**not more than + number**

→ không nhiều hơn / không vượt quá.

Ví dụ:

The meeting will take not more than two hours.

→ Cuộc họp sẽ không kéo dài quá hai giờ.

## 2. Not less than

**not less than + number**

→ không ít hơn.

Ví dụ:

Employees must complete not less than three training sessions.

## 3. So sánh

### Not more than

The company has not more than 100 employees.

→ Không quá 100 nhân viên.

### Not less than

The company has not less than 100 employees.

→ Không dưới 100 nhân viên.

## 4. Trong TOEIC

Các cấu trúc này thường xuất hiện với:

- number
- amount
- percentage
- time
- employees
- applications
- sales

## 5. Mẹo

Đọc kỹ con số sau cấu trúc:

**not more than → ≤**

**not less than → ≥**

",7,2026-08-08 20:27:47.977003,2026-08-08 20:27:47.977003,
684,60,"The same as, similar to và different from","

# The same as, similar to và different from

## 1. The same as

Cấu trúc:

**the same + noun + as**

Ví dụ:

The new policy is the same as the previous one.

## 2. Similar to

Cấu trúc:

**similar to + noun**

Ví dụ:

The new system is similar to the old one.

Không dùng:

similar with ❌

## 3. Different from

Cấu trúc:

**different from + noun**

Ví dụ:

The new procedure is different from the previous one.

## 4. Comparable to

**comparable to + noun**

Ví dụ:

The product is comparable to leading brands.

## 5. Superior to

**superior to + noun**

Ví dụ:

The new system is superior to the previous version.

## 6. Inferior to

**inferior to + noun**

Ví dụ:

The older model is inferior to the new one.

## 7. Mẹo TOEIC

Nhớ giới từ:

- similar **to**
- different **from**
- superior **to**
- inferior **to**
- comparable **to**

",8,2026-08-08 20:27:47.977003,2026-08-08 20:27:47.977003,
685,60,Double Comparatives và cấu trúc tỷ lệ,"

# Double Comparatives và cấu trúc tỷ lệ

## 1. Khái niệm

Double Comparatives dùng hai cấu trúc so sánh để diễn tả mối quan hệ giữa hai sự thay đổi.

## 2. The more..., the more...

The more we invest, the more we earn.

## 3. The less..., the less...

The less energy we consume, the lower our expenses become.

## 4. The more..., the less...

The more employees work overtime, the less time they have for training.

## 5. The less..., the more...

The less complicated the process is, the more efficiently employees can work.

## 6. Tỷ lệ thuận

The higher the demand, the higher the price.

→ Nhu cầu càng cao, giá càng cao.

## 7. Tỷ lệ nghịch

The higher the price, the lower the demand.

→ Giá càng cao, nhu cầu càng thấp.

## 8. Mẹo TOEIC

Khi câu có hai vế:

**The + comparative..., the + comparative...**

hãy nghĩ ngay đến quan hệ tỷ lệ.

",9,2026-08-08 20:27:47.977003,2026-08-08 20:27:47.977003,
686,60,Bẫy Advanced Comparison trong TOEIC,"

# Bẫy Advanced Comparison trong TOEIC

## 1. Bẫy MUCH

The new system is ______ more efficient than the old one.

A. very
B. much
C. many
D. most

Đáp án: **B. much**

→ much + comparative.

---

## 2. Bẫy The more

The ______ employees receive training, the more productive they become.

A. more
B. most
C. much
D. many

Đáp án: **A. more**

→ The more + noun + verb...

---

## 3. Bẫy Comparative and Comparative

The service is becoming ______ popular.

A. more and more
B. most and most
C. much and much
D. many and many

Đáp án: **A. more and more**

---

## 4. Bẫy As many

The company hired ______ employees as last year.

A. as much
B. as many
C. so much
D. much

Đáp án: **B. as many**

→ employees là danh từ đếm được số nhiều.

---

## 5. Bẫy As much

The company spent ______ money as expected.

A. as many
B. as much
C. so many
D. many

Đáp án: **B. as much**

→ money là danh từ không đếm được.

---

## 6. Bẫy Superior

The new system is ______ the previous one.

A. superior than
B. superior to
C. superior from
D. superior as

Đáp án: **B. superior to**

---

## 7. Bẫy Similar

The new procedure is ______ the previous procedure.

A. similar with
B. similar from
C. similar to
D. similar than

Đáp án: **C. similar to**

---

## 8. Bẫy Different

The new policy is different ______ the old policy.

A. than
B. to
C. with
D. from

Đáp án: **D. from**

---

## 9. Bẫy No more than

The meeting will last ______ two hours.

A. no more than
B. no less than
C. no much than
D. no many than

Đáp án: **A. no more than**

→ không quá hai giờ.

---

## 10. Bẫy The higher

The ______ the demand, the higher the price.

A. high
B. higher
C. highest
D. highly

Đáp án: **B. higher**

→ The + comparative, the + comparative.

## Mẹo tổng hợp

Nhớ các cấu trúc quan trọng:

**much/far + comparative**

**The more..., the more...**

**comparative + and + comparative**

**as + adjective + as**

**as many + plural noun + as**

**as much + uncountable noun + as**

**superior to**

**inferior to**

**similar to**

**different from**

**no more than**

**no less than**

",10,2026-08-08 20:27:47.977003,2026-08-08 20:27:47.977003,
687,61,Advanced Conjunctions là gì?,"

# Advanced Conjunctions là gì?

## 1. Khái niệm

Liên từ (Conjunctions) là những từ hoặc cụm từ dùng để liên kết:

- từ với từ
- cụm từ với cụm từ
- mệnh đề với mệnh đề

Ở trình độ nâng cao, TOEIC thường kiểm tra khả năng phân biệt các liên từ có ý nghĩa gần giống nhau nhưng cách sử dụng khác nhau.

## 2. Các nhóm liên từ quan trọng

### Chỉ nguyên nhân

- because
- since
- as
- because of
- due to
- owing to

### Chỉ sự tương phản

- although
- though
- even though
- whereas
- while
- nevertheless
- nonetheless

### Chỉ điều kiện

- if
- unless
- provided that
- provided
- as long as
- on condition that

### Chỉ mục đích

- so that
- in order that
- in order to
- so as to

### Chỉ kết quả

- so...that
- such...that

## 3. Liên từ và từ nối không giống nhau

Một số từ như:

however, therefore, nevertheless

không hoạt động giống liên từ phụ thuộc.

Ví dụ:

The product is expensive; however, it is popular.

## 4. Mẹo TOEIC

Khi gặp câu hỏi về conjunction:

1. Xác định quan hệ giữa hai ý.
2. Xem sau chỗ trống là **mệnh đề hay cụm từ**.
3. Kiểm tra dấu câu.
4. Sau đó mới chọn đáp án.

",1,2026-08-08 20:28:23.954445,2026-08-08 20:28:23.954445,
688,61,"Although, Though và Even Though","

# Although, Though và Even Though

## 1. Although

**Although + S + V**

Dùng để diễn tả sự tương phản.

Ví dụ:

Although the product is expensive, many customers buy it.

→ Mặc dù sản phẩm đắt, nhiều khách hàng vẫn mua.

## 2. Though

**Though + S + V**

Có nghĩa tương tự although.

Ví dụ:

Though the deadline was short, the team completed the project.

## 3. Even Though

**Even though + S + V**

Nhấn mạnh sự tương phản mạnh hơn.

Ví dụ:

Even though the machine is old, it works efficiently.

## 4. Không dùng although với but

Sai:

Although the product is expensive, but many customers buy it. ❌

Đúng:

Although the product is expensive, many customers buy it. ✅

## 5. Mẹo TOEIC

Sau:

- although
- though
- even though

phải là **một mệnh đề hoàn chỉnh**.

**Although + Subject + Verb**

",2,2026-08-08 20:28:23.954445,2026-08-08 20:28:23.954445,
689,61,Whereas và While,"

# Whereas và While

## 1. Whereas

**Whereas + S + V**

Dùng để thể hiện sự tương phản giữa hai đối tượng hoặc hai sự việc.

Ví dụ:

The old model is expensive, whereas the new model is affordable.

→ Mẫu cũ đắt, trong khi mẫu mới có giá phải chăng.

## 2. While

While có thể chỉ:

- thời gian
- sự tương phản

Ví dụ về thời gian:

While the manager was speaking, the employees took notes.

Ví dụ về tương phản:

The first product is expensive, while the second is affordable.

## 3. Whereas trong văn phong TOEIC

Whereas thường xuất hiện trong:

- báo cáo
- hợp đồng
- tài liệu kinh doanh
- so sánh sản phẩm

Ví dụ:

The eastern branch focuses on sales, whereas the western branch focuses on research.

## 4. Mẹo TOEIC

Nếu hai mệnh đề được đặt cạnh nhau để **so sánh hoặc tương phản**, hãy kiểm tra:

- whereas
- while

",3,2026-08-08 20:28:23.954445,2026-08-08 20:28:23.954445,
690,61,Despite và In Spite Of,"

# Despite và In Spite Of

## 1. Khái niệm

Despite và in spite of đều có nghĩa là:

→ mặc dù / bất chấp.

## 2. Cấu trúc

**despite + noun / noun phrase / V-ing**

**in spite of + noun / noun phrase / V-ing**

Ví dụ:

Despite the rain, the event continued.

In spite of the delay, the meeting started on time.

## 3. Với V-ing

Despite being tired, the employee continued working.

In spite of having limited resources, the team completed the project.

## 4. Không dùng trực tiếp với mệnh đề

Sai:

Despite the weather was bad, the event continued. ❌

Đúng:

Despite the bad weather, the event continued. ✅

Hoặc:

Although the weather was bad, the event continued. ✅

## 5. Despite the fact that

Có thể dùng:

**despite the fact that + S + V**

Ví dụ:

Despite the fact that the road was closed, the delivery arrived on time.

## 6. Mẹo TOEIC

Nhìn ngay từ phía sau:

**Despite / In spite of + noun/V-ing**

**Although/Even though + S + V**

",4,2026-08-08 20:28:23.954445,2026-08-08 20:28:23.954445,
691,61,"Because, Since và As","

# Because, Since và As

## 1. Because

**because + S + V**

Dùng để chỉ nguyên nhân trực tiếp.

Ví dụ:

The meeting was canceled because the manager was sick.

## 2. Since

**since + S + V**

Có thể chỉ nguyên nhân.

Ví dụ:

Since the manager is unavailable, we will postpone the meeting.

## 3. As

**as + S + V**

Cũng có thể chỉ nguyên nhân.

Ví dụ:

As the office was closed, we worked from home.

## 4. Sắc thái

### Because

Thường nhấn mạnh nguyên nhân.

### Since / As

Thường dùng khi nguyên nhân đã được biết hoặc không phải thông tin chính.

## 5. Because of

**because of + noun / noun phrase**

Ví dụ:

The flight was delayed because of bad weather.

## 6. So sánh

Because + S + V

Because of + noun

Ví dụ:

because the road was closed

because of the road closure

## 7. Mẹo TOEIC

Nếu sau chỗ trống có:

**Subject + Verb → because/since/as**

Nếu sau chỗ trống là:

**noun/noun phrase → because of**

",5,2026-08-08 20:28:23.954445,2026-08-08 20:28:23.954445,
692,61,"Provided That, As Long As và On Condition That","

# Provided That, As Long As và On Condition That

## 1. Provided That

**provided that + S + V**

Có nghĩa là:

→ với điều kiện là.

Ví dụ:

Employees may work remotely provided that they meet all deadlines.

## 2. As Long As

**as long as + S + V**

Có nghĩa là:

→ miễn là / với điều kiện là.

Ví dụ:

You may use the equipment as long as you follow the instructions.

## 3. On Condition That

**on condition that + S + V**

Có nghĩa là:

→ với điều kiện rằng.

Ví dụ:

The company will approve the request on condition that all documents are submitted.

## 4. So sánh

Các cấu trúc này đều diễn tả điều kiện.

**provided that**

**as long as**

**on condition that**

## 5. Mẹo TOEIC

Nếu câu mang nghĩa:

""chỉ được phép nếu đáp ứng điều kiện""

hãy kiểm tra các cấu trúc trên.

",6,2026-08-08 20:28:23.954445,2026-08-08 20:28:23.954445,
693,61,"Unless, Otherwise và điều kiện phủ định","

# Unless, Otherwise và điều kiện phủ định

## 1. Unless

**unless = if...not**

Ví dụ:

Unless you submit the form, your application will not be processed.

= If you do not submit the form, your application will not be processed.

## 2. Unless + mệnh đề

Sau unless phải là một mệnh đề.

Ví dụ:

unless the payment is received

unless the manager approves the request

## 3. Không dùng phủ định kép

Sai:

Unless you don't submit the form... ❌

Đúng:

Unless you submit the form... ✅

## 4. Otherwise

Otherwise có nghĩa:

→ nếu không thì / nếu không làm vậy thì.

Ví dụ:

Please submit the form today. Otherwise, your application may be delayed.

## 5. Unless và Otherwise

Unless thường nằm trong mệnh đề điều kiện.

Otherwise thường nối kết quả hoặc cảnh báo.

## 6. Mẹo TOEIC

Nhớ:

**unless + positive condition**

Ví dụ:

Unless you pay...

= If you do not pay...

",7,2026-08-08 20:28:23.954445,2026-08-08 20:28:23.954445,
694,61,So That và In Order That,"

# So That và In Order That

## 1. Khái niệm

Hai cấu trúc này dùng để diễn tả **mục đích**.

## 2. So That

**so that + S + can/could/will/would/may/might + V**

Ví dụ:

The company improved the system so that customers could access it more easily.

## 3. In Order That

**in order that + S + can/could/will/would/may/might + V**

Ví dụ:

The instructions were simplified in order that employees could understand them easily.

## 4. So That trong TOEIC

Ví dụ:

The meeting was scheduled early so that all employees could attend.

## 5. Phân biệt với In Order To

**in order to + V**

Ví dụ:

The company upgraded the system in order to improve efficiency.

Trong khi:

**in order that + S + V**

Ví dụ:

The company upgraded the system in order that employees could work more efficiently.

## 6. Mẹo TOEIC

Sau:

**so that / in order that**

→ cần một **mệnh đề**.

Sau:

**in order to / so as to**

→ cần **động từ nguyên mẫu**.

",8,2026-08-08 20:28:23.954445,2026-08-08 20:28:23.954445,
695,61,So...That và Such...That,"

# So...That và Such...That

## 1. So...That

Cấu trúc:

**so + adjective/adverb + that + clause**

Ví dụ:

The report was so detailed that it took several hours to review.

## 2. Such...That

Cấu trúc:

**such + noun phrase + that + clause**

Ví dụ:

It was such a difficult task that several employees needed help.

## 3. So + many/much/few/little

Có thể dùng:

**so + many + plural noun**

There were so many applications that the staff needed assistance.

**so + much + uncountable noun**

There was so much work that we stayed late.

**so + few + plural noun**

So few employees attended that the meeting was postponed.

**so + little + uncountable noun**

So little time remained that we had to hurry.

## 4. Such + adjective + noun

Ví dụ:

It was such an important meeting that everyone attended.

## 5. Mẹo TOEIC

Nhớ:

**so + adjective/adverb**

**such + noun phrase**

",9,2026-08-08 20:28:23.954445,2026-08-08 20:28:23.954445,
696,61,Bẫy Advanced Conjunctions trong TOEIC,"

# Bẫy Advanced Conjunctions trong TOEIC

## 1. Bẫy Although

______ the product is expensive, customers continue to buy it.

A. Although
B. Despite
C. Because of
D. Due to

Đáp án: **A. Although**

→ Sau although là **S + V**.

---

## 2. Bẫy Despite

______ the high price, the product remains popular.

A. Although
B. Despite
C. Even though
D. Whereas

Đáp án: **B. Despite**

→ Sau despite là **noun phrase**.

---

## 3. Bẫy Because

The meeting was canceled ______ the manager was unavailable.

A. because
B. because of
C. despite
D. due to

Đáp án: **A. because**

→ Sau because là mệnh đề.

---

## 4. Bẫy Because Of

The flight was delayed ______ bad weather.

A. because
B. although
C. because of
D. whereas

Đáp án: **C. because of**

→ Sau because of là noun phrase.

---

## 5. Bẫy Unless

______ you submit the application, it will not be processed.

A. Unless
B. Because
C. Although
D. Despite

Đáp án: **A. Unless**

→ Unless = if...not.

---

## 6. Bẫy Provided That

Employees may work remotely ______ they meet all deadlines.

A. provided that
B. despite
C. whereas
D. because of

Đáp án: **A. provided that**

→ Diễn tả điều kiện.

---

## 7. Bẫy So That

The company upgraded the system ______ customers could access it more easily.

A. so that
B. because of
C. despite
D. whereas

Đáp án: **A. so that**

→ So that + S + modal + V.

---

## 8. Bẫy So và Such

The report was ______ detailed that it took hours to review.

A. such
B. so
C. very much
D. many

Đáp án: **B. so**

→ so + adjective + that.

---

## 9. Bẫy Such

It was ______ important meeting that all managers attended.

A. so
B. such
C. much
D. very

Đáp án: **B. such**

→ such + adjective + noun + that.

---

## 10. Bẫy Whereas

The eastern branch focuses on sales, ______ the western branch focuses on research.

A. whereas
B. because
C. unless
D. despite

Đáp án: **A. whereas**

→ Whereas dùng để thể hiện sự tương phản giữa hai mệnh đề.

## Mẹo tổng hợp

### + Mệnh đề

**although + S + V**

**because + S + V**

**unless + S + V**

**whereas + S + V**

**provided that + S + V**

**so that + S + V**

### + Danh từ / V-ing

**despite + noun/V-ing**

**in spite of + noun/V-ing**

**because of + noun**

**due to + noun**

### Cấu trúc đặc biệt

**so + adjective/adverb + that**

**such + noun phrase + that**

",10,2026-08-08 20:28:23.954445,2026-08-08 20:28:23.954445,
697,62,Complex Prepositions là gì?,"

# Complex Prepositions là gì?

## 1. Khái niệm

Complex Prepositions (giới từ phức hợp) là những từ hoặc cụm từ có chức năng giống giới từ và thường gồm **hai hoặc nhiều từ**.

Ví dụ:

- because of
- due to
- owing to
- in addition to
- in spite of
- instead of
- according to
- with regard to
- in accordance with
- on behalf of

## 2. Cấu trúc chung

**Complex Preposition + noun / noun phrase / V-ing**

Ví dụ:

because of the delay

in addition to the report

instead of working

## 3. Ví dụ TOEIC

The flight was delayed because of bad weather.

The manager attended the meeting on behalf of the director.

## 4. Complex Preposition và Conjunction

Một số cấu trúc dễ nhầm:

**because of + noun**

**because + S + V**

Ví dụ:

The meeting was canceled because of the rain.

The meeting was canceled because it was raining.

## 5. Mẹo TOEIC

Khi gặp chỗ trống trước một danh từ hoặc cụm danh từ, hãy kiểm tra các **complex prepositions** phù hợp.

",1,2026-08-08 20:28:48.312878,2026-08-08 20:28:48.312878,
698,62,"Because of, Due to và Owing to","

# Because of, Due to và Owing to

## 1. Because of

**because of + noun/noun phrase**

Ví dụ:

The flight was delayed because of bad weather.

## 2. Due to

**due to + noun/noun phrase**

Ví dụ:

The delay was due to technical problems.

## 3. Owing to

**owing to + noun/noun phrase**

Có nghĩa gần giống due to và because of.

Ví dụ:

The event was postponed owing to heavy rain.

## 4. So sánh

| Cấu trúc | Theo sau |
|---|---|
| because of | noun/noun phrase |
| due to | noun/noun phrase |
| owing to | noun/noun phrase |
| because | S + V |

## 5. Bẫy TOEIC

Sai:

The flight was delayed because of the weather was bad. ❌

Đúng:

The flight was delayed because the weather was bad. ✅

The flight was delayed because of the bad weather. ✅

## 6. Mẹo

Sau **because of / due to / owing to** không dùng một mệnh đề hoàn chỉnh.

",2,2026-08-08 20:28:48.312878,2026-08-08 20:28:48.312878,
699,62,In Addition To và Apart From,"

# In Addition To và Apart From

## 1. In Addition To

**in addition to + noun/V-ing**

Có nghĩa là:

→ ngoài ra, thêm vào đó.

Ví dụ:

In addition to salary, employees receive health benefits.

In addition to working full-time, she studies at night.

## 2. Apart From

**apart from + noun/V-ing**

Có thể mang nghĩa:

- ngoài...ra
- bên cạnh
- ngoại trừ

Ví dụ:

Apart from English, she speaks Japanese.

## 3. In Addition

**in addition** là trạng từ/cụm từ nối, không dùng trực tiếp như giới từ.

Ví dụ:

The company provides training. In addition, it offers transportation.

## 4. Phân biệt

**in addition to + noun/V-ing**

**in addition + clause**

## 5. Mẹo TOEIC

Nếu sau chỗ trống là:

**noun / V-ing → in addition to**

Nếu cần nối một mệnh đề hoàn chỉnh:

**In addition, + S + V**

",3,2026-08-08 20:28:48.312878,2026-08-08 20:28:48.312878,
700,62,In Spite Of và Despite,"

# In Spite Of và Despite

## 1. In Spite Of

**in spite of + noun/noun phrase/V-ing**

Ví dụ:

In spite of the delay, the meeting started on time.

In spite of being tired, the employee continued working.

## 2. Despite

**despite + noun/noun phrase/V-ing**

Ví dụ:

Despite the high cost, customers continued to purchase the product.

## 3. Despite the Fact That

Khi muốn theo sau bằng một mệnh đề:

**despite the fact that + S + V**

Ví dụ:

Despite the fact that the product was expensive, sales increased.

## 4. Không dùng

Sai:

despite of the delay ❌

Đúng:

despite the delay ✅

in spite of the delay ✅

## 5. Mẹo TOEIC

Nhớ:

**despite + noun**

**in spite of + noun**

**although + S + V**

",4,2026-08-08 20:28:48.312878,2026-08-08 20:28:48.312878,
701,62,Instead Of và Rather Than,"

# Instead Of và Rather Than

## 1. Instead Of

**instead of + noun/V-ing**

Có nghĩa là:

→ thay vì.

Ví dụ:

The manager attended the meeting instead of the director.

She worked from home instead of commuting to the office.

## 2. Rather Than

Rather than có nghĩa:

→ thay vì / hơn là.

Ví dụ:

The company decided to invest in training rather than advertising.

## 3. Với động từ

Sau instead of thường dùng V-ing.

Instead of buying new equipment, the company repaired the old machines.

## 4. Rather Than + động từ

Rather than postpone the meeting, the manager decided to hold it online.

## 5. So sánh

**instead of + noun/V-ing**

**rather than + noun/V-ing / verb**

## 6. Mẹo TOEIC

Nếu thấy **instead of** ngay trước động từ:

→ kiểm tra dạng **V-ing**.

Ví dụ:

instead of **using** ❌ instead of use

",5,2026-08-08 20:28:48.312878,2026-08-08 20:28:48.312878,
702,62,According To và Based On,"

# According To và Based On

## 1. According To

**according to + noun**

Có nghĩa:

→ theo / theo thông tin của.

Ví dụ:

According to the report, sales increased by 15%.

According to company policy, employees must wear identification badges.

## 2. Based On

**based on + noun**

Có nghĩa:

→ dựa trên.

Ví dụ:

Based on the survey results, the company changed its strategy.

## 3. Phân biệt

According to the manager...

→ theo lời/thông tin của người quản lý.

Based on the data...

→ dựa trên dữ liệu.

## 4. Ví dụ TOEIC

According to the latest report, profits have increased.

Based on customer feedback, the company redesigned the product.

## 5. Mẹo TOEIC

**according to + source/information**

**based on + evidence/data/information**

",6,2026-08-08 20:28:48.312878,2026-08-08 20:28:48.312878,
795,71,Placement của Participial Phrase,"

# Placement của Participial Phrase

## 1. V-ing phrase

Ví dụ:

The employees **working in the office** must complete the form.

→ working in the office bổ nghĩa cho employees.

## 2. V-ed phrase

Ví dụ:

The documents **submitted yesterday** are being reviewed.

→ submitted yesterday bổ nghĩa cho documents.

## 3. Đặt đầu câu

Working late, **the employees** completed the report.

→ employees là chủ thể của working.

## 4. Đặt sai

Working late, **the report** was completed.

→ report không thể working.

## 5. TOEIC

The documents ______ by the manager are confidential.

A. submitting
B. submitted
C. submit
D. submits

Đáp án:

**B. submitted**

→ submitted bổ nghĩa cho documents.

## 6. Mẹo

Participial phrase phải có đối tượng phù hợp để bổ nghĩa.

",9,2026-08-08 20:35:05.965307,2026-08-08 20:35:05.965307,
703,62,With Regard To và With Respect To,"

# With Regard To và With Respect To

## 1. With Regard To

**with regard to + noun**

Có nghĩa:

→ liên quan đến / về vấn đề.

Ví dụ:

With regard to your application, we need additional documents.

## 2. With Respect To

**with respect to + noun**

Có nghĩa gần giống:

→ liên quan đến / đối với.

Ví dụ:

With respect to the new policy, employees should follow the updated guidelines.

## 3. Regarding

**regarding + noun**

Cũng có nghĩa:

→ về / liên quan đến.

Ví dụ:

Regarding your request, we will contact you tomorrow.

## 4. Văn phong

Các cấu trúc này thường xuất hiện trong:

- email công việc
- thông báo
- hợp đồng
- thư chính thức

## 5. Mẹo TOEIC

Có thể gặp:

**with regard to**

**with respect to**

**regarding**

**concerning**

đều có thể dùng để giới thiệu chủ đề đang được đề cập.

",7,2026-08-08 20:28:48.312878,2026-08-08 20:28:48.312878,
704,62,In Accordance With và In Compliance With,"

# In Accordance With và In Compliance With

## 1. In Accordance With

**in accordance with + noun**

Có nghĩa:

→ phù hợp với / theo đúng.

Ví dụ:

The procedure was changed in accordance with company policy.

## 2. In Compliance With

**in compliance with + noun**

Có nghĩa:

→ tuân thủ.

Ví dụ:

The company operates in compliance with safety regulations.

## 3. Phân biệt

### In accordance with

Nhấn mạnh việc làm phù hợp với:

- policy
- agreement
- procedure
- instructions

### In compliance with

Nhấn mạnh việc tuân thủ:

- laws
- regulations
- rules
- standards

## 4. Ví dụ TOEIC

All employees must act in accordance with company procedures.

The factory operates in compliance with environmental regulations.

## 5. Mẹo TOEIC

Nhìn danh từ phía sau để xác định ý nghĩa phù hợp.

**in accordance with + policy/procedure/instructions**

**in compliance with + law/regulation/standard**

",8,2026-08-08 20:28:48.312878,2026-08-08 20:28:48.312878,
705,62,"On Behalf Of, On Account Of và By Means Of","

# On Behalf Of, On Account Of và By Means Of

## 1. On Behalf Of

**on behalf of + person/organization**

Có nghĩa:

→ thay mặt cho.

Ví dụ:

I attended the meeting on behalf of my manager.

## 2. On Account Of

**on account of + noun**

Có nghĩa:

→ bởi vì / do.

Ví dụ:

The event was canceled on account of bad weather.

## 3. By Means Of

**by means of + noun**

Có nghĩa:

→ bằng cách / bằng phương tiện.

Ví dụ:

The company reduced costs by means of automation.

## 4. So sánh

| Cấu trúc | Ý nghĩa |
|---|---|
| on behalf of | thay mặt cho |
| on account of | bởi vì / do |
| by means of | bằng cách / bằng phương tiện |

## 5. Mẹo TOEIC

Đừng nhầm:

**on behalf of the manager**

→ thay mặt quản lý.

**on account of the delay**

→ do sự trì hoãn.

",9,2026-08-08 20:28:48.312878,2026-08-08 20:28:48.312878,
706,62,Bẫy Complex Prepositions trong TOEIC,"

# Bẫy Complex Prepositions trong TOEIC

## 1. Bẫy Because Of

The flight was delayed ______ bad weather.

A. because
B. because of
C. although
D. despite

Đáp án: **B. because of**

→ Sau because of là noun phrase.

---

## 2. Bẫy Despite

______ the high cost, the company purchased the equipment.

A. Despite
B. Although
C. Because
D. Whereas

Đáp án: **A. Despite**

→ Despite + noun phrase.

---

## 3. Bẫy In Addition To

______ the salary, employees receive transportation benefits.

A. In addition
B. In addition to
C. Because
D. Whereas

Đáp án: **B. In addition to**

→ Sau in addition to là noun.

---

## 4. Bẫy Instead Of

The company repaired the machine instead of ______ a new one.

A. buy
B. buying
C. bought
D. to buy

Đáp án: **B. buying**

→ instead of + V-ing.

---

## 5. Bẫy According To

______ the latest report, sales have increased.

A. According to
B. Based
C. Because
D. Despite

Đáp án: **A. According to**

→ According to + source.

---

## 6. Bẫy Based On

______ the survey results, the company changed its strategy.

A. Based on
B. According
C. Because
D. Despite

Đáp án: **A. Based on**

→ based on + evidence/data.

---

## 7. Bẫy With Regard To

______ your application, we require additional documents.

A. With regard to
B. Because
C. Although
D. Instead

Đáp án: **A. With regard to**

→ Liên quan đến vấn đề đang được đề cập.

---

## 8. Bẫy In Compliance With

The factory operates ______ environmental regulations.

A. in compliance with
B. according
C. because of
D. instead

Đáp án: **A. in compliance with**

→ Tuân thủ quy định.

---

## 9. Bẫy On Behalf Of

The assistant signed the document ______ the director.

A. on behalf of
B. on account of
C. by means
D. according

Đáp án: **A. on behalf of**

→ Thay mặt cho.

---

## 10. Bẫy By Means Of

The company reduced costs ______ automation.

A. by means of
B. on behalf of
C. according to
D. in spite

Đáp án: **A. by means of**

→ bằng phương tiện/cách thức.

## Mẹo tổng hợp

Nhớ các cụm quan trọng:

**because of + noun**

**due to + noun**

**owing to + noun**

**in addition to + noun/V-ing**

**in spite of + noun/V-ing**

**instead of + noun/V-ing**

**according to + source**

**based on + data/evidence**

**with regard to + noun**

**in accordance with + policy/procedure**

**in compliance with + law/regulation**

**on behalf of + person/organization**

**on account of + noun**

**by means of + noun**

",10,2026-08-08 20:28:48.312878,2026-08-08 20:28:48.312878,
707,63,Formal English là gì?,"

# Formal English là gì?

## 1. Khái niệm

Formal English là cách sử dụng tiếng Anh **trang trọng, chuẩn mực và chuyên nghiệp**, thường được sử dụng trong:

- email công việc
- báo cáo
- thông báo
- hợp đồng
- thư từ doanh nghiệp
- văn bản học thuật
- giao tiếp chuyên nghiệp

TOEIC đặc biệt thường sử dụng Formal English trong Part 6 và Part 7.

## 2. Formal và Informal

### Informal

We need to find out why the system failed.

### Formal

We need to determine the cause of the system failure.

## 3. Một số cách thay thế thường gặp

| Informal | Formal |
|---|---|
| find out | determine |
| get | obtain |
| buy | purchase |
| help | assist |
| ask for | request |
| deal with | address |
| put off | postpone |
| set up | establish |
| look into | investigate |
| give | provide |

## 4. Đặc điểm

Formal English thường:

- dùng từ vựng chính xác
- hạn chế từ viết tắt
- hạn chế phrasal verbs trong văn bản trang trọng
- sử dụng cấu trúc câu đầy đủ
- tránh cách diễn đạt quá thân mật

## 5. Mẹo TOEIC

Khi đọc email hoặc thông báo công việc, hãy chú ý các từ vựng trang trọng vì chúng thường xuất hiện trong đáp án TOEIC.

",1,2026-08-08 20:29:15.899186,2026-08-08 20:29:15.899186,
708,63,Formal Vocabulary và Informal Vocabulary,"

# Formal Vocabulary và Informal Vocabulary

## 1. Khái niệm

Trong tiếng Anh, cùng một ý nghĩa có thể được diễn đạt bằng từ thông dụng hoặc từ trang trọng hơn.

## 2. Một số cặp thường gặp

### Help → Assist

The staff will assist customers.

### Buy → Purchase

The company purchased new equipment.

### Get → Obtain

Employees must obtain approval before traveling.

### Start → Commence

The meeting will commence at 9 a.m.

### End → Terminate

The contract will terminate at the end of the year.

## 3. Các cặp khác

- ask → inquire
- tell → inform
- need → require
- use → utilize
- show → demonstrate
- check → verify
- explain → clarify
- pay back → reimburse
- give back → return
- look for → seek

## 4. Mẹo TOEIC

Trong văn bản kinh doanh, các từ formal thường được ưu tiên.

Ví dụ:

The customer **inquired** about the delivery date.

→ inquired trang trọng hơn asked.

",2,2026-08-08 20:29:15.899186,2026-08-08 20:29:15.899186,
709,63,Formal Phrasal Verbs và Single-Word Verbs,"

# Formal Phrasal Verbs và Single-Word Verbs

## 1. Khái niệm

Trong văn phong trang trọng, một động từ đơn thường được sử dụng thay cho phrasal verb.

## 2. Các cặp quan trọng

### Find out → Determine

We need to determine the cause.

### Put off → Postpone

The meeting was postponed.

### Set up → Establish

The company established a new branch.

### Look into → Investigate

The committee will investigate the issue.

### Deal with → Address

The company must address the problem.

## 3. Một số cặp khác

- go up → increase
- go down → decrease
- carry out → conduct
- bring about → cause
- point out → indicate
- come back → return
- hand in → submit
- fill out → complete
- leave out → omit

## 4. TOEIC

Ví dụ:

The committee will **carry out** an investigation.

Có thể viết formal hơn:

The committee will **conduct** an investigation.

## 5. Mẹo

Khi câu mang tính:

- báo cáo
- chính sách
- thông báo
- hợp đồng

hãy chú ý các động từ formal.

",3,2026-08-08 20:29:15.899186,2026-08-08 20:29:15.899186,
710,63,Formal Request và cách yêu cầu lịch sự,"

# Formal Request

## 1. Khái niệm

Trong môi trường công việc, yêu cầu thường được diễn đạt lịch sự và trang trọng.

## 2. Could you...?

Could you send me the report?

→ Lịch sự hơn Can you...?

## 3. Would you mind...?

Would you mind sending the report by Friday?

Sau:

**Would you mind + V-ing**

## 4. I would appreciate...

I would appreciate it if you could send the report.

→ Tôi sẽ rất cảm kích nếu bạn có thể gửi báo cáo.

## 5. We would like to...

We would like to request additional information.

## 6. Kindly

Kindly provide the requested documents.

→ Vui lòng cung cấp các tài liệu được yêu cầu.

## 7. Request that

Cấu trúc:

**request that + S + V**

Ví dụ:

We request that all employees submit the form by Friday.

## 8. Mẹo TOEIC

Trong email công việc, các cấu trúc:

- would like to
- would appreciate
- kindly
- request that
- could you

thường được sử dụng để diễn đạt yêu cầu lịch sự.

",4,2026-08-08 20:29:15.899186,2026-08-08 20:29:15.899186,
711,63,Formal Connectors và từ nối trong văn bản,"

# Formal Connectors

## 1. Khái niệm

Formal English sử dụng nhiều từ nối để thể hiện rõ quan hệ logic giữa các ý.

## 2. Nguyên nhân

- therefore
- consequently
- thus
- hence

Ví dụ:

The costs increased; therefore, the company revised its budget.

## 3. Tương phản

- however
- nevertheless
- nonetheless
- whereas

Ví dụ:

The product is expensive; however, demand remains high.

## 4. Bổ sung

- furthermore
- moreover
- in addition
- additionally

Ví dụ:

The system is efficient. Furthermore, it is easy to use.

## 5. Kết quả

- therefore
- consequently
- as a result

Ví dụ:

The shipment was delayed. As a result, the customer filed a complaint.

## 6. Mẹo TOEIC

Đừng chỉ nhìn nghĩa tiếng Việt.

Hãy kiểm tra:

- dấu câu
- vị trí của từ nối
- quan hệ logic giữa hai câu/mệnh đề

",5,2026-08-08 20:29:15.899186,2026-08-08 20:29:15.899186,
712,63,Formal Modal Verbs,"

# Formal Modal Verbs

## 1. Khái niệm

Modal verbs có thể tạo sắc thái lịch sự, trang trọng hoặc thể hiện nghĩa vụ trong văn bản kinh doanh.

## 2. Shall

Shall có thể xuất hiện trong:

- hợp đồng
- quy định
- chính sách

Ví dụ:

Employees shall comply with all safety regulations.

→ Nhân viên phải tuân thủ tất cả quy định an toàn.

## 3. Must

Must diễn tả nghĩa vụ mạnh.

Employees must wear identification badges.

## 4. Should

Should thường diễn tả:

- khuyến nghị
- nghĩa vụ nhẹ hơn

Employees should submit the form by Friday.

## 5. May

May thường dùng để diễn tả:

- sự cho phép
- khả năng

Employees may request additional information.

## 6. Might

Might diễn tả khả năng với mức độ không chắc chắn.

The delivery might be delayed.

## 7. Mẹo TOEIC

Trong quy định và chính sách, chú ý:

**shall / must / may / should**

vì chúng thường mang sắc thái chính thức.

",6,2026-08-08 20:29:15.899186,2026-08-08 20:29:15.899186,
713,63,Formal Passive Voice,"

# Formal Passive Voice

## 1. Khái niệm

Passive Voice rất phổ biến trong Formal English vì người viết có thể tập trung vào:

- hành động
- quy trình
- kết quả

thay vì người thực hiện.

## 2. Active

The company approved the request.

## 3. Passive

The request was approved by the company.

## 4. Trong văn bản kinh doanh

Ví dụ:

All applications will be reviewed within five business days.

The documents must be submitted before Friday.

The equipment is inspected regularly.

## 5. Không cần nêu tác nhân

The policy was revised last month.

→ Không cần nói ai sửa chính sách.

## 6. Formal Passive + Modal

**modal + be + past participle**

Ví dụ:

All forms must be completed.

The equipment should be inspected regularly.

## 7. Mẹo TOEIC

Nếu chủ thể thực hiện hành động không quan trọng hoặc đã rõ:

→ Passive thường được ưu tiên trong văn bản chính thức.

",7,2026-08-08 20:29:15.899186,2026-08-08 20:29:15.899186,
714,63,Formal Noun Phrases,"

# Formal Noun Phrases

## 1. Khái niệm

Formal English thường sử dụng noun phrases dài và chính xác để trình bày thông tin.

## 2. Động từ → danh từ

Ví dụ:

The company decided to expand.

→ The company made a decision to expand.

The manager approved the proposal.

→ The manager gave approval to the proposal.

## 3. Một số nominalization thường gặp

- decide → decision
- approve → approval
- improve → improvement
- develop → development
- discuss → discussion
- announce → announcement
- require → requirement
- investigate → investigation

## 4. Ví dụ TOEIC

The company announced a change in policy.

→ announcement of a policy change

## 5. Ưu điểm

Noun phrases giúp văn bản:

- ngắn gọn
- chính xác
- trang trọng
- phù hợp với báo cáo

## 6. Mẹo TOEIC

Khi gặp chỗ trống trong văn bản kinh doanh, hãy xác định xem câu cần:

- verb
- noun
- adjective
- adverb

Formal English thường sử dụng nhiều noun phrases.

",8,2026-08-08 20:29:15.899186,2026-08-08 20:29:15.899186,
715,63,Formal Email và Business English,"

# Formal Email và Business English

## 1. Mở đầu email

Một số cách viết:

Dear Mr. Smith,

Dear Ms. Johnson,

Dear Hiring Manager,

Dear Sir or Madam,

## 2. Nêu mục đích

I am writing to inquire about...

I am writing regarding...

I am writing to request...

## 3. Cung cấp thông tin

Please find attached the requested document.

We would like to inform you that...

Please be advised that...

## 4. Yêu cầu

We would appreciate it if you could...

Could you please provide...

We kindly request that...

## 5. Kết thúc

Please do not hesitate to contact us if you require further information.

We look forward to hearing from you.

Sincerely,

Best regards,

## 6. Mẹo TOEIC

Các cụm như:

**I am writing to...**

**Please be advised that...**

**We would appreciate it if...**

**Please do not hesitate to...**

rất thường gặp trong email TOEIC.

",9,2026-08-08 20:29:15.899186,2026-08-08 20:29:15.899186,
716,63,Bẫy Formal English trong TOEIC,"

# Bẫy Formal English trong TOEIC

## 1. Bẫy Informal → Formal

The company needs to ______ more information.

A. get
B. obtain
C. take
D. make

Đáp án: **B. obtain**

→ obtain trang trọng hơn get.

---

## 2. Bẫy Phrasal Verb

The meeting was ______ until Friday.

A. put off
B. postponed
C. put
D. made

Đáp án: **B. postponed**

→ postponed phù hợp văn phong formal.

---

## 3. Bẫy Request

We would appreciate it if you ______ the documents.

A. send
B. sent
C. could send
D. sending

Đáp án: **C. could send**

→ Cấu trúc lịch sự: would appreciate it if + could + V.

---

## 4. Bẫy Would You Mind

Would you mind ______ the report?

A. send
B. sending
C. to send
D. sent

Đáp án: **B. sending**

→ Would you mind + V-ing.

---

## 5. Bẫy Formal Connector

The shipment was delayed; ______, the customer filed a complaint.

A. however
B. therefore
C. although
D. despite

Đáp án: **B. therefore**

→ Quan hệ nguyên nhân - kết quả.

---

## 6. Bẫy Shall

Employees ______ comply with all safety regulations.

A. shall
B. would
C. might
D. could

Đáp án: **A. shall**

→ Shall thường xuất hiện trong quy định/chính sách.

---

## 7. Bẫy Passive

All applications ______ within five business days.

A. review
B. reviewed
C. will be reviewed
D. reviewing

Đáp án: **C. will be reviewed**

→ Chủ ngữ ""applications"" nhận hành động.

---

## 8. Bẫy Noun Form

The company announced a major ______ in policy.

A. change
B. changeable
C. changing
D. changed

Đáp án: **A. change**

→ Sau ""a major"" cần danh từ.

---

## 9. Bẫy Email Formal

I am writing ______ inquire about the position.

A. for
B. to
C. at
D. with

Đáp án: **B. to**

→ I am writing to + V.

---

## 10. Bẫy Business English

Please do not hesitate ______ us if you require further information.

A. contact
B. contacting
C. to contact
D. contacted

Đáp án: **C. to contact**

→ hesitate + to-infinitive.

## Mẹo tổng hợp

### Formal Vocabulary

**obtain**

**purchase**

**assist**

**require**

**determine**

**inquire**

**inform**

**provide**

### Formal Structures

**would appreciate it if + S + could + V**

**would like to + V**

**request that + S + V**

**please be advised that + S + V**

**I am writing to + V**

**shall + V**

**must + V**

### Formal Email

**I am writing regarding...**

**Please find attached...**

**We would appreciate...**

**Please do not hesitate to...**

**We look forward to hearing from you.**

",10,2026-08-08 20:29:15.899186,2026-08-08 20:29:15.899186,
717,64,Fine Grammar Distinctions là gì?,"

# Fine Grammar Distinctions là gì?

## 1. Khái niệm

Fine Grammar Distinctions là những khác biệt ngữ pháp **rất nhỏ nhưng ảnh hưởng đến nghĩa, cấu trúc hoặc cách dùng của câu**.

Ở trình độ cao, người học không chỉ cần biết một cấu trúc đúng hay sai mà còn phải biết:

- cấu trúc nào phù hợp hơn
- sắc thái nghĩa khác nhau như thế nào
- từ nào đi với cấu trúc nào
- cách dùng nào tự nhiên hơn trong văn cảnh
- đáp án nào phù hợp nhất với ngữ cảnh TOEIC

## 2. Một số cặp thường gây nhầm lẫn

- say / tell
- make / do
- borrow / lend
- bring / take
- rise / raise
- lay / lie
- affect / effect
- economic / economical
- advice / advise
- principal / principle

## 3. Ví dụ

The manager **said** that the meeting was canceled.

The manager **told** employees that the meeting was canceled.

→ Say và tell có cấu trúc khác nhau.

## 4. Tại sao quan trọng trong TOEIC?

Các câu Part 5 thường đưa ra những đáp án:

- đều có nghĩa gần nhau
- đều là từ đúng trong tiếng Anh
- nhưng chỉ một từ phù hợp với cấu trúc hoặc ngữ cảnh.

## 5. Mẹo TOEIC

Khi các đáp án có nghĩa gần giống nhau:

1. Kiểm tra từ loại.
2. Kiểm tra cấu trúc đi kèm.
3. Kiểm tra nghĩa chính xác.
4. Kiểm tra ngữ cảnh.

",1,2026-08-08 20:30:50.628,2026-08-08 20:30:50.628,
718,64,Say và Tell,"

# Say và Tell

## 1. Say

**say + something**

Ví dụ:

The manager said that the meeting was canceled.

She said she would arrive at noon.

## 2. Tell

**tell + someone + something**

Ví dụ:

The manager told the employees that the meeting was canceled.

She told me the truth.

## 3. Không dùng

She said me the answer. ❌

Đúng:

She said the answer to me. ✅

She told me the answer. ✅

## 4. Say to

Có thể dùng:

**say + something + to + someone**

Ví dụ:

He said goodbye to his colleagues.

## 5. So sánh

| Say | Tell |
|---|---|
| say something | tell someone something |
| say that... | tell someone that... |
| say to someone | tell someone |

## 6. Bẫy TOEIC

The manager ______ employees that the schedule had changed.

A. said
B. told
C. spoke
D. talked

Đáp án: **B. told**

→ Có tân ngữ ""employees"" ngay sau động từ.

",2,2026-08-08 20:30:50.628,2026-08-08 20:30:50.628,
719,64,Do và Make,"

# Do và Make

## 1. Do

DO thường dùng với:

- công việc
- nhiệm vụ
- hoạt động
- công việc chung

Ví dụ:

do homework

do work

do business

do research

do exercise

## 2. Make

MAKE thường dùng khi nói về:

- tạo ra
- sản xuất
- quyết định
- kế hoạch
- sự thay đổi
- kết quả

Ví dụ:

make a decision

make a plan

make a mistake

make a profit

make a reservation

make a payment

## 3. So sánh

I need to **do** some work.

The manager **made** a decision.

## 4. Một số collocations quan trọng

### DO

- do business
- do research
- do work
- do damage
- do exercise
- do a job

### MAKE

- make money
- make a decision
- make an appointment
- make a reservation
- make a complaint
- make progress
- make an effort

## 5. Mẹo TOEIC

Đừng chỉ dịch DO và MAKE thành ""làm"".

Hãy nhớ **collocation** đi kèm.

Ví dụ:

make a decision ✅

do a decision ❌

",3,2026-08-08 20:30:50.628,2026-08-08 20:30:50.628,
720,64,Borrow và Lend,"

# Borrow và Lend

## 1. Borrow

BORROW = mượn từ ai.

Cấu trúc:

**borrow + something + from + someone**

Ví dụ:

I borrowed a book from my colleague.

She borrowed some money from the bank.

## 2. Lend

LEND = cho ai mượn.

Cấu trúc:

**lend + something + to + someone**

hoặc:

**lend + someone + something**

Ví dụ:

The bank lent money to the company.

The bank lent the company money.

## 3. So sánh

I **borrowed** the book from John.

→ Tôi mượn sách từ John.

John **lent** me the book.

→ John cho tôi mượn sách.

## 4. Bẫy TOEIC

The employee ______ a laptop from the company.

A. lent
B. borrowed
C. gave
D. supplied

Đáp án: **B. borrowed**

→ Employee nhận laptop từ công ty để mượn.

## 5. Mẹo

**borrow = nhận để mượn**

**lend = đưa cho người khác mượn**

",4,2026-08-08 20:30:50.628,2026-08-08 20:30:50.628,
721,64,Bring và Take,"

# Bring và Take

## 1. Bring

BRING = mang thứ gì **về phía người nói hoặc địa điểm đang được đề cập**.

Ví dụ:

Please bring your identification card to the meeting.

→ Hãy mang thẻ nhận dạng đến cuộc họp.

## 2. Take

TAKE = mang thứ gì **rời khỏi vị trí hiện tại hoặc đến một địa điểm khác**.

Ví dụ:

Please take these documents to the manager.

→ Hãy mang những tài liệu này đến cho quản lý.

## 3. So sánh

Bring the report here.

→ Mang báo cáo đến đây.

Take the report to the office.

→ Mang báo cáo đến văn phòng.

## 4. Bẫy TOEIC

Please ______ your completed form to the reception desk.

A. bring
B. take
C. borrow
D. lend

Đáp án phụ thuộc vào điểm nhìn/ngữ cảnh, vì vậy phải đọc toàn bộ câu.

## 5. Mẹo

**bring → hướng về nơi/người đang được nói đến**

**take → hướng đi khỏi nơi/người hiện tại**

",5,2026-08-08 20:30:50.628,2026-08-08 20:30:50.628,
722,64,Rise và Raise,"

# Rise và Raise

## 1. Rise

RISE là **nội động từ**.

→ Chủ thể tự tăng/lên.

Cấu trúc:

**something + rise**

Ví dụ:

Prices rose significantly last year.

The temperature is rising.

## 2. Raise

RAISE là **ngoại động từ**.

→ Cần có tân ngữ.

Cấu trúc:

**raise + something**

Ví dụ:

The company raised prices last month.

The manager raised the issue during the meeting.

## 3. So sánh

Prices **rose** by 10%.

The company **raised** prices by 10%.

## 4. Các nghĩa thường gặp của Raise

- raise prices
- raise salaries
- raise funds
- raise an issue
- raise a question
- raise awareness

## 5. Bẫy TOEIC

The company ______ its prices by 5%.

A. rose
B. raised
C. risen
D. raising

Đáp án: **B. raised**

→ Có tân ngữ ""its prices"".

## 6. Mẹo

**rise → không có object**

**raise → có object**

",6,2026-08-08 20:30:50.628,2026-08-08 20:30:50.628,
723,64,Lay và Lie,"

# Lay và Lie

## 1. Lay

LAY = đặt một vật/người xuống.

Là **ngoại động từ**, cần tân ngữ.

Cấu trúc:

**lay + something + somewhere**

Ví dụ:

Please lay the documents on the desk.

## 2. Lie

LIE = nằm.

Là **nội động từ**, không cần tân ngữ.

Ví dụ:

The documents lie on the desk.

## 3. Dạng quá khứ

Đây là phần dễ nhầm:

### Lie = nằm

- present: lie
- past: lay
- past participle: lain

### Lay = đặt

- present: lay
- past: laid
- past participle: laid

## 4. Ví dụ

The employee **laid** the documents on the desk.

The documents **lay** on the desk yesterday.

## 5. Mẹo TOEIC

Nếu động từ có một vật làm tân ngữ:

→ thường cần **lay**.

Nếu chủ thể tự nằm:

→ **lie**.

",7,2026-08-08 20:30:50.628,2026-08-08 20:30:50.628,
724,64,Affect và Effect,"

# Affect và Effect

## 1. Affect

AFFECT thường là **động từ**.

→ ảnh hưởng đến.

Ví dụ:

The new policy affected employee satisfaction.

## 2. Effect

EFFECT thường là **danh từ**.

→ ảnh hưởng, tác động, kết quả.

Ví dụ:

The new policy had a significant effect on employee satisfaction.

## 3. Cấu trúc

### Affect

**affect + object**

The change affected sales.

### Effect

**have an effect on + noun**

The change had an effect on sales.

## 4. Effect với nghĩa ""thực hiện""

Trong văn phong formal, effect đôi khi là động từ với nghĩa:

→ thực hiện / đưa vào hiệu lực.

Ví dụ:

The new policy will take effect next month.

## 5. Bẫy TOEIC

The new policy had a significant ______ on sales.

A. affect
B. effect
C. affecting
D. affected

Đáp án: **B. effect**

→ Sau ""a significant"" cần danh từ.

## 6. Mẹo

**affect → thường là verb**

**effect → thường là noun**

",8,2026-08-08 20:30:50.628,2026-08-08 20:30:50.628,
725,64,Advice và Advise,"

# Advice và Advise

## 1. Advice

ADVICE là **danh từ không đếm được**.

→ lời khuyên.

Ví dụ:

She gave me some advice.

We need professional advice.

## 2. Advise

ADVISE là **động từ**.

→ khuyên / tư vấn.

Ví dụ:

The consultant advised us to revise the plan.

## 3. Cấu trúc Advise

**advise + someone + to V**

Ví dụ:

The manager advised employees to arrive early.

Có thể dùng:

**advise + V-ing**

Ví dụ:

The doctor advised avoiding unnecessary travel.

## 4. Không dùng

an advice ❌

advices ❌

Đúng:

some advice ✅

a piece of advice ✅

## 5. Bẫy TOEIC

The consultant ______ the company to revise its strategy.

A. advice
B. advised
C. advising
D. advises

Đáp án phụ thuộc vào thì, nhưng nếu câu ở quá khứ:

**B. advised**

## 6. Mẹo

**advice = noun**

**advise = verb**

",9,2026-08-08 20:30:50.628,2026-08-08 20:30:50.628,
726,64,Fine Grammar Distinctions trong TOEIC,"

# Fine Grammar Distinctions trong TOEIC

## 1. Say và Tell

The manager ______ employees that the meeting was canceled.

A. said
B. told
C. spoke
D. talked

Đáp án: **B. told**

→ tell + someone + something.

---

## 2. Do và Make

The manager ______ a decision yesterday.

A. did
B. made
C. took
D. performed

Đáp án: **B. made**

→ make a decision.

---

## 3. Borrow và Lend

The employee ______ a laptop from the company.

A. lent
B. borrowed
C. gave
D. offered

Đáp án: **B. borrowed**

→ borrow something from someone.

---

## 4. Rise và Raise

The company ______ employee salaries last year.

A. rose
B. raised
C. risen
D. rising

Đáp án: **B. raised**

→ raise + object.

---

## 5. Affect và Effect

The new policy had a significant ______ on productivity.

A. affect
B. effect
C. affecting
D. affected

Đáp án: **B. effect**

→ have an effect on.

---

## 6. Advice và Advise

The consultant ______ the manager to postpone the meeting.

A. advice
B. advised
C. advising
D. advisory

Đáp án: **B. advised**

→ advise + someone + to V.

---

## 7. Lay và Lie

The assistant ______ the documents on the desk.

A. lay
B. laid
C. lied
D. lain

Đáp án: **B. laid**

→ lay + object; quá khứ là laid.

---

## 8. Formal Vocabulary

The company needs to ______ additional information.

A. get
B. obtain
C. take
D. make

Đáp án: **B. obtain**

→ obtain mang sắc thái formal hơn get.

---

## 9. Cấu trúc động từ

The manager ______ that the schedule had changed.

A. said
B. told
C. said employees
D. told that

Đáp án: **A. said**

→ say + that-clause.

---

## 10. Collocation

The company plans to ______ an appointment with the client.

A. do
B. make
C. take
D. have

Đáp án: **B. make**

→ make an appointment.

## Mẹo tổng hợp

Khi gặp hai đáp án có nghĩa gần nhau, hãy kiểm tra:

### 1. Cấu trúc

say + something

tell + someone + something

### 2. Tân ngữ

rise + không có object

raise + object

### 3. Từ loại

affect → verb

effect → noun

advice → noun

advise → verb

### 4. Collocation

make a decision

make an appointment

do research

do business

### 5. Giới từ đi kèm

borrow something **from** someone

lend something **to** someone

effect **on** something

### 6. Ngữ cảnh

Không phải từ đồng nghĩa nào cũng có thể thay thế cho nhau.

Trong TOEIC, hãy chọn từ **phù hợp nhất với cả cấu trúc và ngữ cảnh**, không chỉ dựa vào nghĩa tiếng Việt.

",10,2026-08-08 20:30:50.628,2026-08-08 20:30:50.628,
727,65,Advanced Verb Complementation là gì?,"

# Advanced Verb Complementation là gì?

## 1. Khái niệm

Verb Complementation là cách một động từ kết hợp với thành phần đứng sau nó để hoàn thành ý nghĩa.

Các dạng thường gặp:

- verb + to-infinitive
- verb + V-ing
- verb + object + to-infinitive
- verb + object + bare infinitive
- verb + that-clause
- verb + preposition + V-ing

## 2. Ví dụ

The manager decided **to postpone** the meeting.

The manager avoided **postponing** the meeting.

The manager advised employees **to arrive** early.

The manager suggested **postponing** the meeting.

## 3. Vì sao quan trọng?

Nhiều động từ có nghĩa gần giống nhau nhưng yêu cầu cấu trúc khác nhau.

Ví dụ:

decide **to do** ✅

avoid **doing** ✅

suggest **doing** ✅

suggest **to do** ❌

## 4. TOEIC

Part 5 thường kiểm tra trực tiếp dạng động từ sau một động từ khác.

Ví dụ:

The company decided ______ the project.

A. postpone
B. postponing
C. to postpone
D. postponed

Đáp án: **C. to postpone**

## 5. Mẹo

Không chỉ học nghĩa của động từ.

Hãy học luôn:

**verb + cấu trúc đi kèm**

",1,2026-08-08 20:31:17.849399,2026-08-08 20:31:17.849399,
728,65,Động từ + To-Infinitive,"

# Verb + To-Infinitive

## 1. Cấu trúc

Một số động từ thường đi với:

**verb + to V**

## 2. Các động từ quan trọng

- agree to do
- decide to do
- hope to do
- plan to do
- want to do
- need to do
- expect to do
- promise to do
- refuse to do
- offer to do
- manage to do
- attempt to do
- intend to do

## 3. Ví dụ

The company decided to expand its operations.

The manager agreed to attend the meeting.

The employee promised to submit the report.

## 4. Một số cấu trúc TOEIC

The company plans **to open** a new branch.

The manager expects **to receive** the report today.

The employee refused **to sign** the document.

## 5. Bẫy

The company decided ______ the project.

A. postpone
B. postponing
C. to postpone
D. postponed

Đáp án: **C. to postpone**

## 6. Mẹo

Khi gặp các động từ:

**decide, plan, hope, agree, promise, refuse**

→ kiểm tra **to + V**.

",2,2026-08-08 20:31:17.849399,2026-08-08 20:31:17.849399,
729,65,Động từ + V-ing,"

# Verb + V-ing

## 1. Cấu trúc

Một số động từ yêu cầu:

**verb + V-ing**

## 2. Các động từ quan trọng

- avoid doing
- enjoy doing
- finish doing
- consider doing
- suggest doing
- recommend doing
- postpone doing
- admit doing
- deny doing
- mind doing
- practice doing
- risk doing

## 3. Ví dụ

The company avoided making unnecessary expenses.

The manager suggested changing the schedule.

The employee admitted making a mistake.

## 4. Recommend

Có thể dùng:

**recommend + V-ing**

Ví dụ:

The consultant recommended improving the website.

Có thể dùng:

**recommend that + S + V**

The consultant recommended that the company improve the website.

## 5. Bẫy TOEIC

The manager suggested ______ the meeting.

A. postpone
B. to postpone
C. postponing
D. postponed

Đáp án: **C. postponing**

## 6. Mẹo

Đặc biệt nhớ:

**avoid + V-ing**

**suggest + V-ing**

**recommend + V-ing**

**consider + V-ing**

",3,2026-08-08 20:31:17.849399,2026-08-08 20:31:17.849399,
744,66,Future Simple và Present Continuous cho tương lai,"

# Future Simple và Present Continuous cho tương lai

## 1. Future Simple

**will + V**

Dùng cho dự đoán, quyết định, lời hứa hoặc sự kiện tương lai chưa được sắp xếp cụ thể.

Ví dụ:

The company will announce the results next week.

## 2. Present Continuous

**am/is/are + V-ing**

Có thể dùng cho một kế hoạch tương lai đã được sắp xếp.

Ví dụ:

The manager is meeting the client tomorrow.

## 3. So sánh

The manager will meet the client tomorrow.

→ Một sự kiện tương lai được dự đoán/thông báo.

The manager is meeting the client tomorrow.

→ Cuộc gặp đã được sắp xếp.

## 4. Lịch trình

Present Simple cũng có thể dùng cho lịch trình chính thức:

The train leaves at 8 a.m. tomorrow.

## 5. Mẹo TOEIC

Phân biệt:

**will → dự đoán/quyết định**

**be V-ing → arrangement**

**Present Simple → schedule/timetable**

",8,2026-08-08 20:32:02.456655,2026-08-08 20:32:02.456655,
730,65,Động từ + Object + To-Infinitive,"

# Verb + Object + To-Infinitive

## 1. Cấu trúc

Một số động từ có cấu trúc:

**verb + object + to V**

## 2. Các động từ thường gặp

- advise someone to do
- allow someone to do
- ask someone to do
- encourage someone to do
- expect someone to do
- invite someone to do
- remind someone to do
- require someone to do
- tell someone to do
- want someone to do
- urge someone to do

## 3. Ví dụ

The manager advised employees to arrive early.

The company requires employees to wear uniforms.

The manager reminded staff to submit the forms.

## 4. So sánh

### Advise

The consultant advised **the company to revise** the policy.

### Suggest

The consultant suggested **revising** the policy.

Không dùng:

The consultant suggested the company to revise the policy. ❌

## 5. Bẫy TOEIC

The manager reminded employees ______ the deadline.

A. meet
B. meeting
C. to meet
D. met

Đáp án: **C. to meet**

## 6. Mẹo

Nếu động từ thuộc nhóm:

**advise / allow / ask / encourage / remind / require / tell**

→ thường kiểm tra:

**verb + object + to V**

",4,2026-08-08 20:31:17.849399,2026-08-08 20:31:17.849399,
731,65,Động từ + Object + Bare Infinitive,"

# Verb + Object + Bare Infinitive

## 1. Khái niệm

Một số động từ cho phép dùng:

**verb + object + bare infinitive**

Bare infinitive = động từ nguyên mẫu **không có to**.

## 2. Make

**make + object + V**

Ví dụ:

The manager made employees work overtime.

Không dùng:

made employees to work ❌

## 3. Let

**let + object + V**

Ví dụ:

The manager let employees leave early.

## 4. Have

Trong cấu trúc sai khiến:

**have + object + V**

Ví dụ:

The manager had the assistant prepare the report.

## 5. Help

Help có thể dùng:

**help + object + V**

hoặc:

**help + object + to V**

Ví dụ:

She helped me complete the form.

She helped me to complete the form.

## 6. Bẫy TOEIC

The manager made the employees ______ overtime.

A. worked
B. working
C. to work
D. work

Đáp án: **D. work**

## 7. Mẹo

Nhớ nhóm:

**make + O + V**

**let + O + V**

**have + O + V**

",5,2026-08-08 20:31:17.849399,2026-08-08 20:31:17.849399,
732,65,Động từ + That-Clause,"

# Verb + That-Clause

## 1. Khái niệm

Một số động từ thường theo sau bởi:

**verb + that + S + V**

## 2. Các động từ quan trọng

- say that
- think that
- believe that
- know that
- explain that
- report that
- announce that
- confirm that
- indicate that
- suggest that

## 3. Ví dụ

The manager announced that the meeting had been canceled.

The report indicates that sales have increased.

The company confirmed that the order had been shipped.

## 4. Say và Tell

### Say

**say + that-clause**

The manager said that the meeting was canceled.

### Tell

**tell + someone + that-clause**

The manager told employees that the meeting was canceled.

## 5. Bẫy TOEIC

The report indicates ______ sales have increased.

A. what
B. that
C. to
D. for

Đáp án: **B. that**

## 6. Mẹo

Nhóm động từ:

**believe / think / know / announce / report / confirm / indicate**

thường có thể đi với:

**that + clause**

",6,2026-08-08 20:31:17.849399,2026-08-08 20:31:17.849399,
733,65,Động từ có nhiều mẫu Complementation,"

# Động từ có nhiều mẫu Complementation

## 1. Remember

### Remember + to V

→ nhớ phải làm việc gì.

Remember to send the email.

### Remember + V-ing

→ nhớ đã làm việc gì.

I remember sending the email.

## 2. Forget

### Forget + to V

→ quên phải làm.

He forgot to send the report.

### Forget + V-ing

→ quên rằng mình đã làm.

He will never forget meeting the client.

## 3. Stop

### Stop + V-ing

→ dừng việc đang làm.

The employee stopped working.

### Stop + to V

→ dừng lại để làm việc khác.

The employee stopped to answer the phone.

## 4. Try

### Try + to V

→ cố gắng làm.

Try to solve the problem.

### Try + V-ing

→ thử làm.

Try restarting the computer.

## 5. Mẹo

Với các động từ này, việc chọn cấu trúc có thể làm thay đổi **nghĩa của cả câu**.

",7,2026-08-08 20:31:17.849399,2026-08-08 20:31:17.849399,
734,65,Gerund sau Giới từ và Verb Patterns,"

# Gerund sau Giới từ

## 1. Quy tắc

Sau giới từ, nếu dùng động từ thì thường phải dùng:

**preposition + V-ing**

Ví dụ:

The manager is interested in improving the system.

The company is responsible for maintaining the equipment.

## 2. Các cấu trúc quan trọng

- interested in doing
- responsible for doing
- capable of doing
- committed to doing
- focused on doing
- concerned about doing
- involved in doing
- look forward to doing

## 3. Look Forward To

Đặc biệt chú ý:

**look forward to + V-ing**

Ví dụ:

We look forward to hearing from you.

Không dùng:

We look forward to hear from you. ❌

## 4. To có thể là giới từ

Trong:

**be committed to doing**

**look forward to doing**

""to"" là giới từ, vì vậy sau đó dùng V-ing.

## 5. Bẫy TOEIC

We look forward to ______ from you.

A. hear
B. hearing
C. heard
D. be heard

Đáp án: **B. hearing**

",8,2026-08-08 20:31:17.849399,2026-08-08 20:31:17.849399,
735,65,Verb Patterns với Passive và Reporting,"

# Verb Patterns với Passive và Reporting

## 1. Một số cấu trúc bị động

### Be expected to V

Employees are expected to follow the rules.

### Be required to V

Employees are required to submit the form.

### Be encouraged to V

Employees are encouraged to attend the training.

### Be allowed to V

Employees are allowed to work remotely.

## 2. Reporting Structure

Một số động từ có thể dùng:

**S + be + past participle + to V**

Ví dụ:

The company is expected to announce the results soon.

The manager is reported to have resigned.

## 3. Hai dạng cần phân biệt

### Hiện tại / tương lai

The company is expected **to increase** sales.

### Hành động xảy ra trước

The company is believed **to have increased** sales.

## 4. Bẫy TOEIC

Employees are required ______ identification badges.

A. wear
B. wearing
C. to wear
D. wore

Đáp án: **C. to wear**

## 5. Mẹo

Nhớ các cấu trúc:

**be required to V**

**be expected to V**

**be encouraged to V**

**be allowed to V**

",9,2026-08-08 20:31:17.849399,2026-08-08 20:31:17.849399,
736,65,Bẫy Advanced Verb Complementation trong TOEIC,"

# Bẫy Advanced Verb Complementation trong TOEIC

## 1. Decide

The company decided ______ the project.

A. postpone
B. postponing
C. to postpone
D. postponed

Đáp án: **C. to postpone**

→ decide + to V.

---

## 2. Avoid

The company avoided ______ unnecessary costs.

A. incur
B. to incur
C. incurring
D. incurred

Đáp án: **C. incurring**

→ avoid + V-ing.

---

## 3. Require

The company requires employees ______ identification badges.

A. wear
B. wearing
C. to wear
D. wore

Đáp án: **C. to wear**

→ require + object + to V.

---

## 4. Make

The manager made the assistant ______ the report.

A. revise
B. to revise
C. revising
D. revised

Đáp án: **A. revise**

→ make + object + bare infinitive.

---

## 5. Suggest

The consultant suggested ______ the schedule.

A. change
B. to change
C. changing
D. changed

Đáp án: **C. changing**

→ suggest + V-ing.

---

## 6. Recommend

The consultant recommended ______ the equipment.

A. replace
B. to replace
C. replacing
D. replaced

Đáp án: **C. replacing**

→ recommend + V-ing.

---

## 7. Look Forward To

We look forward to ______ from you.

A. hear
B. hearing
C. heard
D. be hearing

Đáp án: **B. hearing**

→ look forward to + V-ing.

---

## 8. Remember

Please remember ______ the report by Friday.

A. submit
B. submitting
C. to submit
D. submitted

Đáp án: **C. to submit**

→ remember to V = nhớ phải làm.

---

## 9. Stop

The manager stopped ______ the phone.

A. answer
B. answering
C. to answer
D. answered

Đáp án có thể phụ thuộc ngữ cảnh.

- stopped answering = ngừng trả lời điện thoại
- stopped to answer = dừng việc khác để trả lời điện thoại

## 10. Tổng hợp

Khi gặp Verb Complementation, hãy kiểm tra:

### Verb + to V

decide to do

plan to do

agree to do

hope to do

### Verb + V-ing

avoid doing

suggest doing

recommend doing

consider doing

### Verb + Object + to V

advise someone to do

require someone to do

allow someone to do

remind someone to do

### Verb + Object + V

make someone do

let someone do

have someone do

### Verb + that-clause

say that

believe that

announce that

confirm that

### Preposition + V-ing

interested in doing

responsible for doing

look forward to doing

",10,2026-08-08 20:31:17.849399,2026-08-08 20:31:17.849399,
737,66,Subtle Tense Distinctions là gì?,"

# Subtle Tense Distinctions là gì?

## 1. Khái niệm

Subtle Tense Distinctions là những khác biệt tinh tế giữa các thì khi chúng có thể cùng diễn tả một sự việc nhưng **khác nhau về thời điểm, quá trình, kết quả hoặc mối liên hệ với hiện tại**.

Ở trình độ cao, không thể chỉ dựa vào từ khóa như:

- yesterday
- since
- for
- already
- yet
- tomorrow

mà cần xem **toàn bộ ngữ cảnh**.

## 2. Những cặp dễ nhầm

- Present Perfect / Past Simple
- Present Perfect / Present Perfect Continuous
- Past Simple / Past Continuous
- Past Simple / Past Perfect
- Present Simple / Present Continuous
- Will / Be Going To
- Future Simple / Present Continuous
- Future Perfect / Future Continuous

## 3. Ví dụ

The company **has opened** three branches this year.

→ Nhấn mạnh kết quả tính đến hiện tại.

The company **opened** three branches last year.

→ Một khoảng thời gian đã kết thúc trong quá khứ.

## 4. Mẹo TOEIC

Khi chọn thì:

1. Xác định thời điểm.
2. Xác định hành động đã hoàn thành hay đang diễn ra.
3. Xác định hành động có liên quan đến hiện tại không.
4. Xem mối quan hệ giữa các hành động.

",1,2026-08-08 20:32:02.456655,2026-08-08 20:32:02.456655,
738,66,Present Perfect và Past Simple,"

# Present Perfect và Past Simple

## 1. Present Perfect

Cấu trúc:

**have/has + V3**

Dùng khi hành động:

- xảy ra trong quá khứ nhưng liên quan đến hiện tại
- bắt đầu trong quá khứ và kéo dài đến hiện tại
- xảy ra trong một khoảng thời gian chưa kết thúc

Ví dụ:

The company has opened three new branches this year.

## 2. Past Simple

Cấu trúc:

**V2/ed**

Dùng cho hành động xảy ra và kết thúc tại một thời điểm đã hoàn tất trong quá khứ.

Ví dụ:

The company opened three new branches last year.

## 3. So sánh

I have worked here for five years.

→ Tôi vẫn đang làm việc ở đây.

I worked there for five years.

→ Công việc đó đã kết thúc.

## 4. Dấu hiệu

Present Perfect:

- since
- for
- already
- yet
- recently
- so far
- this week
- this year

Past Simple:

- yesterday
- last week
- last year
- ago
- in 2020

## 5. Mẹo TOEIC

Nếu thời điểm quá khứ **đã kết thúc**:

→ Past Simple.

Nếu khoảng thời gian **chưa kết thúc** hoặc có liên hệ với hiện tại:

→ Present Perfect.

",2,2026-08-08 20:32:02.456655,2026-08-08 20:32:02.456655,
739,66,Present Perfect và Present Perfect Continuous,"

# Present Perfect và Present Perfect Continuous

## 1. Present Perfect

**have/has + V3**

Thường nhấn mạnh:

- kết quả
- số lần
- thành tích
- việc đã hoàn thành

Ví dụ:

The company has completed five projects this year.

→ Nhấn mạnh kết quả: đã hoàn thành 5 dự án.

## 2. Present Perfect Continuous

**have/has + been + V-ing**

Thường nhấn mạnh:

- quá trình
- thời gian kéo dài
- hoạt động đang hoặc vừa mới diễn ra

Ví dụ:

The company has been working on the project for six months.

→ Nhấn mạnh quá trình kéo dài.

## 3. So sánh

I have written three reports.

→ Nhấn mạnh số lượng/kết quả.

I have been writing reports all morning.

→ Nhấn mạnh hoạt động kéo dài.

## 4. Lưu ý

Một số động từ trạng thái thường không dùng ở dạng continuous:

- know
- believe
- understand
- own
- belong
- need

Ví dụ:

I have known him for ten years.

Không dùng:

I have been knowing him for ten years. ❌

## 5. Mẹo TOEIC

**Kết quả/số lượng → Present Perfect**

**Quá trình/thời lượng → Present Perfect Continuous**

",3,2026-08-08 20:32:02.456655,2026-08-08 20:32:02.456655,
740,66,Past Simple và Past Continuous,"

# Past Simple và Past Continuous

## 1. Past Simple

Dùng cho hành động đã xảy ra và kết thúc trong quá khứ.

Ví dụ:

The manager arrived at 9 a.m.

## 2. Past Continuous

**was/were + V-ing**

Dùng cho hành động đang diễn ra tại một thời điểm trong quá khứ.

Ví dụ:

The manager was meeting with a client at 9 a.m.

## 3. Hai hành động

Một hành động đang diễn ra thì hành động khác xảy ra:

**Past Continuous + when + Past Simple**

Ví dụ:

The manager was speaking when the phone rang.

## 4. Hai hành động diễn ra song song

**Past Continuous + while + Past Continuous**

Ví dụ:

The manager was reviewing the report while the assistant was preparing the presentation.

## 5. Mẹo TOEIC

Hỏi:

""Đang diễn ra hay đã hoàn thành?""

→ Đang diễn ra tại thời điểm quá khứ: Past Continuous.

→ Hành động hoàn tất: Past Simple.

",4,2026-08-08 20:32:02.456655,2026-08-08 20:32:02.456655,
741,66,Past Simple và Past Perfect,"

# Past Simple và Past Perfect

## 1. Past Perfect

Cấu trúc:

**had + V3**

Dùng để diễn tả hành động xảy ra **trước một hành động khác trong quá khứ**.

Ví dụ:

The meeting had started before the manager arrived.

## 2. Past Simple

The manager arrived at 9 a.m.

→ Hành động xảy ra sau.

## 3. Trình tự

**Past Perfect → Past Simple**

Ví dụ:

The company had completed the project before the client visited the office.

## 4. Khi nào không cần Past Perfect?

Nếu thứ tự thời gian đã rõ hoặc câu chỉ nói về một sự kiện quá khứ, Past Simple có thể đủ.

Ví dụ:

After the manager arrived, the meeting started.

## 5. Mẹo TOEIC

Nếu có **hai hành động trong quá khứ**, hãy tìm hành động xảy ra trước.

→ Hành động xảy ra trước: thường dùng Past Perfect.

→ Hành động xảy ra sau: Past Simple.

",5,2026-08-08 20:32:02.456655,2026-08-08 20:32:02.456655,
742,66,Present Simple và Present Continuous,"

# Present Simple và Present Continuous

## 1. Present Simple

Dùng cho:

- thói quen
- sự thật
- lịch trình
- trạng thái
- hoạt động thường xuyên

Ví dụ:

The store opens at 8 a.m.

The company provides training every month.

## 2. Present Continuous

**am/is/are + V-ing**

Dùng cho:

- hành động đang diễn ra
- tình huống tạm thời
- kế hoạch đã sắp xếp trong tương lai

Ví dụ:

The manager is meeting a client now.

The company is expanding its operations this year.

## 3. So sánh

The company operates in three countries.

→ Hoạt động thường xuyên/thực tế.

The company is expanding into a new market.

→ Hoạt động đang diễn ra.

## 4. State Verbs

Một số động từ thường không dùng continuous:

- know
- believe
- understand
- own
- need
- want
- prefer

## 5. Mẹo TOEIC

Nếu câu nói về:

**thói quen/sự thật/lịch trình → Present Simple**

**đang diễn ra/tạm thời/kế hoạch đã sắp xếp → Present Continuous**

",6,2026-08-08 20:32:02.456655,2026-08-08 20:32:02.456655,
743,66,Will và Be Going To,"

# Will và Be Going To

## 1. Will

**will + V**

Thường dùng cho:

- quyết định được đưa ra tại thời điểm nói
- dự đoán
- lời hứa
- đề nghị

Ví dụ:

I'll call the client now.

I will send you the report tomorrow.

## 2. Be Going To

**am/is/are going to + V**

Thường dùng cho:

- kế hoạch đã có trước
- dự đoán dựa trên dấu hiệu hiện tại

Ví dụ:

We are going to launch a new product next month.

Look at those clouds. It is going to rain.

## 3. So sánh

A: The phone is ringing.

B: I'll answer it.

→ Quyết định ngay lúc nói.

We are going to open a new branch next year.

→ Kế hoạch đã có.

## 4. Mẹo TOEIC

Không phải lúc nào ""tomorrow"" cũng bắt buộc dùng will.

Hãy xem:

- quyết định ngay lúc nói → will
- kế hoạch có trước → be going to

",7,2026-08-08 20:32:02.456655,2026-08-08 20:32:02.456655,
745,66,Future Perfect và Future Continuous,"

# Future Perfect và Future Continuous

## 1. Future Perfect

**will have + V3**

Dùng khi một hành động sẽ hoàn thành trước một thời điểm trong tương lai.

Ví dụ:

By Friday, the company will have completed the project.

→ Đến thứ Sáu, dự án sẽ hoàn thành.

## 2. Future Continuous

**will be + V-ing**

Dùng cho hành động đang diễn ra tại một thời điểm trong tương lai.

Ví dụ:

At 10 a.m. tomorrow, the manager will be meeting with clients.

## 3. So sánh

By next month, we will have completed the project.

→ Nhấn mạnh hoàn thành.

At this time next month, we will be working on the project.

→ Nhấn mạnh đang diễn ra.

## 4. Dấu hiệu

Future Perfect:

- by tomorrow
- by next week
- by the end of the year
- by then

Future Continuous:

- at this time tomorrow
- at 9 a.m. tomorrow
- this time next week

## 5. Mẹo TOEIC

**By + thời điểm tương lai → thường kiểm tra Future Perfect**

**At + thời điểm cụ thể trong tương lai → thường kiểm tra Future Continuous**

",9,2026-08-08 20:32:02.456655,2026-08-08 20:32:02.456655,
746,66,Bẫy Subtle Tense Distinctions trong TOEIC,"

# Bẫy Subtle Tense Distinctions trong TOEIC

## 1. Present Perfect vs Past Simple

The company ______ three branches this year.

A. opened
B. has opened
C. opens
D. was opening

Đáp án: **B. has opened**

→ ""this year"" là khoảng thời gian chưa kết thúc.

---

## 2. Past Perfect

The meeting ______ before the manager arrived.

A. started
B. has started
C. had started
D. starts

Đáp án: **C. had started**

→ Cuộc họp xảy ra trước hành động ""arrived"".

---

## 3. Past Continuous

The manager ______ with a client when the phone rang.

A. spoke
B. was speaking
C. has spoken
D. had spoken

Đáp án: **B. was speaking**

→ Một hành động đang diễn ra thì hành động khác xảy ra.

---

## 4. Present Perfect Continuous

The company ______ on the project for six months.

A. works
B. worked
C. has been working
D. had worked

Đáp án: **C. has been working**

→ Nhấn mạnh quá trình kéo dài đến hiện tại.

---

## 5. Present Simple

The store ______ at 8 a.m. every day.

A. is opening
B. opens
C. opened
D. has opened

Đáp án: **B. opens**

→ Thói quen/lịch trình thường xuyên.

---

## 6. Present Continuous cho tương lai

The manager ______ the client tomorrow.

A. meets
B. met
C. is meeting
D. has met

Đáp án: **C. is meeting**

→ Cuộc gặp đã được sắp xếp.

---

## 7. Will

The phone is ringing. I ______ answer it.

A. am going to
B. will
C. have
D. am

Đáp án: **B. will**

→ Quyết định ngay tại thời điểm nói.

---

## 8. Future Perfect

By the end of this month, we ______ the project.

A. complete
B. completed
C. will complete
D. will have completed

Đáp án: **D. will have completed**

→ Hoàn thành trước một thời điểm tương lai.

---

## 9. Future Continuous

At 10 a.m. tomorrow, the manager ______ with the client.

A. meets
B. will meet
C. will be meeting
D. has met

Đáp án: **C. will be meeting**

→ Hành động đang diễn ra tại một thời điểm tương lai.

---

## 10. Tổng hợp

Khi phân biệt các thì nâng cao, hãy kiểm tra:

### Present Perfect

**have/has + V3**

→ kết quả hoặc khoảng thời gian liên quan đến hiện tại.

### Present Perfect Continuous

**have/has been + V-ing**

→ quá trình kéo dài.

### Past Perfect

**had + V3**

→ xảy ra trước một hành động quá khứ khác.

### Past Continuous

**was/were + V-ing**

→ đang diễn ra tại một thời điểm quá khứ.

### Future Perfect

**will have + V3**

→ hoàn thành trước thời điểm tương lai.

### Future Continuous

**will be + V-ing**

→ đang diễn ra tại thời điểm tương lai.

## Mẹo cuối

Đừng học thì chỉ bằng ""từ khóa"".

Hãy xác định:

1. **Khi nào hành động xảy ra?**
2. **Hành động đã hoàn thành chưa?**
3. **Hành động có kéo dài không?**
4. **Có hành động nào xảy ra trước hành động khác không?**
5. **Hành động có liên quan đến hiện tại không?**
6. **Đó là kế hoạch, lịch trình hay quyết định tức thời?**

",10,2026-08-08 20:32:02.456655,2026-08-08 20:32:02.456655,
747,67,Advanced Article Usage là gì?,"

# Advanced Article Usage là gì?

## 1. Khái niệm

Mạo từ (Articles) gồm:

- a
- an
- the
- zero article (không dùng mạo từ)

Ở trình độ nâng cao, TOEIC không chỉ kiểm tra việc chọn **a/an/the**, mà còn kiểm tra trường hợp **không dùng mạo từ**.

## 2. Ba trường hợp cơ bản

### A / AN

Dùng với danh từ đếm được số ít khi nói về một đối tượng chưa xác định.

Ví dụ:

I saw **a** customer.

She is **an** engineer.

### THE

Dùng khi người nghe/người đọc có thể xác định đối tượng đang được nói đến.

Ví dụ:

I read **the** report you sent me.

### Zero Article

Không dùng mạo từ trong một số trường hợp.

Ví dụ:

Employees need training.

Information is important.

## 3. TOEIC

Bẫy thường xuất hiện với:

- danh từ số ít
- danh từ số nhiều
- danh từ không đếm được
- tên riêng
- địa danh
- chức danh
- tên tổ chức
- phương tiện giao thông
- địa điểm
- khái niệm trừu tượng

## 4. Mẹo

Trước khi chọn article, hãy hỏi:

**Danh từ này có xác định không?**

Sau đó kiểm tra:

- số ít hay số nhiều?
- đếm được hay không đếm được?
- tên riêng hay danh từ thường?

",1,2026-08-08 20:32:35.499933,2026-08-08 20:32:35.499933,
748,67,A và AN theo âm đọc,"

# A và AN theo âm đọc

## 1. Quy tắc quan trọng

Không chọn A hay AN dựa hoàn toàn vào chữ cái đầu.

Phải dựa vào **âm đầu tiên của từ**.

### A

Dùng trước âm phụ âm.

Ví dụ:

- a book
- a company
- a university
- a European country
- a useful tool

### AN

Dùng trước âm nguyên âm.

Ví dụ:

- an employee
- an hour
- an engineer
- an honest person
- an MBA

## 2. University

University bắt đầu bằng âm /juː/.

Vì vậy:

**a university** ✅

Không phải:

an university ❌

## 3. Hour

Hour có âm /aʊə/ và chữ ""h"" không được phát âm.

Vì vậy:

**an hour** ✅

## 4. Từ viết tắt

Xét cách đọc chữ cái đầu.

Ví dụ:

**an MBA**

M được đọc /em/.

**an FBI agent**

F được đọc /ef/.

## 5. Bẫy TOEIC

The company hired ______ experienced engineer.

A. a
B. an
C. the
D. no article

Đáp án: **B. an**

Vì ""experienced"" bắt đầu bằng âm nguyên âm.

",2,2026-08-08 20:32:35.499933,2026-08-08 20:32:35.499933,
749,67,A và AN với danh từ nghề nghiệp và chức danh,"

# A và AN với danh từ nghề nghiệp và chức danh

## 1. Nghề nghiệp

Khi nói một người thuộc một nghề nghiệp, danh từ nghề nghiệp số ít đếm được thường cần:

**a/an + occupation**

Ví dụ:

She is **a manager**.

He is **an accountant**.

She became **an engineer**.

## 2. Sau become

Become không làm mất mạo từ.

Ví dụ:

He became a manager.

She became an executive.

## 3. Chức danh

Khi chức danh được dùng như danh từ thường:

The company hired **a new director**.

She is **an experienced manager**.

## 4. Khi chức danh đứng trước tên riêng

Thường không dùng article.

Ví dụ:

**President Smith** attended the meeting.

**Director Brown** approved the proposal.

## 5. So sánh

The company appointed **John Smith president**.

→ Chức danh được dùng như bổ ngữ.

The company hired **a president**.

→ Một chức danh/danh từ đếm được thông thường.

## 6. Bẫy TOEIC

Ms. Brown was appointed ______ director of the department.

A. a
B. an
C. the
D. no article

Đáp án: **D. no article**

",3,2026-08-08 20:32:35.499933,2026-08-08 20:32:35.499933,
750,67,The với đối tượng đã xác định,"

# The với đối tượng đã xác định

## 1. Khái niệm

THE được dùng khi danh từ đã được xác định rõ bởi:

- ngữ cảnh
- thông tin phía sau
- một mệnh đề quan hệ
- tình huống cụ thể
- việc đã được đề cập trước đó

## 2. Đề cập lần đầu và lần sau

Ví dụ:

I saw **a report** on the desk.

**The report** contained several errors.

Lần đầu → a report.

Lần sau → the report.

## 3. Có cụm bổ nghĩa xác định

Ví dụ:

Please review **the report from the accounting department**.

""from the accounting department"" xác định report nào.

## 4. Có mệnh đề quan hệ

Ví dụ:

The employee **who submitted the report** received an award.

## 5. So sánh

I need **a report**.

→ Bất kỳ một báo cáo nào.

I need **the report** from yesterday.

→ Một báo cáo cụ thể.

## 6. Mẹo TOEIC

Nếu sau danh từ có:

- from...
- in...
- on...
- that...
- which...
- who...

hãy kiểm tra xem cụm đó có làm danh từ trở nên **xác định** hay không.

",4,2026-08-08 20:32:35.499933,2026-08-08 20:32:35.499933,
751,67,The với danh từ duy nhất và duy nhất trong ngữ cảnh,"

# The với danh từ duy nhất

## 1. Đối tượng duy nhất

Dùng THE với những đối tượng được xem là duy nhất trong một ngữ cảnh.

Ví dụ:

the sun

the moon

the Earth

the Internet

## 2. Đối tượng duy nhất trong tình huống

Không nhất thiết phải duy nhất trên toàn thế giới.

Ví dụ:

Please close **the door**.

→ Trong căn phòng đang nói đến, người nghe biết cửa nào.

## 3. So sánh

There is **a door** in the room.

→ Một cánh cửa, chưa xác định.

Please close **the door**.

→ Cánh cửa cụ thể mà cả hai cùng biết.

## 4. TOEIC

Please send the invoice to ______ accounting department.

A. a
B. an
C. the
D. no article

Đáp án thường là:

**C. the**

nếu đang nói đến một bộ phận cụ thể của công ty.

## 5. Mẹo

THE không nhất thiết có nghĩa ""duy nhất trên thế giới"".

Nó có thể chỉ đơn giản là:

**duy nhất trong ngữ cảnh đang nói.**

",5,2026-08-08 20:32:35.499933,2026-08-08 20:32:35.499933,
752,67,Zero Article với danh từ số nhiều,"

# Zero Article với danh từ số nhiều

## 1. Khái niệm

Danh từ đếm được số nhiều khi nói chung thường **không cần article**.

Ví dụ:

Employees need training.

Customers expect good service.

Companies must follow regulations.

## 2. So sánh

### Nói chung

Employees need training.

→ Nhân viên nói chung.

### Nói về nhóm cụ thể

The employees in this department need training.

→ Những nhân viên cụ thể trong bộ phận này.

## 3. Danh từ số nhiều

Không dùng:

The employees need training.

nếu muốn nói **tất cả nhân viên nói chung**.

Dùng:

Employees need training.

## 4. TOEIC

______ employees must complete the training.

A. A
B. An
C. The
D. No article

Nếu nói chung về nhân viên:

**D. No article**

## 5. Mẹo

Danh từ số nhiều + nghĩa khái quát:

→ thường **không có article**.

Danh từ số nhiều + nhóm cụ thể:

→ thường dùng **the**.

",6,2026-08-08 20:32:35.499933,2026-08-08 20:32:35.499933,
753,67,Zero Article với danh từ không đếm được,"

# Zero Article với danh từ không đếm được

## 1. Danh từ không đếm được nói chung

Khi danh từ không đếm được mang nghĩa chung, thường không dùng article.

Ví dụ:

Information is important.

Money cannot solve every problem.

Experience is valuable.

Equipment must be maintained.

## 2. So sánh với THE

### Nói chung

Information is important.

→ Thông tin nói chung.

### Cụ thể

The information in this report is useful.

→ Thông tin cụ thể trong báo cáo này.

## 3. Không dùng A/AN

Không nói:

an information ❌

a money ❌

an equipment ❌

## 4. Muốn đếm

Có thể dùng đơn vị:

a piece of information

a sum of money

a piece of equipment

## 5. Bẫy TOEIC

______ information provided by the applicant was incomplete.

A. A
B. An
C. The
D. No article

Đáp án: **C. The**

Vì ""provided by the applicant"" xác định loại information nào.

",7,2026-08-08 20:32:35.499933,2026-08-08 20:32:35.499933,
754,67,The với địa danh và tên địa lý,"

# The với địa danh và tên địa lý

## 1. Thường không dùng THE

Tên:

- quốc gia đơn
- thành phố
- bang
- đường phố
- hồ đơn
- núi đơn

Ví dụ:

Vietnam

Japan

London

Tokyo

Lake Victoria

Mount Everest

## 2. Thường dùng THE

### Sông

the Mekong

the Amazon

### Biển và đại dương

the Pacific Ocean

the Atlantic Ocean

### Dãy núi

the Alps

the Himalayas

### Sa mạc

the Sahara

### Quốc gia có dạng đặc biệt

the United States

the United Kingdom

the Netherlands

## 3. Tên có Republic / Kingdom / States

Ví dụ:

the United States

the United Kingdom

the Czech Republic

## 4. Bẫy TOEIC

The company has offices in ______ United States and Canada.

A. a
B. an
C. the
D. no article

Đáp án: **C. the**

## 5. Mẹo

Học theo **nhóm địa danh**, không nên học từng tên riêng biệt.

",8,2026-08-08 20:32:35.499933,2026-08-08 20:32:35.499933,
755,67,"The với phương tiện, địa điểm và tổ chức","

# The với phương tiện, địa điểm và tổ chức

## 1. Phương tiện giao thông

Một số cách dùng:

by car

by train

by bus

→ thường không có article sau ""by"".

Nhưng:

take **the bus**

take **the train**

→ dùng THE khi nói đến phương tiện cụ thể.

## 2. Địa điểm

Một số địa điểm có thể dùng article tùy nghĩa.

Ví dụ:

go to school

→ đi học với mục đích chính.

go to the school

→ đi đến tòa nhà trường học.

## 3. Bed / hospital / prison

Khi nói về chức năng chính của địa điểm, đôi khi không dùng article:

go to bed

be in hospital

go to prison

Khi nói về địa điểm cụ thể, có thể dùng THE:

sit on the bed

visit the hospital

go to the prison

## 4. Tổ chức

Tên tổ chức có thể chứa THE:

the United Nations

the World Bank

the European Union

## 5. Mẹo TOEIC

Đừng học:

""school = không có the""

Hãy xét:

**đang nói về chức năng hay tòa nhà/địa điểm cụ thể?**

",9,2026-08-08 20:32:35.499933,2026-08-08 20:32:35.499933,
756,67,Bẫy Advanced Article Usage trong TOEIC,"

# Bẫy Advanced Article Usage trong TOEIC

## 1. Nghề nghiệp

She is ______ experienced accountant.

A. a
B. an
C. the
D. no article

Đáp án: **B. an**

→ an + âm nguyên âm.

---

## 2. Danh từ số nhiều nói chung

______ employees must follow company policies.

A. A
B. An
C. The
D. No article

Đáp án: **D. No article**

→ employees mang nghĩa chung.

---

## 3. Danh từ số nhiều xác định

______ employees in the accounting department must attend the meeting.

A. A
B. An
C. The
D. No article

Đáp án: **C. The**

→ nhóm nhân viên đã được xác định.

---

## 4. Danh từ không đếm được nói chung

______ information is valuable.

A. A
B. An
C. The
D. No article

Đáp án: **D. No article**

---

## 5. Danh từ không đếm được xác định

______ information in the report is inaccurate.

A. A
B. An
C. The
D. No article

Đáp án: **C. The**

→ information được xác định bởi ""in the report"".

---

## 6. Chức danh

John Smith was appointed ______ director.

A. a
B. an
C. the
D. no article

Đáp án: **D. no article**

→ appointed + chức danh.

---

## 7. Địa danh

The company has an office in ______ United Kingdom.

A. a
B. an
C. the
D. no article

Đáp án: **C. the**

---

## 8. A/AN theo âm

The company hired ______ MBA graduate.

A. a
B. an
C. the
D. no article

Đáp án: **B. an**

→ MBA đọc bắt đầu bằng âm /em/.

---

## 9. School

She goes to ______ school every morning.

A. a
B. an
C. the
D. no article

Đáp án: **D. no article**

→ go to school = đi học.

---

## 10. Tổng hợp

Khi làm bài về Articles, hãy kiểm tra theo thứ tự:

### Bước 1

Danh từ có đếm được không?

### Bước 2

Nếu đếm được số ít:

→ thường cần **a/an/the**.

### Bước 3

Nếu số nhiều:

→ kiểm tra nghĩa chung hay cụ thể.

### Bước 4

Nếu không đếm được:

→ kiểm tra nghĩa chung hay cụ thể.

### Bước 5

Kiểm tra tên riêng và địa danh.

### Bước 6

Kiểm tra cách dùng đặc biệt:

- school
- hospital
- prison
- bed
- work
- home
- transportation
- titles

## Công thức nhớ

**A/AN → một đối tượng chưa xác định**

**THE → đối tượng xác định**

**ZERO ARTICLE → nghĩa chung trong nhiều trường hợp**

",10,2026-08-08 20:32:35.499933,2026-08-08 20:32:35.499933,
757,68,Advanced Noun Structures là gì?,"

# Advanced Noun Structures là gì?

## 1. Khái niệm

Advanced Noun Structures là cách sử dụng danh từ và các cụm danh từ phức tạp trong tiếng Anh.

Trong TOEIC nâng cao, câu hỏi thường kiểm tra:

- danh từ số ít và số nhiều
- danh từ ghép
- cụm danh từ
- danh từ có nhiều thành phần bổ nghĩa
- danh từ đếm được và không đếm được
- sở hữu cách
- noun + noun
- compound nouns
- collective nouns
- danh từ trừu tượng

## 2. Cụm danh từ

Một noun phrase có thể có dạng:

**determiner + adjective + noun + prepositional phrase**

Ví dụ:

the new marketing strategy

the company's annual financial report

the updated safety regulations for employees

## 3. Thành phần bổ nghĩa

Ví dụ:

the **new** employee

→ adjective + noun

the employee **from the accounting department**

→ noun + prepositional phrase

the report **that the manager submitted**

→ noun + relative clause

## 4. TOEIC

Trong Part 5 và Part 6, nhiều câu yêu cầu xác định:

- từ loại
- số ít/số nhiều
- danh từ chính
- thành phần bổ nghĩa

## 5. Mẹo

Khi gặp một cụm danh từ dài, hãy tìm:

**HEAD NOUN = danh từ chính**

Sau đó mới xác định dạng đúng.

",1,2026-08-08 20:33:04.469257,2026-08-08 20:33:04.469257,
758,68,Danh từ chính trong cụm danh từ,"

# Head Noun trong cụm danh từ

## 1. Khái niệm

Head noun là danh từ chính quyết định:

- số ít/số nhiều
- sự hòa hợp với động từ
- cách sử dụng determiner

Ví dụ:

The **quality** of the products is excellent.

Danh từ chính là:

**quality**

Không phải:

products

## 2. Cấu trúc OF

Một dạng dễ gây nhầm:

**noun + of + noun**

Ví dụ:

The quality of the products is important.

→ Chủ ngữ chính là **quality**.

## 3. Ví dụ TOEIC

The number of employees ______ increased.

A. have
B. has
C. are
D. were

Đáp án:

**B. has**

Vì head noun là:

**number**

## 4. Không bị đánh lừa bởi danh từ sau OF

The cost of the materials is high.

→ cost là chủ ngữ.

The price of the products has increased.

→ price là chủ ngữ.

## 5. Mẹo

Khi gặp:

**the + noun + of + noun**

hãy xác định danh từ đứng trước **of**.

",2,2026-08-08 20:33:04.469257,2026-08-08 20:33:04.469257,
759,68,Noun + Noun và Compound Nouns,"

# Noun + Noun và Compound Nouns

## 1. Khái niệm

Hai hoặc nhiều danh từ có thể kết hợp để tạo thành một cụm danh từ.

Ví dụ:

- company policy
- employee training
- sales report
- customer service
- marketing strategy
- business meeting

Danh từ đầu thường bổ nghĩa cho danh từ sau.

## 2. Danh từ chính

Trong:

**company policy**

→ policy là danh từ chính.

Trong:

**employee training**

→ training là danh từ chính.

## 3. Số nhiều

Thông thường danh từ chính mới nhận dạng số nhiều.

Ví dụ:

employee training

employee trainings ❌ trong nghĩa đào tạo nói chung.

Nhưng:

training programs

→ programs là danh từ chính và có thể số nhiều.

## 4. Ví dụ TOEIC

The company provides employee ______.

A. training
B. trainings
C. trained
D. train

Đáp án: **A. training**

## 5. Mẹo

Trong:

**Noun + Noun**

hãy xác định:

**danh từ thứ hai thường là head noun.**

",3,2026-08-08 20:33:04.469257,2026-08-08 20:33:04.469257,
760,68,Compound Nouns và số nhiều,"

# Compound Nouns và số nhiều

## 1. Nguyên tắc

Trong danh từ ghép, thành phần chính thường quyết định dạng số nhiều.

Ví dụ:

- sales manager → sales managers
- company policy → company policies
- credit card → credit cards
- customer service representative → customer service representatives

## 2. Danh từ chính ở cuối

Ví dụ:

three sales managers

→ managers là head noun.

two credit cards

→ cards là head noun.

## 3. Một số trường hợp đặc biệt

Có những compound nouns có dạng không theo quy tắc đơn giản.

Ví dụ:

- mother-in-law → mothers-in-law
- passer-by → passers-by
- editor-in-chief → editors-in-chief

## 4. TOEIC

The company hired several sales ______.

A. manager
B. managers
C. managing
D. management

Đáp án: **B. managers**

## 5. Mẹo

Đừng thấy ""sales"" rồi chọn số nhiều.

Trong:

**sales manager**

→ manager mới là danh từ chính.

",4,2026-08-08 20:33:04.469257,2026-08-08 20:33:04.469257,
761,68,Sở hữu cách và Possessive Noun Structures,"

# Possessive Noun Structures

## 1. Sở hữu cách với người

**person's + noun**

Ví dụ:

the manager's office

the employee's desk

the company's policy

## 2. Danh từ số nhiều

Danh từ số nhiều tận cùng bằng -s:

**employees' benefits**

**customers' complaints**

## 3. Danh từ số nhiều bất quy tắc

Ví dụ:

children's books

men's clothing

women's shoes

## 4. Of-phrase

Có thể dùng:

the company's policy

hoặc:

the policy of the company

Trong văn phong kinh doanh, possessive noun thường rất phổ biến.

## 5. Hai tầng sở hữu

Ví dụ:

the company's manager's office

→ văn phạm có thể đúng nhưng thường gây nặng câu.

Có thể viết:

the office of the company's manager

hoặc:

the manager's office

## 6. TOEIC

The ______ benefits have been improved.

A. employee
B. employee's
C. employees
D. employees'

Nếu nói lợi ích của nhiều nhân viên:

**D. employees'**

",5,2026-08-08 20:33:04.469257,2026-08-08 20:33:04.469257,
762,68,Countable và Uncountable Noun nâng cao,"

# Countable và Uncountable Noun nâng cao

## 1. Danh từ đếm được

Có thể dùng:

- a/an
- one
- many
- several
- few
- numbers

Ví dụ:

a document

three documents

several documents

## 2. Danh từ không đếm được

Không dùng trực tiếp với:

- a/an
- one
- many

Ví dụ:

information

equipment

advice

research

furniture

## 3. Các danh từ TOEIC dễ nhầm

### Information

information ✅

informations ❌

### Equipment

equipment ✅

equipments ❌

### Advice

advice ✅

advices ❌

### Research

research ✅

researches ❌ khi nói chung về hoạt động nghiên cứu.

## 4. Muốn đếm

Dùng đơn vị:

a piece of information

a piece of equipment

a piece of advice

a research study

## 5. Mẹo

Không phải danh từ có thể dịch sang tiếng Việt bằng ""một"" đều dùng được với **a/an**.

",6,2026-08-08 20:33:04.469257,2026-08-08 20:33:04.469257,
763,68,Collective Nouns,"

# Collective Nouns

## 1. Khái niệm

Collective nouns là danh từ chỉ một nhóm người hoặc vật.

Ví dụ:

- team
- staff
- committee
- company
- family
- audience
- government
- department

## 2. Danh từ tập hợp như một đơn vị

The team **is** preparing the presentation.

→ team được xem như một đơn vị.

## 3. Khi nhấn mạnh các thành viên

Trong một số biến thể tiếng Anh, collective noun có thể đi với động từ số nhiều khi nhấn mạnh từng thành viên.

Ví dụ:

The team are discussing different solutions.

Cách dùng này phổ biến hơn trong British English.

## 4. TOEIC

Trong TOEIC, đặc biệt với American English, thường ưu tiên xem collective noun như danh từ số ít.

Ví dụ:

The committee **has** approved the proposal.

## 5. Mẹo

Các từ:

- team
- committee
- company
- department
- government

thường được xử lý như danh từ số ít khi nói về tổ chức/nhóm như một đơn vị.

",7,2026-08-08 20:33:04.469257,2026-08-08 20:33:04.469257,
764,68,Noun + Prepositional Phrase,"

# Noun + Prepositional Phrase

## 1. Cấu trúc

Danh từ có thể được bổ nghĩa bởi cụm giới từ:

**noun + preposition + noun**

Ví dụ:

the report on sales

the manager of the department

the information about the project

the employees in the office

## 2. Xác định danh từ chính

Ví dụ:

The number of applicants for the position has increased.

Head noun:

**number**

Không phải:

applicants

position

## 3. Cụm dài

Ví dụ:

The cost of the new equipment for the factory has increased.

Head noun:

**cost**

Các thành phần còn lại chỉ bổ nghĩa.

## 4. TOEIC

The quality of the products ______ improved.

A. have
B. has
C. are
D. were

Đáp án: **B. has**

## 5. Mẹo

Khi noun phrase dài, hãy bỏ tạm phần:

**of + noun**

để tìm head noun.

Ví dụ:

The quality **of the products** is excellent.

→ The quality is excellent.

",8,2026-08-08 20:33:04.469257,2026-08-08 20:33:04.469257,
765,68,Advanced Noun Phrase với nhiều tầng bổ nghĩa,"

# Advanced Noun Phrase

## 1. Khái niệm

Một cụm danh từ nâng cao có thể chứa nhiều thành phần:

**Determiner + adjective + noun + prepositional phrase + relative clause**

Ví dụ:

The new marketing strategy for international customers that the company introduced last year has been successful.

## 2. Xác định head noun

Trong câu trên:

**strategy**

là head noun.

Các thành phần còn lại bổ nghĩa cho nó.

## 3. Cách phân tích

### Bước 1

Tìm danh từ trung tâm.

### Bước 2

Xác định adjective.

### Bước 3

Xác định cụm giới từ.

### Bước 4

Xác định relative clause.

### Bước 5

Kiểm tra số ít/số nhiều.

## 4. Ví dụ

The updated safety regulations for factory employees are effective immediately.

Head noun:

**regulations**

→ số nhiều

→ động từ:

**are**

## 5. Mẹo TOEIC

Đừng chọn động từ theo danh từ gần nhất.

Hãy chọn theo:

**HEAD NOUN**

",9,2026-08-08 20:33:04.469257,2026-08-08 20:33:04.469257,
766,68,Bẫy Advanced Noun Structures trong TOEIC,"

# Bẫy Advanced Noun Structures trong TOEIC

## 1. Head Noun

The quality of the products ______ excellent.

A. are
B. were
C. is
D. have

Đáp án: **C. is**

→ Head noun = quality.

---

## 2. Number of

The number of employees ______ increased.

A. have
B. has
C. are
D. were

Đáp án: **B. has**

→ number là số ít.

---

## 3. A number of

A number of employees ______ absent today.

A. is
B. has
C. are
D. was

Đáp án: **C. are**

→ a number of + plural noun = nhiều nhân viên.

---

## 4. Compound Noun

The company provides employee ______.

A. training
B. trainings
C. trained
D. trains

Đáp án: **A. training**

---

## 5. Possessive

The ______ meeting will be held tomorrow.

A. managers
B. manager
C. manager's
D. managers

Nếu nói cuộc họp của một manager:

**C. manager's**

---

## 6. Plural Possessive

The ______ complaints were investigated.

A. customers
B. customer's
C. customers'
D. customer

Nếu nói khiếu nại của nhiều khách hàng:

**C. customers'**

---

## 7. Uncountable Noun

The company provided useful ______.

A. informations
B. information
C. an information
D. many information

Đáp án: **B. information**

---

## 8. Collective Noun

The committee ______ approved the proposal.

A. have
B. are
C. has
D. were

Đáp án: **C. has**

---

## 9. Complex Noun Phrase

The new regulations for employees ______ effective immediately.

A. is
B. has
C. are
D. was

Đáp án: **C. are**

→ Head noun = regulations.

---

## 10. Tổng hợp

Khi gặp cụm danh từ dài trong TOEIC:

### Bước 1

Tìm **head noun**.

### Bước 2

Xác định countable / uncountable.

### Bước 3

Xác định singular / plural.

### Bước 4

Kiểm tra possessive.

### Bước 5

Kiểm tra compound noun.

### Bước 6

Không để danh từ nằm trong:

- of-phrase
- prepositional phrase
- relative clause

đánh lừa.

## Công thức nhớ

**Head noun quyết định cấu trúc chính của noun phrase.**

",10,2026-08-08 20:33:04.469257,2026-08-08 20:33:04.469257,
767,69,Nominalization là gì?,"

# Nominalization là gì?

## 1. Khái niệm

Nominalization (Danh từ hóa) là quá trình biến:

- động từ → danh từ
- tính từ → danh từ
- đôi khi cả cụm từ → cụm danh từ

Nominalization được sử dụng rất phổ biến trong:

- văn phong học thuật
- văn bản kinh doanh
- báo cáo
- hợp đồng
- thông báo chính thức
- TOEIC Reading

## 2. Ví dụ

decide → decision

develop → development

approve → approval

improve → improvement

perform → performance

## 3. So sánh

### Dạng động từ

The company decided to expand.

### Dạng danh từ

The company made a decision to expand.

## 4. Tại sao TOEIC kiểm tra?

Nominalization thường xuất hiện trong câu hỏi Word Form.

Ví dụ:

The company announced the ______ of a new branch.

A. open
B. opened
C. opening
D. openly

Đáp án:

**C. opening**

## 5. Mẹo

Nếu vị trí cần:

- chủ ngữ
- tân ngữ
- sau mạo từ
- sau tính từ sở hữu
- sau giới từ

hãy kiểm tra khả năng cần **noun**.

",1,2026-08-08 20:33:32.993114,2026-08-08 20:33:32.993114,
768,69,Động từ → Danh từ với -tion và -sion,"

# Động từ → Danh từ với -tion và -sion

## 1. Khái niệm

Nhiều động từ tạo danh từ bằng hậu tố:

- -tion
- -sion

Ví dụ:

inform → information

organize → organization

operate → operation

decide → decision

discuss → discussion

permit → permission

## 2. Các cặp thường gặp

| Verb | Noun |
|---|---|
| inform | information |
| organize | organization |
| operate | operation |
| decide | decision |
| discuss | discussion |
| permit | permission |
| conclude | conclusion |
| prepare | preparation |

## 3. Ví dụ TOEIC

The company announced the ______ of the new policy.

A. implement
B. implementation
C. implemented
D. implementing

Đáp án:

**B. implementation**

## 4. Sau THE

Sau:

**the + ______**

thường cần noun hoặc adjective tùy cấu trúc.

Ví dụ:

the implementation of the policy

## 5. Mẹo

Nhìn các đuôi:

**-tion / -sion**

thường là dấu hiệu của danh từ.

",2,2026-08-08 20:33:32.993114,2026-08-08 20:33:32.993114,
769,69,Động từ → Danh từ với -ment,"

# Động từ → Danh từ với -ment

## 1. Khái niệm

Một số động từ tạo danh từ bằng hậu tố:

**-ment**

Ví dụ:

develop → development

improve → improvement

manage → management

employ → employment

agree → agreement

require → requirement

achieve → achievement

arrange → arrangement

## 2. Ví dụ

The company invested in employee ______.

A. develop
B. developed
C. development
D. developing

Đáp án:

**C. development**

## 3. Các cặp TOEIC quan trọng

### Develop

develop → development

### Improve

improve → improvement

### Employ

employ → employment

### Manage

manage → management

### Require

require → requirement

## 4. Lưu ý

Không phải mọi động từ đều tạo danh từ bằng -ment.

Vì vậy cần học theo **word family**.

## 5. Mẹo

Các từ như:

development

management

employment

requirement

achievement

rất thường xuất hiện trong TOEIC Business English.

",3,2026-08-08 20:33:32.993114,2026-08-08 20:33:32.993114,
770,69,Động từ → Danh từ với -al và -ance/-ence,"

# Động từ → Danh từ với -al và -ance/-ence

## 1. Hậu tố -al

Một số danh từ được tạo từ động từ bằng:

**-al**

Ví dụ:

approve → approval

arrive → arrival

refuse → refusal

propose → proposal

renew → renewal

## 2. Hậu tố -ance / -ence

Ví dụ:

perform → performance

attend → attendance

appear → appearance

exist → existence

occur → occurrence

maintain → maintenance

## 3. Ví dụ TOEIC

Regular equipment ______ is necessary.

A. maintain
B. maintained
C. maintenance
D. maintaining

Đáp án:

**C. maintenance**

## 4. Cụm thường gặp

- maintenance costs
- performance evaluation
- attendance record
- appearance requirements
- approval process

## 5. Mẹo

Khi sau tính từ sở hữu hoặc trước một danh từ khác cần danh từ:

employee ______

equipment ______

company ______

hãy kiểm tra dạng nominalization.

",4,2026-08-08 20:33:32.993114,2026-08-08 20:33:32.993114,
771,69,Tính từ → Danh từ với -ness,"

# Tính từ → Danh từ với -ness

## 1. Khái niệm

Nhiều tính từ tạo danh từ bằng hậu tố:

**-ness**

Ví dụ:

effective → effectiveness

efficient → efficiency

happy → happiness

aware → awareness

weak → weakness

responsible → responsibility

## 2. Các cặp TOEIC

effective → effectiveness

aware → awareness

responsible → responsibility

available → availability

efficient → efficiency

## 3. Ví dụ

The company evaluated the ______ of the new system.

A. effective
B. effectively
C. effectiveness
D. effect

Đáp án:

**C. effectiveness**

## 4. Lưu ý

Không phải mọi danh từ từ tính từ đều dùng -ness.

Ví dụ:

efficient → efficiency

responsible → responsibility

available → availability

## 5. Mẹo

Hãy học theo word family thay vì chỉ ghi nhớ một từ riêng lẻ.

Ví dụ:

effect

effective

effectively

effectiveness

",5,2026-08-08 20:33:32.993114,2026-08-08 20:33:32.993114,
772,69,Danh từ hóa và Word Families,"

# Nominalization và Word Families

## 1. Khái niệm

Một word family thường gồm:

- noun
- verb
- adjective
- adverb

Ví dụ:

### Success

succeed → success → successful → successfully

### Decision

decide → decision → decisive → decisively

### Performance

perform → performance → performative

### Effect

effect → affect → effective → effectively

## 2. TOEIC

The manager made an important ______.

A. decide
B. decision
C. decisive
D. decisively

Đáp án:

**B. decision**

## 3. Dấu hiệu nhận biết

Sau:

- a/an
- the
- this/that
- my/your
- their
- possessive noun
- preposition

thường cần kiểm tra khả năng dùng noun.

Ví dụ:

the ______ of the company

→ noun

the company's ______

→ noun

with the ______

→ noun

## 4. Mẹo

Đừng chỉ nhìn vào từ trước chỗ trống.

Hãy nhìn cả:

**cấu trúc trước + cấu trúc sau**

để xác định word form.

",6,2026-08-08 20:33:32.993114,2026-08-08 20:33:32.993114,
773,69,Nominalization sau giới từ,"

# Nominalization sau giới từ

## 1. Quy tắc

Sau giới từ thường dùng:

**noun / noun phrase**

Các giới từ phổ biến:

- in
- on
- at
- for
- by
- with
- without
- after
- before
- during

## 2. Ví dụ

The company succeeded **in the development** of the product.

They are responsible **for the management** of the project.

The report was completed **after the approval** of the manager.

## 3. So sánh

The company succeeded in **developing** the product.

The company succeeded in **the development** of the product.

Cả hai có thể đúng tùy cấu trúc.

## 4. TOEIC

The project was completed after the ______ of the new equipment.

A. install
B. installation
C. installed
D. installing

Đáp án:

**B. installation**

## 5. Mẹo

Nếu sau giới từ là một khoảng trống và phía sau cần một danh từ:

→ kiểm tra nominalization.

",7,2026-08-08 20:33:32.993114,2026-08-08 20:33:32.993114,
774,69,Nominalization với of-phrase,"

# Nominalization với of-phrase

## 1. Cấu trúc phổ biến

Một dạng rất thường gặp:

**noun + of + noun**

Ví dụ:

the development of the product

the approval of the proposal

the improvement of performance

the reduction of costs

the expansion of the company

## 2. Động từ và danh từ tương ứng

### Develop

develop the product

### Development

development of the product

---

### Approve

approve the proposal

### Approval

approval of the proposal

---

### Improve

improve performance

### Improvement

improvement of performance

## 3. TOEIC

The ______ of operating costs is a major goal.

A. reduce
B. reduced
C. reduction
D. reducing

Đáp án:

**C. reduction**

## 4. Mẹo

Cấu trúc:

**the + ______ + of**

rất thường cần một **noun**.

",8,2026-08-08 20:33:32.993114,2026-08-08 20:33:32.993114,
775,69,Nominalization trong văn phong Business English,"

# Nominalization trong Business English

## 1. Khái niệm

Nominalization rất phổ biến trong văn bản kinh doanh vì giúp câu văn:

- trang trọng
- ngắn gọn
- khách quan
- phù hợp báo cáo

## 2. So sánh

### Cách trực tiếp

The company decided to expand the factory.

### Nominalization

The company made a decision regarding the expansion of the factory.

## 3. Các cụm thường gặp

- make a decision
- reach an agreement
- give approval
- conduct an investigation
- make an announcement
- submit an application
- provide information
- receive confirmation
- request assistance
- obtain permission

## 4. TOEIC

The manager gave final ______ for the proposal.

A. approve
B. approval
C. approved
D. approving

Đáp án:

**B. approval**

## 5. Mẹo

Học các **noun collocations** theo cụm sẽ hiệu quả hơn học riêng từng danh từ.

",9,2026-08-08 20:33:32.993114,2026-08-08 20:33:32.993114,
776,69,Bẫy Nominalization trong TOEIC,"

# Bẫy Nominalization trong TOEIC

## 1. Sau mạo từ

The company announced the ______ of a new product.

A. introduce
B. introduced
C. introduction
D. introducing

Đáp án:

**C. introduction**

---

## 2. Sau tính từ sở hữu

The manager approved the employee's ______.

A. request
B. requesting
C. requested
D. requestingly

Đáp án:

**A. request**

---

## 3. Sau giới từ

The company is responsible for the ______ of the equipment.

A. maintain
B. maintenance
C. maintained
D. maintaining

Đáp án:

**B. maintenance**

---

## 4. Trước OF

The ______ of the new system was successful.

A. implement
B. implementation
C. implemented
D. implementing

Đáp án:

**B. implementation**

---

## 5. Sau make

The manager made a final ______.

A. decide
B. decision
C. decisive
D. decisively

Đáp án:

**B. decision**

---

## 6. Sau reach

The two companies reached an ______.

A. agree
B. agreement
C. agreeable
D. agreeing

Đáp án:

**B. agreement**

---

## 7. Sau give

The director gave his ______.

A. approve
B. approval
C. approving
D. approved

Đáp án:

**B. approval**

---

## 8. Danh từ hóa từ improve

The company is pleased with the ______ in efficiency.

A. improve
B. improved
C. improvement
D. improving

Đáp án:

**C. improvement**

---

## 9. Danh từ hóa từ employ

The company announced an increase in ______.

A. employ
B. employee
C. employment
D. employed

Đáp án:

**C. employment**

---

## 10. Tổng hợp

Khi làm bài Nominalization, hãy kiểm tra:

### Bước 1

Xác định vị trí cần từ loại gì.

### Bước 2

Nếu cần noun, tìm word family tương ứng.

### Bước 3

Kiểm tra hậu tố:

- -tion
- -sion
- -ment
- -al
- -ance
- -ence
- -ness
- -ity

### Bước 4

Kiểm tra collocation.

Ví dụ:

make a decision

reach an agreement

give approval

conduct an investigation

submit an application

## Công thức nhớ

**Verb → Noun → Adjective → Adverb**

Ví dụ:

decide → decision → decisive → decisively

## Mẹo TOEIC

Đừng chỉ học:

**decide = quyết định**

Hãy học cả word family:

**decide → decision → decisive → decisively**

",10,2026-08-08 20:33:32.993114,2026-08-08 20:33:32.993114,
777,70,Dangling Modifiers là gì?,"

# Dangling Modifiers là gì?

## 1. Khái niệm

Dangling Modifier là lỗi xảy ra khi một cụm từ bổ nghĩa không có danh từ hoặc chủ ngữ phù hợp để nó bổ nghĩa.

Nói đơn giản:

**Modifier phải bổ nghĩa đúng đối tượng.**

## 2. Ví dụ

Sai:

Walking to work, the rain started.

→ Có vẻ như ""the rain"" đang đi bộ đến nơi làm việc.

Đúng:

Walking to work, **I** saw the rain.

→ ""Walking to work"" bổ nghĩa cho ""I"".

## 3. Cấu trúc thường gặp

Dangling modifiers thường xuất hiện với:

- V-ing phrases
- V-ed phrases
- participial phrases
- infinitive phrases
- introductory phrases

## 4. TOEIC

Khi một câu bắt đầu bằng:

- Having...
- After...
- While...
- When...
- Walking...
- Working...
- Located...
- Designed...

hãy kiểm tra chủ ngữ ngay sau dấu phẩy.

## 5. Mẹo

Hãy hỏi:

**""Ai thực hiện hành động trong modifier?""**

Nếu chủ ngữ sau dấu phẩy không phải người/vật thực hiện hành động đó → có khả năng là dangling modifier.

",1,2026-08-08 20:34:37.602788,2026-08-08 20:34:37.602788,
778,70,Present Participle Modifier và chủ ngữ,"

# Present Participle Modifier

## 1. Cấu trúc

Một cụm V-ing ở đầu câu thường bổ nghĩa cho chủ ngữ của mệnh đề chính.

**V-ing + ..., subject + verb**

Ví dụ:

Working late, **the employees** completed the report.

→ employees là người làm việc muộn.

## 2. Ví dụ đúng

Driving to work, **John** heard the news.

→ John đang lái xe.

After reviewing the report, **the manager** approved it.

→ manager là người xem xét báo cáo.

## 3. Ví dụ sai

Driving to work, **the traffic** became heavier.

→ traffic không thể lái xe.

## 4. Sửa câu

Sai:

Driving to work, the traffic became heavier.

Đúng:

Driving to work, **I noticed that the traffic became heavier.**

## 5. Mẹo TOEIC

Khi gặp:

**V-ing + comma**

hãy nhìn ngay chủ ngữ phía sau.

Nếu chủ ngữ không thể thực hiện hành động V-ing → xem xét dangling modifier.

",2,2026-08-08 20:34:37.602788,2026-08-08 20:34:37.602788,
779,70,Past Participle Modifier và chủ ngữ,"

# Past Participle Modifier

## 1. Khái niệm

Past participle phrase thường có dạng:

**V-ed / V3 + ..., subject + verb**

Nó thường mô tả trạng thái hoặc hành động đã được thực hiện lên chủ ngữ.

## 2. Ví dụ đúng

Located in downtown Tokyo, **the office** is easy to access.

→ office nằm ở Tokyo.

Designed for small businesses, **the software** is easy to use.

→ software được thiết kế cho doanh nghiệp nhỏ.

## 3. Ví dụ sai

Located in downtown Tokyo, **the company opened a new branch.**

Câu này có thể gây hiểu nhầm rằng ""company"" được located, trong khi ý định có thể là một văn phòng/chi nhánh cụ thể.

## 4. Cách sửa

Located in downtown Tokyo, **the new branch** is easy to access.

Hoặc:

Because **the company is located** in downtown Tokyo, it opened a new branch.

## 5. Mẹo

Với V3/V-ed ở đầu câu, hỏi:

**""Chủ ngữ có đang ở trạng thái được mô tả không?""**

",3,2026-08-08 20:34:37.602788,2026-08-08 20:34:37.602788,
780,70,Having + V3 và Dangling Modifier,"

# Having + V3 và Dangling Modifier

## 1. Cấu trúc

**Having + V3**, subject + verb

Dùng để diễn tả một hành động xảy ra trước hành động chính.

Ví dụ:

Having completed the report, **the manager** submitted it.

→ manager hoàn thành report trước rồi gửi.

## 2. Ví dụ đúng

Having reviewed the documents, **the lawyer** signed the agreement.

→ lawyer review documents.

## 3. Ví dụ sai

Having reviewed the documents, **the agreement** was signed.

→ agreement không thể review documents.

## 4. Cách sửa

Having reviewed the documents, **the lawyer** signed the agreement.

Hoặc:

After **the lawyer had reviewed** the documents, the agreement was signed.

## 5. Mẹo TOEIC

Nếu thấy:

**Having + V3, ...**

hãy kiểm tra xem chủ ngữ sau dấu phẩy có phải người/vật thực hiện hành động trước đó không.

",4,2026-08-08 20:34:37.602788,2026-08-08 20:34:37.602788,
781,70,After và Before với chủ ngữ,"

# After và Before với chủ ngữ

## 1. Modifier với After

Ví dụ:

After reviewing the report, **the manager** approved the proposal.

→ manager review report.

## 2. Modifier với Before

Before leaving the office, **the employees** turned off the computers.

→ employees leave office.

## 3. Dangling Modifier

Sai:

After reviewing the report, **the proposal** was approved.

→ proposal không thể review report.

## 4. Cách sửa

After reviewing the report, **the manager** approved the proposal.

Hoặc:

After **the manager reviewed** the report, the proposal was approved.

## 5. Mẹo

Khi một introductory phrase có chủ ngữ ngầm:

**chủ ngữ ngầm phải giống chủ ngữ của mệnh đề chính** trong cấu trúc rút gọn.

",5,2026-08-08 20:34:37.602788,2026-08-08 20:34:37.602788,
782,70,While và When với Modifier,"

# While và When với Modifier

## 1. While + V-ing

Ví dụ:

While reviewing the documents, **the manager** noticed an error.

→ manager review documents.

## 2. When + V-ing

Ví dụ:

When entering the building, **employees** must show their ID cards.

→ employees enter building.

## 3. Dangling Modifier

Sai:

While reviewing the documents, **an error** was discovered.

→ error không thể review documents.

## 4. Cách sửa

While reviewing the documents, **the manager** discovered an error.

Hoặc:

While **the manager was reviewing** the documents, an error was discovered.

## 5. Mẹo TOEIC

Đừng chỉ nhìn từ:

**while / when**

Hãy kiểm tra chủ thể thực hiện hành động sau đó.

",6,2026-08-08 20:34:37.602788,2026-08-08 20:34:37.602788,
783,70,Infinitive Modifier và Dangling Modifier,"

# Infinitive Modifier

## 1. Khái niệm

Cụm infinitive có thể dùng để bổ nghĩa hoặc diễn tả mục đích.

Ví dụ:

To improve efficiency, **the company** introduced new software.

→ company muốn cải thiện efficiency.

## 2. Cấu trúc

**To + V + ..., subject + verb**

Ví dụ:

To reduce costs, the company changed its supplier.

## 3. Dangling Modifier

Sai:

To reduce costs, **new software** was installed.

Câu này có thể gây hiểu rằng ""new software"" có mục đích giảm chi phí.

## 4. Cách sửa

To reduce costs, **the company** installed new software.

Hoặc:

New software was installed **to reduce costs**.

## 5. Mẹo

Với infinitive chỉ mục đích ở đầu câu, chủ ngữ phía sau thường phải là đối tượng có mục đích thực hiện hành động đó.

",7,2026-08-08 20:34:37.602788,2026-08-08 20:34:37.602788,
784,70,Participial Phrase và Passive Sentence,"

# Participial Phrase và Passive Sentence

## 1. Vấn đề

Một số câu TOEIC kết hợp:

- participial phrase
- passive voice
- noun phrase dài

Điều này dễ tạo ra dangling modifier.

## 2. Ví dụ đúng

Built in 2020, **the factory** now employs hundreds of workers.

→ factory được xây dựng năm 2020.

## 3. Ví dụ sai

Built in 2020, **the company** now employs hundreds of workers.

Nếu ""built"" nhằm nói về tòa nhà thì company không phải đối tượng phù hợp.

## 4. Sửa

Built in 2020, **the company's factory** now employs hundreds of workers.

Hoặc:

The company's factory, **which was built in 2020**, now employs hundreds of workers.

## 5. Mẹo

Với:

**V3 + ..., subject**

hãy kiểm tra:

**subject có phải đối tượng nhận hành động V3 không?**

",8,2026-08-08 20:34:37.602788,2026-08-08 20:34:37.602788,
785,70,Dangling Modifier trong văn phong TOEIC,"

# Dangling Modifier trong văn phong TOEIC

## 1. Vì sao dễ gặp?

TOEIC thường dùng câu dài có:

- introductory phrase
- participle
- passive voice
- noun phrase
- prepositional phrase

Ví dụ:

After reviewing the application submitted last week, the hiring manager contacted the candidate.

## 2. Phân tích

After reviewing the application...

→ hành động review.

the hiring manager...

→ người thực hiện review.

Do đó câu hợp lý.

## 3. Câu gây bẫy

After reviewing the application, an interview was scheduled.

→ interview không thể review application.

## 4. Cách sửa

After reviewing the application, **the hiring manager scheduled an interview.**

## 5. Chiến thuật

Khi làm Part 5:

### Bước 1

Tìm modifier ở đầu câu.

### Bước 2

Xác định hành động trong modifier.

### Bước 3

Xác định chủ ngữ sau dấu phẩy.

### Bước 4

Kiểm tra hai đối tượng có cùng chủ thể không.

## 6. Mẹo

Nếu câu có vẻ ""về mặt ngữ pháp từng từ đều đúng"" nhưng ý nghĩa vô lý:

→ kiểm tra dangling modifier.

",9,2026-08-08 20:34:37.602788,2026-08-08 20:34:37.602788,
793,71,Restrictive và Nonrestrictive Modifier,"

# Restrictive và Nonrestrictive Modifier

## 1. Restrictive Modifier

Thông tin cần thiết để xác định danh từ.

Không dùng dấu phẩy.

Ví dụ:

The employees **who work in accounting** must attend the meeting.

→ Chỉ nhóm nhân viên làm ở accounting.

## 2. Nonrestrictive Modifier

Thông tin bổ sung, không cần thiết để xác định danh từ.

Dùng dấu phẩy.

Ví dụ:

John Smith, **who works in accounting**, will attend the meeting.

→ John Smith đã xác định rõ; mệnh đề chỉ thêm thông tin.

## 3. So sánh

The employees who work in accounting...

→ nhóm cụ thể.

John, who works in accounting,...

→ John đã xác định.

## 4. TOEIC

The report, ______ was submitted yesterday, contains several errors.

A. who
B. which
C. that
D. what

Đáp án:

**B. which**

→ nonrestrictive relative clause dùng which.

## 5. Mẹo

Có dấu phẩy:

→ thường là nonrestrictive modifier.

Không có dấu phẩy:

→ thường là restrictive modifier.

",7,2026-08-08 20:35:05.965307,2026-08-08 20:35:05.965307,
786,70,Bẫy Dangling Modifiers trong TOEIC,"

# Bẫy Dangling Modifiers trong TOEIC

## 1. V-ing

______ to work, the manager received an urgent call.

A. Driving
B. Driven
C. Drive
D. To drive

Đáp án:

**A. Driving**

→ manager là người lái xe.

---

## 2. V-ing và danh từ không thể thực hiện hành động

______ the report, an error was discovered.

A. Reviewing
B. Reviewed
C. Review
D. To reviewing

Câu này gây dangling modifier nếu ""an error"" là chủ ngữ của mệnh đề chính.

Cách sửa:

**After reviewing the report, the manager discovered an error.**

---

## 3. Having + V3

Having completed the project, ______ submitted the final report.

A. the manager
B. the report
C. the project
D. the deadline

Đáp án:

**A. the manager**

→ manager hoàn thành project.

---

## 4. Past Participle

______ in 2025, the building is now fully operational.

A. Completing
B. Completed
C. Complete
D. To complete

Đáp án:

**B. Completed**

→ building được hoàn thành.

---

## 5. Mục đích

To reduce operating costs, ______ introduced a new system.

A. the company
B. the system
C. the costs
D. the employees

Đáp án:

**A. the company**

→ company có mục đích giảm chi phí.

---

## 6. After

After reviewing the proposal, ______ approved it.

A. the director
B. the proposal
C. the approval
D. the office

Đáp án:

**A. the director**

---

## 7. While

While entering the building, ______ showed their identification.

A. employees
B. the building
C. identification
D. the entrance

Đáp án:

**A. employees**

---

## 8. Passive

Designed for international customers, ______ is easy to use.

A. the software
B. the company
C. the manager
D. the employees

Đáp án:

**A. the software**

→ software được thiết kế.

---

## 9. Chiến thuật

Khi gặp modifier ở đầu câu:

**Modifier + comma + Subject + Verb**

hãy hỏi:

> Ai thực hiện hoặc nhận hành động trong modifier?

Nếu câu trả lời không phải subject phía sau dấu phẩy:

→ cần kiểm tra dangling modifier.

---

## 10. Công thức nhớ

### V-ing

**V-ing + ..., doer + verb**

### V3

**V3 + ..., receiver + verb**

### Having + V3

**Having + V3 + ..., doer + verb**

### To V

**To V + ..., intended subject + verb**

## Mẹo TOEIC

**Đừng chỉ xét ngữ pháp. Hãy xét LOGIC của chủ ngữ.**

Một câu có thể đúng về cấu trúc từ nhưng sai về ý nghĩa vì modifier đang bổ nghĩa cho sai đối tượng.

",10,2026-08-08 20:34:37.602788,2026-08-08 20:34:37.602788,
787,71,Modifier Placement là gì?,"

# Modifier Placement là gì?

## 1. Khái niệm

Modifier là từ hoặc cụm từ dùng để bổ nghĩa cho một thành phần khác trong câu.

Modifier có thể bổ nghĩa cho:

- noun
- pronoun
- verb
- adjective
- adverb
- cả mệnh đề

Modifier Placement là cách đặt modifier ở vị trí phù hợp để câu có nghĩa rõ ràng và chính xác.

## 2. Ví dụ

### Adjective

the **new** employee

→ new bổ nghĩa cho employee.

### Adverb

The employee works **quickly**.

→ quickly bổ nghĩa cho works.

### Prepositional phrase

The report **on the desk** is important.

→ on the desk bổ nghĩa cho report.

## 3. Vấn đề khi đặt sai

Modifier đặt sai vị trí có thể:

- làm thay đổi nghĩa
- gây mơ hồ
- tạo dangling modifier
- tạo misplaced modifier

## 4. TOEIC

TOEIC thường kiểm tra vị trí của:

- adverbs
- adjectives
- participial phrases
- prepositional phrases
- relative clauses
- infinitive phrases

## 5. Mẹo

Hãy hỏi:

**Modifier đang bổ nghĩa cho từ nào?**

Sau đó đặt modifier càng gần thành phần nó bổ nghĩa càng tốt.

",1,2026-08-08 20:35:05.965307,2026-08-08 20:35:05.965307,
788,71,Adjective Placement,"

# Adjective Placement

## 1. Vị trí cơ bản

Adjective thường đứng:

**trước noun**

Ví dụ:

a new employee

an important meeting

a successful company

## 2. Sau linking verb

Adjective cũng có thể đứng sau:

- be
- seem
- become
- appear
- remain
- feel
- look
- sound

Ví dụ:

The report is **accurate**.

The manager seems **busy**.

The system became **more efficient**.

## 3. Hai tính từ

Ví dụ:

a new marketing strategy

an important annual meeting

## 4. Không nhầm adjective và adverb

The system is **efficient**.

→ adjective.

The system operates **efficiently**.

→ adverb.

## 5. TOEIC

The new software is extremely ______.

A. efficiency
B. efficient
C. efficiently
D. efficiencies

Đáp án:

**B. efficient**

→ Sau linking verb ""is"" cần adjective.

## 6. Mẹo

Nếu adjective bổ nghĩa trực tiếp cho noun:

**adjective + noun**

Nếu đứng sau linking verb:

**linking verb + adjective**

",2,2026-08-08 20:35:05.965307,2026-08-08 20:35:05.965307,
789,71,Adverb Placement với động từ,"

# Adverb Placement với động từ

## 1. Adverb bổ nghĩa cho verb

Adverb thường đứng:

- sau verb
- trước verb
- cuối câu

tùy loại adverb và cấu trúc.

Ví dụ:

The manager responded **quickly**.

The manager **quickly** responded.

## 2. Adverb of manner

Các trạng từ như:

- carefully
- quickly
- efficiently
- accurately
- successfully

thường đứng sau verb hoặc object.

Ví dụ:

She completed the task **carefully**.

She carefully completed the task.

## 3. Có object

Ví dụ:

The employee completed the report carefully.

Tự nhiên hơn:

**completed the report carefully**

Không nên đặt adverb ở vị trí làm câu khó hiểu.

## 4. TOEIC

The technician repaired the machine ______.

A. careful
B. carefully
C. care
D. carefulness

Đáp án:

**B. carefully**

## 5. Mẹo

Adverb of manner thường trả lời:

**How?**

",3,2026-08-08 20:35:05.965307,2026-08-08 20:35:05.965307,
790,71,Adverb Placement với động từ TO BE,"

# Adverb Placement với TO BE

## 1. Trạng từ tần suất

Các từ:

- always
- usually
- often
- sometimes
- rarely
- never

thường đứng:

**be + adverb**

Ví dụ:

The office is always busy.

The employees are usually punctual.

## 2. Với động từ thường

Trạng từ tần suất thường đứng:

**subject + adverb + verb**

Ví dụ:

The company usually offers training.

Employees often attend meetings.

## 3. So sánh

### Be

The manager is always available.

### Verb thường

The manager always responds quickly.

## 4. TOEIC

The manager ______ available to answer questions.

A. always is
B. is always
C. always
D. is

Đáp án:

**B. is always**

## 5. Mẹo

Nhớ:

**BE + frequency adverb**

**frequency adverb + main verb**

",4,2026-08-08 20:35:05.965307,2026-08-08 20:35:05.965307,
791,71,"Only, Just, Even và vị trí modifier","

# Only, Just, Even và vị trí modifier

## 1. Vấn đề

Các từ:

- only
- just
- even

có thể thay đổi ý nghĩa tùy vị trí.

## 2. ONLY

Ví dụ:

Only **John** attended the meeting.

→ Chỉ John tham dự.

John only **attended** the meeting.

→ John chỉ tham dự, không làm việc khác.

John attended only **the meeting**.

→ John chỉ tham dự cuộc họp đó.

## 3. TOEIC

The manager only approved the proposal.

Có thể hiểu:

→ manager chỉ phê duyệt proposal.

Nếu muốn nhấn mạnh chỉ có manager:

**Only the manager approved the proposal.**

## 4. JUST

Just có thể mang nghĩa:

- vừa mới
- chỉ
- chính xác

Ví dụ:

The manager has just arrived.

## 5. EVEN

Even dùng để nhấn mạnh.

Ví dụ:

Even the manager agreed.

## 6. Mẹo

Với **only**, hãy xác định:

**Only đang giới hạn thành phần nào?**

",5,2026-08-08 20:35:05.965307,2026-08-08 20:35:05.965307,
792,71,Misplaced Modifier,"

# Misplaced Modifier

## 1. Khái niệm

Misplaced Modifier xảy ra khi modifier được đặt quá xa thành phần nó bổ nghĩa hoặc đặt ở vị trí khiến nghĩa câu trở nên mơ hồ/sai.

## 2. Ví dụ

Sai hoặc dễ gây hiểu nhầm:

The manager discussed the proposal with the employees **in the conference room**.

Có thể hiểu:

- manager và employees ở phòng họp
- hoặc proposal ở phòng họp

## 3. Cách sửa

Đặt modifier gần đối tượng cần bổ nghĩa.

Ví dụ:

In the conference room, the manager discussed the proposal with the employees.

Hoặc:

The manager discussed the proposal **that was prepared in the conference room** with the employees.

## 4. TOEIC

Khi có cụm:

**prepositional phrase**

hãy kiểm tra nó đang bổ nghĩa cho danh từ nào.

## 5. Mẹo

**Modifier càng gần từ nó bổ nghĩa càng tốt.**

",6,2026-08-08 20:35:05.965307,2026-08-08 20:35:05.965307,
796,71,Bẫy Modifier Placement trong TOEIC,"

# Bẫy Modifier Placement trong TOEIC

## 1. Adjective

The company purchased a ______ machine.

A. recently
B. new
C. efficiently
D. success

Đáp án:

**B. new**

→ adjective đứng trước noun.

---

## 2. Adverb

The technician repaired the machine ______.

A. careful
B. carefully
C. care
D. carefulness

Đáp án:

**B. carefully**

---

## 3. Frequency Adverb

The manager ______ arrives before 8:00.

A. always
B. is always
C. always is
D. has always

Đáp án:

**A. always**

→ động từ thường ""arrives"".

---

## 4. BE + Frequency Adverb

The office ______ closed on Sundays.

A. always
B. is always
C. always is
D. always being

Đáp án:

**B. is always**

---

## 5. Only

______ the manager approved the proposal.

A. Only
B. The only
C. An only
D. Only a

Nếu nghĩa là ""Chỉ người quản lý phê duyệt"":

**A. Only**

---

## 6. Participial Modifier

______ in 2024, the building is still in excellent condition.

A. Constructing
B. Constructed
C. Construct
D. Construction

Đáp án:

**B. Constructed**

→ building được xây dựng.

---

## 7. Relative Modifier

The employees ______ work remotely must attend the online meeting.

A. which
B. who
C. what
D. where

Đáp án:

**B. who**

---

## 8. Nonrestrictive Modifier

Mr. Lee, ______ is the sales director, will attend the meeting.

A. that
B. who
C. what
D. where

Đáp án:

**B. who**

---

## 9. Prepositional Modifier

The company from Japan opened a new office.

Ở đây:

**from Japan**

bổ nghĩa cho:

**the company**

Không phải office.

---

## 10. Chiến thuật tổng hợp

Khi gặp câu hỏi về Modifier Placement:

### Bước 1

Xác định modifier.

### Bước 2

Hỏi modifier bổ nghĩa cho từ nào.

### Bước 3

Đặt modifier gần thành phần đó.

### Bước 4

Kiểm tra xem nghĩa câu có hợp lý không.

### Bước 5

Đặc biệt chú ý:

- only
- just
- even
- always
- usually
- often
- V-ing
- V3
- prepositional phrases
- relative clauses

## Công thức nhớ

**Modifier phải đứng ở vị trí giúp người đọc hiểu chính xác nó bổ nghĩa cho ai/cái gì.**

Nếu modifier ở sai vị trí:

→ **misplaced modifier**

Nếu modifier không có chủ thể phù hợp:

→ **dangling modifier**

",10,2026-08-08 20:35:05.965307,2026-08-08 20:35:05.965307,
797,72,Advanced Parallelism là gì?,"

# Advanced Parallelism là gì?

## 1. Khái niệm

Parallelism (cấu trúc song song) yêu cầu các thành phần có cùng chức năng hoặc cùng vai trò trong câu phải được trình bày bằng cấu trúc ngữ pháp tương đương.

Ví dụ:

The company wants to **reduce costs, improve quality, and increase sales**.

Ba thành phần:

- reduce
- improve
- increase

đều là động từ nguyên mẫu → cấu trúc song song.

## 2. Vì sao quan trọng?

Parallelism giúp:

- câu rõ ràng
- câu cân đối
- tránh lỗi ngữ pháp
- thể hiện mối quan hệ giữa các ý

## 3. TOEIC

Advanced Parallelism thường xuất hiện với:

- and
- or
- but
- both...and
- either...or
- neither...nor
- not only...but also
- rather than
- as well as
- from...to
- between...and

## 4. Mẹo

Khi gặp hai hoặc nhiều thành phần được nối với nhau:

**Hãy kiểm tra chúng có cùng dạng ngữ pháp hay không.**

",1,2026-08-08 20:35:32.918571,2026-08-08 20:35:32.918571,
798,72,Parallelism với AND và OR,"

# Parallelism với AND và OR

## 1. AND

Các thành phần nối bằng AND thường cần cùng dạng.

Đúng:

The manager wants to **reduce costs and improve efficiency**.

Sai:

The manager wants to **reduce costs and improving efficiency**.

## 2. OR

Ví dụ:

Employees can **work from home or attend the meeting online**.

Hai thành phần:

- work
- attend

đều là V nguyên mẫu.

## 3. Với danh từ

The company sells **computers and software**.

→ noun + noun.

## 4. Với adjective

The system is **reliable and efficient**.

→ adjective + adjective.

## 5. TOEIC

The company plans to ______ production and reduce costs.

A. increasing
B. increase
C. increased
D. increase of

Đáp án:

**B. increase**

→ to increase ... and reduce ...

## 6. Mẹo

Sau AND/OR, nhìn thành phần trước đó và giữ cùng cấu trúc.

",2,2026-08-08 20:35:32.918571,2026-08-08 20:35:32.918571,
799,72,Parallelism với động từ,"

# Parallelism với động từ

## 1. Hai động từ

Ví dụ:

The manager **reviewed the report and approved the proposal**.

→ reviewed + approved.

## 2. Sau TO

Ví dụ:

The company plans **to expand its operations and hire more employees**.

Cách hiểu:

to expand

and

hire

Trong cấu trúc chung:

**plan to + V1 and V2**

## 3. Sai

The company plans to **expand its operations and hiring more employees**.

→ expand và hiring không song song.

## 4. Đúng

The company plans to **expand its operations and hire more employees**.

## 5. TOEIC

The new system will **reduce processing time and improve accuracy**.

→ reduce + improve.

## 6. Mẹo

Nếu các động từ cùng chịu tác động của một modal hoặc infinitive:

**modal/to + V1 + and + V2**

",3,2026-08-08 20:35:32.918571,2026-08-08 20:35:32.918571,
800,72,Parallelism với Gerund và Infinitive,"

# Parallelism với Gerund và Infinitive

## 1. Gerund

Nếu một danh sách bắt đầu bằng V-ing, các thành phần còn lại thường cũng dùng V-ing.

Ví dụ:

The job requires **planning, organizing, and communicating**.

→ V-ing + V-ing + V-ing.

## 2. Infinitive

Ví dụ:

The company wants **to reduce costs, to improve quality, and to increase sales**.

Hoặc có thể dùng:

The company wants **to reduce costs, improve quality, and increase sales**.

## 3. Sai

The position requires **managing employees, preparing reports, and to communicate with clients**.

→ managing / preparing / to communicate không song song.

## 4. Đúng

The position requires **managing employees, preparing reports, and communicating with clients**.

## 5. TOEIC

The job involves ______ customers, processing orders, and preparing reports.

A. assist
B. assisting
C. to assist
D. assisted

Đáp án:

**B. assisting**

## 6. Mẹo

Danh sách cùng một chức năng:

**V-ing + V-ing + V-ing**

hoặc:

**to V + to V + to V**

",4,2026-08-08 20:35:32.918571,2026-08-08 20:35:32.918571,
801,72,Parallelism với tính từ và trạng từ,"

# Parallelism với tính từ và trạng từ

## 1. Tính từ

Các adjective được nối với nhau:

The new system is **fast, reliable, and efficient**.

→ adjective + adjective + adjective.

## 2. Trạng từ

Ví dụ:

The employee worked **quickly, accurately, and efficiently**.

→ adverb + adverb + adverb.

## 3. Sai

The new system is **fast, reliable, and operates efficiently**.

→ fast/reliable là adjective nhưng operates là verb phrase.

## 4. Đúng

The new system is **fast, reliable, and efficient**.

Hoặc:

The new system **operates quickly, reliably, and efficiently**.

## 5. TOEIC

The software is designed to be ______ and easy to use.

A. reliability
B. reliable
C. reliably
D. rely

Đáp án:

**B. reliable**

## 6. Mẹo

Các thành phần trong cùng một chuỗi phải có cùng chức năng ngữ pháp.

",5,2026-08-08 20:35:32.918571,2026-08-08 20:35:32.918571,
802,72,Parallelism với cụm danh từ,"

# Parallelism với cụm danh từ

## 1. Danh từ với danh từ

Ví dụ:

The company needs **new equipment and additional employees**.

→ noun phrase + noun phrase.

## 2. Cụm danh từ dài

The company provides **training for employees and financial support for managers**.

Hai cụm có cấu trúc tương đương.

## 3. Sai

The company provides **training for employees and supports managers financially**.

Nếu đang tạo danh sách các đối tượng được cung cấp, cấu trúc không song song.

## 4. Đúng

The company provides **training for employees and financial support for managers**.

## 5. TOEIC

The position requires **excellent communication skills and strong analytical abilities**.

→ noun phrase + noun phrase.

## 6. Mẹo

Khi hai thành phần cùng trả lời câu hỏi:

**What? / Who?**

hãy kiểm tra chúng có cùng cấu trúc hay không.

",6,2026-08-08 20:35:32.918571,2026-08-08 20:35:32.918571,
803,72,Correlative Conjunctions và Parallelism,"

# Correlative Conjunctions

## 1. Cặp liên từ

Các cặp thường gặp:

- both...and
- either...or
- neither...nor
- not only...but also

## 2. Both...and

Đúng:

The job requires **both experience and training**.

→ noun + noun.

## 3. Either...or

The employee can **either call the client or send an email**.

→ verb phrase + verb phrase.

## 4. Neither...nor

The manager **neither approved the proposal nor rejected it**.

→ verb + verb.

## 5. Not only...but also

The new system is **not only efficient but also reliable**.

→ adjective + adjective.

## 6. Mẹo TOEIC

Sau correlative conjunction, hai thành phần phải song song.

**both + A + and + B**

**either + A + or + B**

**neither + A + nor + B**

**not only + A + but also + B**

",7,2026-08-08 20:35:32.918571,2026-08-08 20:35:32.918571,
804,72,Not Only...But Also và Parallelism nâng cao,"

# Not Only...But Also

## 1. Cấu trúc cơ bản

**not only + A + but also + B**

A và B phải song song.

Ví dụ:

The company is **not only profitable but also innovative**.

→ adjective + adjective.

## 2. Với động từ

The manager **not only reviewed the report but also approved it**.

→ reviewed + approved.

## 3. Với cụm động từ

The new policy will **not only reduce costs but also improve productivity**.

→ reduce + improve.

## 4. Sai

The new policy will not only **reduce costs but also improving productivity**.

→ reduce ≠ improving.

## 5. Đúng

The new policy will not only **reduce costs but also improve productivity**.

## 6. TOEIC

The training program will not only ______ employee skills but also increase productivity.

A. improving
B. improves
C. improve
D. improvement

Đáp án:

**C. improve**

",8,2026-08-08 20:35:32.918571,2026-08-08 20:35:32.918571,
805,72,"Rather Than, As Well As và cấu trúc song song","

# Rather Than và As Well As

## 1. Rather Than

Rather than thường nối hai thành phần tương đương.

Ví dụ:

The company decided to **hire new employees rather than reduce staff**.

→ hire + reduce.

## 2. Sau động từ

Employees should **report the problem rather than ignore it**.

→ report + ignore.

## 3. As Well As

Ví dụ:

The manager is responsible for **training employees as well as preparing reports**.

→ training + preparing.

## 4. Sai

The manager is responsible for **training employees as well as to prepare reports**.

→ training ≠ to prepare.

## 5. Đúng

The manager is responsible for **training employees as well as preparing reports**.

## 6. Mẹo

Sau rather than / as well as, hãy kiểm tra dạng của thành phần đứng trước.

",9,2026-08-08 20:35:32.918571,2026-08-08 20:35:32.918571,
806,72,Bẫy Advanced Parallelism trong TOEIC,"

# Bẫy Advanced Parallelism trong TOEIC

## 1. Gerund

The position involves ______ customers, processing orders, and preparing reports.

A. assist
B. assisting
C. assisted
D. to assist

Đáp án:

**B. assisting**

→ assisting + processing + preparing.

---

## 2. Infinitive

The company plans to **expand operations and hire more employees**.

→ expand + hire.

---

## 3. Adjective

The system is **fast, reliable, and efficient**.

→ adjective + adjective + adjective.

---

## 4. Correlative Conjunction

The program is **both practical and affordable**.

→ adjective + adjective.

---

## 5. Not Only...But Also

The new system will not only **reduce costs but also improve productivity**.

→ reduce + improve.

---

## 6. Either...Or

Employees can either **work remotely or attend the meeting online**.

→ work + attend.

---

## 7. Neither...Nor

The manager neither **approved the proposal nor rejected it**.

→ approved + rejected.

---

## 8. Rather Than

The company decided to **expand production rather than reduce staff**.

→ expand + reduce.

---

## 9. Câu hỏi TOEIC

The training program focuses on ______ communication skills, improving teamwork, and increasing productivity.

A. develop
B. developed
C. developing
D. development

Đáp án:

**C. developing**

→ developing + improving + increasing.

---

## 10. Chiến thuật làm bài

Khi gặp câu có:

- and
- or
- both...and
- either...or
- neither...nor
- not only...but also
- rather than
- as well as

hãy:

### Bước 1

Xác định thành phần trước liên từ.

### Bước 2

Xác định dạng ngữ pháp của nó.

### Bước 3

Kiểm tra thành phần sau liên từ.

### Bước 4

Chọn đáp án có cùng cấu trúc.

## Công thức nhớ

**A + conjunction + B**

→ A và B phải **parallel**.

Không chỉ nhìn vào từ vựng.

Hãy nhìn vào **hình thức ngữ pháp**.

",10,2026-08-08 20:35:32.918571,2026-08-08 20:35:32.918571,
807,73,Advanced Conjunctions là gì?,"

# Advanced Conjunctions là gì?

## 1. Khái niệm

Conjunctions (liên từ) là những từ dùng để nối:

- từ với từ
- cụm từ với cụm từ
- mệnh đề với mệnh đề

Ở trình độ nâng cao, cần phân biệt:

- coordinating conjunctions
- subordinating conjunctions
- correlative conjunctions
- conjunctive adverbs

## 2. Một số liên từ quan trọng

### Coordinating conjunctions

- and
- but
- or
- so
- yet
- for
- nor

### Subordinating conjunctions

- although
- because
- since
- while
- whereas
- unless
- provided that
- even though
- as long as

### Correlative conjunctions

- both...and
- either...or
- neither...nor
- not only...but also

## 3. TOEIC

Advanced Conjunctions thường xuất hiện trong câu dài và kiểm tra:

- quan hệ nguyên nhân
- điều kiện
- tương phản
- thời gian
- mục đích
- nhượng bộ

## 4. Mẹo

Đừng chỉ dịch từng từ.

Hãy xác định **quan hệ logic giữa hai mệnh đề**.

",1,2026-08-08 20:36:01.088214,2026-08-08 20:36:01.088214,
808,73,Coordinating Conjunctions nâng cao,"

# Coordinating Conjunctions

## 1. Khái niệm

Coordinating conjunctions nối hai thành phần có vai trò tương đương.

Các từ thường gặp:

**FANBOYS**

- for
- and
- nor
- but
- or
- yet
- so

## 2. AND

Dùng để bổ sung thông tin.

Ví dụ:

The company reduced costs **and** improved efficiency.

## 3. BUT

Dùng để thể hiện tương phản.

The product is expensive, **but** it is reliable.

## 4. OR

Dùng để đưa ra lựa chọn.

You can call us **or** send an email.

## 5. SO

Dùng để thể hiện kết quả.

The system failed, **so** the technician repaired it.

## 6. YET

Có nghĩa gần với ""but"", nhấn mạnh sự tương phản.

The task was difficult, **yet** the team completed it.

## 7. Mẹo TOEIC

Khi FANBOYS nối hai mệnh đề độc lập:

**Independent clause + comma + conjunction + independent clause**

",2,2026-08-08 20:36:01.088214,2026-08-08 20:36:01.088214,
809,73,"Although, Though và Even Though","

# Although, Though và Even Though

## 1. Ý nghĩa

Cả ba đều diễn tả:

**mặc dù / tuy rằng**

## 2. Although

Ví dụ:

Although the product is expensive, many customers buy it.

## 3. Though

Though thường có nghĩa tương tự although.

Ví dụ:

Though the deadline was short, the team completed the project.

## 4. Even Though

Even though nhấn mạnh sự tương phản.

Ví dụ:

Even though the machine is old, it still works well.

## 5. Cấu trúc

**Although + S + V, S + V**

Hoặc:

**S + V although + S + V**

## 6. Không dùng BUT cùng Although

Sai:

Although the product is expensive, **but** many customers buy it.

Đúng:

Although the product is expensive, many customers buy it.

Hoặc:

The product is expensive, but many customers buy it.

## 7. Mẹo

Nếu đã có **although**, không thêm **but** trong cùng cấu trúc.

",3,2026-08-08 20:36:01.088214,2026-08-08 20:36:01.088214,
810,73,"Because, Since và As","

# Because, Since và As

## 1. Because

Dùng để chỉ nguyên nhân.

Because the road was closed, the delivery was delayed.

## 2. Since

Có thể có nghĩa:

- kể từ khi
- bởi vì

Ví dụ nguyên nhân:

Since the manager was unavailable, the meeting was postponed.

## 3. As

Có thể dùng để chỉ nguyên nhân.

As demand increased, the company expanded production.

## 4. So sánh

Because thường trực tiếp và rõ ràng nhất khi diễn tả nguyên nhân.

## 5. Because + clause

**because + subject + verb**

Ví dụ:

The meeting was canceled because the manager was sick.

## 6. Because of + noun phrase

Không dùng because of + mệnh đề hoàn chỉnh.

Đúng:

The meeting was canceled **because of the manager's absence**.

Sai:

because of the manager was absent.

## 7. Mẹo TOEIC

Phân biệt:

**because + S + V**

**because of + noun / noun phrase**

",4,2026-08-08 20:36:01.088214,2026-08-08 20:36:01.088214,
811,73,"Unless, If và Provided That","

# Unless, If và Provided That

## 1. If

If diễn tả điều kiện.

If you need assistance, contact the help desk.

## 2. Unless

Unless = if...not.

Ví dụ:

Unless the payment is received, the order will not be shipped.

≈ If the payment is not received, the order will not be shipped.

## 3. Provided That

Provided that = với điều kiện là.

Ví dụ:

Employees may work remotely provided that they obtain approval.

## 4. As Long As

As long as = miễn là.

Ví dụ:

You can use the equipment as long as you follow the safety rules.

## 5. Lưu ý

Không dùng:

unless + not

Sai:

Unless you don't submit the form...

Đúng:

Unless you submit the form...

## 6. Mẹo

Khi gặp câu điều kiện, xác định:

- điều kiện
- kết quả

Sau đó chọn conjunction phù hợp với nghĩa.

",5,2026-08-08 20:36:01.088214,2026-08-08 20:36:01.088214,
812,73,"While, Whereas và While As","

# While và Whereas

## 1. While

While có thể chỉ:

- thời gian
- sự tương phản

### Thời gian

While the manager was speaking, the employees took notes.

### Tương phản

While the product is expensive, it is very reliable.

## 2. Whereas

Whereas chủ yếu dùng để thể hiện sự tương phản giữa hai đối tượng hoặc hai tình huống.

Ví dụ:

The old system is slow, whereas the new system is much faster.

## 3. So sánh

While:

The manager reviewed the report while the assistant prepared the documents.

Whereas:

The north branch is profitable, whereas the south branch is struggling.

## 4. Mẹo TOEIC

Nếu hai mệnh đề đang được **so sánh đối lập**, whereas là lựa chọn rất thường gặp.

",6,2026-08-08 20:36:01.088214,2026-08-08 20:36:01.088214,
813,73,"In Case, In Order That và So That","

# In Case, In Order That và So That

## 1. In Case

In case = phòng khi.

Ví dụ:

Take an umbrella in case it rains.

## 2. So That

So that = để mà.

Ví dụ:

The company upgraded the system so that employees could work more efficiently.

## 3. In Order That

In order that cũng diễn tả mục đích.

Ví dụ:

The meeting was moved online in order that employees could participate remotely.

## 4. Mục đích

Các cấu trúc:

**so that + S + can/could/will/would + V**

**in order that + S + can/could/will/would + V**

## 5. So That và So

So có thể chỉ kết quả:

The system failed, so the technician repaired it.

So that thường chỉ mục đích:

The company upgraded the system so that employees could work faster.

## 6. Mẹo

Nếu ý là:

**""để mà"" → so that / in order that**

Nếu ý là:

**""vì vậy"" → so**

",7,2026-08-08 20:36:01.088214,2026-08-08 20:36:01.088214,
814,73,"Even If, Even When và Even Though","

# Even If, Even When và Even Though

## 1. Even If

Diễn tả điều kiện giả định.

Even if it rains, the event will continue.

→ Dù trời có mưa thì sự kiện vẫn tiếp tục.

## 2. Even When

Diễn tả tình huống có khả năng hoặc thường xảy ra.

The system works well even when demand is high.

## 3. Even Though

Diễn tả một sự thật hoặc tình huống thực tế.

Even though the system is old, it works well.

## 4. So sánh

### Even if

**giả định / điều kiện**

### Even when

**khi / trong trường hợp**

### Even though

**mặc dù sự thật là**

## 5. TOEIC

Even ______ the weather is bad, the delivery will continue.

A. if
B. though
C. when
D. All may be possible depending on context

Trong TOEIC phải dựa vào **ý nghĩa câu** để chọn.

## 6. Mẹo

Đừng dịch cả ba từ thành ""mặc dù"".

Hãy xác định:

- giả định → even if
- tình huống/thời điểm → even when
- sự thật → even though

",8,2026-08-08 20:36:01.088214,2026-08-08 20:36:01.088214,
815,73,"Conjunctive Adverbs: However, Therefore, Moreover","

# Conjunctive Adverbs

## 1. Khái niệm

Conjunctive adverbs liên kết ý tưởng giữa các mệnh đề hoặc câu.

Một số từ phổ biến:

- however
- therefore
- moreover
- furthermore
- nevertheless
- otherwise
- consequently
- meanwhile

## 2. However

Diễn tả tương phản.

The product is expensive. However, it is popular.

## 3. Therefore

Diễn tả kết quả.

The machine was damaged. Therefore, production stopped.

## 4. Moreover / Furthermore

Bổ sung thông tin.

The system is reliable. Moreover, it is affordable.

## 5. Nevertheless

Diễn tả tương phản mạnh.

The task was difficult. Nevertheless, the team completed it.

## 6. Otherwise

Diễn tả kết quả nếu không làm điều gì đó.

Please submit the form today. Otherwise, your application may be delayed.

## 7. Lưu ý dấu câu

Không nối hai independent clauses chỉ bằng however.

Sai:

The product is expensive, however it is popular.

Đúng:

The product is expensive; however, it is popular.

Hoặc:

The product is expensive. However, it is popular.

## 8. Mẹo TOEIC

Phân biệt:

**conjunction** → nối mệnh đề trực tiếp.

**conjunctive adverb** → thường cần dấu chấm hoặc dấu chấm phẩy.

",9,2026-08-08 20:36:01.088214,2026-08-08 20:36:01.088214,
816,73,Bẫy Advanced Conjunctions trong TOEIC,"

# Bẫy Advanced Conjunctions trong TOEIC

## 1. Although và But

Sai:

Although the product is expensive, but it is popular.

Đúng:

Although the product is expensive, it is popular.

---

## 2. Because và Because of

The meeting was canceled ______ the manager was unavailable.

A. because
B. because of
C. due
D. despite

Đáp án:

**A. because**

→ sau because là clause.

---

## 3. Because of

The meeting was canceled ______ the manager's absence.

A. because
B. because of
C. although
D. unless

Đáp án:

**B. because of**

→ sau because of là noun phrase.

---

## 4. Unless

______ you submit the form, your application cannot be processed.

A. Unless
B. Because
C. Although
D. While

Nếu ý là ""nếu không nộp"":

**A. Unless**

---

## 5. Whereas

The old system is slow, ______ the new system is faster.

A. because
B. whereas
C. unless
D. therefore

Đáp án:

**B. whereas**

→ tương phản.

---

## 6. Therefore

The machine malfunctioned; ______, production was delayed.

A. although
B. therefore
C. unless
D. whereas

Đáp án:

**B. therefore**

→ kết quả.

---

## 7. However

The product is expensive; ______, customers continue to buy it.

A. however
B. because
C. unless
D. therefore

Đáp án:

**A. however**

→ tương phản.

---

## 8. So That

The company upgraded the network ______ employees could work remotely.

A. so that
B. although
C. unless
D. whereas

Đáp án:

**A. so that**

→ mục đích.

---

## 9. Even Though

______ the deadline was short, the team completed the project.

A. Even though
B. Unless
C. Therefore
D. Otherwise

Đáp án:

**A. Even though**

→ nhượng bộ.

---

## 10. Chiến thuật tổng hợp

Khi gặp câu hỏi về conjunction:

### Bước 1

Xác định hai ý có quan hệ gì:

- nguyên nhân
- kết quả
- tương phản
- điều kiện
- thời gian
- mục đích
- bổ sung

### Bước 2

Kiểm tra sau chỗ trống là:

- noun phrase
- clause
- independent clause

### Bước 3

Kiểm tra dấu câu.

### Bước 4

Chọn conjunction phù hợp.

## Công thức quan trọng

**because + S + V**

**because of + noun**

**although + S + V**

**despite + noun / V-ing**

**unless + S + V**

**so that + S + V**

**therefore = kết quả**

**however = tương phản**

**whereas = đối chiếu**

## Mẹo TOEIC

Đừng học conjunction chỉ bằng nghĩa tiếng Việt.

Hãy học theo:

**Ý nghĩa + cấu trúc theo sau + dấu câu.**

",10,2026-08-08 20:36:01.088214,2026-08-08 20:36:01.088214,
817,74,Advanced Prepositions là gì?,"

# Advanced Prepositions là gì?

## 1. Khái niệm

Preposition (giới từ) là từ dùng để thể hiện mối quan hệ giữa các thành phần trong câu.

Ở trình độ nâng cao, cần nắm:

- giới từ chỉ thời gian
- giới từ chỉ nơi chốn
- giới từ chỉ nguyên nhân
- giới từ chỉ mục đích
- giới từ chỉ phương tiện
- giới từ trong collocation
- giới từ đi sau adjective
- giới từ đi sau verb
- giới từ đi sau noun

## 2. Một số giới từ thường gặp

- in
- on
- at
- by
- for
- from
- to
- with
- about
- against
- among
- between
- despite
- during
- regarding
- concerning
- within
- throughout
- beyond

## 3. TOEIC

Advanced Prepositions thường xuất hiện trong:

- cụm giới từ
- collocation
- business expressions
- câu hỏi từ loại
- câu hỏi word choice

## 4. Mẹo

Không nên chỉ dịch giới từ sang tiếng Việt.

Hãy học theo **cụm cố định**.

Ví dụ:

responsible for

interested in

depend on

apply for

",1,2026-08-08 20:36:30.219148,2026-08-08 20:36:30.219148,
818,74,Between và Among,"

# Between và Among

## 1. Between

Between thường dùng khi nói về mối quan hệ giữa hai đối tượng.

Ví dụ:

The agreement was made **between** the two companies.

The meeting is **between** 9:00 and 10:00.

## 2. Among

Among dùng khi nói về ba hoặc nhiều đối tượng trong một nhóm.

Ví dụ:

The prize was divided **among** the three employees.

The survey was popular **among** customers.

## 3. So sánh

**between A and B**

**among a group**

## 4. Lưu ý

Between cũng có thể được dùng với nhiều hơn hai đối tượng khi nói về các mối quan hệ riêng biệt hoặc được xác định rõ.

Ví dụ:

Negotiations between the five countries continued.

## 5. TOEIC

The manager divided the tasks ______ the three employees.

A. between
B. among
C. during
D. within

Đáp án phù hợp nhất:

**B. among**

## 6. Mẹo

Nhớ:

**between → các đối tượng được xem xét riêng biệt**

**among → trong một nhóm**

",2,2026-08-08 20:36:30.219148,2026-08-08 20:36:30.219148,
819,74,By và Until,"

# By và Until

## 1. By

By = không muộn hơn một thời điểm.

Ví dụ:

Please submit the report **by Friday**.

→ Nộp chậm nhất vào thứ Sáu.

## 2. Until

Until = kéo dài đến một thời điểm.

Ví dụ:

The office will remain open **until Friday**.

→ Văn phòng mở cửa cho đến thứ Sáu.

## 3. So sánh

### By

Hành động phải hoàn thành trước hoặc vào thời điểm đó.

You must finish the report by Friday.

### Until

Trạng thái/hành động tiếp tục đến thời điểm đó.

The office is open until Friday.

## 4. TOEIC

Employees must submit their applications ______ Monday.

A. until
B. by
C. during
D. between

Đáp án:

**B. by**

## 5. Mẹo

Nếu nghĩa là:

**""chậm nhất vào..."" → BY**

**""cho đến..."" → UNTIL**

",3,2026-08-08 20:36:30.219148,2026-08-08 20:36:30.219148,
820,74,"During, For và Throughout","

# During, For và Throughout

## 1. During

During + noun

Dùng để chỉ một khoảng thời gian/sự kiện.

Ví dụ:

during the meeting

during the holiday

during the summer

## 2. For

For + khoảng thời gian.

Ví dụ:

for two hours

for three years

for several days

## 3. Throughout

Throughout = trong suốt toàn bộ khoảng thời gian hoặc phạm vi.

Ví dụ:

throughout the year

throughout the meeting

throughout the country

## 4. So sánh

The company operated **for three years**.

→ khoảng thời gian.

The company expanded **during the three-year period**.

→ trong khoảng thời gian.

The company remained profitable **throughout the year**.

→ suốt cả năm.

## 5. Mẹo

Nhớ:

**during + event/period**

**for + duration**

**throughout + toàn bộ khoảng thời gian/phạm vi**

",4,2026-08-08 20:36:30.219148,2026-08-08 20:36:30.219148,
821,74,"Despite, In Spite of và Regardless of","

# Despite, In Spite of và Regardless of

## 1. Despite

Despite + noun / noun phrase / V-ing

Ví dụ:

Despite the rain, the event continued.

Despite being tired, she continued working.

## 2. In Spite of

In spite of có cách dùng tương tự despite.

Ví dụ:

In spite of the delay, the shipment arrived on time.

## 3. Không dùng trực tiếp clause

Sai:

Despite it was raining...

Đúng:

Despite the rain...

Hoặc:

Despite the fact that it was raining...

## 4. Regardless of

Regardless of = bất kể.

Ví dụ:

Regardless of the cost, the company will continue the project.

## 5. So sánh

**despite + noun/V-ing**

**in spite of + noun/V-ing**

**regardless of + noun/V-ing**

## 6. TOEIC

______ the delay, the shipment arrived on time.

A. Despite
B. Although
C. Because
D. Unless

Đáp án:

**A. Despite**

",5,2026-08-08 20:36:30.219148,2026-08-08 20:36:30.219148,
822,74,"According to, Regarding và Concerning","

# According to, Regarding và Concerning

## 1. According to

According to = theo như.

Ví dụ:

According to the report, sales increased last month.

According to company policy, employees must wear identification badges.

## 2. Regarding

Regarding = về / liên quan đến.

Ví dụ:

Regarding your application, we need additional information.

## 3. Concerning

Concerning có nghĩa gần với regarding.

Ví dụ:

Please contact us concerning your reservation.

## 4. Cấu trúc

Các từ này thường đứng trước:

**noun / noun phrase**

Ví dụ:

regarding the new policy

concerning the contract

according to the report

## 5. TOEIC

______ company policy, employees must submit the form by Friday.

A. According to
B. Because
C. Despite
D. Unless

Đáp án:

**A. According to**

## 6. Mẹo

Học các cụm này như một đơn vị:

**according to + noun**

**regarding + noun**

**concerning + noun**

",6,2026-08-08 20:36:30.219148,2026-08-08 20:36:30.219148,
823,74,"Within, Beyond và Throughout","

# Within, Beyond và Throughout

## 1. Within

Within = trong phạm vi hoặc trước khi hết một khoảng thời gian.

Ví dụ:

Please respond within three business days.

The office is located within the city center.

## 2. Beyond

Beyond = vượt quá / ngoài phạm vi.

Ví dụ:

The project is beyond our budget.

The service is available beyond the city limits.

## 3. Throughout

Throughout = xuyên suốt / khắp.

Ví dụ:

The company has branches throughout the country.

The system remained stable throughout the test.

## 4. TOEIC

Please complete the form ______ five business days.

A. beyond
B. within
C. throughout
D. among

Đáp án:

**B. within**

## 5. Mẹo

**within + giới hạn**

**beyond + vượt giới hạn**

**throughout + toàn bộ phạm vi/thời gian**

",7,2026-08-08 20:36:30.219148,2026-08-08 20:36:30.219148,
824,74,Prepositions trong Collocations,"

# Prepositions trong Collocations

## 1. Khái niệm

Nhiều động từ, tính từ và danh từ thường đi với giới từ cố định.

Không nên dịch từng từ riêng lẻ.

## 2. Verb + Preposition

Một số cụm quan trọng:

- depend on
- apply for
- participate in
- belong to
- refer to
- respond to
- agree with
- focus on
- result in
- consist of

## 3. Adjective + Preposition

- responsible for
- interested in
- familiar with
- capable of
- aware of
- satisfied with
- concerned about
- similar to

## 4. Noun + Preposition

- reason for
- solution to
- demand for
- increase in
- decrease in
- access to
- need for
- responsibility for

## 5. TOEIC

The manager is responsible ______ training new employees.

A. of
B. for
C. with
D. to

Đáp án:

**B. for**

## 6. Mẹo

Học:

**responsible for**

thay vì chỉ học:

responsible = chịu trách nhiệm.

",8,2026-08-08 20:36:30.219148,2026-08-08 20:36:30.219148,
825,74,Preposition sau Adjective và Verb,"

# Preposition sau Adjective và Verb

## 1. Adjective + Preposition

### Responsible for

The manager is responsible **for** the project.

### Interested in

Customers are interested **in** the new product.

### Familiar with

Employees are familiar **with** the new system.

### Similar to

This product is similar **to** the previous model.

### Capable of

The machine is capable **of** processing large amounts of data.

## 2. Verb + Preposition

### Depend on

Success depends **on** good planning.

### Apply for

She applied **for** the position.

### Participate in

Employees participated **in** the training.

### Respond to

Please respond **to** the email.

## 3. TOEIC

The company is interested ______ expanding into new markets.

A. at
B. in
C. on
D. for

Đáp án:

**B. in**

## 4. Mẹo

Các cụm adjective/verb + preposition cần học như **collocation cố định**.

",9,2026-08-08 20:36:30.219148,2026-08-08 20:36:30.219148,
826,74,Bẫy Advanced Prepositions trong TOEIC,"

# Bẫy Advanced Prepositions trong TOEIC

## 1. By và Until

Employees must finish the report ______ Friday.

A. until
B. by
C. during
D. throughout

Đáp án:

**B. by**

---

## 2. For và During

The company has operated here ______ ten years.

A. during
B. for
C. within
D. by

Đáp án:

**B. for**

---

## 3. Despite

______ the bad weather, the flight departed on time.

A. Despite
B. Although
C. Because
D. Unless

Đáp án:

**A. Despite**

---

## 4. Responsible for

The manager is responsible ______ hiring new employees.

A. to
B. for
C. with
D. at

Đáp án:

**B. for**

---

## 5. Interested in

Customers are interested ______ the new service.

A. on
B. at
C. in
D. for

Đáp án:

**C. in**

---

## 6. Participate in

All employees must participate ______ the training session.

A. at
B. on
C. in
D. for

Đáp án:

**C. in**

---

## 7. Depend on

The final decision depends ______ the manager.

A. at
B. in
C. on
D. for

Đáp án:

**C. on**

---

## 8. According to

______ the latest report, sales increased by 10 percent.

A. According to
B. Despite
C. Unless
D. Beyond

Đáp án:

**A. According to**

---

## 9. Within

Please respond ______ three business days.

A. beyond
B. within
C. among
D. during

Đáp án:

**B. within**

---

## 10. Chiến thuật tổng hợp

Khi gặp câu hỏi về giới từ:

### Bước 1

Xác định từ đứng trước chỗ trống:

- verb
- adjective
- noun

### Bước 2

Kiểm tra collocation.

Ví dụ:

responsible → **for**

interested → **in**

depend → **on**

apply → **for**

### Bước 3

Nếu là giới từ chỉ thời gian, xác định:

- deadline → by
- kéo dài → until
- duration → for
- sự kiện/khoảng thời gian → during
- toàn bộ khoảng thời gian → throughout

### Bước 4

Nếu là giới từ chỉ phạm vi:

- within → trong giới hạn
- beyond → vượt giới hạn
- among → trong một nhóm
- between → giữa các đối tượng xác định

## Công thức nhớ

**Verb + Preposition**

depend on

apply for

participate in

respond to

**Adjective + Preposition**

responsible for

interested in

familiar with

capable of

**Noun + Preposition**

reason for

solution to

increase in

access to

## Mẹo TOEIC

Với giới từ nâng cao, **collocation quan trọng hơn dịch nghĩa từng từ**.

",10,2026-08-08 20:36:30.219148,2026-08-08 20:36:30.219148,
827,75,Advanced Relative Clauses là gì?,"

# Advanced Relative Clauses là gì?

## 1. Khái niệm

Relative clause (mệnh đề quan hệ) là mệnh đề dùng để bổ nghĩa cho một danh từ hoặc đại từ đứng trước nó.

Ví dụ:

The employee **who works in accounting** is very experienced.

→ who works in accounting bổ nghĩa cho employee.

## 2. Các từ quan hệ

### Người

- who
- whom
- whose

### Vật / sự việc

- which
- whose

### Người hoặc vật

- that

### Nơi chốn

- where

### Thời gian

- when

### Lý do

- why

## 3. TOEIC

Advanced Relative Clauses thường kiểm tra:

- who / whom
- which / that
- whose
- where / when
- restrictive / nonrestrictive clauses
- rút gọn mệnh đề quan hệ
- giới từ + whom/which

## 4. Mẹo

Trước tiên hãy xác định:

**Danh từ đứng trước là người hay vật?**

Sau đó xác định:

**Từ quan hệ đang đóng vai trò chủ ngữ hay tân ngữ?**

",1,2026-08-08 20:37:07.594582,2026-08-08 20:37:07.594582,
828,75,"Who, Whom và Whose","

# Who, Whom và Whose

## 1. WHO

Who dùng cho người và thường đóng vai trò **chủ ngữ**.

Ví dụ:

The employee **who manages the department** is experienced.

→ who = employee.

## 2. WHOM

Whom dùng cho người và đóng vai trò **tân ngữ**.

Ví dụ:

The employee **whom I interviewed** was qualified.

→ I interviewed whom.

## 3. WHOSE

Whose chỉ sự sở hữu.

Ví dụ:

The employee **whose computer was damaged** reported the problem.

→ computer thuộc về employee.

## 4. Cách nhận biết

### Who

who + verb

The employee who **works** here...

### Whom

whom + subject + verb

The employee whom **I interviewed**...

### Whose

whose + noun

The employee whose **computer** was damaged...

## 5. TOEIC

The candidate ______ applied for the position has five years of experience.

A. whom
B. who
C. whose
D. which

Đáp án:

**B. who**

→ who là chủ ngữ của applied.

",2,2026-08-08 20:37:07.594582,2026-08-08 20:37:07.594582,
829,75,"Which, That và sự khác biệt","

# Which và That

## 1. THAT

That có thể dùng cho:

- người
- vật

trong restrictive relative clause.

Ví dụ:

The report **that I submitted** was approved.

The employee **that manages the office** is absent.

## 2. WHICH

Which dùng cho vật hoặc sự việc.

Ví dụ:

The report **which I submitted** was approved.

## 3. Dấu phẩy

Trong nonrestrictive relative clause, thường dùng:

**which**

Ví dụ:

The report, **which was submitted yesterday**, contains several errors.

Không dùng that trong cấu trúc này.

## 4. So sánh

### Restrictive

The report **that was submitted yesterday** contains errors.

### Nonrestrictive

The report, **which was submitted yesterday**, contains errors.

## 5. TOEIC

The new software, ______ was installed last week, has improved efficiency.

A. that
B. which
C. what
D. where

Đáp án:

**B. which**

",3,2026-08-08 20:37:07.594582,2026-08-08 20:37:07.594582,
830,75,Relative Pronouns làm Chủ ngữ và Tân ngữ,"

# Relative Pronouns làm Chủ ngữ và Tân ngữ

## 1. Làm chủ ngữ

Ví dụ:

The employee **who works here** is experienced.

Sau who là verb:

**who + works**

→ who là chủ ngữ.

## 2. Làm tân ngữ

Ví dụ:

The employee **whom I hired** is experienced.

Sau whom là:

**I + hired**

→ whom là tân ngữ.

## 3. Có thể lược bỏ khi làm tân ngữ

The employee **whom I hired**...

Có thể viết:

The employee **I hired**...

## 4. Không lược bỏ khi làm chủ ngữ

The employee **who works here**...

Không thể viết:

The employee **works here**...

nếu muốn giữ cấu trúc relative clause.

## 5. TOEIC

The report ______ the manager reviewed was accurate.

A. who
B. whom
C. which
D. where

Có thể dùng:

**which**

hoặc:

The report **the manager reviewed**...

## 6. Mẹo

Nếu sau relative pronoun đã có **subject + verb**, relative pronoun thường đang làm **object**.

",4,2026-08-08 20:37:07.594582,2026-08-08 20:37:07.594582,
831,75,"Where, When và Why","

# Where, When và Why

## 1. WHERE

Where dùng để nói về nơi chốn.

Ví dụ:

The office **where I work** is downtown.

= The office **in which I work** is downtown.

## 2. WHEN

When dùng để nói về thời gian.

Ví dụ:

The day **when we met** was memorable.

= The day **on which we met** was memorable.

## 3. WHY

Why thường đi với reason.

Ví dụ:

The reason **why he left** is unclear.

= The reason **for which he left** is unclear.

## 4. Lưu ý

Không dùng where nếu danh từ trước không mang nghĩa nơi chốn.

Sai:

The reason where he left...

Đúng:

The reason why he left...

## 5. TOEIC

The office ______ the meeting was held is on the second floor.

A. where
B. when
C. why
D. whose

Đáp án:

**A. where**

",5,2026-08-08 20:37:07.594582,2026-08-08 20:37:07.594582,
832,75,Preposition + Which / Whom,"

# Preposition + Which / Whom

## 1. Cấu trúc

Giới từ có thể đứng trước relative pronoun.

Ví dụ:

The company **for which** she works is international.

= The company **which she works for** is international.

## 2. Với người

The manager **with whom** I spoke was helpful.

= The manager **who I spoke with** was helpful.

## 3. Với vật

The system **on which** the company relies is reliable.

## 4. Văn phong

Preposition + which/whom thường trang trọng hơn.

Ví dụ:

The project on which we worked...

Trong giao tiếp:

The project which we worked on...

## 5. TOEIC

The company ______ she works for is expanding.

A. who
B. whom
C. which
D. where

Đáp án:

**C. which**

",6,2026-08-08 20:37:07.594582,2026-08-08 20:37:07.594582,
833,75,Whose và cấu trúc sở hữu nâng cao,"

# Whose và cấu trúc sở hữu

## 1. Whose + noun

Whose được dùng để chỉ sự sở hữu.

Ví dụ:

The employee **whose laptop was stolen** reported the incident.

→ laptop thuộc về employee.

## 2. Với vật

Whose cũng có thể dùng với vật.

Ví dụ:

The company **whose headquarters are in Tokyo** opened a new branch.

→ headquarters thuộc về company.

## 3. Không dùng who + noun để chỉ sở hữu

Sai:

The employee who computer was damaged...

Đúng:

The employee **whose computer was damaged**...

## 4. TOEIC

The company ______ products are sold worldwide is expanding.

A. who
B. whom
C. whose
D. which

Đáp án:

**C. whose**

## 5. Mẹo

Nếu sau chỗ trống là một noun và có ý sở hữu:

**whose + noun**

",7,2026-08-08 20:37:07.594582,2026-08-08 20:37:07.594582,
834,75,Restrictive và Nonrestrictive Relative Clauses,"

# Restrictive và Nonrestrictive Relative Clauses

## 1. Restrictive

Thông tin cần thiết để xác định danh từ.

Không dùng dấu phẩy.

Ví dụ:

The employees **who completed the training** received certificates.

→ chỉ những nhân viên hoàn thành training.

## 2. Nonrestrictive

Thông tin bổ sung.

Có dấu phẩy.

Ví dụ:

Mr. Brown, **who completed the training**, received a certificate.

→ Mr. Brown đã xác định rõ.

## 3. Đại từ quan hệ

Nonrestrictive clause thường dùng:

- who
- whom
- whose
- which

Không dùng **that**.

## 4. So sánh

### Restrictive

The report **that was submitted yesterday** is important.

### Nonrestrictive

The report, **which was submitted yesterday**, is important.

## 5. TOEIC

The manager, ______ has worked here for ten years, will retire next month.

A. that
B. who
C. what
D. where

Đáp án:

**B. who**

## 6. Mẹo

Có dấu phẩy:

→ nghĩ đến **nonrestrictive relative clause**.

",8,2026-08-08 20:37:07.594582,2026-08-08 20:37:07.594582,
835,75,Reduced Relative Clauses,"

# Reduced Relative Clauses

## 1. Khái niệm

Relative clause có thể được rút gọn trong một số trường hợp.

Ví dụ:

The employees **who work in this department**...

Có thể rút gọn:

The employees **working in this department**...

## 2. Chủ động → V-ing

The employees **who work here**...

→ The employees **working here**...

## 3. Bị động → V3

The documents **that were submitted yesterday**...

→ The documents **submitted yesterday**...

## 4. Có BE

The products **which are available online**...

→ The products **available online**...

## 5. TOEIC

The documents ______ yesterday must be reviewed.

A. submitting
B. submitted
C. submit
D. submits

Đáp án:

**B. submitted**

→ documents bị submit.

## 6. Mẹo

Nếu danh từ:

**chủ động thực hiện hành động → V-ing**

**bị tác động → V3/ed**

",9,2026-08-08 20:37:07.594582,2026-08-08 20:37:07.594582,
836,75,Bẫy Advanced Relative Clauses trong TOEIC,"

# Bẫy Advanced Relative Clauses trong TOEIC

## 1. Who / Whom

The employee ______ I interviewed was highly qualified.

A. who
B. whom
C. whose
D. which

Đáp án chuẩn về ngữ pháp trang trọng:

**B. whom**

→ I interviewed him.

Trong tiếng Anh hiện đại, who cũng thường được dùng trong thực tế.

---

## 2. Who làm chủ ngữ

The employee ______ manages the department is experienced.

A. whom
B. who
C. which
D. whose

Đáp án:

**B. who**

→ who manages.

---

## 3. Whose

The employee ______ computer was damaged reported the problem.

A. who
B. whom
C. whose
D. which

Đáp án:

**C. whose**

---

## 4. Which

The report ______ was submitted yesterday contains several errors.

A. who
B. which
C. whom
D. where

Đáp án:

**B. which**

---

## 5. Where

The office ______ I work is downtown.

A. when
B. where
C. why
D. whose

Đáp án:

**B. where**

---

## 6. When

The day ______ the contract was signed was important.

A. where
B. when
C. whose
D. whom

Đáp án:

**B. when**

---

## 7. Restrictive

The employees ______ completed the training received certificates.

A. which
B. who
C. where
D. whose

Đáp án:

**B. who**

---

## 8. Nonrestrictive

The manager, ______ has worked here for ten years, will retire.

A. that
B. who
C. where
D. what

Đáp án:

**B. who**

---

## 9. Reduced Relative Clause

The documents ______ yesterday are confidential.

A. submitting
B. submitted
C. submit
D. submits

Đáp án:

**B. submitted**

---

## 10. Chiến thuật tổng hợp

Khi gặp Relative Clause:

### Bước 1

Xác định danh từ đứng trước.

### Bước 2

Xác định người hay vật.

### Bước 3

Xác định relative pronoun làm:

- subject
- object
- possessive

### Bước 4

Kiểm tra dấu phẩy.

### Bước 5

Kiểm tra có thể dùng:

- who
- whom
- whose
- which
- that
- where
- when
- why

### Bước 6

Nếu thấy V-ing hoặc V3 đứng sau noun, kiểm tra khả năng đó là **reduced relative clause**.

## Công thức nhớ

**who + verb**

**whom + subject + verb**

**whose + noun**

**which + verb / clause**

**where + clause**

**when + clause**

**that + restrictive clause**

**V-ing → chủ động**

**V3/ed → bị động**

",10,2026-08-08 20:37:07.594582,2026-08-08 20:37:07.594582,
837,76,Advanced Conditionals là gì?,"

# Advanced Conditionals là gì?

## 1. Khái niệm

Conditional sentences (câu điều kiện) dùng để diễn tả:

- điều kiện
- kết quả
- khả năng
- giả định
- tình huống trái với thực tế

Ở trình độ nâng cao, cần nắm:

- Zero Conditional
- First Conditional
- Second Conditional
- Third Conditional
- Mixed Conditionals
- unless
- provided that
- as long as
- even if
- inversion trong câu điều kiện

## 2. Cấu trúc cơ bản

Một câu điều kiện thường gồm:

**If-clause + main clause**

Ví dụ:

If the weather improves, the event will continue.

## 3. Mẹo TOEIC

Khi gặp câu điều kiện, trước tiên xác định:

1. Điều kiện nói về hiện tại, tương lai hay quá khứ?
2. Điều kiện có thực tế hay giả định?
3. Kết quả xảy ra ở thời điểm nào?

Sau đó mới chọn cấu trúc.

",1,2026-08-08 20:38:11.69628,2026-08-08 20:38:11.69628,
838,76,Zero Conditional,"

# Zero Conditional

## 1. Cách sử dụng

Zero Conditional dùng để nói về:

- sự thật
- quy luật
- thói quen
- kết quả luôn xảy ra khi điều kiện xảy ra

## 2. Cấu trúc

**If + present simple, present simple**

Ví dụ:

If water reaches 100°C, it boils.

## 3. Trong môi trường công việc

If employees arrive late, they receive a warning.

→ Đây là quy định hoặc tình huống thường xảy ra.

## 4. Có thể dùng WHEN

Ví dụ:

When the temperature rises, the system shuts down automatically.

## 5. Không dùng WILL cho mệnh đề if trong Zero Conditional

Sai:

If water reaches 100°C, it will boil.

Nếu đang diễn tả một sự thật chung:

Đúng:

If water reaches 100°C, it boils.

## 6. TOEIC

If the machine overheats, it ______ automatically.

A. shut down
B. shuts down
C. will shut down
D. shutting down

Đáp án:

**B. shuts down**

",2,2026-08-08 20:38:11.69628,2026-08-08 20:38:11.69628,
839,76,First Conditional,"

# First Conditional

## 1. Cách sử dụng

First Conditional dùng cho điều kiện có khả năng xảy ra ở hiện tại hoặc tương lai.

## 2. Cấu trúc

**If + present simple, will + V**

Ví dụ:

If the shipment arrives tomorrow, we will send it to the client.

## 3. Ví dụ TOEIC

If the payment arrives today, we will process the order.

If demand increases, the company will hire more employees.

## 4. Mệnh đề if

Không dùng will thông thường trong if-clause.

Sai:

If the customer will call, we will respond.

Đúng:

If the customer calls, we will respond.

## 5. Có thể dùng modal khác

If demand increases, the company **may** hire more employees.

If you finish early, you **can** leave.

## 6. Mẹo

First Conditional:

**If + hiện tại → tương lai / khả năng**

",3,2026-08-08 20:38:11.69628,2026-08-08 20:38:11.69628,
840,76,Second Conditional,"

# Second Conditional

## 1. Cách sử dụng

Second Conditional dùng để nói về:

- tình huống giả định hiện tại
- tình huống không có khả năng cao
- lời khuyên

## 2. Cấu trúc

**If + past simple, would + V**

Ví dụ:

If I had more time, I would study more.

## 3. Trong môi trường công việc

If the company had more resources, it would expand faster.

## 4. WERE

Với động từ BE, trong văn phong trang trọng có thể dùng:

**were**

Ví dụ:

If I were the manager, I would change the policy.

If he were available, he would attend the meeting.

## 5. Không nhầm với First Conditional

### First

If the company has enough money, it will expand.

→ khả năng thực tế.

### Second

If the company had enough money, it would expand.

→ giả định.

## 6. Mẹo

Second Conditional:

**If + past → would + V**

",4,2026-08-08 20:38:11.69628,2026-08-08 20:38:11.69628,
841,76,Third Conditional,"

# Third Conditional

## 1. Cách sử dụng

Third Conditional dùng để nói về:

- một điều kiện trong quá khứ
- điều kiện đã không xảy ra
- kết quả giả định trong quá khứ

## 2. Cấu trúc

**If + had + V3, would have + V3**

Ví dụ:

If the company had acted earlier, it would have avoided the problem.

## 3. Ý nghĩa

Thực tế:

→ company did not act earlier.

→ problem was not avoided.

## 4. Ví dụ

If I had known about the meeting, I would have attended it.

## 5. TOEIC

If the manager had approved the budget, the project ______ on time.

A. would complete
B. would have been completed
C. will complete
D. completed

Đáp án:

**B. would have been completed**

## 6. Mẹo

Third Conditional:

**quá khứ không có thật**

→ **had + V3**

→ **would have + V3**

",5,2026-08-08 20:38:11.69628,2026-08-08 20:38:11.69628,
842,76,Mixed Conditionals,"

# Mixed Conditionals

## 1. Khái niệm

Mixed Conditional kết hợp các mốc thời gian khác nhau giữa điều kiện và kết quả.

## 2. Quá khứ → hiện tại

Một hành động trong quá khứ ảnh hưởng đến hiện tại.

Cấu trúc:

**If + had + V3, would + V**

Ví dụ:

If I had studied harder, I would have a better job now.

→ Quá khứ ảnh hưởng hiện tại.

## 3. Quá khứ → hiện tại trong công việc

If the company had invested in technology earlier, it would be more competitive now.

## 4. Hiện tại → quá khứ

Một tình trạng hiện tại ảnh hưởng đến một kết quả giả định trong quá khứ.

Ví dụ:

If he were more organized, he would have finished the project yesterday.

## 5. Mẹo

Hãy xác định thời điểm của:

- điều kiện
- kết quả

Nếu hai thời điểm khác nhau:

→ có thể là Mixed Conditional.

",6,2026-08-08 20:38:11.69628,2026-08-08 20:38:11.69628,
843,76,"Unless, Provided That và As Long As","

# Unless, Provided That và As Long As

## 1. Unless

Unless = if...not.

Ví dụ:

Unless you submit the form, your application will not be processed.

## 2. Provided That

Provided that = với điều kiện là.

Ví dụ:

Employees can work remotely provided that they meet the requirements.

## 3. As Long As

As long as = miễn là.

Ví dụ:

You can use the equipment as long as you follow the safety rules.

## 4. So sánh

### Unless

Điều kiện phủ định.

Unless you hurry, you will miss the train.

### Provided that

Nhấn mạnh điều kiện bắt buộc.

You can enter provided that you have an ID.

### As long as

Nhấn mạnh điều kiện cần được duy trì.

You can stay as long as you follow the rules.

## 5. Mẹo

Không dùng:

unless + not

Sai:

Unless you don't submit the form...

Đúng:

Unless you submit the form...

",7,2026-08-08 20:38:11.69628,2026-08-08 20:38:11.69628,
844,76,Even If và In Case,"

# Even If và In Case

## 1. Even If

Even if = ngay cả khi / dù cho.

Ví dụ:

Even if demand decreases, the company will continue production.

→ Điều kiện có thể xảy ra nhưng kết quả vẫn giữ nguyên.

## 2. In Case

In case = phòng khi.

Ví dụ:

Take an umbrella in case it rains.

→ Chuẩn bị trước cho khả năng có thể xảy ra.

## 3. So sánh

### Even if

Tập trung vào kết quả không thay đổi.

Even if it rains, we will continue the event.

### In case

Tập trung vào việc chuẩn bị.

Take an umbrella in case it rains.

## 4. TOEIC

The company hired temporary workers ______ demand increases unexpectedly.

A. even if
B. in case
C. unless
D. although

Nếu ý là ""phòng khi nhu cầu tăng"":

**B. in case**

## 5. Mẹo

**even if → dù điều kiện xảy ra**

**in case → chuẩn bị phòng khi xảy ra**

",8,2026-08-08 20:38:11.69628,2026-08-08 20:38:11.69628,
845,76,Conditional Inversion,"

# Conditional Inversion

## 1. Khái niệm

Trong văn phong trang trọng, có thể đảo cấu trúc câu điều kiện bằng cách bỏ **if**.

## 2. Had

If I had known, I would have helped.

→ **Had I known, I would have helped.**

## 3. Were

If I were you, I would accept the offer.

→ **Were I you, I would accept the offer.**

## 4. Should

If you need assistance, please contact us.

→ **Should you need assistance, please contact us.**

## 5. Cấu trúc

### Had

**Had + S + V3, ...**

### Were

**Were + S + ...**

### Should

**Should + S + V, ...**

## 6. TOEIC

______ you require additional information, please contact our office.

A. Should
B. Had
C. Were
D. Unless

Đáp án:

**A. Should**

→ Should you require additional information...

## 7. Mẹo

Nếu thấy:

**Had / Were / Should + subject**

hãy kiểm tra khả năng đó là **conditional inversion**.

",9,2026-08-08 20:38:11.69628,2026-08-08 20:38:11.69628,
846,76,Bẫy Advanced Conditionals trong TOEIC,"

# Bẫy Advanced Conditionals trong TOEIC

## 1. Zero Conditional

If the machine overheats, it ______ automatically.

A. shut down
B. shuts down
C. will shut down
D. would shut down

Đáp án:

**B. shuts down**

→ sự thật/quy luật.

---

## 2. First Conditional

If the shipment arrives today, we ______ it immediately.

A. process
B. processed
C. will process
D. would process

Đáp án:

**C. will process**

---

## 3. Second Conditional

If the company had more employees, it ______ more projects.

A. accepts
B. accepted
C. would accept
D. will accept

Đáp án:

**C. would accept**

---

## 4. Third Conditional

If the manager had approved the proposal, we ______ the project.

A. would start
B. will start
C. would have started
D. started

Đáp án:

**C. would have started**

---

## 5. Mixed Conditional

If the company had invested earlier, it ______ more competitive now.

A. is
B. would be
C. would have been
D. will be

Đáp án:

**B. would be**

---

## 6. Unless

Unless the payment is received, the order ______ shipped.

A. will not be
B. would not be
C. had not been
D. was not

Đáp án:

**A. will not be**

---

## 7. Provided That

Employees may work remotely ______ they follow company policy.

A. provided that
B. although
C. despite
D. because of

Đáp án:

**A. provided that**

---

## 8. In Case

Take a copy of the document ______ the original is lost.

A. even if
B. in case
C. unless
D. although

Đáp án:

**B. in case**

---

## 9. Conditional Inversion

______ you require assistance, please contact the help desk.

A. Should
B. Had
C. Were
D. Unless

Đáp án:

**A. Should**

→ Should you require assistance...

---

## 10. Chiến thuật tổng hợp

Khi gặp câu điều kiện:

### Bước 1

Xác định thời gian.

**Hiện tại / tương lai**

→ First hoặc Second.

**Quá khứ**

→ Third.

### Bước 2

Xác định tính thực tế.

**Có khả năng xảy ra**

→ First Conditional.

**Giả định / không thực tế**

→ Second Conditional.

**Đã không xảy ra trong quá khứ**

→ Third Conditional.

### Bước 3

Kiểm tra kết quả.

**would + V**

→ giả định hiện tại.

**would have + V3**

→ giả định quá khứ.

### Bước 4

Kiểm tra các từ đặc biệt:

- unless
- provided that
- as long as
- even if
- in case
- should
- had
- were

## Công thức tổng hợp

**Zero:**

If + present, present

**First:**

If + present, will + V

**Second:**

If + past, would + V

**Third:**

If + had + V3, would have + V3

**Mixed:**

If + had + V3, would + V

## Mẹo TOEIC

Đừng chỉ nhìn thấy **if** rồi chọn đáp án có will.

Hãy xác định **thời gian + mức độ thực tế + loại conditional** trước.

",10,2026-08-08 20:38:11.69628,2026-08-08 20:38:11.69628,
847,77,Advanced Passive Voice là gì?,"

# Advanced Passive Voice là gì?

## 1. Khái niệm

Passive Voice (câu bị động) được sử dụng khi người nói muốn nhấn mạnh:

- đối tượng chịu tác động
- kết quả của hành động
- quy trình
- sự kiện

thay vì người thực hiện hành động.

Ví dụ:

Active:

The manager approved the proposal.

Passive:

The proposal was approved by the manager.

## 2. Công thức cơ bản

**Subject + be + V3/ed**

Ví dụ:

The report **was submitted** yesterday.

## 3. Các thì thường gặp

### Present Simple

is/am/are + V3

### Past Simple

was/were + V3

### Present Perfect

has/have been + V3

### Future

will be + V3

### Modal

modal + be + V3

## 4. TOEIC

Passive Voice thường xuất hiện trong:

- thông báo
- quy trình
- báo cáo
- email công việc
- mô tả sản phẩm
- quy định công ty

## 5. Mẹo

Khi thấy chủ ngữ là đối tượng **bị thực hiện hành động**, hãy kiểm tra khả năng dùng Passive Voice.

",1,2026-08-08 20:38:39.273274,2026-08-08 20:38:39.273274,
848,77,Passive Voice ở các thì nâng cao,"

# Passive Voice ở các thì nâng cao

## 1. Present Simple Passive

**am/is/are + V3**

The reports **are reviewed** every week.

## 2. Past Simple Passive

**was/were + V3**

The documents **were submitted** yesterday.

## 3. Present Continuous Passive

**am/is/are being + V3**

The building **is being renovated**.

## 4. Past Continuous Passive

**was/were being + V3**

The equipment **was being repaired** when we arrived.

## 5. Present Perfect Passive

**has/have been + V3**

The report **has been completed**.

## 6. Past Perfect Passive

**had been + V3**

The problem **had been resolved** before the meeting.

## 7. Future Passive

**will be + V3**

The new system **will be installed** next week.

## 8. Mẹo TOEIC

Đừng chỉ nhìn V3.

Hãy nhìn **trợ động từ BE** để xác định thì.

",2,2026-08-08 20:38:39.273274,2026-08-08 20:38:39.273274,
849,77,Passive với Modal Verbs,"

# Passive với Modal Verbs

## 1. Công thức

**modal + be + V3**

Các modal thường gặp:

- can
- could
- may
- might
- must
- should
- would

## 2. Ví dụ

The report **must be submitted** by Friday.

The equipment **should be inspected** regularly.

The application **can be completed** online.

## 3. Modal Perfect Passive

Với hành động đáng lẽ hoặc có thể đã xảy ra trong quá khứ:

**modal + have been + V3**

Ví dụ:

The report **should have been submitted** yesterday.

The problem **could have been avoided**.

## 4. TOEIC

All applications ______ before Friday.

A. must submit
B. must be submitted
C. must submitting
D. must have submit

Đáp án:

**B. must be submitted**

## 5. Mẹo

Sau modal:

**modal + V**

Nếu bị động:

**modal + be + V3**

",3,2026-08-08 20:38:39.273274,2026-08-08 20:38:39.273274,
850,77,Passive với hai tân ngữ,"

# Passive với hai tân ngữ

## 1. Khái niệm

Một số động từ có thể có hai tân ngữ:

- give
- send
- offer
- tell
- show
- provide
- award

Ví dụ:

The company gave the employee a bonus.

Có thể chuyển thành:

The employee **was given a bonus**.

Hoặc:

A bonus **was given to the employee**.

## 2. Give

Active:

The manager gave John the report.

Passive:

John was given the report.

The report was given to John.

## 3. Send

Active:

The company sent the customer an email.

Passive:

The customer was sent an email.

An email was sent to the customer.

## 4. TOEIC

The employees ______ additional training.

A. were provided
B. were providing
C. provided
D. have provide

Đáp án:

**A. were provided**

→ were provided additional training.

## 5. Mẹo

Với động từ có hai tân ngữ, có thể có **hai cách chuyển bị động**.

",4,2026-08-08 20:38:39.273274,2026-08-08 20:38:39.273274,
851,77,Passive với Reporting Verbs,"

# Passive với Reporting Verbs

## 1. Khái niệm

Một số động từ thường dùng trong báo cáo:

- believe
- say
- think
- report
- expect
- consider
- know

Có thể dùng cấu trúc bị động đặc biệt.

## 2. It + passive

Ví dụ:

It is believed that the company will expand.

It is reported that sales have increased.

It is expected that the new system will improve efficiency.

## 3. Subject + passive + infinitive

Có thể viết:

The company is believed **to be expanding**.

Sales are expected **to increase**.

The manager is thought **to have approved** the proposal.

## 4. So sánh

It is believed that the company will expand.

=

The company is believed to expand.

## 5. TOEIC

The new system is expected ______ productivity.

A. improve
B. to improve
C. improving
D. improved

Đáp án:

**B. to improve**

## 6. Mẹo

Nhớ:

**It is believed that + clause**

hoặc:

**Subject + is believed + to V**

",5,2026-08-08 20:38:39.273274,2026-08-08 20:38:39.273274,
852,77,Get Passive và Have Something Done,"

# Get Passive và Have Something Done

## 1. Get Passive

Get + V3 có thể được dùng thay cho be + V3 trong một số ngữ cảnh.

Ví dụ:

The machine **got damaged** during transportation.

The employee **got promoted** last year.

## 2. Have Something Done

Cấu trúc:

**have + object + V3**

Dùng khi nhờ hoặc thuê người khác thực hiện hành động.

Ví dụ:

We had the equipment repaired.

→ Chúng tôi cho sửa thiết bị.

She had her laptop fixed.

→ Cô ấy mang laptop đi sửa.

## 3. Get Something Done

Có thể dùng:

**get + object + V3**

Ví dụ:

We need to get the report printed.

## 4. TOEIC

The company had the office ______ last month.

A. renovate
B. renovated
C. renovating
D. renovates

Đáp án:

**B. renovated**

## 5. Mẹo

Nếu thấy:

**have + object + V3**

hãy nghĩ đến cấu trúc **causative**.

",6,2026-08-08 20:38:39.273274,2026-08-08 20:38:39.273274,
853,77,Passive với động từ khiếm khuyết và Perfect,"

# Passive Perfect và Modal Perfect

## 1. Present Perfect Passive

**has/have been + V3**

The project **has been completed**.

## 2. Past Perfect Passive

**had been + V3**

The documents **had been sent** before the meeting.

## 3. Future Perfect Passive

**will have been + V3**

The construction **will have been completed** by June.

## 4. Modal Perfect Passive

**modal + have been + V3**

Ví dụ:

The problem **may have been caused** by a technical error.

The report **should have been submitted** earlier.

The delay **could have been avoided**.

## 5. TOEIC

By next month, the new system ______ installed.

A. will have been
B. has been
C. will be
D. had been

Đáp án:

**A. will have been**

→ will have been installed.

## 6. Mẹo

Nếu thấy:

**by + mốc thời gian trong tương lai**

hãy kiểm tra khả năng **Future Perfect**.

",7,2026-08-08 20:38:39.273274,2026-08-08 20:38:39.273274,
854,77,Passive Infinitive và Passive Gerund,"

# Passive Infinitive và Passive Gerund

## 1. Passive Infinitive

Cấu trúc:

**to be + V3**

Ví dụ:

The documents need **to be reviewed**.

The equipment needs **to be repaired**.

## 2. Passive Perfect Infinitive

Cấu trúc:

**to have been + V3**

Ví dụ:

The report appears **to have been completed**.

## 3. Passive Gerund

Cấu trúc:

**being + V3**

Ví dụ:

The employee dislikes **being criticized**.

The equipment requires **being inspected** regularly.

## 4. So sánh

Active infinitive:

to review

Passive infinitive:

to be reviewed

Active gerund:

reviewing

Passive gerund:

being reviewed

## 5. TOEIC

The documents need ______ before publication.

A. reviewing
B. to be reviewed
C. reviewed
D. review

Đáp án:

**B. to be reviewed**

",8,2026-08-08 20:38:39.273274,2026-08-08 20:38:39.273274,
855,77,Passive với Phrasal Verbs và Prepositions,"

# Passive với Phrasal Verbs và Prepositions

## 1. Phrasal Verb

Một số phrasal verbs vẫn giữ giới từ khi chuyển sang bị động.

Ví dụ:

They called off the meeting.

→ The meeting was **called off**.

## 2. Look after

The staff look after the equipment.

→ The equipment is **looked after** by the staff.

## 3. Deal with

The manager dealt with the complaint.

→ The complaint was **dealt with** by the manager.

## 4. Refer to

The report refers to several issues.

→ Several issues are **referred to** in the report.

## 5. TOEIC

The complaint was ______ by the customer service department.

A. dealt
B. dealt with
C. dealing with
D. deal with

Đáp án:

**B. dealt with**

## 6. Mẹo

Không bỏ giới từ khỏi phrasal/prepositional verb.

**deal with → be dealt with**

**refer to → be referred to**

**look after → be looked after**

",9,2026-08-08 20:38:39.273274,2026-08-08 20:38:39.273274,
856,77,Bẫy Advanced Passive Voice trong TOEIC,"

# Bẫy Advanced Passive Voice trong TOEIC

## 1. Modal Passive

All forms must ______ by Friday.

A. submit
B. be submitted
C. submitted
D. submitting

Đáp án:

**B. be submitted**

---

## 2. Perfect Passive

The report ______ before the meeting began.

A. had been completed
B. had completed
C. has completing
D. was complete

Đáp án:

**A. had been completed**

---

## 3. Future Perfect Passive

By next month, the project ______ completed.

A. will have been
B. will be
C. has been
D. had been

Đáp án:

**A. will have been**

---

## 4. Reporting Verb

The new product is expected ______ sales.

A. increase
B. to increase
C. increasing
D. increased

Đáp án:

**B. to increase**

---

## 5. Have Something Done

The company had the equipment ______.

A. repair
B. repaired
C. repairing
D. repairs

Đáp án:

**B. repaired**

---

## 6. Passive Infinitive

The machine needs ______ immediately.

A. repair
B. repairing
C. to be repaired
D. repaired

Đáp án:

**C. to be repaired**

---

## 7. Passive Gerund

The employee dislikes ______ in public.

A. criticize
B. criticized
C. being criticized
D. to criticize

Đáp án:

**C. being criticized**

---

## 8. Phrasal Verb

The meeting was ______ because of bad weather.

A. called
B. called off
C. calling off
D. call off

Đáp án:

**B. called off**

---

## 9. Two Objects

The employees were ______ additional training.

A. provided
B. providing
C. provide
D. provides

Đáp án:

**A. provided**

---

## 10. Chiến thuật tổng hợp

Khi gặp Passive Voice:

### Bước 1

Xác định chủ ngữ có phải là đối tượng chịu tác động không.

### Bước 2

Xác định thì.

### Bước 3

Kiểm tra dạng:

**be + V3**

### Bước 4

Nếu có modal:

**modal + be + V3**

### Bước 5

Nếu có hoàn thành:

**have/has/had + been + V3**

### Bước 6

Nếu có tương lai hoàn thành:

**will have been + V3**

### Bước 7

Kiểm tra cấu trúc đặc biệt:

- be expected to V
- be believed to V
- have something done
- get something done
- being + V3
- to be + V3

## Công thức nhớ

**Present Passive:**

am/is/are + V3

**Past Passive:**

was/were + V3

**Perfect Passive:**

have/has/had + been + V3

**Future Passive:**

will be + V3

**Modal Passive:**

modal + be + V3

**Passive Infinitive:**

to be + V3

**Passive Gerund:**

being + V3

**Causative:**

have/get + object + V3

## Mẹo TOEIC

Đừng chọn V3 chỉ vì nhìn thấy chủ ngữ là vật.

Hãy kiểm tra **thì + trợ động từ + quan hệ chủ động/bị động**.

",10,2026-08-08 20:38:39.273274,2026-08-08 20:38:39.273274,
857,78,Advanced Reported Speech là gì?,"

# Advanced Reported Speech là gì?

## 1. Khái niệm

Reported Speech (câu tường thuật) dùng để thuật lại:

- lời nói
- câu hỏi
- yêu cầu
- mệnh lệnh
- thông báo
- ý kiến

mà không lặp lại nguyên văn lời nói ban đầu.

### Direct Speech

The manager said, ""We need more time.""

### Reported Speech

The manager said that they needed more time.

## 2. Hai thành phần

Reported Speech thường gồm:

**Reporting verb + reported clause**

Ví dụ:

The manager **said that** the project was delayed.

## 3. Reporting verbs thường gặp

- say
- tell
- ask
- explain
- report
- announce
- inform
- remind
- warn
- advise
- promise
- suggest
- recommend

## 4. TOEIC

Reported Speech thường xuất hiện trong:

- email
- thông báo
- báo cáo
- cuộc họp
- lời nhắn
- câu hỏi ngữ pháp

## 5. Mẹo

Khi chuyển từ Direct → Reported Speech, cần kiểm tra:

1. thì
2. đại từ
3. trạng từ thời gian
4. trạng từ nơi chốn
5. cấu trúc của reporting verb

",1,2026-08-08 20:39:04.351223,2026-08-08 20:39:04.351223,
858,78,Backshift of Tenses,"

# Backshift of Tenses

## 1. Khái niệm

Khi reporting verb ở quá khứ, thì trong reported clause thường lùi một bậc.

## 2. Present Simple → Past Simple

Direct:

""I work here.""

Reported:

She said that she **worked** there.

## 3. Present Continuous → Past Continuous

""I am working.""

→ She said that she **was working**.

## 4. Present Perfect → Past Perfect

""I have finished the report.""

→ He said that he **had finished** the report.

## 5. Past Simple → Past Perfect

""I completed the project.""

→ She said that she **had completed** the project.

## 6. Will → Would

""I will call you.""

→ He said that he **would call** me.

## 7. Can → Could

""I can help.""

→ She said that she **could help**.

## 8. Mẹo

Nhớ chuỗi:

**Present → Past**

**Past → Past Perfect**

**Will → Would**

**Can → Could**

",2,2026-08-08 20:39:04.351223,2026-08-08 20:39:04.351223,
859,78,Khi nào không cần Backshift?,"

# Khi nào không cần Backshift?

## 1. Sự thật vẫn đúng

Nếu thông tin vẫn là sự thật, có thể không lùi thì.

Ví dụ:

The teacher said that water **boils** at 100°C.

Không nhất thiết phải dùng:

water boiled at 100°C.

## 2. Reporting Verb ở hiện tại

Nếu reporting verb ở hiện tại, thường không cần lùi thì.

Ví dụ:

She says that she **works** from home.

## 3. Sự kiện vẫn đúng ở hiện tại

Ví dụ:

The manager said that the company **is** expanding.

→ Nếu công ty vẫn đang mở rộng.

## 4. TOEIC

The report states that sales ______ by 10 percent last year.

A. increased
B. had increased
C. increase
D. have increased

Đáp án phù hợp:

**A. increased**

Vì report đang tường thuật một sự kiện quá khứ cụ thể.

## 5. Mẹo

Backshift là quy tắc thường gặp, nhưng **không phải lúc nào cũng bắt buộc**.

Hãy xem thông tin được tường thuật còn đúng hay không.

",3,2026-08-08 20:39:04.351223,2026-08-08 20:39:04.351223,
860,78,Say và Tell,"

# Say và Tell

## 1. SAY

Say thường không đi trực tiếp với người nghe.

Cấu trúc:

**say + something**

Ví dụ:

She said that she was busy.

Có thể dùng:

She said **to me** that she was busy.

## 2. TELL

Tell thường cần có tân ngữ chỉ người.

Cấu trúc:

**tell + someone + something**

Ví dụ:

She told **me** that she was busy.

## 3. So sánh

Đúng:

He said that he was tired.

He said to me that he was tired.

He told me that he was tired.

Sai:

He told that he was tired.

Sai:

He said me that he was tired.

## 4. TOEIC

The manager ______ us that the meeting had been postponed.

A. said
B. told
C. spoke
D. talked

Đáp án:

**B. told**

→ told + us.

## 5. Mẹo

Nhớ:

**say + something**

**tell + someone + something**

",4,2026-08-08 20:39:04.351223,2026-08-08 20:39:04.351223,
861,78,Reported Questions,"

# Reported Questions

## 1. Yes/No Questions

Dùng:

**ask + if/whether + clause**

Direct:

""Is the report ready?""

Reported:

She asked **if the report was ready**.

## 2. Wh-Questions

Giữ lại từ để hỏi:

**ask + wh-word + clause**

Direct:

""Where is the meeting?""

Reported:

He asked **where the meeting was**.

## 3. Không đảo trợ động từ

Direct:

""Where does she work?""

Reported:

He asked where she **worked**.

Không viết:

He asked where **did she work**.

## 4. TOEIC

The customer asked ______ the order had been shipped.

A. whether
B. what
C. where
D. why

Đáp án:

**A. whether**

## 5. Mẹo

Reported Question dùng **trật tự câu khẳng định**:

**Subject + Verb**

không dùng:

**Question order**

",5,2026-08-08 20:39:04.351223,2026-08-08 20:39:04.351223,
862,78,Reported Commands và Requests,"

# Reported Commands và Requests

## 1. Mệnh lệnh

Cấu trúc:

**tell + object + to V**

Direct:

""Submit the report.""

Reported:

The manager told me **to submit the report**.

## 2. Mệnh lệnh phủ định

**tell + object + not to V**

Direct:

""Don't open the file.""

Reported:

The manager told me **not to open the file**.

## 3. Yêu cầu

Cấu trúc:

**ask + object + to V**

Direct:

""Please send me the document.""

Reported:

She asked me **to send her the document**.

## 4. Không dùng that

Sai:

She told me that submit the report.

Đúng:

She told me **to submit the report**.

## 5. TOEIC

The manager asked the assistant ______ the documents.

A. send
B. sending
C. to send
D. sent

Đáp án:

**C. to send**

",6,2026-08-08 20:39:04.351223,2026-08-08 20:39:04.351223,
863,78,Reporting Verbs nâng cao,"

# Reporting Verbs nâng cao

## 1. Inform

**inform + someone + that-clause**

Ví dụ:

The company informed employees that the office would close early.

## 2. Remind

**remind + someone + to V**

Ví dụ:

The manager reminded employees to submit their reports.

## 3. Warn

**warn + someone + to V**

hoặc:

**warn + someone + about + noun**

Ví dụ:

The manager warned employees not to share confidential information.

## 4. Advise

**advise + someone + to V**

Ví dụ:

The doctor advised him to rest.

## 5. Promise

**promise + to V**

Ví dụ:

She promised to call the customer.

## 6. Suggest

Suggest thường dùng:

**suggest + V-ing**

hoặc:

**suggest that + subject + should/base verb**

Ví dụ:

He suggested **revising** the schedule.

He suggested that we **revise** the schedule.

Không dùng:

suggest someone to do something.

## 7. Recommend

Recommend có cách dùng tương tự suggest:

recommend + V-ing

recommend that + clause

",7,2026-08-08 20:39:04.351223,2026-08-08 20:39:04.351223,
864,78,Reported Speech với Modal Verbs,"

# Reported Speech với Modal Verbs

## 1. Will → Would

Direct:

""I will attend.""

Reported:

She said that she **would attend**.

## 2. Can → Could

""I can help.""

→ He said that he **could help**.

## 3. May → Might

""I may come later.""

→ She said that she **might come later**.

## 4. Must

Must có thể giữ nguyên hoặc chuyển tùy ý nghĩa.

Ví dụ:

He said that employees **must** wear identification badges.

Nếu nói về nghĩa vụ vẫn còn hiệu lực, must có thể được giữ nguyên.

## 5. Should

Should thường giữ nguyên.

Direct:

""You should apply.""

Reported:

She said that I **should apply**.

## 6. Mẹo

Các modal thường gặp:

**will → would**

**can → could**

**may → might**

Trong khi:

**should → should**

**could → could**

**might → might**

thường giữ nguyên.

",8,2026-08-08 20:39:04.351223,2026-08-08 20:39:04.351223,
865,78,Thay đổi đại từ và trạng từ,"

# Thay đổi đại từ và trạng từ

## 1. Đại từ

Direct:

""I will send you my report.""

Reported:

She said that **she** would send **me her** report.

Cần thay đổi theo người nói và người nghe.

## 2. Trạng từ thời gian

Một số thay đổi thường gặp:

- today → that day
- tomorrow → the next day
- yesterday → the previous day
- now → then
- this week → that week
- next week → the following week
- last week → the previous week
- ago → before

## 3. Trạng từ nơi chốn

- here → there
- this → that
- these → those

## 4. Ví dụ

Direct:

""I will finish this project tomorrow.""

Reported:

He said that he would finish **that project the next day**.

## 5. Mẹo

Không đổi máy móc.

Phải xem **góc nhìn của người tường thuật**.

",9,2026-08-08 20:39:04.351223,2026-08-08 20:39:04.351223,
866,78,Bẫy Advanced Reported Speech trong TOEIC,"

# Bẫy Advanced Reported Speech trong TOEIC

## 1. Say và Tell

The manager ______ us that the meeting was canceled.

A. said
B. told
C. spoke
D. talked

Đáp án:

**B. told**

---

## 2. Backshift

She said that she ______ the report the previous day.

A. completes
B. completed
C. had completed
D. has completed

Đáp án:

**C. had completed**

---

## 3. Reported Question

He asked where the meeting ______.

A. is
B. was
C. did
D. be

Đáp án:

**B. was**

---

## 4. Yes/No Question

The customer asked ______ the order had been shipped.

A. if
B. what
C. where
D. why

Đáp án:

**A. if**

---

## 5. Reported Command

The manager told employees ______ the safety rules.

A. follow
B. following
C. to follow
D. followed

Đáp án:

**C. to follow**

---

## 6. Negative Command

The supervisor told us ______ the equipment without permission.

A. not to use
B. don't use
C. not use
D. didn't use

Đáp án:

**A. not to use**

---

## 7. Suggest

The manager suggested ______ the meeting.

A. postpone
B. to postpone
C. postponing
D. postponed

Đáp án:

**C. postponing**

---

## 8. Advise

The consultant advised employees ______ their passwords regularly.

A. change
B. changing
C. to change
D. changed

Đáp án:

**C. to change**

---

## 9. Modal

She said that she ______ attend the meeting the following day.

A. will
B. would
C. can
D. may

Đáp án:

**B. would**

---

## 10. Chiến thuật tổng hợp

Khi gặp Reported Speech:

### Bước 1

Xác định reporting verb:

- say
- tell
- ask
- advise
- remind
- suggest
- recommend
- warn

### Bước 2

Xác định loại câu:

- statement
- question
- command
- request
- suggestion

### Bước 3

Kiểm tra cấu trúc.

**say + clause**

**tell + someone + clause**

**ask + if/whether + clause**

**ask + wh-word + clause**

**tell/ask + object + to V**

**suggest + V-ing**

**advise + object + to V**

### Bước 4

Nếu reporting verb ở quá khứ, kiểm tra backshift.

### Bước 5

Kiểm tra đại từ và trạng từ thời gian.

## Công thức nhớ

**Statement:**

say/tell + that + clause

**Yes/No Question:**

ask + if/whether + clause

**Wh-Question:**

ask + wh-word + clause

**Command:**

tell + object + to V

**Negative Command:**

tell + object + not to V

**Request:**

ask + object + to V

**Suggestion:**

suggest + V-ing

## Mẹo TOEIC

Với Reported Question, nhớ rằng sau **ask + wh-word / if / whether** phải dùng **trật tự câu khẳng định**, không dùng đảo ngữ.

Ví dụ:

Đúng:

He asked where the manager **was**.

Sai:

He asked where **was the manager**.

",10,2026-08-08 20:39:04.351223,2026-08-08 20:39:04.351223,
867,79,Advanced Gerunds & Infinitives là gì?,"

# Advanced Gerunds & Infinitives là gì?

## 1. Gerund

Gerund có dạng:

**V-ing**

và hoạt động giống danh từ.

Ví dụ:

**Reading** improves your vocabulary.

→ Reading là chủ ngữ.

## 2. Infinitive

Infinitive thường có dạng:

**to + V**

Ví dụ:

I want **to improve** my English.

## 3. Một số động từ đi với Gerund

- enjoy
- avoid
- consider
- suggest
- recommend
- finish
- postpone
- practice
- mind
- admit
- deny

Ví dụ:

The manager suggested **changing** the schedule.

## 4. Một số động từ đi với Infinitive

- want
- need
- decide
- plan
- hope
- agree
- expect
- promise
- refuse
- offer

Ví dụ:

The company plans **to expand**.

## 5. TOEIC

Một trong những bẫy quan trọng nhất là chọn giữa:

**V-ing**

và

**to + V**

",1,2026-08-08 20:39:30.132946,2026-08-08 20:39:30.132946,
868,79,Động từ đi với Gerund,"

# Động từ đi với Gerund

## 1. Enjoy

**enjoy + V-ing**

Ví dụ:

Employees enjoy **working** remotely.

Không dùng:

enjoy to work.

## 2. Avoid

**avoid + V-ing**

The company avoided **increasing** prices.

## 3. Consider

**consider + V-ing**

We are considering **opening** a new branch.

## 4. Suggest

**suggest + V-ing**

The manager suggested **changing** the schedule.

## 5. Finish

**finish + V-ing**

She finished **writing** the report.

## 6. Practice

**practice + V-ing**

Employees should practice **using** the new software.

## 7. Một số động từ quan trọng

- enjoy doing
- avoid doing
- consider doing
- suggest doing
- recommend doing
- finish doing
- postpone doing
- practice doing
- admit doing
- deny doing

## 8. TOEIC

The company is considering ______ a new branch.

A. open
B. to open
C. opening
D. opened

Đáp án:

**C. opening**

",2,2026-08-08 20:39:30.132946,2026-08-08 20:39:30.132946,
869,79,Động từ đi với Infinitive,"

# Động từ đi với Infinitive

## 1. Want

**want + to V**

I want **to improve** my English.

## 2. Decide

**decide + to V**

The company decided **to expand**.

## 3. Plan

**plan + to V**

They plan **to launch** a new product.

## 4. Expect

**expect + to V**

We expect **to receive** the shipment tomorrow.

## 5. Promise

**promise + to V**

She promised **to contact** the customer.

## 6. Refuse

**refuse + to V**

The company refused **to accept** the proposal.

## 7. Offer

**offer + to V**

He offered **to help** with the project.

## 8. TOEIC

The company plans ______ its operations next year.

A. expanding
B. expand
C. to expand
D. expanded

Đáp án:

**C. to expand**

",3,2026-08-08 20:39:30.132946,2026-08-08 20:39:30.132946,
870,79,Gerund và Infinitive sau Preposition,"

# Gerund và Infinitive sau Preposition

## 1. Sau giới từ dùng Gerund

Sau preposition, nếu cần động từ thì dùng:

**V-ing**

Ví dụ:

The manager is interested in **improving** productivity.

She is responsible for **training** employees.

## 2. Một số cấu trúc

- interested in doing
- responsible for doing
- capable of doing
- good at doing
- before doing
- after doing
- without doing

## 3. Ví dụ

The company improved efficiency by **using** new software.

Employees left without **informing** the manager.

## 4. ""To"" có thể là Preposition

Đây là một bẫy quan trọng.

Các cụm:

- look forward to
- be accustomed to
- be committed to
- object to
- be opposed to

Sau ""to"" trong các cụm này dùng **V-ing**.

Ví dụ:

We look forward to **meeting** you.

Không dùng:

look forward to meet.

## 5. TOEIC

We look forward to ______ from you.

A. hear
B. hearing
C. heard
D. to hear

Đáp án:

**B. hearing**

",4,2026-08-08 20:39:30.132946,2026-08-08 20:39:30.132946,
871,79,Động từ có thể đi với Gerund hoặc Infinitive,"

# Động từ đi với Gerund hoặc Infinitive

Một số động từ có thể đi với cả hai dạng.

## 1. Like

I like **reading**.

I like **to read**.

Trong nhiều trường hợp, cả hai đều đúng nhưng sắc thái có thể khác nhau.

## 2. Love

She loves **working** here.

She loves **to work** here.

## 3. Hate

He hates **waiting**.

He hates **to wait**.

## 4. Prefer

I prefer **working** alone.

I prefer **to work** alone.

## 5. Begin

The company began **investing** in technology.

The company began **to invest** in technology.

## 6. Continue

They continued **working**.

They continued **to work**.

## 7. Mẹo TOEIC

Với những động từ này, cần nhìn toàn bộ câu và cấu trúc phía sau.

Không phải cứ thấy V-ing là sai hoặc thấy to V là sai.

",5,2026-08-08 20:39:30.132946,2026-08-08 20:39:30.132946,
872,79,"Động từ thay đổi nghĩa: Remember, Forget, Regret","

# Remember, Forget và Regret

Một số động từ thay đổi nghĩa tùy theo Gerund hoặc Infinitive.

## 1. Remember + to V

Nhớ phải làm một việc.

Ví dụ:

Remember **to send** the report.

→ Nhớ gửi báo cáo.

## 2. Remember + V-ing

Nhớ đã làm một việc.

Ví dụ:

I remember **sending** the report.

→ Tôi nhớ là đã gửi báo cáo.

## 3. Forget + to V

Quên phải làm việc gì.

I forgot **to call** the customer.

→ Tôi quên gọi khách hàng.

## 4. Forget + V-ing

Quên một trải nghiệm/sự việc đã xảy ra.

She will never forget **meeting** the CEO.

## 5. Regret + to V

Lấy làm tiếc khi phải thông báo điều gì.

We regret **to inform** you that your application was unsuccessful.

## 6. Regret + V-ing

Hối tiếc vì đã làm gì.

He regrets **leaving** the company.

## 7. TOEIC

We regret ______ you that your application has been rejected.

A. informing
B. to inform
C. inform
D. informed

Đáp án:

**B. to inform**

",6,2026-08-08 20:39:30.132946,2026-08-08 20:39:30.132946,
873,79,"Stop, Try và Mean","

# Stop, Try và Mean

## 1. Stop + V-ing

Dừng hẳn một hành động đang làm.

The employee stopped **using** the old system.

## 2. Stop + to V

Dừng lại để làm một việc khác.

The manager stopped **to answer** the phone.

→ đang làm việc khác và dừng lại để nghe điện thoại.

## 3. Try + to V

Cố gắng làm.

Try **to solve** the problem.

## 4. Try + V-ing

Thử làm một cách để xem có hiệu quả không.

Try **restarting** the computer.

## 5. Mean + to V

Có ý định làm.

I meant **to call** you.

## 6. Mean + V-ing

Có nghĩa là / kéo theo.

Reducing costs means **cutting** unnecessary expenses.

## 7. Mẹo

### Stop doing

→ dừng hành động.

### Stop to do

→ dừng việc đang làm để làm việc khác.

### Try to do

→ cố gắng.

### Try doing

→ thử.

",7,2026-08-08 20:39:30.132946,2026-08-08 20:39:30.132946,
874,79,"Need, Require và cấu trúc nâng cao","

# Need, Require và cấu trúc nâng cao

## 1. Need + to V

The machine needs **to be repaired**.

## 2. Need + V-ing

Một cấu trúc đặc biệt:

The machine needs **repairing**.

Nghĩa tương đương:

The machine needs **to be repaired**.

## 3. Require + V-ing

The equipment requires **checking**.

Có thể hiểu:

The equipment requires **to be checked** trong một số hệ thống ngữ pháp, nhưng trong tiếng Anh chuẩn tự nhiên, thường dùng:

The equipment requires **checking**.

hoặc:

The equipment requires **being checked**.

## 4. Require + object + to V

The manager required employees **to submit** the form.

## 5. Want + object + to V

The manager wants employees **to complete** the training.

## 6. TOEIC

The equipment needs ______ before use.

A. inspect
B. inspecting
C. inspected
D. to inspecting

Đáp án:

**B. inspecting**

→ needs inspecting = needs to be inspected.

",8,2026-08-08 20:39:30.132946,2026-08-08 20:39:30.132946,
875,79,Bare Infinitive và Causative Verbs,"

# Bare Infinitive và Causative Verbs

## 1. Bare Infinitive

Bare infinitive = động từ nguyên mẫu không có ""to"".

Ví dụ:

can **work**

must **submit**

should **complete**

## 2. Make + Object + V

**make + object + V**

Ví dụ:

The manager made the employees **work** overtime.

Không dùng:

made employees to work.

## 3. Let + Object + V

**let + object + V**

Ví dụ:

The manager let the employees **leave** early.

## 4. Have + Object + V

**have + object + V**

Ví dụ:

The manager had the assistant **prepare** the documents.

## 5. Help

Help có thể dùng:

**help + object + V**

hoặc:

**help + object + to V**

Ví dụ:

She helped me **complete** the report.

She helped me **to complete** the report.

## 6. TOEIC

The manager had the assistant ______ the documents.

A. prepared
B. preparing
C. prepare
D. to prepare

Đáp án:

**C. prepare**

",9,2026-08-08 20:39:30.132946,2026-08-08 20:39:30.132946,
876,79,Bẫy Advanced Gerunds & Infinitives trong TOEIC,"

# Bẫy Advanced Gerunds & Infinitives trong TOEIC

## 1. Enjoy

Employees enjoy ______ remotely.

A. work
B. to work
C. working
D. worked

Đáp án:

**C. working**

---

## 2. Decide

The company decided ______ the project.

A. postponing
B. postpone
C. to postpone
D. postponed

Đáp án:

**C. to postpone**

---

## 3. Look Forward To

We look forward to ______ you.

A. meet
B. meeting
C. met
D. to meet

Đáp án:

**B. meeting**

---

## 4. Remember

Remember ______ the report before Friday.

A. submitting
B. submit
C. to submit
D. submitted

Nếu nghĩa là ""nhớ phải gửi"":

**C. to submit**

---

## 5. Regret

We regret ______ you that the position has been filled.

A. informing
B. inform
C. to inform
D. informed

Đáp án:

**C. to inform**

---

## 6. Stop

The manager stopped ______ the phone.

A. answer
B. to answer
C. answering
D. answered

Nếu nghĩa là ""dừng việc đang làm để nghe điện thoại"":

**B. to answer**

---

## 7. Try

Try ______ the computer if it is not working.

A. restart
B. to restarting
C. restarting
D. restarted

Nếu nghĩa là ""thử khởi động lại"":

**C. restarting**

---

## 8. Causative

The manager had the assistant ______ the report.

A. prepare
B. to prepare
C. prepared
D. preparing

Đáp án:

**A. prepare**

---

## 9. Need

The equipment needs ______ before use.

A. inspect
B. inspecting
C. inspected
D. to inspecting

Đáp án:

**B. inspecting**

---

## 10. Chiến thuật tổng hợp

Khi gặp Gerund/Infinitive:

### Bước 1

Xác định từ đứng trước chỗ trống.

### Bước 2

Kiểm tra động từ đó đi với:

**V-ing**

hay:

**to + V**

### Bước 3

Nếu có giới từ:

→ dùng **V-ing**.

Ví dụ:

interested in **learning**

responsible for **training**

look forward to **meeting**

### Bước 4

Kiểm tra động từ đặc biệt.

**remember to do**

→ nhớ phải làm.

**remember doing**

→ nhớ đã làm.

**stop doing**

→ dừng làm.

**stop to do**

→ dừng lại để làm.

**try to do**

→ cố gắng làm.

**try doing**

→ thử làm.

**regret to do**

→ tiếc phải thông báo/làm.

**regret doing**

→ hối tiếc đã làm.

### Bước 5

Kiểm tra causative.

**make + O + V**

**let + O + V**

**have + O + V**

**help + O + V/to V**

## Công thức nhớ

**Enjoy + V-ing**

**Avoid + V-ing**

**Consider + V-ing**

**Suggest + V-ing**

**Want + to V**

**Decide + to V**

**Plan + to V**

**Expect + to V**

**Promise + to V**

**Refuse + to V**

**Preposition + V-ing**

**look forward to + V-ing**

**remember to V / remember V-ing**

**stop to V / stop V-ing**

**try to V / try V-ing**

**make + O + V**

**have + O + V**

## Mẹo TOEIC

Nếu đáp án có cả:

- V-ing
- to V
- V nguyên mẫu
- V3

đừng chọn theo cảm giác.

Hãy xác định **cấu trúc của từ đứng trước chỗ trống** trước.

",10,2026-08-08 20:39:30.132946,2026-08-08 20:39:30.132946,
877,80,Advanced Subject–Verb Agreement là gì?,"

# Advanced Subject–Verb Agreement là gì?

## 1. Khái niệm

Subject–Verb Agreement là sự hòa hợp giữa:

**Chủ ngữ + Động từ**

Động từ phải phù hợp với chủ ngữ về số.

### Singular Subject

→ singular verb

The employee **works** here.

### Plural Subject

→ plural verb

The employees **work** here.

## 2. Bẫy nâng cao

Ở trình độ TOEIC cao, chủ ngữ có thể bị tách khỏi động từ bởi:

- cụm giới từ
- mệnh đề quan hệ
- cụm đồng vị
- together with
- along with
- as well as
- either/neither
- each/every

## 3. Ví dụ

The list of applicants **is** on the desk.

Không chọn:

The list of applicants are...

Vì chủ ngữ chính là **list**, không phải applicants.

## 4. Mẹo

Hãy tìm **head noun** của chủ ngữ trước khi chia động từ.

",1,2026-08-08 20:40:12.500645,2026-08-08 20:40:12.500645,
878,80,Chủ ngữ bị ngăn cách bởi cụm giới từ,"

# Chủ ngữ bị ngăn cách bởi cụm giới từ

## 1. Quy tắc

Cụm giới từ không làm thay đổi số của chủ ngữ chính.

Ví dụ:

The list **of employees** is updated monthly.

Chủ ngữ:

**The list**

Không phải:

employees.

## 2. Các giới từ thường gây bẫy

- of
- in
- with
- among
- between
- on
- from
- together with

## 3. Ví dụ

The number of applicants **is** increasing.

A number of applicants **are** waiting.

Đây là hai cấu trúc rất quan trọng.

## 4. TOEIC

The list of available positions ______ on the website.

A. are
B. were
C. is
D. have

Đáp án:

**C. is**

## 5. Mẹo

Bỏ cụm giới từ ra khỏi câu:

The list is on the website.

→ Dễ xác định động từ hơn.

",2,2026-08-08 20:40:12.500645,2026-08-08 20:40:12.500645,
879,80,The Number of và A Number of,"

# The Number of và A Number of

Đây là một trong những bẫy TOEIC quan trọng nhất.

## 1. The Number of

**The number of + plural noun + singular verb**

Ví dụ:

The number of employees **is** increasing.

Chủ ngữ chính:

**The number**

## 2. A Number of

**A number of + plural noun + plural verb**

Ví dụ:

A number of employees **are** absent.

Ý nghĩa:

**a number of = several / many**

## 3. So sánh

### The number of

The number of customers **has increased**.

→ Số lượng khách hàng đã tăng.

### A number of

A number of customers **have complained**.

→ Một số khách hàng đã phàn nàn.

## 4. TOEIC

The number of applicants ______ significantly this year.

A. have increased
B. has increased
C. increase
D. are increasing

Đáp án:

**B. has increased**

## 5. Mẹo

Nhìn từ đầu:

**THE number → singular**

**A number → plural**

",3,2026-08-08 20:40:12.500645,2026-08-08 20:40:12.500645,
880,80,"Each, Every, Either và Neither","

# Each, Every, Either và Neither

## 1. Each

**Each + singular noun + singular verb**

Each employee **has** an ID card.

## 2. Every

**Every + singular noun + singular verb**

Every applicant **needs** identification.

## 3. Either

**Either + singular noun + singular verb**

Either option **is** acceptable.

## 4. Neither

**Neither + singular noun + singular verb**

Neither candidate **is** available.

## 5. Each of

**Each of + plural noun + singular verb**

Each of the employees **has** completed the training.

Không chọn:

Each of the employees have...

## 6. Every one of

**Every one of + plural noun + singular verb**

Every one of the reports **has** been reviewed.

## 7. TOEIC

Each of the applicants ______ required to provide identification.

A. are
B. have
C. is
D. were

Đáp án:

**C. is**

",4,2026-08-08 20:40:12.500645,2026-08-08 20:40:12.500645,
881,80,Neither/Either với cấu trúc nâng cao,"

# Neither/Either với cấu trúc nâng cao

## 1. Either A or B

Với:

**either A or B**

động từ thường hòa hợp với chủ ngữ gần động từ nhất.

Ví dụ:

Either the manager or the employees **are** responsible.

Either the employees or the manager **is** responsible.

## 2. Neither A nor B

Tương tự:

Neither the manager nor the employees **are** available.

Neither the employees nor the manager **is** available.

## 3. Not only A but also B

Động từ thường hòa hợp với chủ ngữ gần động từ nhất.

Not only the manager but also the employees **are** attending.

Not only the employees but also the manager **is** attending.

## 4. TOEIC

Neither the manager nor the employees ______ available today.

A. is
B. was
C. are
D. has

Đáp án:

**C. are**

## 5. Mẹo

Với:

**either A or B**

**neither A nor B**

**not only A but also B**

→ kiểm tra **chủ ngữ gần động từ nhất**.

",5,2026-08-08 20:40:12.500645,2026-08-08 20:40:12.500645,
882,80,"Together With, Along With, As Well As","

# Together With, Along With, As Well As

## 1. Quy tắc

Các cụm:

- together with
- along with
- as well as
- accompanied by
- in addition to

không làm chủ ngữ chính trở thành số nhiều.

## 2. Ví dụ

The manager, along with his assistants, **is** attending the meeting.

Chủ ngữ chính:

**The manager**

Không phải:

assistants.

## 3. As Well As

The director as well as the employees **is** responsible for the decision.

## 4. So sánh với And

### With

The manager, along with his assistants, **is** attending.

### And

The manager and his assistants **are** attending.

**and** tạo thành chủ ngữ số nhiều.

## 5. TOEIC

The president, along with several executives, ______ expected to attend.

A. are
B. were
C. is
D. have

Đáp án:

**C. is**

## 6. Mẹo

Gặp:

**along with / together with / as well as**

→ bỏ cụm đó ra để tìm chủ ngữ chính.

",6,2026-08-08 20:40:12.500645,2026-08-08 20:40:12.500645,
883,80,Collective Nouns và Danh từ đặc biệt,"

# Collective Nouns và Danh từ đặc biệt

## 1. Collective Nouns

Một số danh từ chỉ tập thể:

- team
- staff
- committee
- company
- family
- audience
- government

Trong tiếng Anh Mỹ, thường dùng động từ số ít khi xem tập thể như một đơn vị.

Ví dụ:

The committee **has** reached a decision.

The company **is** expanding.

## 2. Danh từ luôn số nhiều

Một số danh từ thường dùng với động từ số nhiều:

- employees
- people
- police
- cattle

Ví dụ:

The police **are** investigating the incident.

## 3. Danh từ có dạng số nhiều nhưng nghĩa số ít

Ví dụ:

news

The news **is** encouraging.

economics

Economics **is** an important subject.

## 4. TOEIC

The committee ______ decided to postpone the meeting.

A. have
B. are
C. has
D. were

Đáp án:

**C. has**

",7,2026-08-08 20:40:12.500645,2026-08-08 20:40:12.500645,
884,80,Quantifiers và Subject–Verb Agreement,"

# Quantifiers và Subject–Verb Agreement

## 1. Some of / Most of / All of

Động từ phụ thuộc vào danh từ sau **of**.

### Some of + uncountable noun

Some of the information **is** incorrect.

### Some of + plural noun

Some of the employees **are** absent.

## 2. Most of

Most of the equipment **is** new.

Most of the machines **are** new.

## 3. All of

All of the money **has** been spent.

All of the employees **have** completed the training.

## 4. None of

Có thể dùng số ít hoặc số nhiều tùy danh từ và cách dùng, nhưng trong TOEIC cần xét danh từ sau **of**.

None of the information **is** available.

None of the employees **are** available.

## 5. TOEIC

Most of the equipment ______ already been installed.

A. have
B. are
C. has
D. were

Đáp án:

**C. has**

Vì equipment là uncountable noun.

",8,2026-08-08 20:40:12.500645,2026-08-08 20:40:12.500645,
885,80,Relative Cla và Subject–Verb Agreement,"

# Relative Cla và Subject–Verb Agreement

## 1. Relative Clause có thể gây nhầm chủ ngữ

Ví dụ:

The employee who **works** in accounting is absent.

Động từ:

**works**

vì who thay cho:

**the employee**

## 2. Chủ ngữ số nhiều

The employees who **work** in accounting are absent.

## 3. Không để danh từ sau ""of"" đánh lừa

The list of employees who **work** remotely is updated weekly.

Ở đây:

who → employees

Nhưng động từ chính:

**is**

vì chủ ngữ chính là:

**The list**

## 4. TOEIC

The manager who ______ responsible for the project is attending the meeting.

A. are
B. were
C. is
D. have

Đáp án:

**C. is**

## 5. Mẹo

Tách câu thành:

**Main clause**

+

**Relative clause**

Sau đó xác định chủ ngữ của từng mệnh đề.

",9,2026-08-08 20:40:12.500645,2026-08-08 20:40:12.500645,
886,80,Bẫy Advanced Subject–Verb Agreement trong TOEIC,"

# Bẫy Advanced Subject–Verb Agreement trong TOEIC

## 1. The Number Of

The number of employees ______ increasing.

A. are
B. is
C. have
D. were

Đáp án:

**B. is**

---

## 2. A Number Of

A number of employees ______ requested additional training.

A. has
B. is
C. have
D. was

Đáp án:

**C. have**

---

## 3. Each Of

Each of the applicants ______ required to provide identification.

A. are
B. have
C. is
D. were

Đáp án:

**C. is**

---

## 4. Along With

The manager, along with two assistants, ______ attending the meeting.

A. are
B. were
C. is
D. have

Đáp án:

**C. is**

---

## 5. Either...Or

Either the manager or the employees ______ responsible.

A. is
B. was
C. are
D. has

Đáp án:

**C. are**

---

## 6. Neither...Nor

Neither the employees nor the manager ______ available.

A. are
B. were
C. have
D. is

Đáp án:

**D. is**

---

## 7. Quantifier

Most of the information ______ accurate.

A. are
B. is
C. have
D. were

Đáp án:

**B. is**

---

## 8. Relative Clause

The employees who ______ in accounting are attending the meeting.

A. works
B. is working
C. work
D. has worked

Đáp án:

**C. work**

---

## 9. Main Subject

The list of applicants who ______ qualified is on the desk.

A. are
B. is
C. have
D. were

Đáp án:

**A. are**

→ who = applicants.

Nhưng động từ chính của câu:

**The list ... is on the desk.**

---

## 10. Chiến thuật tổng hợp

Khi gặp Subject–Verb Agreement:

### Bước 1

Tìm động từ chính.

### Bước 2

Tìm chủ ngữ chính.

### Bước 3

Loại bỏ các cụm chen giữa:

- of + noun
- along with
- together with
- as well as
- in addition to
- relative clauses

### Bước 4

Kiểm tra các cấu trúc đặc biệt.

**The number of + plural noun → singular verb**

**A number of + plural noun → plural verb**

**Each of + plural noun → singular verb**

**Every + singular noun → singular verb**

**Either A or B → gần động từ**

**Neither A nor B → gần động từ**

**Not only A but also B → gần động từ**

### Bước 5

Với quantifier:

**some/most/all/none + of**

→ nhìn danh từ sau **of**.

### Bước 6

Với relative clause:

Xác định **who/which/that** thay cho danh từ nào.

## Công thức nhớ

**The number of + plural noun + singular verb**

**A number of + plural noun + plural verb**

**Each of + plural noun + singular verb**

**Every + singular noun + singular verb**

**Along with → không làm đổi chủ ngữ**

**Together with → không làm đổi chủ ngữ**

**As well as → không làm đổi chủ ngữ**

**Either A or B → theo B**

**Neither A nor B → theo B**

**Not only A but also B → theo B**

## Mẹo TOEIC

Đừng chọn động từ dựa vào danh từ gần nhất.

Hãy tìm **chủ ngữ thực sự của động từ**.

Ví dụ:

The list of employees **is**...

→ không phải **are** chỉ vì employees đứng gần động từ.

",10,2026-08-08 20:40:12.500645,2026-08-08 20:40:12.500645,
927,81,"Dấu chấm, dấu phẩy và cấu trúc câu","

# Dấu chấm, dấu phẩy và cấu trúc câu

## 1. Dấu chấm (.)

Dùng để kết thúc một câu hoàn chỉnh.

Ví dụ:

The meeting has been canceled.

## 2. Dấu phẩy (,)

Dấu phẩy dùng để:

- ngăn cách các thành phần trong câu
- ngăn cách mệnh đề phụ đứng đầu
- ngăn cách thông tin bổ sung
- ngăn cách các thành phần trong danh sách

Ví dụ:

After the meeting, the employees returned to work.

## 3. Mệnh đề phụ đứng đầu

Khi Adverb Clause đứng trước Main Clause, thường dùng dấu phẩy.

Because the manager was absent, the meeting was postponed.

Nhưng:

The meeting was postponed because the manager was absent.

Thông thường không cần dấu phẩy khi mệnh đề because đứng sau.

## 4. Compound Sentence

Hai mệnh đề độc lập nối bằng:

- and
- but
- or
- so
- yet
- for
- nor

Có thể dùng dấu phẩy trước coordinating conjunction.

The manager arrived, and the meeting began.

## 5. Không dùng dấu phẩy tùy tiện

Sai:

The manager, arrived late.

Đúng:

The manager arrived late.

## 6. TOEIC

______ the meeting ended, the employees returned to their offices.

A. After
B. After,
C. After the meeting
D. The meeting after

Đáp án:

**A. After**

",1,2026-08-08 20:51:01.534264,2026-08-08 20:51:01.534264,
928,81,Dấu phẩy với Relative Clauses,"

# Dấu phẩy với Relative Clauses

## 1. Defining Relative Clause

Không dùng dấu phẩy.

Ví dụ:

Employees who work remotely must follow the new policy.

Phần:

**who work remotely**

cần thiết để xác định nhóm employees.

## 2. Non-defining Relative Clause

Dùng dấu phẩy.

Ví dụ:

Mr. Brown, who works in accounting, will attend the meeting.

Phần:

**who works in accounting**

chỉ là thông tin bổ sung.

## 3. Không dùng THAT trong Non-defining Relative Clause

Đúng:

The manager, **who** has worked here for ten years, will retire.

Sai:

The manager, **that** has worked here for ten years, will retire.

## 4. Which sau dấu phẩy

The company introduced a new system, **which** improved productivity.

Which có thể đề cập đến toàn bộ sự việc phía trước.

## 5. So sánh

### Không có dấu phẩy

The employees who attended the meeting received the documents.

→ chỉ những employees tham dự meeting.

### Có dấu phẩy

The employees, who attended the meeting, received the documents.

→ người viết xem ""who attended the meeting"" là thông tin bổ sung cho toàn bộ employees.

## 6. TOEIC

The new manager, ______ has extensive experience, will lead the project.

A. that
B. who
C. what
D. where

Đáp án:

**B. who**

",2,2026-08-08 20:51:01.534264,2026-08-08 20:51:01.534264,
929,81,Dấu chấm phẩy Semicolon,"

# Dấu chấm phẩy (Semicolon)

## 1. Công dụng

Semicolon (;) có thể nối hai independent clauses có liên quan chặt chẽ.

Ví dụ:

The meeting ended; the employees returned to work.

Hai bên đều có thể đứng thành câu riêng.

## 2. Với conjunctive adverbs

Có thể dùng:

**independent clause; however, independent clause.**

Ví dụ:

The product is expensive; however, it is very reliable.

Các conjunctive adverbs thường gặp:

- however
- therefore
- moreover
- nevertheless
- consequently
- furthermore
- otherwise

## 3. Không nhầm với conjunction

Sai:

The product is expensive; but it is reliable.

Thông thường:

The product is expensive, but it is reliable.

## 4. However

Đúng:

The product is expensive; however, it is reliable.

Hoặc:

The product is expensive. However, it is reliable.

## 5. Therefore

The company reduced costs; therefore, profits increased.

## 6. TOEIC

The deadline was extended; ______, several employees still requested additional time.

A. however
B. therefore
C. because
D. although

Đáp án:

**A. however**

",3,2026-08-08 20:51:01.534264,2026-08-08 20:51:01.534264,
930,81,Dấu hai chấm và cấu trúc giải thích,"

# Dấu hai chấm (Colon)

## 1. Dùng để giới thiệu

- danh sách
- giải thích
- ví dụ
- kết luận hoặc thông tin cụ thể hóa

Ví dụ:

The company needs three things: time, money, and staff.

## 2. Trước danh sách

We need the following documents: a passport, an application form, and a photograph.

## 3. Trước lời giải thích

There is one problem: the system is too expensive.

## 4. Không dùng colon sau động từ nếu cấu trúc chưa hoàn chỉnh

Sai:

The company needs: employees and equipment.

Đúng:

The company needs employees and equipment.

Hoặc:

The company needs two things: employees and equipment.

## 5. Colon trong thông báo

Please bring the following items: your ID card and application form.

## 6. TOEIC

The company requires three documents: ______.

A. a resume, an application form, and identification
B. including a resume
C. employees must submit them
D. which are required

Đáp án:

**A. a resume, an application form, and identification**

",4,2026-08-08 20:51:01.534264,2026-08-08 20:51:01.534264,
931,81,Dấu nháy đơn Apostrophe,"

# Apostrophe (')

## 1. Sở hữu số ít

**noun + 's**

the manager's office

the company's policy

## 2. Sở hữu số nhiều

Danh từ số nhiều đã có s:

**noun + '**

employees' salaries

customers' complaints

## 3. Danh từ số nhiều bất quy tắc

Thêm:

**'s**

children's books

men's clothing

## 4. Possessive vs Plural

Apostrophe không đơn giản chỉ dùng để tạo số nhiều.

Đúng:

employees

Sai:

employee's

nếu chỉ muốn nói nhiều employees.

## 5. Its và It's

### Its

Tính từ sở hữu.

The company changed its policy.

### It's

Viết tắt của:

it is

hoặc:

it has

It's important.

= It is important.

## 6. Whose và Who's

### Whose

của ai.

Whose laptop is this?

### Who's

who is / who has.

Who's responsible for the project?

## 7. TOEIC

The ______ office is located on the second floor.

A. manager
B. managers
C. manager's
D. managers'

Nếu chỉ một manager:

**C. manager's**

",5,2026-08-08 20:51:01.534264,2026-08-08 20:51:01.534264,
932,81,"Dấu gạch ngang, ngoặc đơn và thông tin chen giữa","

# Dash và Parentheses

## 1. Em Dash (—)

Dùng để tạo sự ngắt mạnh hoặc bổ sung thông tin.

Ví dụ:

The manager made one important decision—the project would continue.

## 2. Parentheses ( )

Dùng để đưa thông tin bổ sung.

The meeting will be held on Monday (March 15).

## 3. Commas với thông tin chen giữa

Thông tin không thiết yếu có thể được đặt giữa hai dấu phẩy.

The new manager, an experienced engineer, will lead the project.

## 4. Ba cách có thể gặp

### Commas

The manager, who has ten years of experience, will lead the project.

### Parentheses

The manager (who has ten years of experience) will lead the project.

### Dashes

The manager—who has ten years of experience—will lead the project.

## 5. Không trộn dấu mở/đóng

Nếu dùng hai dấu phẩy để bao quanh thông tin chen giữa thì phải có cả hai.

Sai:

The manager, who has ten years of experience will lead the project.

Đúng:

The manager, who has ten years of experience, will lead the project.

## 6. TOEIC

The new software ______ which was installed last month ______ has improved efficiency.

Cần hai dấu phẩy:

The new software, which was installed last month, has improved efficiency.

",6,2026-08-08 20:51:01.534264,2026-08-08 20:51:01.534264,
933,81,Dấu gạch nối Hyphen và từ ghép,"

# Hyphen (-) và Compound Modifiers

## 1. Hyphen

Hyphen dùng để nối các từ tạo thành một cụm bổ nghĩa.

Ví dụ:

a **well-known** company

a **five-year** contract

a **high-quality** product

## 2. Số + danh từ làm tính từ

Khi một cụm:

**number + singular noun**

đứng trước danh từ, thường dùng hyphen.

a five-year contract

a ten-minute break

a three-day conference

## 3. Không dùng số nhiều cho danh từ trong compound modifier

Đúng:

a five-year contract

Sai:

a five-years contract

## 4. Khi đứng sau be

Không còn là compound modifier trước danh từ.

The contract is **five years** long.

## 5. Adverb ending in -ly

Thông thường không cần hyphen.

a highly qualified employee

Không:

a highly-qualified employee

## 6. TOEIC

The company signed a ______ contract with the supplier.

A. five-years
B. five-year
C. five years
D. five-years-long

Đáp án:

**B. five-year**

",7,2026-08-08 20:51:01.534264,2026-08-08 20:51:01.534264,
934,81,Dấu phẩy trong danh sách và Parallel Structure,"

# Commas và Parallel Structure

## 1. Danh sách

Các thành phần cùng chức năng được ngăn cách bằng dấu phẩy.

The company sells computers, printers, and software.

## 2. Oxford Comma

Dấu phẩy trước and trong danh sách ba thành phần:

computers, printers, **and** software.

Trong tiếng Anh Mỹ, Oxford comma thường được sử dụng để tăng tính rõ ràng.

## 3. Parallel Structure

Các thành phần trong danh sách nên có cùng dạng.

Đúng:

The job requires **planning, organizing, and communicating**.

Sai:

The job requires **planning, organizing, and to communicate**.

## 4. Không dùng dấu phẩy giữa subject và verb

Sai:

The manager, along with the employees, **is** responsible.

Có thể dùng dấu phẩy để bao quanh cụm bổ sung:

The manager, along with the employees, is responsible.

Nhưng không:

The manager, is responsible.

## 5. TOEIC

The position requires excellent communication, organizational, and ______ skills.

A. leadership
B. lead
C. leading
D. to lead

Đáp án:

**A. leadership**

",8,2026-08-08 20:51:01.534264,2026-08-08 20:51:01.534264,
935,81,Dấu phẩy với Introductory Phrases và Transitional Expressions,"

# Introductory Phrases và Transitional Expressions

## 1. Cụm mở đầu

Cụm trạng từ đứng đầu câu thường được ngăn cách bằng dấu phẩy.

After reviewing the report, the manager approved the proposal.

## 2. Transitional Expressions

Các từ như:

- however
- therefore
- moreover
- in addition
- nevertheless
- consequently
- for example
- in fact

thường cần dấu câu phù hợp.

## 3. However

Đúng:

However, the company decided to continue.

Hoặc:

The company, however, decided to continue.

Hoặc:

The company decided to continue; however, sales remained low.

## 4. Therefore

Đúng:

Therefore, we decided to postpone the meeting.

Hoặc:

The weather was bad; therefore, the event was canceled.

## 5. Không nối hai independent clauses chỉ bằng comma

Sai:

The weather was bad, therefore the event was canceled.

Đúng:

The weather was bad; therefore, the event was canceled.

## 6. TOEIC

The report was incomplete; ______, the manager requested a revision.

A. however
B. therefore
C. although
D. because

Đáp án:

**B. therefore**

",9,2026-08-08 20:51:01.534264,2026-08-08 20:51:01.534264,
936,81,Bẫy Punctuation Grammar trong TOEIC,"

# Bẫy Punctuation Grammar trong TOEIC

## 1. Relative Clause

The manager, ______ has extensive experience, will lead the project.

A. that
B. who
C. where
D. what

Đáp án:

**B. who**

→ Non-defining Relative Clause cần dấu phẩy.

---

## 2. However

The product is expensive; ______, it is reliable.

A. however
B. because
C. although
D. and

Đáp án:

**A. however**

→ ; however,

---

## 3. Introductory Clause

______ the meeting ended, the employees returned to work.

A. After
B. After,
C. After the meeting,
D. The meeting after

Nếu chọn cụm:

**After the meeting ended, the employees returned to work.**

---

## 4. Compound Sentence

The manager arrived, ______ the meeting began.

A. and
B. however
C. therefore
D. because

Đáp án:

**A. and**

→ comma + coordinating conjunction.

---

## 5. Possessive

The ______ office is on the second floor.

A. manager
B. managers
C. manager's
D. managers

Nếu một manager:

**C. manager's**

---

## 6. Compound Modifier

The company offers a ______ training program.

A. two-weeks
B. two-week
C. two weeks
D. two-weeks-long

Đáp án:

**B. two-week**

---

## 7. Colon

The company requires three things: ______.

A. experience, dedication, and flexibility
B. employees have experience
C. which include experience
D. because experience is important

Đáp án:

**A. experience, dedication, and flexibility**

---

## 8. Parallelism

The job involves answering calls, handling complaints, and ______ reports.

A. prepare
B. preparing
C. preparation
D. to prepare

Đáp án:

**B. preparing**

→ answering, handling, preparing.

---

## 9. Semicolon

The deadline was extended; ______, several employees still requested more time.

A. however
B. although
C. because
D. and

Đáp án:

**A. however**

---

## 10. Chiến thuật tổng hợp

Khi gặp câu hỏi về punctuation:

### Bước 1

Kiểm tra xem hai bên dấu câu có phải **independent clauses** hay không.

Nếu có:

**Clause; however, Clause**

hoặc:

**Clause, and Clause**

### Bước 2

Kiểm tra Relative Clause.

**Defining → không có dấu phẩy**

**Non-defining → có dấu phẩy**

### Bước 3

Kiểm tra introductory phrase/clause.

Mệnh đề/cụm mở đầu thường được ngăn cách bằng dấu phẩy.

### Bước 4

Kiểm tra sở hữu.

**singular noun + 's**

**plural noun ending in s + '**

### Bước 5

Kiểm tra compound modifier.

**a five-year contract**

không:

**a five-years contract**

### Bước 6

Nhận diện conjunctive adverbs.

**however, therefore, moreover, nevertheless**

Khi nối hai independent clauses:

**Clause; however, Clause.**

## Công thức nhớ

**Introductory clause, main clause.**

**Main clause, and main clause.**

**Main clause; however, main clause.**

**Defining relative clause → không comma.**

**Non-defining relative clause → comma.**

**singular possessive → 's**

**plural possessive → s'**

**number + singular noun → compound modifier**

**soạn danh sách → comma**

**parallel items → cùng dạng ngữ pháp**

## Mẹo TOEIC

Punctuation không chỉ là ""nhìn dấu phẩy"".

Hãy xác định **cấu trúc ngữ pháp phía sau dấu câu**.

Đặc biệt nhớ 4 bẫy:

1. **comma splice**
2. **however/therefore**
3. **defining vs non-defining relative clause**
4. **compound modifiers**

",10,2026-08-08 20:51:01.534264,2026-08-08 20:51:01.534264,
937,82,Business English là gì?,"

# Business English là gì?

## 1. Khái niệm

Business English là tiếng Anh được sử dụng trong môi trường:

- công ty
- văn phòng
- kinh doanh
- thương mại
- tài chính
- tuyển dụng
- giao tiếp với khách hàng
- giao tiếp với đối tác

## 2. Các tình huống thường gặp trong TOEIC

TOEIC thường sử dụng ngữ cảnh:

- email
- memo
- thông báo
- cuộc họp
- lịch làm việc
- tuyển dụng
- đơn hàng
- hợp đồng
- dịch vụ khách hàng
- báo cáo

## 3. Từ vựng và ngữ pháp

Business English không chỉ là học từ vựng.

Cần chú ý:

- cách dùng động từ
- danh từ thương mại
- collocations
- cách diễn đạt lịch sự
- câu bị động
- modal verbs
- điều kiện
- thời hạn
- yêu cầu và đề nghị

## 4. Ví dụ

Please **submit** the application by Friday.

The company **has announced** a new policy.

We would **appreciate** your response.

## 5. Mẹo TOEIC

Khi gặp một câu trong ngữ cảnh công việc, hãy xác định:

**Ai → làm gì → với ai → khi nào → vì mục đích gì.**

",1,2026-08-08 20:51:37.59972,2026-08-08 20:51:37.59972,
938,82,Business Vocabulary và Word Choice,"

# Business Vocabulary và Word Choice

## 1. Employee

Người lao động trong công ty.

The company employs more than 500 employees.

## 2. Employer

Người/công ty thuê lao động.

The employer provides health insurance.

## 3. Client

Khách hàng sử dụng dịch vụ chuyên nghiệp.

The company has several international clients.

## 4. Customer

Khách hàng mua sản phẩm hoặc dịch vụ.

Customer satisfaction is our priority.

## 5. Applicant

Người nộp đơn xin việc.

All applicants must submit a resume.

## 6. Candidate

Ứng viên được xem xét cho một vị trí.

The candidate has extensive experience.

## 7. Supervisor

Người giám sát.

Please contact your supervisor.

## 8. Department

Phòng ban.

She works in the marketing department.

## 9. Position

Vị trí công việc.

The company is hiring for several positions.

## 10. TOEIC

The company interviewed several ______ for the position.

A. applicants
B. employers
C. customers
D. supervisors

Đáp án:

**A. applicants**

",2,2026-08-08 20:51:37.59972,2026-08-08 20:51:37.59972,
939,82,Email và Correspondence,"

# Email và Business Correspondence

## 1. Cấu trúc email công việc

Một email thường gồm:

- greeting
- purpose
- details
- request/action
- closing

## 2. Opening

Các cách mở đầu:

I am writing to inquire about...

I am writing regarding...

I am writing to confirm...

Thank you for your email regarding...

## 3. Request

Could you please send me...?

Would you please confirm...?

We would appreciate it if you could...

## 4. Confirmation

I am writing to confirm that...

This email is to confirm...

## 5. Closing

Please let me know if you have any questions.

I look forward to hearing from you.

Thank you for your assistance.

## 6. Regarding

Regarding your request, we will provide the documents tomorrow.

## 7. In response to

In response to your inquiry, we have attached the requested information.

## 8. TOEIC

I am writing ______ confirm your reservation.

A. for
B. to
C. at
D. on

Đáp án:

**B. to**

→ write to + verb.

",3,2026-08-08 20:51:37.59972,2026-08-08 20:51:37.59972,
940,82,Meetings và Business Discussions,"

# Meetings và Business Discussions

## 1. Arrange a meeting

Sắp xếp cuộc họp.

We need to arrange a meeting with the client.

## 2. Attend a meeting

Tham dự cuộc họp.

All department heads must attend the meeting.

## 3. Hold a meeting

Tổ chức cuộc họp.

The company will hold a meeting tomorrow.

## 4. Schedule a meeting

Lên lịch cuộc họp.

The meeting is scheduled for Monday.

## 5. Agenda

Chương trình/nội dung cuộc họp.

The first item on the agenda is the budget.

## 6. Discuss

Thảo luận.

We need to discuss the new project.

Lưu ý:

**discuss something**

Không:

discuss about something.

## 7. Reach an agreement

Đạt được thỏa thuận.

The two companies reached an agreement.

## 8. Make a decision

Đưa ra quyết định.

The committee made a decision.

## 9. Take minutes

Ghi biên bản cuộc họp.

Sarah will take minutes during the meeting.

## 10. TOEIC

The manager scheduled a meeting ______ Monday morning.

A. at
B. in
C. for
D. by

Đáp án:

**C. for**

",4,2026-08-08 20:51:37.59972,2026-08-08 20:51:37.59972,
941,82,"Requests, Suggestions và Polite Language","

# Requests, Suggestions và Polite Language

## 1. Could you...?

Could you send me the report?

Lịch sự hơn:

Can you send me the report?

## 2. Would you...?

Would you please confirm the date?

## 3. Would you mind + V-ing?

Would you mind sending the document again?

Không:

Would you mind to send...

## 4. We would appreciate it if...

We would appreciate it if you could respond by Friday.

## 5. I would appreciate...

I would appreciate your assistance.

## 6. Suggest

Có thể dùng:

**suggest + V-ing**

The manager suggested changing the schedule.

Hoặc:

**suggest that + subject + verb**

The manager suggested that we change the schedule.

## 7. Không dùng

Sai:

The manager suggested us to change the schedule.

Trong cấu trúc chuẩn:

The manager suggested that we change the schedule.

## 8. TOEIC

Would you mind ______ the document again?

A. send
B. to send
C. sending
D. sent

Đáp án:

**C. sending**

",5,2026-08-08 20:51:37.59972,2026-08-08 20:51:37.59972,
942,82,"Business Modals: May, Might, Could và Would","

# Business Modals

## 1. May

Dùng cho:

- khả năng
- sự cho phép trang trọng

You may contact the manager for further information.

## 2. Might

Khả năng thấp hơn hoặc không chắc chắn.

The meeting might be postponed.

## 3. Could

Dùng để:

- yêu cầu lịch sự
- khả năng
- đề xuất

Could you send the report?

## 4. Would

Dùng trong:

- yêu cầu lịch sự
- lời mời
- tình huống giả định

Would you please confirm the appointment?

## 5. Should

Dùng để:

- lời khuyên
- kỳ vọng
- nghĩa vụ nhẹ

The report should be completed by Friday.

## 6. Must

Nghĩa vụ mạnh.

Employees must wear identification badges.

## 7. Have to

Nghĩa vụ do quy định hoặc hoàn cảnh.

Employees have to submit the form.

## 8. TOEIC

Employees ______ submit their applications by Friday.

A. might
B. must
C. would
D. could

Nếu đây là yêu cầu bắt buộc:

**B. must**

",6,2026-08-08 20:51:37.59972,2026-08-08 20:51:37.59972,
943,82,Business Passive Voice và Formal Statements,"

# Business Passive Voice

## 1. Passive Voice rất phổ biến trong Business English

Đặc biệt khi:

- không cần nói ai thực hiện
- tập trung vào kết quả
- mô tả quy trình
- thông báo chính thức

## 2. Present Passive

The documents **are reviewed** every month.

## 3. Past Passive

The contract **was signed** yesterday.

## 4. Present Perfect Passive

The report **has been completed**.

## 5. Future Passive

The new system **will be installed** next month.

## 6. Modal Passive

The application **must be submitted** by Friday.

## 7. Get + V3

Trong văn phong ít trang trọng:

The issue got resolved quickly.

Trong Business English trang trọng hơn:

The issue was resolved quickly.

## 8. TOEIC

The applications ______ by the HR department.

A. review
B. reviewed
C. are reviewed
D. are reviewing

Đáp án:

**C. are reviewed**

",7,2026-08-08 20:51:37.59972,2026-08-08 20:51:37.59972,
944,82,Business Collocations,"

# Business Collocations

## 1. Make a decision

The manager made a decision.

## 2. Reach an agreement

The companies reached an agreement.

## 3. Meet a deadline

We must meet the deadline.

## 4. Meet a requirement

Applicants must meet all requirements.

## 5. Conduct research

The company conducted market research.

## 6. Provide information

Please provide additional information.

## 7. Submit an application

Applicants must submit an application.

## 8. Place an order

The customer placed an order.

## 9. Process an order

The warehouse processes orders every day.

## 10. Launch a product

The company launched a new product.

## 11. Increase revenue

The new strategy increased revenue.

## 12. Reduce costs

The company reduced operating costs.

## 13. Gain experience

Employees can gain valuable experience.

## 14. TOEIC

The company needs to ______ its operating costs.

A. make
B. reduce
C. reach
D. conduct

Đáp án:

**B. reduce**

",8,2026-08-08 20:51:37.59972,2026-08-08 20:51:37.59972,
945,82,Business Reports và Trends,"

# Business Reports và Trends

## 1. Increase

Sales increased by 15%.

## 2. Decrease

Revenue decreased by 8%.

## 3. Rise

Prices rose significantly.

## 4. Fall

Demand fell slightly.

## 5. Remain stable

Sales remained stable.

## 6. Fluctuate

Prices fluctuated throughout the year.

## 7. Decline

The company experienced a decline in revenue.

## 8. Grow

The company grew rapidly.

## 9. Compared with

Compared with last year, sales increased by 20%.

## 10. By + percentage

Sales increased **by 15%**.

## 11. To + percentage

Sales increased from 50% **to 65%**.

Phân biệt:

**increase by 15%**

→ tăng thêm 15%.

**increase to 15%**

→ đạt mức 15%.

## 12. TOEIC

Sales increased ______ 20 percent compared with last year.

A. to
B. by
C. at
D. for

Đáp án:

**B. by**

",9,2026-08-08 20:51:37.59972,2026-08-08 20:51:37.59972,
946,82,Bẫy Business English trong TOEIC,"

# Bẫy Business English trong TOEIC

## 1. Discuss

The manager will ______ the proposal tomorrow.

A. discuss about
B. discuss
C. discuss on
D. discuss regarding about

Đáp án:

**B. discuss**

→ discuss + object.

---

## 2. Suggest

The manager suggested ______ the meeting.

A. postpone
B. to postpone
C. postponing
D. postponed

Đáp án:

**C. postponing**

---

## 3. Deadline

Please submit the application ______ Friday.

A. by
B. until
C. during
D. since

Đáp án:

**A. by**

---

## 4. Polite Request

Would you mind ______ the document?

A. send
B. sending
C. to send
D. sent

Đáp án:

**B. sending**

---

## 5. Collocation

The company needs to ______ an agreement with the supplier.

A. make
B. reach
C. do
D. take

Đáp án:

**B. reach**

→ reach an agreement.

---

## 6. Application

Applicants must ______ an application form.

A. submit
B. place
C. conduct
D. launch

Đáp án:

**A. submit**

---

## 7. Passive

The documents ______ by the HR department.

A. review
B. are reviewed
C. reviewing
D. have review

Đáp án:

**B. are reviewed**

---

## 8. Increase

Sales increased ______ 15 percent.

A. to
B. by
C. for
D. at

Đáp án:

**B. by**

---

## 9. Business Vocabulary

The person who applies for a job is an ______.

A. employer
B. applicant
C. supervisor
D. customer

Đáp án:

**B. applicant**

---

## 10. Chiến thuật tổng hợp

Khi gặp Business English trong TOEIC:

### Bước 1

Xác định ngữ cảnh:

- email
- meeting
- hiring
- sales
- customer service
- finance
- company policy

### Bước 2

Kiểm tra collocation.

Ví dụ:

**make a decision**

**reach an agreement**

**meet a deadline**

**submit an application**

**place an order**

**conduct research**

### Bước 3

Kiểm tra giới từ.

Ví dụ:

responsible **for**

interested **in**

apply **for**

comply **with**

refer **to**

### Bước 4

Kiểm tra modal.

**must → bắt buộc**

**should → nên/kỳ vọng**

**may/might → khả năng**

**could/would → thường dùng trong yêu cầu lịch sự**

### Bước 5

Kiểm tra cấu trúc động từ.

**discuss + noun**

**suggest + V-ing**

**would mind + V-ing**

### Bước 6

Đọc toàn bộ ngữ cảnh.

Business English thường có nhiều từ gần nghĩa.

Ví dụ:

**client**

không hoàn toàn giống:

**customer**

**applicant**

không giống:

**employee**

**employer**

không giống:

**employee**

## Công thức nhớ

**make a decision**

**reach an agreement**

**meet a deadline**

**meet a requirement**

**conduct research**

**provide information**

**submit an application**

**place an order**

**process an order**

**launch a product**

**increase revenue**

**reduce costs**

**gain experience**

**discuss + noun**

**suggest + V-ing**

**would mind + V-ing**

**increase by + percentage**

**increase to + level**

## Mẹo TOEIC

Business English ở mức 800+ không chỉ kiểm tra ""biết từ"".

Câu hỏi thường kiểm tra:

**từ nào đi với từ nào → collocation**

**động từ cần cấu trúc gì → verb pattern**

**giới từ nào đi sau từ đó → preposition**

**cách diễn đạt nào phù hợp văn phong công việc → formal usage**

Vì vậy, khi làm TOEIC, hãy học từ theo **cụm**, không học từng từ riêng lẻ.

",10,2026-08-08 20:51:37.59972,2026-08-08 20:51:37.59972,
947,83,Tổng quan về TOEIC Grammar Traps,"

# TOEIC Grammar Traps là gì?

## 1. Khái niệm

Grammar Traps là những lựa chọn trong câu hỏi TOEIC được thiết kế để:

- nhìn có vẻ đúng
- có nghĩa gần giống đáp án đúng
- cùng từ loại
- có hình thức gần giống nhau
- dễ khiến thí sinh chọn theo cảm tính

## 2. Các bẫy phổ biến

TOEIC thường kiểm tra:

- từ loại
- subject-verb agreement
- tense
- passive voice
- gerund/infinitive
- preposition
- conjunction
- relative clause
- comparison
- articles
- modifiers
- parallel structure

## 3. Ví dụ

The manager ______ the report yesterday.

A. reviews
B. reviewed
C. reviewing
D. review

""yesterday"" → Past Simple.

Đáp án:

**B. reviewed**

## 4. Không chọn chỉ vì nghĩa

Nhiều đáp án đều có nghĩa hợp lý nhưng chỉ một đáp án phù hợp **cấu trúc ngữ pháp**.

## 5. Chiến thuật

Ưu tiên:

**Structure → Grammar → Meaning**

Thay vì:

**Meaning → đoán đáp án**

",1,2026-08-08 20:51:56.319899,2026-08-08 20:51:56.319899,
948,83,Bẫy Word Form,"

# Word Form Trap

Đây là một trong những bẫy phổ biến nhất ở Part 5.

## 1. Noun

Sau:

- a/an/the
- possessive
- adjective
- preposition

thường cần noun.

Ví dụ:

The company announced an important **decision**.

## 2. Adjective

Đứng trước noun hoặc sau linking verb.

The company introduced a **new** policy.

The policy is **effective**.

## 3. Adverb

Bổ nghĩa cho:

- verb
- adjective
- adverb
- cả câu

The manager responded **quickly**.

## 4. Verb

Sau subject cần động từ chính.

The company **announced** the policy.

## 5. Bẫy

The manager responded ______ to the complaint.

A. quick
B. quickly
C. quickness
D. quicker

Đáp án:

**B. quickly**

Vì cần adverb bổ nghĩa cho responded.

## 6. Mẹo

Nhìn vị trí trước khi dịch.

Ví dụ:

The company made a ______ decision.

Sau ""a"" + trước ""decision"":

→ cần adjective.

Đáp án có thể là:

**important**

",2,2026-08-08 20:51:56.319899,2026-08-08 20:51:56.319899,
949,83,Bẫy Subject-Verb Agreement,"

# Subject-Verb Agreement Trap

## 1. Chủ ngữ số ít

He works.

The manager is here.

## 2. Chủ ngữ số nhiều

They work.

The managers are here.

## 3. Bẫy với cụm chen giữa

The manager, along with his assistants, **is** responsible.

Chủ ngữ chính:

**The manager**

Không phải:

**his assistants**

## 4. Together with

The director, together with several employees, **is** attending the meeting.

## 5. As well as

The manager, as well as the employees, **was** invited.

## 6. Each / Every

Each employee **is** required to attend.

Every applicant **has** to submit a resume.

## 7. One of + plural noun

One of the employees **is** absent.

Chủ ngữ là:

**One**

không phải:

**employees**

## 8. TOEIC

One of the employees ______ responsible for the report.

A. are
B. were
C. is
D. have

Đáp án:

**C. is**

",3,2026-08-08 20:51:56.319899,2026-08-08 20:51:56.319899,
950,83,Tense và Time Signal Traps,"

# Tense Trap

## 1. Time signals

Các từ chỉ thời gian là manh mối quan trọng.

### Present Simple

usually

often

every day

generally

### Present Continuous

now

currently

at the moment

### Past Simple

yesterday

last week

last year

ago

### Present Perfect

since

for

already

yet

recently

so far

### Future

tomorrow

next week

next month

## 2. Bẫy Present Perfect vs Past Simple

Sai:

The company has opened a new branch last year.

Đúng:

The company **opened** a new branch last year.

""last year"" là thời điểm quá khứ đã kết thúc.

## 3. Since

The company has operated here **since 2020**.

## 4. For

The company has operated here **for six years**.

## 5. TOEIC

The company ______ its new branch last month.

A. has opened
B. opens
C. opened
D. is opening

Đáp án:

**C. opened**

",4,2026-08-08 20:51:56.319899,2026-08-08 20:51:56.319899,
951,83,"Gerund, Infinitive và Verb Pattern Traps","

# Gerund và Infinitive Traps

## 1. Sau giới từ → V-ing

The manager is interested in **expanding** the business.

## 2. Enjoy + V-ing

She enjoys **working** with clients.

## 3. Avoid + V-ing

The company avoided **making** unnecessary changes.

## 4. Suggest + V-ing

The manager suggested **changing** the schedule.

## 5. Decide + to V

The company decided **to expand**.

## 6. Plan + to V

They plan **to launch** a new product.

## 7. Hope + to V

We hope **to hear** from you soon.

## 8. Would like + to V

I would like **to confirm** the appointment.

## 9. Bẫy

The manager suggested ______ the meeting.

A. postpone
B. to postpone
C. postponing
D. postponed

Đáp án:

**C. postponing**

## 10. Mẹo

Nhớ:

**preposition → V-ing**

**enjoy → V-ing**

**avoid → V-ing**

**suggest → V-ing**

**decide → to V**

**plan → to V**

**hope → to V**

**would like → to V**

",5,2026-08-08 20:51:56.319899,2026-08-08 20:51:56.319899,
952,83,Preposition và Conjunction Traps,"

# Preposition và Conjunction Traps

## 1. Because vs Because of

### Because + clause

Because **the weather was bad**, the flight was delayed.

### Because of + noun

Because of **the bad weather**, the flight was delayed.

## 2. Although vs Despite

### Although + clause

Although **the product is expensive**, it sells well.

### Despite + noun/V-ing

Despite **the high price**, it sells well.

Despite **being expensive**, it sells well.

## 3. During vs While

### During + noun

during the meeting

### While + clause

while the meeting was in progress

## 4. Because vs Because of Trap

The event was canceled ______ heavy rain.

A. because
B. because of
C. although
D. while

Đáp án:

**B. because of**

Vì sau chỗ trống là noun phrase:

**heavy rain**

## 5. Mẹo

Sau conjunction:

→ thường là **clause**

Sau preposition:

→ thường là **noun / V-ing**

",6,2026-08-08 20:51:56.319899,2026-08-08 20:51:56.319899,
953,83,Modifier Placement và Dangling Modifier Traps,"

# Modifier Traps

## 1. Modifier phải gần từ được bổ nghĩa

Đúng:

The manager reviewed the report **carefully**.

## 2. Introductory Modifier

After reviewing the report, **the manager** approved it.

Người thực hiện ""reviewing"" phải là subject ngay sau dấu phẩy.

## 3. Dangling Modifier

Sai:

After reviewing the report, **the deadline was extended**.

""deadline"" không thể review report.

## 4. Đúng

After reviewing the report, **the manager extended the deadline**.

## 5. Adjective vs Adverb

The new system is **highly efficient**.

""highly"" bổ nghĩa cho adjective ""efficient"".

## 6. Bẫy

Walking through the office, ______.

A. the employees were greeted by the manager
B. the manager greeted the employees
C. the office was crowded
D. the meeting was canceled

Đáp án:

**B. the manager greeted the employees**

Vì manager là người walking.

## 7. Mẹo

Khi câu bắt đầu bằng:

- After V-ing
- While V-ing
- Having V3
- V3 phrase

hãy kiểm tra subject ngay sau dấu phẩy.

",7,2026-08-08 20:51:56.319899,2026-08-08 20:51:56.319899,
954,83,Comparison và Parallel Structure Traps,"

# Comparison và Parallelism Traps

## 1. Comparative

The new model is **more efficient than** the old one.

## 2. Superlative

This is **the most efficient** model.

## 3. As...as

The new system is **as reliable as** the old one.

## 4. Fewer vs Less

### Fewer

Danh từ đếm được.

fewer employees

fewer problems

### Less

Danh từ không đếm được.

less time

less money

## 5. Parallel Structure

Sai:

The position requires **planning, organizing, and to communicate**.

Đúng:

The position requires **planning, organizing, and communicating**.

## 6. So sánh phải cùng loại

Sai:

The salary of the manager is higher than **an employee**.

Đúng:

The salary of the manager is higher than **that of an employee**.

## 7. TOEIC

The new system is more efficient than ______.

A. the old system
B. the old
C. the employees
D. efficiently

Đáp án:

**A. the old system**

",8,2026-08-08 20:51:56.319899,2026-08-08 20:51:56.319899,
955,83,"Article, Determiner và Quantity Traps","

# Article và Quantity Traps

## 1. A / An

Dùng với danh từ đếm được số ít khi nói đến một đối tượng chưa xác định.

a report

an employee

## 2. The

Dùng khi đối tượng đã xác định hoặc đã được nhắc đến.

I received a report. The report was incomplete.

## 3. Không dùng article với danh từ số nhiều khi nói chung

Employees need training.

Không:

The employees need training.

nếu đang nói về employees nói chung.

## 4. Much

Danh từ không đếm được.

much information

much time

## 5. Many

Danh từ đếm được số nhiều.

many employees

many reports

## 6. A few

Một vài, với danh từ đếm được.

a few employees

## 7. A little

Một ít, với danh từ không đếm được.

a little time

## 8. Each

Each employee is responsible for the task.

## 9. Every

Every employee must attend.

## 10. Bẫy

The company received ______ applications this month.

A. much
B. many
C. a little
D. every

Đáp án:

**B. many**

Vì applications là countable plural noun.

",9,2026-08-08 20:51:56.319899,2026-08-08 20:51:56.319899,
956,83,Tổng hợp 10 bẫy lớn nhất trong TOEIC,"

# Tổng hợp TOEIC Grammar Traps

## Bẫy 1: Word Form

The manager responded ______.

→ cần adverb.

**quickly**

---

## Bẫy 2: Subject-Verb Agreement

One of the employees ______ absent.

→ One → singular.

**is**

---

## Bẫy 3: Tense

The company ______ the branch last year.

→ last year → Past Simple.

**opened**

---

## Bẫy 4: Gerund

The manager suggested ______ the schedule.

→ suggest + V-ing.

**changing**

---

## Bẫy 5: Infinitive

The company decided ______ the project.

→ decide + to V.

**to expand**

---

## Bẫy 6: Preposition

The company is interested ______ expanding overseas.

→ interested in.

**in**

---

## Bẫy 7: Conjunction

______ the weather was bad, the event continued.

→ sau conjunction là clause.

**Although**

---

## Bẫy 8: Preposition

______ the bad weather, the event continued.

→ sau preposition là noun phrase.

**Despite**

---

## Bẫy 9: Modifier

After reviewing the report, ______ approved the proposal.

→ subject phải là người review report.

**the manager**

---

## Bẫy 10: Comparison

The new system is more efficient than ______.

→ so sánh cùng loại.

**the old system**

---

# Chiến thuật 5 bước làm Part 5

## Bước 1 — Nhìn đáp án

Nếu đáp án khác nhau về:

- noun
- verb
- adjective
- adverb

→ kiểm tra **Word Form**.

## Bước 2 — Nhìn chủ ngữ

Kiểm tra:

**singular / plural**

→ Subject-Verb Agreement.

## Bước 3 — Tìm time signal

Ví dụ:

yesterday

last year

since

for

already

→ xác định tense.

## Bước 4 — Nhìn từ trước/sau chỗ trống

Ví dụ:

preposition + ______

→ thường V-ing/noun.

suggest + ______

→ V-ing.

decide + ______

→ to V.

## Bước 5 — Đọc toàn câu

Sau khi loại đáp án sai về grammar mới dùng nghĩa để chọn.

# Quy tắc vàng

**Đừng dịch cả câu ngay từ đầu.**

Hãy làm:

**1. Nhìn đáp án**

↓

**2. Xác định loại bẫy**

↓

**3. Kiểm tra cấu trúc**

↓

**4. Loại đáp án sai**

↓

**5. Dùng nghĩa để xác nhận**

Đây là chiến thuật đặc biệt hiệu quả với TOEIC Part 5.

",10,2026-08-08 20:51:56.319899,2026-08-08 20:51:56.319899,
