id,question_id,option_key,option_text,is_correct,display_order,created_at
1,1,A,manager,t,1,2026-08-10 11:31:21.892622
2,1,B,managing,f,2,2026-08-10 11:31:21.892622
3,1,C,manageable,f,3,2026-08-10 11:31:21.892622
4,1,D,managed,f,4,2026-08-10 11:31:21.892622
5,2,A,strategically,f,1,2026-08-10 11:31:21.892622
6,2,B,successful,t,2,2026-08-10 11:31:21.892622
7,2,C,success,f,3,2026-08-10 11:31:21.892622
8,2,D,succeed,f,4,2026-08-10 11:31:21.892622
9,3,A,careful,f,1,2026-08-10 11:31:21.892622
10,3,B,care,f,2,2026-08-10 11:31:21.892622
11,3,C,carefully,t,3,2026-08-10 11:31:21.892622
12,3,D,carefulness,f,4,2026-08-10 11:31:21.892622
13,4,A,dedicate,f,1,2026-08-10 11:31:21.892622
14,4,B,dedicated,f,2,2026-08-10 11:31:21.892622
15,4,C,dedicating,f,3,2026-08-10 11:31:21.892622
16,4,D,dedication,t,4,2026-08-10 11:31:21.892622
17,5,A,convenient,t,1,2026-08-10 11:31:21.892622
18,5,B,convenience,f,2,2026-08-10 11:31:21.892622
19,5,C,conveniently,f,3,2026-08-10 11:31:21.892622
20,5,D,convenience,f,4,2026-08-10 11:31:21.892622
21,6,A,complete,f,1,2026-08-10 11:31:21.892622
22,6,B,completely,t,2,2026-08-10 11:31:21.892622
23,6,C,completion,f,3,2026-08-10 11:31:21.892622
24,6,D,completeness,f,4,2026-08-10 11:31:21.892622
25,7,A,Implement,f,1,2026-08-10 11:31:21.892622
26,7,B,Implemented,f,2,2026-08-10 11:31:21.892622
27,7,C,Implementation,t,3,2026-08-10 11:31:21.892622
28,7,D,Implementing,f,4,2026-08-10 11:31:21.892622
29,8,A,accuracy,f,1,2026-08-10 11:31:21.892622
30,8,B,accurately,f,2,2026-08-10 11:31:21.892622
31,8,C,accurate,f,3,2026-08-10 11:31:21.892622
32,8,D,accurate,t,4,2026-08-10 11:31:21.892622
33,9,A,maintenance,t,1,2026-08-10 11:31:21.892622
34,9,B,maintain,f,2,2026-08-10 11:31:21.892622
35,9,C,maintained,f,3,2026-08-10 11:31:21.892622
36,9,D,maintaining,f,4,2026-08-10 11:31:21.892622
37,10,A,significant,f,1,2026-08-10 11:31:21.892622
38,10,B,significantly,t,2,2026-08-10 11:31:21.892622
39,10,C,significance,f,3,2026-08-10 11:31:21.892622
40,10,D,signify,f,4,2026-08-10 11:31:21.892622
41,11,A,is,t,1,2026-08-10 11:31:21.892622
42,11,B,are,f,2,2026-08-10 11:31:21.892622
43,11,C,be,f,3,2026-08-10 11:31:21.892622
44,11,D,have,f,4,2026-08-10 11:31:21.892622
45,12,A,is,f,1,2026-08-10 11:31:21.892622
46,12,B,are,t,2,2026-08-10 11:31:21.892622
47,12,C,was,f,3,2026-08-10 11:31:21.892622
48,12,D,has,f,4,2026-08-10 11:31:21.892622
49,13,A,are,f,1,2026-08-10 11:31:21.892622
50,13,B,were,f,2,2026-08-10 11:31:21.892622
51,13,C,is,t,3,2026-08-10 11:31:21.892622
52,13,D,have,f,4,2026-08-10 11:31:21.892622
53,14,A,is,f,1,2026-08-10 11:31:21.892622
54,14,B,was,f,2,2026-08-10 11:31:21.892622
55,14,C,has,f,3,2026-08-10 11:31:21.892622
56,14,D,are,t,4,2026-08-10 11:31:21.892622
57,15,A,is,t,1,2026-08-10 11:31:21.892622
58,15,B,are,f,2,2026-08-10 11:31:21.892622
59,15,C,were,f,3,2026-08-10 11:31:21.892622
60,15,D,have,f,4,2026-08-10 11:31:21.892622
61,16,A,has,f,1,2026-08-10 11:31:21.892622
62,16,B,have,t,2,2026-08-10 11:31:21.892622
63,16,C,is,f,3,2026-08-10 11:31:21.892622
64,16,D,was,f,4,2026-08-10 11:31:21.892622
65,17,A,have,f,1,2026-08-10 11:31:21.892622
66,17,B,were,f,2,2026-08-10 11:31:21.892622
67,17,C,has,t,3,2026-08-10 11:31:21.892622
68,17,D,are,f,4,2026-08-10 11:31:21.892622
69,18,A,have,f,1,2026-08-10 11:31:21.892622
70,18,B,having,f,2,2026-08-10 11:31:21.892622
71,18,C,are,f,3,2026-08-10 11:31:21.892622
72,18,D,has,t,4,2026-08-10 11:31:21.892622
73,19,A,is,t,1,2026-08-10 11:31:21.892622
74,19,B,are,f,2,2026-08-10 11:31:21.892622
75,19,C,have,f,3,2026-08-10 11:31:21.892622
76,19,D,were,f,4,2026-08-10 11:31:21.892622
77,20,A,are,f,1,2026-08-10 11:31:21.892622
78,20,B,is,t,2,2026-08-10 11:31:21.892622
79,20,C,were,f,3,2026-08-10 11:31:21.892622
80,20,D,have,f,4,2026-08-10 11:31:21.892622
81,21,A,opens,f,1,2026-08-10 11:31:21.892622
82,21,B,opened,f,2,2026-08-10 11:31:21.892622
83,21,C,has opened,t,3,2026-08-10 11:31:21.892622
84,21,D,is opening,f,4,2026-08-10 11:31:21.892622
85,22,A,has completed,f,1,2026-08-10 11:31:21.892622
86,22,B,completes,f,2,2026-08-10 11:31:21.892622
87,22,C,is completing,f,3,2026-08-10 11:31:21.892622
88,22,D,completed,t,4,2026-08-10 11:31:21.892622
89,23,A,will attend,t,1,2026-08-10 11:31:21.892622
90,23,B,attended,f,2,2026-08-10 11:31:21.892622
91,23,C,have attended,f,3,2026-08-10 11:31:21.892622
92,23,D,attending,f,4,2026-08-10 11:31:21.892622
93,24,A,prepares,f,1,2026-08-10 11:31:21.892622
94,24,B,is preparing,t,2,2026-08-10 11:31:21.892622
95,24,C,prepared,f,3,2026-08-10 11:31:21.892622
96,24,D,has prepared,f,4,2026-08-10 11:31:21.892622
97,25,A,reviews,f,1,2026-08-10 11:31:21.892622
98,25,B,has reviewed,f,2,2026-08-10 11:31:21.892622
99,25,C,had reviewed,t,3,2026-08-10 11:31:21.892622
100,25,D,was reviewing,f,4,2026-08-10 11:31:21.892622
101,26,A,work,f,1,2026-08-10 11:31:21.892622
102,26,B,worked,f,2,2026-08-10 11:31:21.892622
103,26,C,are working,f,3,2026-08-10 11:31:21.892622
104,26,D,have been working,t,4,2026-08-10 11:31:21.892622
105,27,A,was organizing,t,1,2026-08-10 11:31:21.892622
106,27,B,organized,f,2,2026-08-10 11:31:21.892622
107,27,C,has organized,f,3,2026-08-10 11:31:21.892622
108,27,D,organizes,f,4,2026-08-10 11:31:21.892622
109,28,A,completes,f,1,2026-08-10 11:31:21.892622
110,28,B,will have completed,t,2,2026-08-10 11:31:21.892622
111,28,C,completed,f,3,2026-08-10 11:31:21.892622
112,28,D,has completed,f,4,2026-08-10 11:31:21.892622
113,29,A,is opening,f,1,2026-08-10 11:31:21.892622
114,29,B,opened,f,2,2026-08-10 11:31:21.892622
115,29,C,opens,t,3,2026-08-10 11:31:21.892622
116,29,D,has opened,f,4,2026-08-10 11:31:21.892622
117,30,A,arrive,f,1,2026-08-10 11:31:21.892622
118,30,B,have arrived,f,2,2026-08-10 11:31:21.892622
119,30,C,were arriving,f,3,2026-08-10 11:31:21.892622
120,30,D,arrived,t,4,2026-08-10 11:31:21.892622
121,31,A,at,t,1,2026-08-10 11:31:21.892622
122,31,B,on,f,2,2026-08-10 11:31:21.892622
123,31,C,in,f,3,2026-08-10 11:31:21.892622
124,31,D,by,f,4,2026-08-10 11:31:21.892622
125,32,A,at,f,1,2026-08-10 11:31:21.892622
126,32,B,on,t,2,2026-08-10 11:31:21.892622
127,32,C,in,f,3,2026-08-10 11:31:21.892622
128,32,D,for,f,4,2026-08-10 11:31:21.892622
129,33,A,at,f,1,2026-08-10 11:31:21.892622
130,33,B,on,f,2,2026-08-10 11:31:21.892622
131,33,C,in,t,3,2026-08-10 11:31:21.892622
132,33,D,by,f,4,2026-08-10 11:31:21.892622
133,34,A,since,f,1,2026-08-10 11:31:21.892622
134,34,B,during,f,2,2026-08-10 11:31:21.892622
135,34,C,from,f,3,2026-08-10 11:31:21.892622
136,34,D,for,t,4,2026-08-10 11:31:21.892622
137,35,A,since,t,1,2026-08-10 11:31:21.892622
138,35,B,for,f,2,2026-08-10 11:31:21.892622
139,35,C,during,f,3,2026-08-10 11:31:21.892622
140,35,D,until,f,4,2026-08-10 11:31:21.892622
141,36,A,at,f,1,2026-08-10 11:31:21.892622
142,36,B,in,t,2,2026-08-10 11:31:21.892622
143,36,C,on,f,3,2026-08-10 11:31:21.892622
144,36,D,to,f,4,2026-08-10 11:31:21.892622
145,37,A,at,f,1,2026-08-10 11:31:21.892622
146,37,B,on,f,2,2026-08-10 11:31:21.892622
147,37,C,to,t,3,2026-08-10 11:31:21.892622
148,37,D,for,f,4,2026-08-10 11:31:21.892622
149,38,A,because,f,1,2026-08-10 11:31:21.892622
150,38,B,although,f,2,2026-08-10 11:31:21.892622
151,38,C,despite,f,3,2026-08-10 11:31:21.892622
152,38,D,because of,t,4,2026-08-10 11:31:21.892622
153,39,A,by,t,1,2026-08-10 11:31:21.892622
154,39,B,with,f,2,2026-08-10 11:31:21.892622
155,39,C,from,f,3,2026-08-10 11:31:21.892622
156,39,D,at,f,4,2026-08-10 11:31:21.892622
157,40,A,at,f,1,2026-08-10 11:31:21.892622
158,40,B,for,t,2,2026-08-10 11:31:21.892622
159,40,C,by,f,3,2026-08-10 11:31:21.892622
160,40,D,since,f,4,2026-08-10 11:31:21.892622
161,41,A,Because,f,1,2026-08-10 11:31:21.892622
162,41,B,Unless,f,2,2026-08-10 11:31:21.892622
163,41,C,Although,t,3,2026-08-10 11:31:21.892622
164,41,D,So,f,4,2026-08-10 11:31:21.892622
165,42,A,despite,f,1,2026-08-10 11:31:21.892622
166,42,B,during,f,2,2026-08-10 11:31:21.892622
167,42,C,unless,f,3,2026-08-10 11:31:21.892622
168,42,D,because,t,4,2026-08-10 11:31:21.892622
169,43,A,If,t,1,2026-08-10 11:31:21.892622
170,43,B,Although,f,2,2026-08-10 11:31:21.892622
171,43,C,Because,f,3,2026-08-10 11:31:21.892622
172,43,D,While,f,4,2026-08-10 11:31:21.892622
173,44,A,because,f,1,2026-08-10 11:31:21.892622
174,44,B,until,t,2,2026-08-10 11:31:21.892622
175,44,C,despite,f,3,2026-08-10 11:31:21.892622
176,44,D,unless,f,4,2026-08-10 11:31:21.892622
177,45,A,but,f,1,2026-08-10 11:31:21.892622
178,45,B,or,f,2,2026-08-10 11:31:21.892622
179,45,C,and,t,3,2026-08-10 11:31:21.892622
180,45,D,so,f,4,2026-08-10 11:31:21.892622
181,46,A,and,f,1,2026-08-10 11:31:21.892622
182,46,B,but,f,2,2026-08-10 11:31:21.892622
183,46,C,so,f,3,2026-08-10 11:31:21.892622
184,46,D,or,t,4,2026-08-10 11:31:21.892622
185,47,A,so,t,1,2026-08-10 11:31:21.892622
186,47,B,although,f,2,2026-08-10 11:31:21.892622
187,47,C,because,f,3,2026-08-10 11:31:21.892622
188,47,D,unless,f,4,2026-08-10 11:31:21.892622
189,48,A,and,f,1,2026-08-10 11:31:21.892622
190,48,B,but,t,2,2026-08-10 11:31:21.892622
191,48,C,because,f,3,2026-08-10 11:31:21.892622
192,48,D,so,f,4,2026-08-10 11:31:21.892622
193,49,A,because,f,1,2026-08-10 11:31:21.892622
194,49,B,although,f,2,2026-08-10 11:31:21.892622
195,49,C,unless,t,3,2026-08-10 11:31:21.892622
196,49,D,while,f,4,2026-08-10 11:31:21.892622
197,50,A,because,f,1,2026-08-10 11:31:21.892622
198,50,B,although,f,2,2026-08-10 11:31:21.892622
199,50,C,unless,f,3,2026-08-10 11:31:21.892622
200,50,D,while,t,4,2026-08-10 11:31:21.892622
201,51,A,who,t,1,2026-08-10 11:31:21.892622
202,51,B,which,f,2,2026-08-10 11:31:21.892622
203,51,C,where,f,3,2026-08-10 11:31:21.892622
204,51,D,when,f,4,2026-08-10 11:31:21.892622
205,52,A,who,f,1,2026-08-10 11:31:21.892622
206,52,B,which,t,2,2026-08-10 11:31:21.892622
207,52,C,where,f,3,2026-08-10 11:31:21.892622
208,52,D,when,f,4,2026-08-10 11:31:21.892622
209,53,A,who,f,1,2026-08-10 11:31:21.892622
210,53,B,which,f,2,2026-08-10 11:31:21.892622
211,53,C,where,t,3,2026-08-10 11:31:21.892622
212,53,D,when,f,4,2026-08-10 11:31:21.892622
213,54,A,who,f,1,2026-08-10 11:31:21.892622
214,54,B,which,f,2,2026-08-10 11:31:21.892622
215,54,C,where,f,3,2026-08-10 11:31:21.892622
216,54,D,when,t,4,2026-08-10 11:31:21.892622
217,55,A,whose,t,1,2026-08-10 11:31:21.892622
218,55,B,who,f,2,2026-08-10 11:31:21.892622
219,55,C,which,f,3,2026-08-10 11:31:21.892622
220,55,D,where,f,4,2026-08-10 11:31:21.892622
221,56,A,who,f,1,2026-08-10 11:31:21.892622
222,56,B,which,t,2,2026-08-10 11:31:21.892622
223,56,C,whom,f,3,2026-08-10 11:31:21.892622
224,56,D,whose,f,4,2026-08-10 11:31:21.892622
225,57,A,whose,f,1,2026-08-10 11:31:21.892622
226,57,B,which,f,2,2026-08-10 11:31:21.892622
227,57,C,whom,t,3,2026-08-10 11:31:21.892622
228,57,D,where,f,4,2026-08-10 11:31:21.892622
229,58,A,place,f,1,2026-08-10 11:31:21.892622
230,58,B,placing,f,2,2026-08-10 11:31:21.892622
231,58,C,places,f,3,2026-08-10 11:31:21.892622
232,58,D,placed,t,4,2026-08-10 11:31:21.892622
233,59,A,are processed,t,1,2026-08-10 11:31:21.892622
234,59,B,process,f,2,2026-08-10 11:31:21.892622
235,59,C,processed,f,3,2026-08-10 11:31:21.892622
236,59,D,are processing,f,4,2026-08-10 11:31:21.892622
237,60,A,announces,f,1,2026-08-10 11:31:21.892622
238,60,B,was announced,t,2,2026-08-10 11:31:21.892622
239,60,C,has announced,f,3,2026-08-10 11:31:21.892622
240,60,D,is announcing,f,4,2026-08-10 11:31:21.892622
241,61,A,inspected,f,1,2026-08-10 11:31:21.892622
242,61,B,has inspected,f,2,2026-08-10 11:31:21.892622
243,61,C,had been inspected,t,3,2026-08-10 11:31:21.892622
244,61,D,was inspecting,f,4,2026-08-10 11:31:21.892622
245,62,A,submit,f,1,2026-08-10 11:31:21.892622
246,62,B,submitting,f,2,2026-08-10 11:31:21.892622
247,62,C,submitted,f,3,2026-08-10 11:31:21.892622
248,62,D,be submitted,t,4,2026-08-10 11:31:21.892622
249,63,A,cleaned,t,1,2026-08-10 11:31:21.892622
250,63,B,cleaning,f,2,2026-08-10 11:31:21.892622
251,63,C,clean,f,3,2026-08-10 11:31:21.892622
252,63,D,cleans,f,4,2026-08-10 11:31:21.892622
253,64,A,sign,f,1,2026-08-10 11:31:21.892622
254,64,B,be signed,t,2,2026-08-10 11:31:21.892622
255,64,C,signed,f,3,2026-08-10 11:31:21.892622
256,64,D,signing,f,4,2026-08-10 11:31:21.892622
257,65,A,return,f,1,2026-08-10 11:31:21.892622
258,65,B,are returned,f,2,2026-08-10 11:31:21.892622
259,65,C,were returned,t,3,2026-08-10 11:31:21.892622
260,65,D,returning,f,4,2026-08-10 11:31:21.892622
261,66,A,make,f,1,2026-08-10 11:31:21.892622
262,66,B,made,f,2,2026-08-10 11:31:21.892622
263,66,C,making,f,3,2026-08-10 11:31:21.892622
264,66,D,been made,t,4,2026-08-10 11:31:21.892622
265,67,A,to print,t,1,2026-08-10 11:31:21.892622
266,67,B,printing,f,2,2026-08-10 11:31:21.892622
267,67,C,printed,f,3,2026-08-10 11:31:21.892622
268,67,D,print,f,4,2026-08-10 11:31:21.892622
269,68,A,opening,f,1,2026-08-10 11:31:21.892622
270,68,B,to open,t,2,2026-08-10 11:31:21.892622
271,68,C,opened,f,3,2026-08-10 11:31:21.892622
272,68,D,open,f,4,2026-08-10 11:31:21.892622
273,69,A,participate,f,1,2026-08-10 11:31:21.892622
274,69,B,to participate,f,2,2026-08-10 11:31:21.892622
275,69,C,participating,t,3,2026-08-10 11:31:21.892622
276,69,D,participated,f,4,2026-08-10 11:31:21.892622
277,70,A,discuss,f,1,2026-08-10 11:31:21.892622
278,70,B,to discuss,f,2,2026-08-10 11:31:21.892622
279,70,C,discussed,f,3,2026-08-10 11:31:21.892622
280,70,D,discussing,t,4,2026-08-10 11:31:21.892622
281,71,A,to wear,t,1,2026-08-10 11:31:21.892622
282,71,B,wearing,f,2,2026-08-10 11:31:21.892622
283,71,C,worn,f,3,2026-08-10 11:31:21.892622
284,71,D,wear,f,4,2026-08-10 11:31:21.892622
285,72,A,expand,f,1,2026-08-10 11:31:21.892622
286,72,B,expanding,t,2,2026-08-10 11:31:21.892622
287,72,C,to expand,f,3,2026-08-10 11:31:21.892622
288,72,D,expanded,f,4,2026-08-10 11:31:21.892622
289,73,A,complaining,f,1,2026-08-10 11:31:21.892622
290,73,B,complained,f,2,2026-08-10 11:31:21.892622
291,73,C,complain,t,3,2026-08-10 11:31:21.892622
292,73,D,complaint,f,4,2026-08-10 11:31:21.892622
293,74,A,Make,f,1,2026-08-10 11:31:21.892622
294,74,B,Made,f,2,2026-08-10 11:31:21.892622
295,74,C,To make,f,3,2026-08-10 11:31:21.892622
296,74,D,Making,t,4,2026-08-10 11:31:21.892622
297,75,A,must,t,1,2026-08-10 11:31:21.892622
298,75,B,might,f,2,2026-08-10 11:31:21.892622
299,75,C,would,f,3,2026-08-10 11:31:21.892622
300,75,D,could,f,4,2026-08-10 11:31:21.892622
301,76,A,must not,f,1,2026-08-10 11:31:21.892622
302,76,B,should,t,2,2026-08-10 11:31:21.892622
303,76,C,cannot,f,3,2026-08-10 11:31:21.892622
304,76,D,would,f,4,2026-08-10 11:31:21.892622
305,77,A,must,f,1,2026-08-10 11:31:21.892622
306,77,B,should not,f,2,2026-08-10 11:31:21.892622
307,77,C,may,t,3,2026-08-10 11:31:21.892622
308,77,D,has to,f,4,2026-08-10 11:31:21.892622
309,78,A,could,f,1,2026-08-10 11:31:21.892622
310,78,B,would,f,2,2026-08-10 11:31:21.892622
311,78,C,might,f,3,2026-08-10 11:31:21.892622
312,78,D,must not,t,4,2026-08-10 11:31:21.892622
313,79,A,might,t,1,2026-08-10 11:31:21.892622
314,79,B,must not,f,2,2026-08-10 11:31:21.892622
315,79,C,cannot,f,3,2026-08-10 11:31:21.892622
316,79,D,should not,f,4,2026-08-10 11:31:21.892622
317,80,A,might,f,1,2026-08-10 11:31:21.892622
318,80,B,have to,t,2,2026-08-10 11:31:21.892622
319,80,C,could,f,3,2026-08-10 11:31:21.892622
320,80,D,would,f,4,2026-08-10 11:31:21.892622
321,81,A,Must,f,1,2026-08-10 11:31:21.892622
322,81,B,Should,f,2,2026-08-10 11:31:21.892622
323,81,C,Could,t,3,2026-08-10 11:31:21.892622
324,81,D,May not,f,4,2026-08-10 11:31:21.892622
325,82,A,high,f,1,2026-08-10 11:31:21.892622
326,82,B,highest,f,2,2026-08-10 11:31:21.892622
327,82,C,highly,f,3,2026-08-10 11:31:21.892622
328,82,D,higher,t,4,2026-08-10 11:31:21.892622
329,83,A,most popular,t,1,2026-08-10 11:31:21.892622
330,83,B,more popular,f,2,2026-08-10 11:31:21.892622
331,83,C,popular,f,3,2026-08-10 11:31:21.892622
332,83,D,popularity,f,4,2026-08-10 11:31:21.892622
333,84,A,more efficiently,f,1,2026-08-10 11:31:21.892622
334,84,B,most efficiently,t,2,2026-08-10 11:31:21.892622
335,84,C,efficient,f,3,2026-08-10 11:31:21.892622
336,84,D,efficiency,f,4,2026-08-10 11:31:21.892622
337,85,A,more,f,1,2026-08-10 11:31:21.892622
338,85,B,most,f,2,2026-08-10 11:31:21.892622
339,85,C,as,t,3,2026-08-10 11:31:21.892622
340,85,D,very,f,4,2026-08-10 11:31:21.892622
341,86,A,most,f,1,2026-08-10 11:31:21.892622
342,86,B,very,f,2,2026-08-10 11:31:21.892622
343,86,C,reliability,f,3,2026-08-10 11:31:21.892622
344,86,D,more,t,4,2026-08-10 11:31:21.892622
345,87,A,an,t,1,2026-08-10 11:31:21.892622
346,87,B,a,f,2,2026-08-10 11:31:21.892622
347,87,C,the,f,3,2026-08-10 11:31:21.892622
348,87,D,no article,f,4,2026-08-10 11:31:21.892622
349,88,A,a,f,1,2026-08-10 11:31:21.892622
350,88,B,the,t,2,2026-08-10 11:31:21.892622
351,88,C,an,f,3,2026-08-10 11:31:21.892622
352,88,D,no article,f,4,2026-08-10 11:31:21.892622
353,89,A,the,f,1,2026-08-10 11:31:21.892622
354,89,B,an,f,2,2026-08-10 11:31:21.892622
355,89,C,a,t,3,2026-08-10 11:31:21.892622
356,89,D,no article,f,4,2026-08-10 11:31:21.892622
357,90,A,a,f,1,2026-08-10 11:31:21.892622
358,90,B,an,f,2,2026-08-10 11:31:21.892622
359,90,C,the,f,3,2026-08-10 11:31:21.892622
360,90,D,no article,t,4,2026-08-10 11:31:21.892622
361,91,A,me,t,1,2026-08-10 11:31:21.892622
362,91,B,I,f,2,2026-08-10 11:31:21.892622
363,91,C,my,f,3,2026-08-10 11:31:21.892622
364,91,D,mine,f,4,2026-08-10 11:31:21.892622
365,92,A,them,f,1,2026-08-10 11:31:21.892622
366,92,B,themselves,t,2,2026-08-10 11:31:21.892622
367,92,C,their,f,3,2026-08-10 11:31:21.892622
368,92,D,they,f,4,2026-08-10 11:31:21.892622
369,93,A,they,f,1,2026-08-10 11:31:21.892622
370,93,B,them,f,2,2026-08-10 11:31:21.892622
371,93,C,its,t,3,2026-08-10 11:31:21.892622
372,93,D,it,f,4,2026-08-10 11:31:21.892622
373,94,A,their,f,1,2026-08-10 11:31:21.892622
374,94,B,them,f,2,2026-08-10 11:31:21.892622
375,94,C,they,f,3,2026-08-10 11:31:21.892622
376,94,D,theirs,t,4,2026-08-10 11:31:21.892622
377,95,A,will take place,t,1,2026-08-10 11:31:21.892622
378,95,B,took place,f,2,2026-08-10 11:31:21.892622
379,95,C,would take place,f,3,2026-08-10 11:31:21.892622
380,95,D,has taken place,f,4,2026-08-10 11:31:21.892622
381,96,A,have,f,1,2026-08-10 11:31:21.892622
382,96,B,had,t,2,2026-08-10 11:31:21.892622
383,96,C,will have,f,3,2026-08-10 11:31:21.892622
384,96,D,am having,f,4,2026-08-10 11:31:21.892622
385,97,A,solve,f,1,2026-08-10 11:31:21.892622
386,97,B,would solve,f,2,2026-08-10 11:31:21.892622
387,97,C,would have solved,t,3,2026-08-10 11:31:21.892622
388,97,D,will solve,f,4,2026-08-10 11:31:21.892622
389,98,A,will be,f,1,2026-08-10 11:31:21.892622
390,98,B,was,f,2,2026-08-10 11:31:21.892622
391,98,C,would be,f,3,2026-08-10 11:31:21.892622
392,98,D,is,t,4,2026-08-10 11:31:21.892622
393,99,A,complaints,t,1,2026-08-10 11:31:21.892622
394,99,B,complaint,f,2,2026-08-10 11:31:21.892622
395,99,C,complaining,f,3,2026-08-10 11:31:21.892622
396,99,D,complain,f,4,2026-08-10 11:31:21.892622
397,100,A,advices,f,1,2026-08-10 11:31:21.892622
398,100,B,advice,t,2,2026-08-10 11:31:21.892622
399,100,C,advising,f,3,2026-08-10 11:31:21.892622
400,100,D,advisor,f,4,2026-08-10 11:31:21.892622
401,101,A,open,f,1,2026-08-10 12:43:50.483122
402,101,B,opens,t,2,2026-08-10 12:43:50.483122
403,101,C,opened,f,3,2026-08-10 12:43:50.483122
404,101,D,opening,f,4,2026-08-10 12:43:50.483122
405,102,A,show,t,1,2026-08-10 12:43:50.483122
406,102,B,shows,f,2,2026-08-10 12:43:50.483122
407,102,C,showed,f,3,2026-08-10 12:43:50.483122
408,102,D,showing,f,4,2026-08-10 12:43:50.483122
409,103,A,send,f,1,2026-08-10 12:43:50.483122
410,103,B,sending,f,2,2026-08-10 12:43:50.483122
411,103,C,sent,t,3,2026-08-10 12:43:50.483122
412,103,D,sends,f,4,2026-08-10 12:43:50.483122
413,104,A,notify,f,1,2026-08-10 12:43:50.483122
414,104,B,notified,f,2,2026-08-10 12:43:50.483122
415,104,C,notifying,f,3,2026-08-10 12:43:50.483122
416,104,D,notifies,t,4,2026-08-10 12:43:50.483122
417,105,A,is preparing,t,1,2026-08-10 12:43:50.483122
418,105,B,prepares,f,2,2026-08-10 12:43:50.483122
419,105,C,prepared,f,3,2026-08-10 12:43:50.483122
420,105,D,has prepared,f,4,2026-08-10 12:43:50.483122
421,106,A,work,f,1,2026-08-10 12:43:50.483122
422,106,B,worked,f,2,2026-08-10 12:43:50.483122
423,106,C,are working,t,3,2026-08-10 12:43:50.483122
424,106,D,have worked,f,4,2026-08-10 12:43:50.483122
425,107,A,checks,f,1,2026-08-10 12:43:50.483122
426,107,B,is checking,t,2,2026-08-10 12:43:50.483122
427,107,C,checked,f,3,2026-08-10 12:43:50.483122
428,107,D,has checked,f,4,2026-08-10 12:43:50.483122
429,108,A,create,f,1,2026-08-10 12:43:50.483122
430,108,B,created,f,2,2026-08-10 12:43:50.483122
431,108,C,have created,f,3,2026-08-10 12:43:50.483122
432,108,D,are creating,t,4,2026-08-10 12:43:50.483122
433,109,A,reviews,f,1,2026-08-10 12:43:50.483122
434,109,B,reviewing,f,2,2026-08-10 12:43:50.483122
435,109,C,reviewed,t,3,2026-08-10 12:43:50.483122
436,109,D,has reviewed,f,4,2026-08-10 12:43:50.483122
437,110,A,began,t,1,2026-08-10 12:43:50.483122
438,110,B,begins,f,2,2026-08-10 12:43:50.483122
439,110,C,has begun,f,3,2026-08-10 12:43:50.483122
440,110,D,beginning,f,4,2026-08-10 12:43:50.483122
441,111,A,opens,f,1,2026-08-10 12:43:50.483122
442,111,B,has opened,f,2,2026-08-10 12:43:50.483122
443,111,C,opening,f,3,2026-08-10 12:43:50.483122
444,111,D,opened,t,4,2026-08-10 12:43:50.483122
445,112,A,receives,f,1,2026-08-10 12:43:50.483122
446,112,B,received,t,2,2026-08-10 12:43:50.483122
447,112,C,has received,f,3,2026-08-10 12:43:50.483122
448,112,D,receiving,f,4,2026-08-10 12:43:50.483122
449,113,A,opened,f,1,2026-08-10 12:43:50.483122
450,113,B,has opened,t,2,2026-08-10 12:43:50.483122
451,113,C,opens,f,3,2026-08-10 12:43:50.483122
452,113,D,opening,f,4,2026-08-10 12:43:50.483122
453,114,A,send,f,1,2026-08-10 12:43:50.483122
454,114,B,sent,f,2,2026-08-10 12:43:50.483122
455,114,C,sending,f,3,2026-08-10 12:43:50.483122
456,114,D,have sent,t,4,2026-08-10 12:43:50.483122
457,115,A,has reviewed,t,1,2026-08-10 12:43:50.483122
458,115,B,reviewed,f,2,2026-08-10 12:43:50.483122
459,115,C,reviews,f,3,2026-08-10 12:43:50.483122
460,115,D,reviewing,f,4,2026-08-10 12:43:50.483122
461,116,A,completed,f,1,2026-08-10 12:43:50.483122
462,116,B,completes,f,2,2026-08-10 12:43:50.483122
463,116,C,has completed,t,3,2026-08-10 12:43:50.483122
464,116,D,completing,f,4,2026-08-10 12:43:50.483122
465,117,A,have been testing,t,1,2026-08-10 12:43:50.483122
466,117,B,tested,f,2,2026-08-10 12:43:50.483122
467,117,C,are testing,f,3,2026-08-10 12:43:50.483122
468,117,D,will test,f,4,2026-08-10 12:43:50.483122
469,118,A,works,f,1,2026-08-10 12:43:50.483122
470,118,B,worked,f,2,2026-08-10 12:43:50.483122
471,118,C,has been working,t,3,2026-08-10 12:43:50.483122
472,118,D,is working,f,4,2026-08-10 12:43:50.483122
473,119,A,worked,f,1,2026-08-10 12:43:50.483122
474,119,B,works,f,2,2026-08-10 12:43:50.483122
475,119,C,will work,f,3,2026-08-10 12:43:50.483122
476,119,D,has been working,t,4,2026-08-10 12:43:50.483122
477,120,A,repair,f,1,2026-08-10 12:43:50.483122
478,120,B,repaired,t,2,2026-08-10 12:43:50.483122
479,120,C,have been repairing,f,3,2026-08-10 12:43:50.483122
480,120,D,are repaired,f,4,2026-08-10 12:43:50.483122
481,121,A,had prepared,t,1,2026-08-10 12:43:50.483122
482,121,B,prepares,f,2,2026-08-10 12:43:50.483122
483,121,C,has prepared,f,3,2026-08-10 12:43:50.483122
484,121,D,will prepare,f,4,2026-08-10 12:43:50.483122
485,122,A,has,f,1,2026-08-10 12:43:50.483122
486,122,B,was,f,2,2026-08-10 12:43:50.483122
487,122,C,will have,f,3,2026-08-10 12:43:50.483122
488,122,D,had,t,4,2026-08-10 12:43:50.483122
489,123,A,solves,f,1,2026-08-10 12:43:50.483122
490,123,B,had solved,t,2,2026-08-10 12:43:50.483122
491,123,C,has solved,f,3,2026-08-10 12:43:50.483122
492,123,D,will solve,f,4,2026-08-10 12:43:50.483122
493,124,A,opens,f,1,2026-08-10 12:43:50.483122
494,124,B,has opened,f,2,2026-08-10 12:43:50.483122
495,124,C,had opened,t,3,2026-08-10 12:43:50.483122
496,124,D,will open,f,4,2026-08-10 12:43:50.483122
497,125,A,will announce,t,1,2026-08-10 12:43:50.483122
498,125,B,announced,f,2,2026-08-10 12:43:50.483122
499,125,C,announces,f,3,2026-08-10 12:43:50.483122
500,125,D,announcing,f,4,2026-08-10 12:43:50.483122
501,126,A,introduced,f,1,2026-08-10 12:43:50.483122
502,126,B,introduces,f,2,2026-08-10 12:43:50.483122
503,126,C,will introduce,t,3,2026-08-10 12:43:50.483122
504,126,D,introducing,f,4,2026-08-10 12:43:50.483122
505,127,A,contacted,f,1,2026-08-10 12:43:50.483122
506,127,B,contact,f,2,2026-08-10 12:43:50.483122
507,127,C,contacting,f,3,2026-08-10 12:43:50.483122
508,127,D,will contact,t,4,2026-08-10 12:43:50.483122
509,128,A,starts,f,1,2026-08-10 12:43:50.483122
510,128,B,started,t,2,2026-08-10 12:43:50.483122
511,128,C,will start,f,3,2026-08-10 12:43:50.483122
512,128,D,starting,f,4,2026-08-10 12:43:50.483122
513,129,A,process,f,1,2026-08-10 12:43:50.483122
514,129,B,processed,f,2,2026-08-10 12:43:50.483122
515,129,C,are processed,t,3,2026-08-10 12:43:50.483122
516,129,D,processing,f,4,2026-08-10 12:43:50.483122
517,130,A,are cleaned,t,1,2026-08-10 12:43:50.483122
518,130,B,clean,f,2,2026-08-10 12:43:50.483122
519,130,C,cleaned,f,3,2026-08-10 12:43:50.483122
520,130,D,are cleaning,f,4,2026-08-10 12:43:50.483122
521,131,A,answer,f,1,2026-08-10 12:43:50.483122
522,131,B,answered,f,2,2026-08-10 12:43:50.483122
523,131,C,are answering,f,3,2026-08-10 12:43:50.483122
524,131,D,are answered,t,4,2026-08-10 12:43:50.483122
525,132,A,inspect,f,1,2026-08-10 12:43:50.483122
526,132,B,is inspecting,t,2,2026-08-10 12:43:50.483122
527,132,C,is inspected,f,3,2026-08-10 12:43:50.483122
528,132,D,inspected,f,4,2026-08-10 12:43:50.483122
529,133,A,were delivered,t,1,2026-08-10 12:43:50.483122
530,133,B,deliver,f,2,2026-08-10 12:43:50.483122
531,133,C,are delivered,f,3,2026-08-10 12:43:50.483122
532,133,D,delivering,f,4,2026-08-10 12:43:50.483122
533,134,A,cleans,f,1,2026-08-10 12:43:50.483122
534,134,B,was cleaned,f,2,2026-08-10 12:43:50.483122
535,134,C,is cleaned,t,3,2026-08-10 12:43:50.483122
536,134,D,cleaning,f,4,2026-08-10 12:43:50.483122
537,135,A,sends,f,1,2026-08-10 12:43:50.483122
538,135,B,is sent,f,2,2026-08-10 12:43:50.483122
539,135,C,sending,f,3,2026-08-10 12:43:50.483122
540,135,D,was sent,t,4,2026-08-10 12:43:50.483122
541,136,A,replace,f,1,2026-08-10 12:43:50.483122
542,136,B,were replaced,t,2,2026-08-10 12:43:50.483122
543,136,C,are replaced,f,3,2026-08-10 12:43:50.483122
544,136,D,replacing,f,4,2026-08-10 12:43:50.483122
545,137,A,opens,f,1,2026-08-10 12:43:50.483122
546,137,B,opened,f,2,2026-08-10 12:43:50.483122
547,137,C,is opening,f,3,2026-08-10 12:43:50.483122
548,137,D,will be opened,t,4,2026-08-10 12:43:50.483122
549,138,A,will be sent,t,1,2026-08-10 12:43:50.483122
550,138,B,send,f,2,2026-08-10 12:43:50.483122
551,138,C,sent,f,3,2026-08-10 12:43:50.483122
552,138,D,are sending,f,4,2026-08-10 12:43:50.483122
553,139,A,checks,f,1,2026-08-10 12:43:50.483122
554,139,B,checked,f,2,2026-08-10 12:43:50.483122
555,139,C,will be inspected,t,3,2026-08-10 12:43:50.483122
556,139,D,is inspecting,f,4,2026-08-10 12:43:50.483122
557,140,A,post,f,1,2026-08-10 12:43:50.483122
558,140,B,will be posted,t,2,2026-08-10 12:43:50.483122
559,140,C,posted,f,3,2026-08-10 12:43:50.483122
560,140,D,are posting,f,4,2026-08-10 12:43:50.483122
561,141,A,is,t,1,2026-08-10 12:43:50.483122
562,141,B,are,f,2,2026-08-10 12:43:50.483122
563,141,C,be,f,3,2026-08-10 12:43:50.483122
564,141,D,being,f,4,2026-08-10 12:43:50.483122
565,142,A,receive,f,1,2026-08-10 12:43:50.483122
566,142,B,receiving,f,2,2026-08-10 12:43:50.483122
567,142,C,received,f,3,2026-08-10 12:43:50.483122
568,142,D,receives,t,4,2026-08-10 12:43:50.483122
569,143,A,holds,f,1,2026-08-10 12:43:50.483122
570,143,B,hold,t,2,2026-08-10 12:43:50.483122
571,143,C,holding,f,3,2026-08-10 12:43:50.483122
572,143,D,held,f,4,2026-08-10 12:43:50.483122
573,144,A,is,f,1,2026-08-10 12:43:50.483122
574,144,B,was,f,2,2026-08-10 12:43:50.483122
575,144,C,are,t,3,2026-08-10 12:43:50.483122
576,144,D,be,f,4,2026-08-10 12:43:50.483122
577,145,A,can,f,1,2026-08-10 12:43:50.483122
578,145,B,must,t,2,2026-08-10 12:43:50.483122
579,145,C,would,f,3,2026-08-10 12:43:50.483122
580,145,D,might,f,4,2026-08-10 12:43:50.483122
581,146,A,should,f,1,2026-08-10 12:43:50.483122
582,146,B,may,f,2,2026-08-10 12:43:50.483122
583,146,C,would,f,3,2026-08-10 12:43:50.483122
584,146,D,must not,t,4,2026-08-10 12:43:50.483122
585,147,A,should,t,1,2026-08-10 12:43:50.483122
586,147,B,would,f,2,2026-08-10 12:43:50.483122
587,147,C,might,f,3,2026-08-10 12:43:50.483122
588,147,D,must not,f,4,2026-08-10 12:43:50.483122
589,148,A,must not,f,1,2026-08-10 12:43:50.483122
590,148,B,should,f,2,2026-08-10 12:43:50.483122
591,148,C,can,t,3,2026-08-10 12:43:50.483122
592,148,D,might,f,4,2026-08-10 12:43:50.483122
593,149,A,to open,t,1,2026-08-10 12:43:50.483122
594,149,B,opening,f,2,2026-08-10 12:43:50.483122
595,149,C,opened,f,3,2026-08-10 12:43:50.483122
596,149,D,opens,f,4,2026-08-10 12:43:50.483122
597,150,A,complete,f,1,2026-08-10 12:43:50.483122
598,150,B,completed,f,2,2026-08-10 12:43:50.483122
599,150,C,to complete,t,3,2026-08-10 12:43:50.483122
600,150,D,completing,f,4,2026-08-10 12:43:50.483122
601,151,A,canceling,f,1,2026-08-10 12:43:50.483122
602,151,B,cancelled,f,2,2026-08-10 12:43:50.483122
603,151,C,cancels,f,3,2026-08-10 12:43:50.483122
604,151,D,to cancel,t,4,2026-08-10 12:43:50.483122
605,152,A,finish,f,1,2026-08-10 12:43:50.483122
606,152,B,to finish,t,2,2026-08-10 12:43:50.483122
607,152,C,finishing,f,3,2026-08-10 12:43:50.483122
608,152,D,finished,f,4,2026-08-10 12:43:50.483122
609,153,A,informing,t,1,2026-08-10 12:43:50.483122
610,153,B,inform,f,2,2026-08-10 12:43:50.483122
611,153,C,informed,f,3,2026-08-10 12:43:50.483122
612,153,D,to inform,f,4,2026-08-10 12:43:50.483122
613,154,A,adopt,f,1,2026-08-10 12:43:50.483122
614,154,B,adopted,f,2,2026-08-10 12:43:50.483122
615,154,C,adopting,t,3,2026-08-10 12:43:50.483122
616,154,D,to adopt,f,4,2026-08-10 12:43:50.483122
617,155,A,maintain,f,1,2026-08-10 12:43:50.483122
618,155,B,maintained,f,2,2026-08-10 12:43:50.483122
619,155,C,to maintain,f,3,2026-08-10 12:43:50.483122
620,155,D,maintaining,t,4,2026-08-10 12:43:50.483122
621,156,A,enter,f,1,2026-08-10 12:43:50.483122
622,156,B,entered,t,2,2026-08-10 12:43:50.483122
623,156,C,entering,f,3,2026-08-10 12:43:50.483122
624,156,D,to enter,f,4,2026-08-10 12:43:50.483122
625,157,A,Exercise,f,1,2026-08-10 12:43:50.483122
626,157,B,Exercised,f,2,2026-08-10 12:43:50.483122
627,157,C,Exercising,t,3,2026-08-10 12:43:50.483122
628,157,D,To exercised,f,4,2026-08-10 12:43:50.483122
629,158,A,Collecting,t,1,2026-08-10 12:43:50.483122
630,158,B,Collect,f,2,2026-08-10 12:43:50.483122
631,158,C,Collected,f,3,2026-08-10 12:43:50.483122
632,158,D,Collects,f,4,2026-08-10 12:43:50.483122
633,159,A,Maintains,f,1,2026-08-10 12:43:50.483122
634,159,B,Maintain,f,2,2026-08-10 12:43:50.483122
635,159,C,Maintained,f,3,2026-08-10 12:43:50.483122
636,159,D,Maintaining,t,4,2026-08-10 12:43:50.483122
637,160,A,Communicate,f,1,2026-08-10 12:43:50.483122
638,160,B,Communicated,t,2,2026-08-10 12:43:50.483122
639,160,C,Communicating,f,3,2026-08-10 12:43:50.483122
640,160,D,Communicates,f,4,2026-08-10 12:43:50.483122
641,161,A,to revise,t,1,2026-08-10 12:43:50.483122
642,161,B,revising,f,2,2026-08-10 12:43:50.483122
643,161,C,revised,f,3,2026-08-10 12:43:50.483122
644,161,D,revise,f,4,2026-08-10 12:43:50.483122
645,162,A,arrive,f,1,2026-08-10 12:43:50.483122
646,162,B,arriving,f,2,2026-08-10 12:43:50.483122
647,162,C,to arrive,t,3,2026-08-10 12:43:50.483122
648,162,D,arrived,f,4,2026-08-10 12:43:50.483122
649,163,A,working,f,1,2026-08-10 12:43:50.483122
650,163,B,worked,f,2,2026-08-10 12:43:50.483122
651,163,C,work,f,3,2026-08-10 12:43:50.483122
652,163,D,to work,t,4,2026-08-10 12:43:50.483122
653,164,A,remember,f,1,2026-08-10 12:43:50.483122
654,164,B,to remember,t,2,2026-08-10 12:43:50.483122
655,164,C,remembering,f,3,2026-08-10 12:43:50.483122
656,164,D,remembered,f,4,2026-08-10 12:43:50.483122
657,165,A,an,t,1,2026-08-10 12:43:50.483122
658,165,B,a,f,2,2026-08-10 12:43:50.483122
659,165,C,the,f,3,2026-08-10 12:43:50.483122
660,165,D,some,f,4,2026-08-10 12:43:50.483122
661,166,A,an,f,1,2026-08-10 12:43:50.483122
662,166,B,the,f,2,2026-08-10 12:43:50.483122
663,166,C,a,t,3,2026-08-10 12:43:50.483122
664,166,D,some,f,4,2026-08-10 12:43:50.483122
665,167,A,an,f,1,2026-08-10 12:43:50.483122
666,167,B,a,t,2,2026-08-10 12:43:50.483122
667,167,C,the,f,3,2026-08-10 12:43:50.483122
668,167,D,any,f,4,2026-08-10 12:43:50.483122
669,168,A,a,f,1,2026-08-10 12:43:50.483122
670,168,B,an,f,2,2026-08-10 12:43:50.483122
671,168,C,some,f,3,2026-08-10 12:43:50.483122
672,168,D,the,t,4,2026-08-10 12:43:50.483122
673,169,A,success,f,1,2026-08-10 12:43:50.483122
674,169,B,successfully,t,2,2026-08-10 12:43:50.483122
675,169,C,successful,f,3,2026-08-10 12:43:50.483122
676,169,D,succeed,f,4,2026-08-10 12:43:50.483122
677,170,A,useful,t,1,2026-08-10 12:43:50.483122
678,170,B,use,f,2,2026-08-10 12:43:50.483122
679,170,C,usefully,f,3,2026-08-10 12:43:50.483122
680,170,D,used,f,4,2026-08-10 12:43:50.483122
681,171,A,clearly,f,1,2026-08-10 12:43:50.483122
682,171,B,clarity,f,2,2026-08-10 12:43:50.483122
683,171,C,clear,f,3,2026-08-10 12:43:50.483122
684,171,D,cleared,t,4,2026-08-10 12:43:50.483122
685,172,A,comfort,f,1,2026-08-10 12:43:50.483122
686,172,B,comfortably,f,2,2026-08-10 12:43:50.483122
687,172,C,comfortable,t,3,2026-08-10 12:43:50.483122
688,172,D,comfort,f,4,2026-08-10 12:43:50.483122
689,173,A,quickly,t,1,2026-08-10 12:43:50.483122
690,173,B,quick,f,2,2026-08-10 12:43:50.483122
691,173,C,quickness,f,3,2026-08-10 12:43:50.483122
692,173,D,quicker,f,4,2026-08-10 12:43:50.483122
693,174,A,clear,f,1,2026-08-10 12:43:50.483122
694,174,B,clearness,f,2,2026-08-10 12:43:50.483122
695,174,C,clearly,t,3,2026-08-10 12:43:50.483122
696,174,D,cleared,f,4,2026-08-10 12:43:50.483122
697,175,A,careful,f,1,2026-08-10 12:43:50.483122
698,175,B,carefully,t,2,2026-08-10 12:43:50.483122
699,175,C,carefulness,f,3,2026-08-10 12:43:50.483122
700,175,D,caring,f,4,2026-08-10 12:43:50.483122
701,176,A,detailed,f,1,2026-08-10 12:43:50.483122
702,176,B,detail,f,2,2026-08-10 12:43:50.483122
703,176,C,details,f,3,2026-08-10 12:43:50.483122
704,176,D,carefully,t,4,2026-08-10 12:43:50.483122
705,177,A,more efficient,t,1,2026-08-10 12:43:50.483122
706,177,B,most efficient,f,2,2026-08-10 12:43:50.483122
707,177,C,efficiently,f,3,2026-08-10 12:43:50.483122
708,177,D,efficiency,f,4,2026-08-10 12:43:50.483122
709,178,A,spacious,f,1,2026-08-10 12:43:50.483122
710,178,B,more spacious,f,2,2026-08-10 12:43:50.483122
711,178,C,most spacious,t,3,2026-08-10 12:43:50.483122
712,178,D,spaciously,f,4,2026-08-10 12:43:50.483122
713,179,A,quickly,f,1,2026-08-10 12:43:50.483122
714,179,B,more quickly,t,2,2026-08-10 12:43:50.483122
715,179,C,most quickly,f,3,2026-08-10 12:43:50.483122
716,179,D,quick,f,4,2026-08-10 12:43:50.483122
717,180,A,shortest,f,1,2026-08-10 12:43:50.483122
718,180,B,short,f,2,2026-08-10 12:43:50.483122
719,180,C,shorter,f,3,2026-08-10 12:43:50.483122
720,180,D,shortly,t,4,2026-08-10 12:43:50.483122
721,181,A,largest,t,1,2026-08-10 12:43:50.483122
722,181,B,larger,f,2,2026-08-10 12:43:50.483122
723,181,C,large,f,3,2026-08-10 12:43:50.483122
724,181,D,largely,f,4,2026-08-10 12:43:50.483122
725,182,A,more experienced,f,1,2026-08-10 12:43:50.483122
726,182,B,most experienced,f,2,2026-08-10 12:43:50.483122
727,182,C,experience,t,3,2026-08-10 12:43:50.483122
728,182,D,experiencing,f,4,2026-08-10 12:43:50.483122
729,183,A,more,f,1,2026-08-10 12:43:50.483122
730,183,B,most,t,2,2026-08-10 12:43:50.483122
731,183,C,much,f,3,2026-08-10 12:43:50.483122
732,183,D,many,f,4,2026-08-10 12:43:50.483122
733,184,A,important,f,1,2026-08-10 12:43:50.483122
734,184,B,more important,f,2,2026-08-10 12:43:50.483122
735,184,C,importance,f,3,2026-08-10 12:43:50.483122
736,184,D,most important,t,4,2026-08-10 12:43:50.483122
737,185,A,because of,t,1,2026-08-10 12:43:50.483122
738,185,B,although,f,2,2026-08-10 12:43:50.483122
739,185,C,therefore,f,3,2026-08-10 12:43:50.483122
740,185,D,unless,f,4,2026-08-10 12:43:50.483122
741,186,A,Despite,f,1,2026-08-10 12:43:50.483122
742,186,B,Because,f,2,2026-08-10 12:43:50.483122
743,186,C,However,t,3,2026-08-10 12:43:50.483122
744,186,D,Therefore,f,4,2026-08-10 12:43:50.483122
745,187,A,although,f,1,2026-08-10 12:43:50.483122
746,187,B,because,t,2,2026-08-10 12:43:50.483122
747,187,C,unless,f,3,2026-08-10 12:43:50.483122
748,187,D,instead,f,4,2026-08-10 12:43:50.483122
749,188,A,however,f,1,2026-08-10 12:43:50.483122
750,188,B,although,f,2,2026-08-10 12:43:50.483122
751,188,C,because,f,3,2026-08-10 12:43:50.483122
752,188,D,therefore,t,4,2026-08-10 12:43:50.483122
753,189,A,therefore,t,1,2026-08-10 12:43:50.483122
754,189,B,although,f,2,2026-08-10 12:43:50.483122
755,189,C,unless,f,3,2026-08-10 12:43:50.483122
756,189,D,while,f,4,2026-08-10 12:43:50.483122
757,190,A,Although,f,1,2026-08-10 12:43:50.483122
758,190,B,Instead,f,2,2026-08-10 12:43:50.483122
759,190,C,As a result,t,3,2026-08-10 12:43:50.483122
760,190,D,Unless,f,4,2026-08-10 12:43:50.483122
761,191,A,because,f,1,2026-08-10 12:43:50.483122
762,191,B,so,t,2,2026-08-10 12:43:50.483122
763,191,C,although,f,3,2026-08-10 12:43:50.483122
764,191,D,unless,f,4,2026-08-10 12:43:50.483122
765,192,A,although,f,1,2026-08-10 12:43:50.483122
766,192,B,because,f,2,2026-08-10 12:43:50.483122
767,192,C,unless,f,3,2026-08-10 12:43:50.483122
768,192,D,therefore,t,4,2026-08-10 12:43:50.483122
769,193,A,Although,t,1,2026-08-10 12:43:50.483122
770,193,B,Because,f,2,2026-08-10 12:43:50.483122
771,193,C,Therefore,f,3,2026-08-10 12:43:50.483122
772,193,D,Unless,f,4,2026-08-10 12:43:50.483122
773,194,A,because,f,1,2026-08-10 12:43:50.483122
774,194,B,therefore,f,2,2026-08-10 12:43:50.483122
775,194,C,however,t,3,2026-08-10 12:43:50.483122
776,194,D,unless,f,4,2026-08-10 12:43:50.483122
777,195,A,Because,f,1,2026-08-10 12:43:50.483122
778,195,B,Despite,t,2,2026-08-10 12:43:50.483122
779,195,C,Therefore,f,3,2026-08-10 12:43:50.483122
780,195,D,Since,f,4,2026-08-10 12:43:50.483122
781,196,A,because,f,1,2026-08-10 12:43:50.483122
782,196,B,so,f,2,2026-08-10 12:43:50.483122
783,196,C,unless,f,3,2026-08-10 12:43:50.483122
784,196,D,although,t,4,2026-08-10 12:43:50.483122
785,197,A,If,t,1,2026-08-10 12:43:50.483122
786,197,B,Although,f,2,2026-08-10 12:43:50.483122
787,197,C,Because,f,3,2026-08-10 12:43:50.483122
788,197,D,Therefore,f,4,2026-08-10 12:43:50.483122
789,198,A,although,f,1,2026-08-10 12:43:50.483122
790,198,B,unless,f,2,2026-08-10 12:43:50.483122
791,198,C,if,t,3,2026-08-10 12:43:50.483122
792,198,D,because,f,4,2026-08-10 12:43:50.483122
793,199,A,Although,f,1,2026-08-10 12:43:50.483122
794,199,B,If,t,2,2026-08-10 12:43:50.483122
795,199,C,Therefore,f,3,2026-08-10 12:43:50.483122
796,199,D,Despite,f,4,2026-08-10 12:43:50.483122
797,200,A,because,f,1,2026-08-10 12:43:50.483122
798,200,B,although,f,2,2026-08-10 12:43:50.483122
799,200,C,therefore,f,3,2026-08-10 12:43:50.483122
800,200,D,unless,t,4,2026-08-10 12:43:50.483122
801,201,A,when,t,1,2026-08-10 12:43:50.483122
802,201,B,because,f,2,2026-08-10 12:43:50.483122
803,201,C,although,f,3,2026-08-10 12:43:50.483122
804,201,D,unless,f,4,2026-08-10 12:43:50.483122
805,202,A,because,f,1,2026-08-10 12:43:50.483122
806,202,B,although,f,2,2026-08-10 12:43:50.483122
807,202,C,before,t,3,2026-08-10 12:43:50.483122
808,202,D,therefore,f,4,2026-08-10 12:43:50.483122
809,203,A,unless,f,1,2026-08-10 12:43:50.483122
810,203,B,until,t,2,2026-08-10 12:43:50.483122
811,203,C,because,f,3,2026-08-10 12:43:50.483122
812,203,D,although,f,4,2026-08-10 12:43:50.483122
813,204,A,Because,f,1,2026-08-10 12:43:50.483122
814,204,B,Although,f,2,2026-08-10 12:43:50.483122
815,204,C,Unless,f,3,2026-08-10 12:43:50.483122
816,204,D,After,t,4,2026-08-10 12:43:50.483122
817,205,A,who,t,1,2026-08-10 12:43:50.483122
818,205,B,which,f,2,2026-08-10 12:43:50.483122
819,205,C,where,f,3,2026-08-10 12:43:50.483122
820,205,D,whose,f,4,2026-08-10 12:43:50.483122
821,206,A,which,f,1,2026-08-10 12:43:50.483122
822,206,B,where,f,2,2026-08-10 12:43:50.483122
823,206,C,who,t,3,2026-08-10 12:43:50.483122
824,206,D,what,f,4,2026-08-10 12:43:50.483122
825,207,A,which,f,1,2026-08-10 12:43:50.483122
826,207,B,who,t,2,2026-08-10 12:43:50.483122
827,207,C,where,f,3,2026-08-10 12:43:50.483122
828,207,D,whose,f,4,2026-08-10 12:43:50.483122
829,208,A,which,f,1,2026-08-10 12:43:50.483122
830,208,B,where,f,2,2026-08-10 12:43:50.483122
831,208,C,whose,f,3,2026-08-10 12:43:50.483122
832,208,D,who,t,4,2026-08-10 12:43:50.483122
833,209,A,that,t,1,2026-08-10 12:43:50.483122
834,209,B,who,f,2,2026-08-10 12:43:50.483122
835,209,C,where,f,3,2026-08-10 12:43:50.483122
836,209,D,whose,f,4,2026-08-10 12:43:50.483122
837,210,A,who,f,1,2026-08-10 12:43:50.483122
838,210,B,where,f,2,2026-08-10 12:43:50.483122
839,210,C,which,t,3,2026-08-10 12:43:50.483122
840,210,D,whose,f,4,2026-08-10 12:43:50.483122
841,211,A,who,f,1,2026-08-10 12:43:50.483122
842,211,B,which,t,2,2026-08-10 12:43:50.483122
843,211,C,where,f,3,2026-08-10 12:43:50.483122
844,211,D,whose,f,4,2026-08-10 12:43:50.483122
845,212,A,who,f,1,2026-08-10 12:43:50.483122
846,212,B,where,f,2,2026-08-10 12:43:50.483122
847,212,C,whose,f,3,2026-08-10 12:43:50.483122
848,212,D,which,t,4,2026-08-10 12:43:50.483122
849,213,A,whose,t,1,2026-08-10 12:43:50.483122
850,213,B,who,f,2,2026-08-10 12:43:50.483122
851,213,C,which,f,3,2026-08-10 12:43:50.483122
852,213,D,where,f,4,2026-08-10 12:43:50.483122
853,214,A,who,f,1,2026-08-10 12:43:50.483122
854,214,B,whose,f,2,2026-08-10 12:43:50.483122
855,214,C,which,t,3,2026-08-10 12:43:50.483122
856,214,D,where,f,4,2026-08-10 12:43:50.483122
857,215,A,who,f,1,2026-08-10 12:43:50.483122
858,215,B,which,t,2,2026-08-10 12:43:50.483122
859,215,C,whose,f,3,2026-08-10 12:43:50.483122
860,215,D,where,f,4,2026-08-10 12:43:50.483122
861,216,A,whose,f,1,2026-08-10 12:43:50.483122
862,216,B,who,f,2,2026-08-10 12:43:50.483122
863,216,C,which,f,3,2026-08-10 12:43:50.483122
864,216,D,where,t,4,2026-08-10 12:43:50.483122
865,217,A,on,t,1,2026-08-10 12:43:50.483122
866,217,B,at,f,2,2026-08-10 12:43:50.483122
867,217,C,in,f,3,2026-08-10 12:43:50.483122
868,217,D,by,f,4,2026-08-10 12:43:50.483122
869,218,A,on,f,1,2026-08-10 12:43:50.483122
870,218,B,in,f,2,2026-08-10 12:43:50.483122
871,218,C,at,t,3,2026-08-10 12:43:50.483122
872,218,D,by,f,4,2026-08-10 12:43:50.483122
873,219,A,on,f,1,2026-08-10 12:43:50.483122
874,219,B,at,t,2,2026-08-10 12:43:50.483122
875,219,C,in,f,3,2026-08-10 12:43:50.483122
876,219,D,by,f,4,2026-08-10 12:43:50.483122
877,220,A,at,f,1,2026-08-10 12:43:50.483122
878,220,B,on,f,2,2026-08-10 12:43:50.483122
879,220,C,in,f,3,2026-08-10 12:43:50.483122
880,220,D,by,t,4,2026-08-10 12:43:50.483122
881,221,A,on,t,1,2026-08-10 12:43:50.483122
882,221,B,at,f,2,2026-08-10 12:43:50.483122
883,221,C,in,f,3,2026-08-10 12:43:50.483122
884,221,D,by,f,4,2026-08-10 12:43:50.483122
885,222,A,on,f,1,2026-08-10 12:43:50.483122
886,222,B,at,f,2,2026-08-10 12:43:50.483122
887,222,C,in,t,3,2026-08-10 12:43:50.483122
888,222,D,to,f,4,2026-08-10 12:43:50.483122
889,223,A,on,f,1,2026-08-10 12:43:50.483122
890,223,B,at,t,2,2026-08-10 12:43:50.483122
891,223,C,in,f,3,2026-08-10 12:43:50.483122
892,223,D,by,f,4,2026-08-10 12:43:50.483122
893,224,A,on,f,1,2026-08-10 12:43:50.483122
894,224,B,at,f,2,2026-08-10 12:43:50.483122
895,224,C,in,f,3,2026-08-10 12:43:50.483122
896,224,D,between,t,4,2026-08-10 12:43:50.483122
897,225,A,many,t,1,2026-08-10 12:43:50.483122
898,225,B,much,f,2,2026-08-10 12:43:50.483122
899,225,C,little,f,3,2026-08-10 12:43:50.483122
900,225,D,any,f,4,2026-08-10 12:43:50.483122
901,226,A,many,f,1,2026-08-10 12:43:50.483122
902,226,B,few,f,2,2026-08-10 12:43:50.483122
903,226,C,much,t,3,2026-08-10 12:43:50.483122
904,226,D,several,f,4,2026-08-10 12:43:50.483122
905,227,A,many,f,1,2026-08-10 12:43:50.483122
906,227,B,a few,t,2,2026-08-10 12:43:50.483122
907,227,C,a little,f,3,2026-08-10 12:43:50.483122
908,227,D,several,f,4,2026-08-10 12:43:50.483122
909,228,A,much,f,1,2026-08-10 12:43:50.483122
910,228,B,little,f,2,2026-08-10 12:43:50.483122
911,228,C,a little,f,3,2026-08-10 12:43:50.483122
912,228,D,several,t,4,2026-08-10 12:43:50.483122
913,229,A,employees,t,1,2026-08-10 12:43:50.483122
914,229,B,employee,f,2,2026-08-10 12:43:50.483122
915,229,C,employment,f,3,2026-08-10 12:43:50.483122
916,229,D,employ,f,4,2026-08-10 12:43:50.483122
917,230,A,customer,f,1,2026-08-10 12:43:50.483122
918,230,B,customers,f,2,2026-08-10 12:43:50.483122
919,230,C,customize,t,3,2026-08-10 12:43:50.483122
920,230,D,customization,f,4,2026-08-10 12:43:50.483122
921,231,A,chair,f,1,2026-08-10 12:43:50.483122
922,231,B,chairs,t,2,2026-08-10 12:43:50.483122
923,231,C,chairing,f,3,2026-08-10 12:43:50.483122
924,231,D,chaired,f,4,2026-08-10 12:43:50.483122
925,232,A,box,f,1,2026-08-10 12:43:50.483122
926,232,B,boxes,f,2,2026-08-10 12:43:50.483122
927,232,C,boxing,f,3,2026-08-10 12:43:50.483122
928,232,D,boxed,t,4,2026-08-10 12:43:50.483122
929,233,A,information,t,1,2026-08-10 12:43:50.483122
930,233,B,informations,f,2,2026-08-10 12:43:50.483122
931,233,C,inform,f,3,2026-08-10 12:43:50.483122
932,233,D,informative,f,4,2026-08-10 12:43:50.483122
933,234,A,advices,f,1,2026-08-10 12:43:50.483122
934,234,B,advice,f,2,2026-08-10 12:43:50.483122
935,234,C,advise,t,3,2026-08-10 12:43:50.483122
936,234,D,advising,f,4,2026-08-10 12:43:50.483122
937,235,A,are,f,1,2026-08-10 12:43:50.483122
938,235,B,is,t,2,2026-08-10 12:43:50.483122
939,235,C,were,f,3,2026-08-10 12:43:50.483122
940,235,D,be,f,4,2026-08-10 12:43:50.483122
941,236,A,spaces,f,1,2026-08-10 12:43:50.483122
942,236,B,space,f,2,2026-08-10 12:43:50.483122
943,236,C,spacing,f,3,2026-08-10 12:43:50.483122
944,236,D,spaced,t,4,2026-08-10 12:43:50.483122
945,237,A,will hold,t,1,2026-08-10 12:43:50.483122
946,237,B,held,f,2,2026-08-10 12:43:50.483122
947,237,C,holds,f,3,2026-08-10 12:43:50.483122
948,237,D,would hold,f,4,2026-08-10 12:43:50.483122
949,238,A,processed,f,1,2026-08-10 12:43:50.483122
950,238,B,will process,f,2,2026-08-10 12:43:50.483122
951,238,C,process,t,3,2026-08-10 12:43:50.483122
952,238,D,would process,f,4,2026-08-10 12:43:50.483122
953,239,A,received,f,1,2026-08-10 12:43:50.483122
954,239,B,receive,t,2,2026-08-10 12:43:50.483122
955,239,C,will receive,f,3,2026-08-10 12:43:50.483122
956,239,D,would receive,f,4,2026-08-10 12:43:50.483122
957,240,A,sends,f,1,2026-08-10 12:43:50.483122
958,240,B,sent,f,2,2026-08-10 12:43:50.483122
959,240,C,would send,f,3,2026-08-10 12:43:50.483122
960,240,D,will send,t,4,2026-08-10 12:43:50.483122
961,241,A,had,t,1,2026-08-10 12:43:50.483122
962,241,B,have,f,2,2026-08-10 12:43:50.483122
963,241,C,will have,f,3,2026-08-10 12:43:50.483122
964,241,D,am having,f,4,2026-08-10 12:43:50.483122
965,242,A,hires,f,1,2026-08-10 12:43:50.483122
966,242,B,will hire,f,2,2026-08-10 12:43:50.483122
967,242,C,would hire,t,3,2026-08-10 12:43:50.483122
968,242,D,hired,f,4,2026-08-10 12:43:50.483122
969,243,A,is,f,1,2026-08-10 12:43:50.483122
970,243,B,were,t,2,2026-08-10 12:43:50.483122
971,243,C,will be,f,3,2026-08-10 12:43:50.483122
972,243,D,has been,f,4,2026-08-10 12:43:50.483122
973,244,A,visit,f,1,2026-08-10 12:43:50.483122
974,244,B,visited,f,2,2026-08-10 12:43:50.483122
975,244,C,will visit,f,3,2026-08-10 12:43:50.483122
976,244,D,would visit,t,4,2026-08-10 12:43:50.483122
977,245,A,to,t,1,2026-08-10 12:43:50.483122
978,245,B,because,f,2,2026-08-10 12:43:50.483122
979,245,C,although,f,3,2026-08-10 12:43:50.483122
980,245,D,unless,f,4,2026-08-10 12:43:50.483122
981,246,A,because,f,1,2026-08-10 12:43:50.483122
982,246,B,despite,f,2,2026-08-10 12:43:50.483122
983,246,C,to,t,3,2026-08-10 12:43:50.483122
984,246,D,unless,f,4,2026-08-10 12:43:50.483122
985,247,A,to,f,1,2026-08-10 12:43:50.483122
986,247,B,so that,t,2,2026-08-10 12:43:50.483122
987,247,C,although,f,3,2026-08-10 12:43:50.483122
988,247,D,because,f,4,2026-08-10 12:43:50.483122
989,248,A,although,f,1,2026-08-10 12:43:50.483122
990,248,B,because,f,2,2026-08-10 12:43:50.483122
991,248,C,unless,f,3,2026-08-10 12:43:50.483122
992,248,D,to,t,4,2026-08-10 12:43:50.483122
993,249,A,Although,t,1,2026-08-10 12:43:50.483122
994,249,B,Because,f,2,2026-08-10 12:43:50.483122
995,249,C,Therefore,f,3,2026-08-10 12:43:50.483122
996,249,D,Unless,f,4,2026-08-10 12:43:50.483122
997,250,A,Although,f,1,2026-08-10 12:43:50.483122
998,250,B,Because,f,2,2026-08-10 12:43:50.483122
999,250,C,Despite,t,3,2026-08-10 12:43:50.483122
1000,250,D,Therefore,f,4,2026-08-10 12:43:50.483122
1001,251,A,although,f,1,2026-08-10 12:43:50.483122
1002,251,B,despite,t,2,2026-08-10 12:43:50.483122
1003,251,C,because,f,3,2026-08-10 12:43:50.483122
1004,251,D,therefore,f,4,2026-08-10 12:43:50.483122
1005,252,A,Because,f,1,2026-08-10 12:43:50.483122
1006,252,B,Unless,f,2,2026-08-10 12:43:50.483122
1007,252,C,Therefore,f,3,2026-08-10 12:43:50.483122
1008,252,D,Even though,t,4,2026-08-10 12:43:50.483122
1009,253,A,because,t,1,2026-08-10 12:43:50.483122
1010,253,B,although,f,2,2026-08-10 12:43:50.483122
1011,253,C,therefore,f,3,2026-08-10 12:43:50.483122
1012,253,D,unless,f,4,2026-08-10 12:43:50.483122
1013,254,A,Despite,f,1,2026-08-10 12:43:50.483122
1014,254,B,Therefore,f,2,2026-08-10 12:43:50.483122
1015,254,C,Since,t,3,2026-08-10 12:43:50.483122
1016,254,D,Although,f,4,2026-08-10 12:43:50.483122
1017,255,A,because,f,1,2026-08-10 12:43:50.483122
1018,255,B,because of,t,2,2026-08-10 12:43:50.483122
1019,255,C,although,f,3,2026-08-10 12:43:50.483122
1020,255,D,therefore,f,4,2026-08-10 12:43:50.483122
1021,256,A,although,f,1,2026-08-10 12:43:50.483122
1022,256,B,unless,f,2,2026-08-10 12:43:50.483122
1023,256,C,therefore,f,3,2026-08-10 12:43:50.483122
1024,256,D,because,t,4,2026-08-10 12:43:50.483122
1025,257,A,that,t,1,2026-08-10 12:43:50.483122
1026,257,B,because,f,2,2026-08-10 12:43:50.483122
1027,257,C,although,f,3,2026-08-10 12:43:50.483122
1028,257,D,unless,f,4,2026-08-10 12:43:50.483122
1029,258,A,because,f,1,2026-08-10 12:43:50.483122
1030,258,B,although,f,2,2026-08-10 12:43:50.483122
1031,258,C,that,t,3,2026-08-10 12:43:50.483122
1032,258,D,unless,f,4,2026-08-10 12:43:50.483122
1033,259,A,although,f,1,2026-08-10 12:43:50.483122
1034,259,B,therefore,t,2,2026-08-10 12:43:50.483122
1035,259,C,because,f,3,2026-08-10 12:43:50.483122
1036,259,D,unless,f,4,2026-08-10 12:43:50.483122
1037,260,A,although,f,1,2026-08-10 12:43:50.483122
1038,260,B,because,f,2,2026-08-10 12:43:50.483122
1039,260,C,so,f,3,2026-08-10 12:43:50.483122
1040,260,D,unless,t,4,2026-08-10 12:43:50.483122
1041,261,A,assisting,t,1,2026-08-10 12:43:50.483122
1042,261,B,assist,f,2,2026-08-10 12:43:50.483122
1043,261,C,assisted,f,3,2026-08-10 12:43:50.483122
1044,261,D,to assist,f,4,2026-08-10 12:43:50.483122
1045,262,A,organize,f,1,2026-08-10 12:43:50.483122
1046,262,B,organized,f,2,2026-08-10 12:43:50.483122
1047,262,C,organizing,t,3,2026-08-10 12:43:50.483122
1048,262,D,to organize,f,4,2026-08-10 12:43:50.483122
1049,263,A,reliably,f,1,2026-08-10 12:43:50.483122
1050,263,B,reliability,t,2,2026-08-10 12:43:50.483122
1051,263,C,reliable,f,3,2026-08-10 12:43:50.483122
1052,263,D,rely,f,4,2026-08-10 12:43:50.483122
1053,264,A,launching,f,1,2026-08-10 12:43:50.483122
1054,264,B,launched,f,2,2026-08-10 12:43:50.483122
1055,264,C,launches,f,3,2026-08-10 12:43:50.483122
1056,264,D,launch,t,4,2026-08-10 12:43:50.483122
1057,265,A,would arrive,t,1,2026-08-10 12:43:50.483122
1058,265,B,will arrive,f,2,2026-08-10 12:43:50.483122
1059,265,C,did arrive,f,3,2026-08-10 12:43:50.483122
1060,265,D,arrives,f,4,2026-08-10 12:43:50.483122
1061,266,A,is,f,1,2026-08-10 12:43:50.483122
1062,266,B,does,f,2,2026-08-10 12:43:50.483122
1063,266,C,is located,t,3,2026-08-10 12:43:50.483122
1064,266,D,both A and C,f,4,2026-08-10 12:43:50.483122
1065,267,A,is,f,1,2026-08-10 12:43:50.483122
1066,267,B,was,t,2,2026-08-10 12:43:50.483122
1067,267,C,be,f,3,2026-08-10 12:43:50.483122
1068,267,D,will,f,4,2026-08-10 12:43:50.483122
1069,268,A,does operate,f,1,2026-08-10 12:43:50.483122
1070,268,B,operating,f,2,2026-08-10 12:43:50.483122
1071,268,C,operate,f,3,2026-08-10 12:43:50.483122
1072,268,D,works,t,4,2026-08-10 12:43:50.483122
1073,269,A,is,t,1,2026-08-10 12:43:50.483122
1074,269,B,are,f,2,2026-08-10 12:43:50.483122
1075,269,C,be,f,3,2026-08-10 12:43:50.483122
1076,269,D,being,f,4,2026-08-10 12:43:50.483122
1077,270,A,is,f,1,2026-08-10 12:43:50.483122
1078,270,B,was,f,2,2026-08-10 12:43:50.483122
1079,270,C,are,t,3,2026-08-10 12:43:50.483122
1080,270,D,has,f,4,2026-08-10 12:43:50.483122
1081,271,A,are,f,1,2026-08-10 12:43:50.483122
1082,271,B,is,t,2,2026-08-10 12:43:50.483122
1083,271,C,be,f,3,2026-08-10 12:43:50.483122
1084,271,D,were,f,4,2026-08-10 12:43:50.483122
1085,272,A,is,f,1,2026-08-10 12:43:50.483122
1086,272,B,was,f,2,2026-08-10 12:43:50.483122
1087,272,C,has,f,3,2026-08-10 12:43:50.483122
1088,272,D,are,t,4,2026-08-10 12:43:50.483122
1089,273,A,work,t,1,2026-08-10 12:43:50.483122
1090,273,B,to work,f,2,2026-08-10 12:43:50.483122
1091,273,C,working,f,3,2026-08-10 12:43:50.483122
1092,273,D,worked,f,4,2026-08-10 12:43:50.483122
1093,274,A,to leave,f,1,2026-08-10 12:43:50.483122
1094,274,B,leaving,f,2,2026-08-10 12:43:50.483122
1095,274,C,leave,t,3,2026-08-10 12:43:50.483122
1096,274,D,left,f,4,2026-08-10 12:43:50.483122
1097,275,A,to complete,f,1,2026-08-10 12:43:50.483122
1098,275,B,complete,t,2,2026-08-10 12:43:50.483122
1099,275,C,completed,f,3,2026-08-10 12:43:50.483122
1100,275,D,completing,f,4,2026-08-10 12:43:50.483122
1101,276,A,to solve,f,1,2026-08-10 12:43:50.483122
1102,276,B,solving,f,2,2026-08-10 12:43:50.483122
1103,276,C,solved,f,3,2026-08-10 12:43:50.483122
1104,276,D,solve,t,4,2026-08-10 12:43:50.483122
1105,277,A,repair,t,1,2026-08-10 12:43:50.483122
1106,277,B,to repair,f,2,2026-08-10 12:43:50.483122
1107,277,C,repaired,f,3,2026-08-10 12:43:50.483122
1108,277,D,repairing,f,4,2026-08-10 12:43:50.483122
1109,278,A,print,f,1,2026-08-10 12:43:50.483122
1110,278,B,printing,f,2,2026-08-10 12:43:50.483122
1111,278,C,printed,t,3,2026-08-10 12:43:50.483122
1112,278,D,to print,f,4,2026-08-10 12:43:50.483122
1113,279,A,deliver,f,1,2026-08-10 12:43:50.483122
1114,279,B,to deliver,t,2,2026-08-10 12:43:50.483122
1115,279,C,delivered,f,3,2026-08-10 12:43:50.483122
1116,279,D,delivering,f,4,2026-08-10 12:43:50.483122
1117,280,A,paint,f,1,2026-08-10 12:43:50.483122
1118,280,B,painting,f,2,2026-08-10 12:43:50.483122
1119,280,C,to paint,f,3,2026-08-10 12:43:50.483122
1120,280,D,painted,t,4,2026-08-10 12:43:50.483122
1121,281,A,open,f,1,2026-08-10 12:43:50.483122
1122,281,B,opens,t,2,2026-08-10 12:43:50.483122
1123,281,C,opened,f,3,2026-08-10 12:43:50.483122
1124,281,D,opening,f,4,2026-08-10 12:43:50.483122
1125,282,A,show,t,1,2026-08-10 12:43:50.483122
1126,282,B,shows,f,2,2026-08-10 12:43:50.483122
1127,282,C,showed,f,3,2026-08-10 12:43:50.483122
1128,282,D,showing,f,4,2026-08-10 12:43:50.483122
1129,283,A,send,f,1,2026-08-10 12:43:50.483122
1130,283,B,sending,f,2,2026-08-10 12:43:50.483122
1131,283,C,sent,t,3,2026-08-10 12:43:50.483122
1132,283,D,sends,f,4,2026-08-10 12:43:50.483122
1133,284,A,notify,f,1,2026-08-10 12:43:50.483122
1134,284,B,notified,f,2,2026-08-10 12:43:50.483122
1135,284,C,notifying,f,3,2026-08-10 12:43:50.483122
1136,284,D,notifies,t,4,2026-08-10 12:43:50.483122
1137,285,A,is preparing,t,1,2026-08-10 12:43:50.483122
1138,285,B,prepares,f,2,2026-08-10 12:43:50.483122
1139,285,C,prepared,f,3,2026-08-10 12:43:50.483122
1140,285,D,has prepared,f,4,2026-08-10 12:43:50.483122
1141,286,A,work,f,1,2026-08-10 12:43:50.483122
1142,286,B,worked,f,2,2026-08-10 12:43:50.483122
1143,286,C,are working,t,3,2026-08-10 12:43:50.483122
1144,286,D,have worked,f,4,2026-08-10 12:43:50.483122
1145,287,A,checks,f,1,2026-08-10 12:43:50.483122
1146,287,B,is checking,t,2,2026-08-10 12:43:50.483122
1147,287,C,checked,f,3,2026-08-10 12:43:50.483122
1148,287,D,has checked,f,4,2026-08-10 12:43:50.483122
1149,288,A,create,f,1,2026-08-10 12:43:50.483122
1150,288,B,created,f,2,2026-08-10 12:43:50.483122
1151,288,C,have created,f,3,2026-08-10 12:43:50.483122
1152,288,D,are creating,t,4,2026-08-10 12:43:50.483122
1153,289,A,reviews,f,1,2026-08-10 12:43:50.483122
1154,289,B,reviewing,f,2,2026-08-10 12:43:50.483122
1155,289,C,reviewed,t,3,2026-08-10 12:43:50.483122
1156,289,D,has reviewed,f,4,2026-08-10 12:43:50.483122
1157,290,A,began,t,1,2026-08-10 12:43:50.483122
1158,290,B,begins,f,2,2026-08-10 12:43:50.483122
1159,290,C,has begun,f,3,2026-08-10 12:43:50.483122
1160,290,D,beginning,f,4,2026-08-10 12:43:50.483122
1161,291,A,opens,f,1,2026-08-10 12:43:50.483122
1162,291,B,has opened,f,2,2026-08-10 12:43:50.483122
1163,291,C,opening,f,3,2026-08-10 12:43:50.483122
1164,291,D,opened,t,4,2026-08-10 12:43:50.483122
1165,292,A,receives,f,1,2026-08-10 12:43:50.483122
1166,292,B,received,t,2,2026-08-10 12:43:50.483122
1167,292,C,has received,f,3,2026-08-10 12:43:50.483122
1168,292,D,receiving,f,4,2026-08-10 12:43:50.483122
1169,293,A,opened,f,1,2026-08-10 12:43:50.483122
1170,293,B,has opened,t,2,2026-08-10 12:43:50.483122
1171,293,C,opens,f,3,2026-08-10 12:43:50.483122
1172,293,D,opening,f,4,2026-08-10 12:43:50.483122
1173,294,A,send,f,1,2026-08-10 12:43:50.483122
1174,294,B,sent,f,2,2026-08-10 12:43:50.483122
1175,294,C,sending,f,3,2026-08-10 12:43:50.483122
1176,294,D,have sent,t,4,2026-08-10 12:43:50.483122
1177,295,A,has reviewed,t,1,2026-08-10 12:43:50.483122
1178,295,B,reviewed,f,2,2026-08-10 12:43:50.483122
1179,295,C,reviews,f,3,2026-08-10 12:43:50.483122
1180,295,D,reviewing,f,4,2026-08-10 12:43:50.483122
1181,296,A,completed,f,1,2026-08-10 12:43:50.483122
1182,296,B,completes,f,2,2026-08-10 12:43:50.483122
1183,296,C,has completed,t,3,2026-08-10 12:43:50.483122
1184,296,D,completing,f,4,2026-08-10 12:43:50.483122
1185,297,A,have been testing,t,1,2026-08-10 12:43:50.483122
1186,297,B,tested,f,2,2026-08-10 12:43:50.483122
1187,297,C,are testing,f,3,2026-08-10 12:43:50.483122
1188,297,D,will test,f,4,2026-08-10 12:43:50.483122
1189,298,A,works,f,1,2026-08-10 12:43:50.483122
1190,298,B,worked,f,2,2026-08-10 12:43:50.483122
1191,298,C,has been working,t,3,2026-08-10 12:43:50.483122
1192,298,D,is working,f,4,2026-08-10 12:43:50.483122
1193,299,A,worked,f,1,2026-08-10 12:43:50.483122
1194,299,B,works,f,2,2026-08-10 12:43:50.483122
1195,299,C,will work,f,3,2026-08-10 12:43:50.483122
1196,299,D,has been working,t,4,2026-08-10 12:43:50.483122
1197,300,A,repair,f,1,2026-08-10 12:43:50.483122
1198,300,B,repaired,t,2,2026-08-10 12:43:50.483122
1199,300,C,have been repairing,f,3,2026-08-10 12:43:50.483122
1200,300,D,are repaired,f,4,2026-08-10 12:43:50.483122
1201,301,A,had prepared,t,1,2026-08-10 12:43:50.483122
1202,301,B,prepares,f,2,2026-08-10 12:43:50.483122
1203,301,C,has prepared,f,3,2026-08-10 12:43:50.483122
1204,301,D,will prepare,f,4,2026-08-10 12:43:50.483122
1205,302,A,has,f,1,2026-08-10 12:43:50.483122
1206,302,B,was,f,2,2026-08-10 12:43:50.483122
1207,302,C,will have,f,3,2026-08-10 12:43:50.483122
1208,302,D,had,t,4,2026-08-10 12:43:50.483122
1209,303,A,solves,f,1,2026-08-10 12:43:50.483122
1210,303,B,had solved,t,2,2026-08-10 12:43:50.483122
1211,303,C,has solved,f,3,2026-08-10 12:43:50.483122
1212,303,D,will solve,f,4,2026-08-10 12:43:50.483122
1213,304,A,opens,f,1,2026-08-10 12:43:50.483122
1214,304,B,has opened,f,2,2026-08-10 12:43:50.483122
1215,304,C,had opened,t,3,2026-08-10 12:43:50.483122
1216,304,D,will open,f,4,2026-08-10 12:43:50.483122
1217,305,A,will announce,t,1,2026-08-10 12:43:50.483122
1218,305,B,announced,f,2,2026-08-10 12:43:50.483122
1219,305,C,announces,f,3,2026-08-10 12:43:50.483122
1220,305,D,announcing,f,4,2026-08-10 12:43:50.483122
1221,306,A,introduced,f,1,2026-08-10 12:43:50.483122
1222,306,B,introduces,f,2,2026-08-10 12:43:50.483122
1223,306,C,will introduce,t,3,2026-08-10 12:43:50.483122
1224,306,D,introducing,f,4,2026-08-10 12:43:50.483122
1225,307,A,contacted,f,1,2026-08-10 12:43:50.483122
1226,307,B,contact,f,2,2026-08-10 12:43:50.483122
1227,307,C,contacting,f,3,2026-08-10 12:43:50.483122
1228,307,D,will contact,t,4,2026-08-10 12:43:50.483122
1229,308,A,starts,f,1,2026-08-10 12:43:50.483122
1230,308,B,started,t,2,2026-08-10 12:43:50.483122
1231,308,C,will start,f,3,2026-08-10 12:43:50.483122
1232,308,D,starting,f,4,2026-08-10 12:43:50.483122
1233,309,A,process,f,1,2026-08-10 12:43:50.483122
1234,309,B,processed,f,2,2026-08-10 12:43:50.483122
1235,309,C,are processed,t,3,2026-08-10 12:43:50.483122
1236,309,D,processing,f,4,2026-08-10 12:43:50.483122
1237,310,A,are cleaned,t,1,2026-08-10 12:43:50.483122
1238,310,B,clean,f,2,2026-08-10 12:43:50.483122
1239,310,C,cleaned,f,3,2026-08-10 12:43:50.483122
1240,310,D,are cleaning,f,4,2026-08-10 12:43:50.483122
1241,311,A,answer,f,1,2026-08-10 12:43:50.483122
1242,311,B,answered,f,2,2026-08-10 12:43:50.483122
1243,311,C,are answering,f,3,2026-08-10 12:43:50.483122
1244,311,D,are answered,t,4,2026-08-10 12:43:50.483122
1245,312,A,inspect,f,1,2026-08-10 12:43:50.483122
1246,312,B,is inspecting,t,2,2026-08-10 12:43:50.483122
1247,312,C,is inspected,f,3,2026-08-10 12:43:50.483122
1248,312,D,inspected,f,4,2026-08-10 12:43:50.483122
1249,313,A,were delivered,t,1,2026-08-10 12:43:50.483122
1250,313,B,deliver,f,2,2026-08-10 12:43:50.483122
1251,313,C,are delivered,f,3,2026-08-10 12:43:50.483122
1252,313,D,delivering,f,4,2026-08-10 12:43:50.483122
1253,314,A,cleans,f,1,2026-08-10 12:43:50.483122
1254,314,B,was cleaned,f,2,2026-08-10 12:43:50.483122
1255,314,C,is cleaned,t,3,2026-08-10 12:43:50.483122
1256,314,D,cleaning,f,4,2026-08-10 12:43:50.483122
1257,315,A,sends,f,1,2026-08-10 12:43:50.483122
1258,315,B,is sent,f,2,2026-08-10 12:43:50.483122
1259,315,C,sending,f,3,2026-08-10 12:43:50.483122
1260,315,D,was sent,t,4,2026-08-10 12:43:50.483122
1261,316,A,replace,f,1,2026-08-10 12:43:50.483122
1262,316,B,were replaced,t,2,2026-08-10 12:43:50.483122
1263,316,C,are replaced,f,3,2026-08-10 12:43:50.483122
1264,316,D,replacing,f,4,2026-08-10 12:43:50.483122
1265,317,A,opens,f,1,2026-08-10 12:43:50.483122
1266,317,B,opened,f,2,2026-08-10 12:43:50.483122
1267,317,C,is opening,f,3,2026-08-10 12:43:50.483122
1268,317,D,will be opened,t,4,2026-08-10 12:43:50.483122
1269,318,A,will be sent,t,1,2026-08-10 12:43:50.483122
1270,318,B,send,f,2,2026-08-10 12:43:50.483122
1271,318,C,sent,f,3,2026-08-10 12:43:50.483122
1272,318,D,are sending,f,4,2026-08-10 12:43:50.483122
1273,319,A,checks,f,1,2026-08-10 12:43:50.483122
1274,319,B,checked,f,2,2026-08-10 12:43:50.483122
1275,319,C,will be inspected,t,3,2026-08-10 12:43:50.483122
1276,319,D,is inspecting,f,4,2026-08-10 12:43:50.483122
1277,320,A,post,f,1,2026-08-10 12:43:50.483122
1278,320,B,will be posted,t,2,2026-08-10 12:43:50.483122
1279,320,C,posted,f,3,2026-08-10 12:43:50.483122
1280,320,D,are posting,f,4,2026-08-10 12:43:50.483122
1281,321,A,is,t,1,2026-08-10 12:43:50.483122
1282,321,B,are,f,2,2026-08-10 12:43:50.483122
1283,321,C,be,f,3,2026-08-10 12:43:50.483122
1284,321,D,being,f,4,2026-08-10 12:43:50.483122
1285,322,A,receive,f,1,2026-08-10 12:43:50.483122
1286,322,B,receiving,f,2,2026-08-10 12:43:50.483122
1287,322,C,received,f,3,2026-08-10 12:43:50.483122
1288,322,D,receives,t,4,2026-08-10 12:43:50.483122
1289,323,A,holds,f,1,2026-08-10 12:43:50.483122
1290,323,B,hold,t,2,2026-08-10 12:43:50.483122
1291,323,C,holding,f,3,2026-08-10 12:43:50.483122
1292,323,D,held,f,4,2026-08-10 12:43:50.483122
1293,324,A,is,f,1,2026-08-10 12:43:50.483122
1294,324,B,was,f,2,2026-08-10 12:43:50.483122
1295,324,C,are,t,3,2026-08-10 12:43:50.483122
1296,324,D,be,f,4,2026-08-10 12:43:50.483122
1297,325,A,can,f,1,2026-08-10 12:43:50.483122
1298,325,B,must,t,2,2026-08-10 12:43:50.483122
1299,325,C,would,f,3,2026-08-10 12:43:50.483122
1300,325,D,might,f,4,2026-08-10 12:43:50.483122
1301,326,A,should,f,1,2026-08-10 12:43:50.483122
1302,326,B,may,f,2,2026-08-10 12:43:50.483122
1303,326,C,would,f,3,2026-08-10 12:43:50.483122
1304,326,D,must not,t,4,2026-08-10 12:43:50.483122
1305,327,A,should,t,1,2026-08-10 12:43:50.483122
1306,327,B,would,f,2,2026-08-10 12:43:50.483122
1307,327,C,might,f,3,2026-08-10 12:43:50.483122
1308,327,D,must not,f,4,2026-08-10 12:43:50.483122
1309,328,A,must not,f,1,2026-08-10 12:43:50.483122
1310,328,B,should,f,2,2026-08-10 12:43:50.483122
1311,328,C,can,t,3,2026-08-10 12:43:50.483122
1312,328,D,might,f,4,2026-08-10 12:43:50.483122
1313,329,A,to open,t,1,2026-08-10 12:43:50.483122
1314,329,B,opening,f,2,2026-08-10 12:43:50.483122
1315,329,C,opened,f,3,2026-08-10 12:43:50.483122
1316,329,D,opens,f,4,2026-08-10 12:43:50.483122
1317,330,A,complete,f,1,2026-08-10 12:43:50.483122
1318,330,B,completed,f,2,2026-08-10 12:43:50.483122
1319,330,C,to complete,t,3,2026-08-10 12:43:50.483122
1320,330,D,completing,f,4,2026-08-10 12:43:50.483122
1321,331,A,canceling,f,1,2026-08-10 12:43:50.483122
1322,331,B,cancelled,f,2,2026-08-10 12:43:50.483122
1323,331,C,cancels,f,3,2026-08-10 12:43:50.483122
1324,331,D,to cancel,t,4,2026-08-10 12:43:50.483122
1325,332,A,finish,f,1,2026-08-10 12:43:50.483122
1326,332,B,to finish,t,2,2026-08-10 12:43:50.483122
1327,332,C,finishing,f,3,2026-08-10 12:43:50.483122
1328,332,D,finished,f,4,2026-08-10 12:43:50.483122
1329,333,A,informing,t,1,2026-08-10 12:43:50.483122
1330,333,B,inform,f,2,2026-08-10 12:43:50.483122
1331,333,C,informed,f,3,2026-08-10 12:43:50.483122
1332,333,D,to inform,f,4,2026-08-10 12:43:50.483122
1333,334,A,adopt,f,1,2026-08-10 12:43:50.483122
1334,334,B,adopted,f,2,2026-08-10 12:43:50.483122
1335,334,C,adopting,t,3,2026-08-10 12:43:50.483122
1336,334,D,to adopt,f,4,2026-08-10 12:43:50.483122
1337,335,A,maintain,f,1,2026-08-10 12:43:50.483122
1338,335,B,maintained,f,2,2026-08-10 12:43:50.483122
1339,335,C,to maintain,f,3,2026-08-10 12:43:50.483122
1340,335,D,maintaining,t,4,2026-08-10 12:43:50.483122
1341,336,A,enter,f,1,2026-08-10 12:43:50.483122
1342,336,B,entered,t,2,2026-08-10 12:43:50.483122
1343,336,C,entering,f,3,2026-08-10 12:43:50.483122
1344,336,D,to enter,f,4,2026-08-10 12:43:50.483122
1345,337,A,Exercise,f,1,2026-08-10 12:43:50.483122
1346,337,B,Exercised,f,2,2026-08-10 12:43:50.483122
1347,337,C,Exercising,t,3,2026-08-10 12:43:50.483122
1348,337,D,To exercised,f,4,2026-08-10 12:43:50.483122
1349,338,A,Collecting,t,1,2026-08-10 12:43:50.483122
1350,338,B,Collect,f,2,2026-08-10 12:43:50.483122
1351,338,C,Collected,f,3,2026-08-10 12:43:50.483122
1352,338,D,Collects,f,4,2026-08-10 12:43:50.483122
1353,339,A,Maintains,f,1,2026-08-10 12:43:50.483122
1354,339,B,Maintain,f,2,2026-08-10 12:43:50.483122
1355,339,C,Maintained,f,3,2026-08-10 12:43:50.483122
1356,339,D,Maintaining,t,4,2026-08-10 12:43:50.483122
1357,340,A,Communicate,f,1,2026-08-10 12:43:50.483122
1358,340,B,Communicated,t,2,2026-08-10 12:43:50.483122
1359,340,C,Communicating,f,3,2026-08-10 12:43:50.483122
1360,340,D,Communicates,f,4,2026-08-10 12:43:50.483122
1361,341,A,to revise,t,1,2026-08-10 12:43:50.483122
1362,341,B,revising,f,2,2026-08-10 12:43:50.483122
1363,341,C,revised,f,3,2026-08-10 12:43:50.483122
1364,341,D,revise,f,4,2026-08-10 12:43:50.483122
1365,342,A,arrive,f,1,2026-08-10 12:43:50.483122
1366,342,B,arriving,f,2,2026-08-10 12:43:50.483122
1367,342,C,to arrive,t,3,2026-08-10 12:43:50.483122
1368,342,D,arrived,f,4,2026-08-10 12:43:50.483122
1369,343,A,working,f,1,2026-08-10 12:43:50.483122
1370,343,B,worked,f,2,2026-08-10 12:43:50.483122
1371,343,C,work,f,3,2026-08-10 12:43:50.483122
1372,343,D,to work,t,4,2026-08-10 12:43:50.483122
1373,344,A,remember,f,1,2026-08-10 12:43:50.483122
1374,344,B,to remember,t,2,2026-08-10 12:43:50.483122
1375,344,C,remembering,f,3,2026-08-10 12:43:50.483122
1376,344,D,remembered,f,4,2026-08-10 12:43:50.483122
1377,345,A,an,t,1,2026-08-10 12:43:50.483122
1378,345,B,a,f,2,2026-08-10 12:43:50.483122
1379,345,C,the,f,3,2026-08-10 12:43:50.483122
1380,345,D,some,f,4,2026-08-10 12:43:50.483122
1381,346,A,an,f,1,2026-08-10 12:43:50.483122
1382,346,B,the,f,2,2026-08-10 12:43:50.483122
1383,346,C,a,t,3,2026-08-10 12:43:50.483122
1384,346,D,some,f,4,2026-08-10 12:43:50.483122
1385,347,A,an,f,1,2026-08-10 12:43:50.483122
1386,347,B,a,t,2,2026-08-10 12:43:50.483122
1387,347,C,the,f,3,2026-08-10 12:43:50.483122
1388,347,D,any,f,4,2026-08-10 12:43:50.483122
1389,348,A,a,f,1,2026-08-10 12:43:50.483122
1390,348,B,an,f,2,2026-08-10 12:43:50.483122
1391,348,C,some,f,3,2026-08-10 12:43:50.483122
1392,348,D,the,t,4,2026-08-10 12:43:50.483122
1393,349,A,success,f,1,2026-08-10 12:43:50.483122
1394,349,B,successfully,t,2,2026-08-10 12:43:50.483122
1395,349,C,successful,f,3,2026-08-10 12:43:50.483122
1396,349,D,succeed,f,4,2026-08-10 12:43:50.483122
1397,350,A,useful,t,1,2026-08-10 12:43:50.483122
1398,350,B,use,f,2,2026-08-10 12:43:50.483122
1399,350,C,usefully,f,3,2026-08-10 12:43:50.483122
1400,350,D,used,f,4,2026-08-10 12:43:50.483122
1401,351,A,clearly,f,1,2026-08-10 12:43:50.483122
1402,351,B,clarity,f,2,2026-08-10 12:43:50.483122
1403,351,C,clear,f,3,2026-08-10 12:43:50.483122
1404,351,D,cleared,t,4,2026-08-10 12:43:50.483122
1405,352,A,comfort,f,1,2026-08-10 12:43:50.483122
1406,352,B,comfortably,f,2,2026-08-10 12:43:50.483122
1407,352,C,comfortable,t,3,2026-08-10 12:43:50.483122
1408,352,D,comfort,f,4,2026-08-10 12:43:50.483122
1409,353,A,quickly,t,1,2026-08-10 12:43:50.483122
1410,353,B,quick,f,2,2026-08-10 12:43:50.483122
1411,353,C,quickness,f,3,2026-08-10 12:43:50.483122
1412,353,D,quicker,f,4,2026-08-10 12:43:50.483122
1413,354,A,clear,f,1,2026-08-10 12:43:50.483122
1414,354,B,clearness,f,2,2026-08-10 12:43:50.483122
1415,354,C,clearly,t,3,2026-08-10 12:43:50.483122
1416,354,D,cleared,f,4,2026-08-10 12:43:50.483122
1417,355,A,careful,f,1,2026-08-10 12:43:50.483122
1418,355,B,carefully,t,2,2026-08-10 12:43:50.483122
1419,355,C,carefulness,f,3,2026-08-10 12:43:50.483122
1420,355,D,caring,f,4,2026-08-10 12:43:50.483122
1421,356,A,detailed,f,1,2026-08-10 12:43:50.483122
1422,356,B,detail,f,2,2026-08-10 12:43:50.483122
1423,356,C,details,f,3,2026-08-10 12:43:50.483122
1424,356,D,carefully,t,4,2026-08-10 12:43:50.483122
1425,357,A,more efficient,t,1,2026-08-10 12:43:50.483122
1426,357,B,most efficient,f,2,2026-08-10 12:43:50.483122
1427,357,C,efficiently,f,3,2026-08-10 12:43:50.483122
1428,357,D,efficiency,f,4,2026-08-10 12:43:50.483122
1429,358,A,spacious,f,1,2026-08-10 12:43:50.483122
1430,358,B,more spacious,f,2,2026-08-10 12:43:50.483122
1431,358,C,most spacious,t,3,2026-08-10 12:43:50.483122
1432,358,D,spaciously,f,4,2026-08-10 12:43:50.483122
1433,359,A,quickly,f,1,2026-08-10 12:43:50.483122
1434,359,B,more quickly,t,2,2026-08-10 12:43:50.483122
1435,359,C,most quickly,f,3,2026-08-10 12:43:50.483122
1436,359,D,quick,f,4,2026-08-10 12:43:50.483122
1437,360,A,shortest,f,1,2026-08-10 12:43:50.483122
1438,360,B,short,f,2,2026-08-10 12:43:50.483122
1439,360,C,shorter,f,3,2026-08-10 12:43:50.483122
1440,360,D,shortly,t,4,2026-08-10 12:43:50.483122
1441,361,A,largest,t,1,2026-08-10 12:43:50.483122
1442,361,B,larger,f,2,2026-08-10 12:43:50.483122
1443,361,C,large,f,3,2026-08-10 12:43:50.483122
1444,361,D,largely,f,4,2026-08-10 12:43:50.483122
1445,362,A,more experienced,f,1,2026-08-10 12:43:50.483122
1446,362,B,most experienced,f,2,2026-08-10 12:43:50.483122
1447,362,C,experience,t,3,2026-08-10 12:43:50.483122
1448,362,D,experiencing,f,4,2026-08-10 12:43:50.483122
1449,363,A,more,f,1,2026-08-10 12:43:50.483122
1450,363,B,most,t,2,2026-08-10 12:43:50.483122
1451,363,C,much,f,3,2026-08-10 12:43:50.483122
1452,363,D,many,f,4,2026-08-10 12:43:50.483122
1453,364,A,important,f,1,2026-08-10 12:43:50.483122
1454,364,B,more important,f,2,2026-08-10 12:43:50.483122
1455,364,C,importance,f,3,2026-08-10 12:43:50.483122
1456,364,D,most important,t,4,2026-08-10 12:43:50.483122
1457,365,A,because of,t,1,2026-08-10 12:43:50.483122
1458,365,B,although,f,2,2026-08-10 12:43:50.483122
1459,365,C,therefore,f,3,2026-08-10 12:43:50.483122
1460,365,D,unless,f,4,2026-08-10 12:43:50.483122
1461,366,A,Despite,f,1,2026-08-10 12:43:50.483122
1462,366,B,Because,f,2,2026-08-10 12:43:50.483122
1463,366,C,However,t,3,2026-08-10 12:43:50.483122
1464,366,D,Therefore,f,4,2026-08-10 12:43:50.483122
1465,367,A,although,f,1,2026-08-10 12:43:50.483122
1466,367,B,because,t,2,2026-08-10 12:43:50.483122
1467,367,C,unless,f,3,2026-08-10 12:43:50.483122
1468,367,D,instead,f,4,2026-08-10 12:43:50.483122
1469,368,A,however,f,1,2026-08-10 12:43:50.483122
1470,368,B,although,f,2,2026-08-10 12:43:50.483122
1471,368,C,because,f,3,2026-08-10 12:43:50.483122
1472,368,D,therefore,t,4,2026-08-10 12:43:50.483122
1473,369,A,therefore,t,1,2026-08-10 12:43:50.483122
1474,369,B,although,f,2,2026-08-10 12:43:50.483122
1475,369,C,unless,f,3,2026-08-10 12:43:50.483122
1476,369,D,while,f,4,2026-08-10 12:43:50.483122
1477,370,A,Although,f,1,2026-08-10 12:43:50.483122
1478,370,B,Instead,f,2,2026-08-10 12:43:50.483122
1479,370,C,As a result,t,3,2026-08-10 12:43:50.483122
1480,370,D,Unless,f,4,2026-08-10 12:43:50.483122
1481,371,A,because,f,1,2026-08-10 12:43:50.483122
1482,371,B,so,t,2,2026-08-10 12:43:50.483122
1483,371,C,although,f,3,2026-08-10 12:43:50.483122
1484,371,D,unless,f,4,2026-08-10 12:43:50.483122
1485,372,A,although,f,1,2026-08-10 12:43:50.483122
1486,372,B,because,f,2,2026-08-10 12:43:50.483122
1487,372,C,unless,f,3,2026-08-10 12:43:50.483122
1488,372,D,therefore,t,4,2026-08-10 12:43:50.483122
1489,373,A,Although,t,1,2026-08-10 12:43:50.483122
1490,373,B,Because,f,2,2026-08-10 12:43:50.483122
1491,373,C,Therefore,f,3,2026-08-10 12:43:50.483122
1492,373,D,Unless,f,4,2026-08-10 12:43:50.483122
1493,374,A,because,f,1,2026-08-10 12:43:50.483122
1494,374,B,therefore,f,2,2026-08-10 12:43:50.483122
1495,374,C,however,t,3,2026-08-10 12:43:50.483122
1496,374,D,unless,f,4,2026-08-10 12:43:50.483122
1497,375,A,Because,f,1,2026-08-10 12:43:50.483122
1498,375,B,Despite,t,2,2026-08-10 12:43:50.483122
1499,375,C,Therefore,f,3,2026-08-10 12:43:50.483122
1500,375,D,Since,f,4,2026-08-10 12:43:50.483122
1501,376,A,because,f,1,2026-08-10 12:43:50.483122
1502,376,B,so,f,2,2026-08-10 12:43:50.483122
1503,376,C,unless,f,3,2026-08-10 12:43:50.483122
1504,376,D,although,t,4,2026-08-10 12:43:50.483122
1505,377,A,If,t,1,2026-08-10 12:43:50.483122
1506,377,B,Although,f,2,2026-08-10 12:43:50.483122
1507,377,C,Because,f,3,2026-08-10 12:43:50.483122
1508,377,D,Therefore,f,4,2026-08-10 12:43:50.483122
1509,378,A,although,f,1,2026-08-10 12:43:50.483122
1510,378,B,unless,f,2,2026-08-10 12:43:50.483122
1511,378,C,if,t,3,2026-08-10 12:43:50.483122
1512,378,D,because,f,4,2026-08-10 12:43:50.483122
1513,379,A,Although,f,1,2026-08-10 12:43:50.483122
1514,379,B,If,t,2,2026-08-10 12:43:50.483122
1515,379,C,Therefore,f,3,2026-08-10 12:43:50.483122
1516,379,D,Despite,f,4,2026-08-10 12:43:50.483122
1517,380,A,because,f,1,2026-08-10 12:43:50.483122
1518,380,B,although,f,2,2026-08-10 12:43:50.483122
1519,380,C,therefore,f,3,2026-08-10 12:43:50.483122
1520,380,D,unless,t,4,2026-08-10 12:43:50.483122
1521,381,A,when,t,1,2026-08-10 12:43:50.483122
1522,381,B,because,f,2,2026-08-10 12:43:50.483122
1523,381,C,although,f,3,2026-08-10 12:43:50.483122
1524,381,D,unless,f,4,2026-08-10 12:43:50.483122
1525,382,A,because,f,1,2026-08-10 12:43:50.483122
1526,382,B,although,f,2,2026-08-10 12:43:50.483122
1527,382,C,before,t,3,2026-08-10 12:43:50.483122
1528,382,D,therefore,f,4,2026-08-10 12:43:50.483122
1529,383,A,unless,f,1,2026-08-10 12:43:50.483122
1530,383,B,until,t,2,2026-08-10 12:43:50.483122
1531,383,C,because,f,3,2026-08-10 12:43:50.483122
1532,383,D,although,f,4,2026-08-10 12:43:50.483122
1533,384,A,Because,f,1,2026-08-10 12:43:50.483122
1534,384,B,Although,f,2,2026-08-10 12:43:50.483122
1535,384,C,Unless,f,3,2026-08-10 12:43:50.483122
1536,384,D,After,t,4,2026-08-10 12:43:50.483122
1537,385,A,who,t,1,2026-08-10 12:43:50.483122
1538,385,B,which,f,2,2026-08-10 12:43:50.483122
1539,385,C,where,f,3,2026-08-10 12:43:50.483122
1540,385,D,whose,f,4,2026-08-10 12:43:50.483122
1541,386,A,which,f,1,2026-08-10 12:43:50.483122
1542,386,B,where,f,2,2026-08-10 12:43:50.483122
1543,386,C,who,t,3,2026-08-10 12:43:50.483122
1544,386,D,what,f,4,2026-08-10 12:43:50.483122
1545,387,A,which,f,1,2026-08-10 12:43:50.483122
1546,387,B,who,t,2,2026-08-10 12:43:50.483122
1547,387,C,where,f,3,2026-08-10 12:43:50.483122
1548,387,D,whose,f,4,2026-08-10 12:43:50.483122
1549,388,A,which,f,1,2026-08-10 12:43:50.483122
1550,388,B,where,f,2,2026-08-10 12:43:50.483122
1551,388,C,whose,f,3,2026-08-10 12:43:50.483122
1552,388,D,who,t,4,2026-08-10 12:43:50.483122
1553,389,A,that,t,1,2026-08-10 12:43:50.483122
1554,389,B,who,f,2,2026-08-10 12:43:50.483122
1555,389,C,where,f,3,2026-08-10 12:43:50.483122
1556,389,D,whose,f,4,2026-08-10 12:43:50.483122
1557,390,A,who,f,1,2026-08-10 12:43:50.483122
1558,390,B,where,f,2,2026-08-10 12:43:50.483122
1559,390,C,which,t,3,2026-08-10 12:43:50.483122
1560,390,D,whose,f,4,2026-08-10 12:43:50.483122
1561,391,A,who,f,1,2026-08-10 12:43:50.483122
1562,391,B,which,t,2,2026-08-10 12:43:50.483122
1563,391,C,where,f,3,2026-08-10 12:43:50.483122
1564,391,D,whose,f,4,2026-08-10 12:43:50.483122
1565,392,A,who,f,1,2026-08-10 12:43:50.483122
1566,392,B,where,f,2,2026-08-10 12:43:50.483122
1567,392,C,whose,f,3,2026-08-10 12:43:50.483122
1568,392,D,which,t,4,2026-08-10 12:43:50.483122
1569,393,A,whose,t,1,2026-08-10 12:43:50.483122
1570,393,B,who,f,2,2026-08-10 12:43:50.483122
1571,393,C,which,f,3,2026-08-10 12:43:50.483122
1572,393,D,where,f,4,2026-08-10 12:43:50.483122
1573,394,A,who,f,1,2026-08-10 12:43:50.483122
1574,394,B,whose,f,2,2026-08-10 12:43:50.483122
1575,394,C,which,t,3,2026-08-10 12:43:50.483122
1576,394,D,where,f,4,2026-08-10 12:43:50.483122
1577,395,A,who,f,1,2026-08-10 12:43:50.483122
1578,395,B,which,t,2,2026-08-10 12:43:50.483122
1579,395,C,whose,f,3,2026-08-10 12:43:50.483122
1580,395,D,where,f,4,2026-08-10 12:43:50.483122
1581,396,A,whose,f,1,2026-08-10 12:43:50.483122
1582,396,B,who,f,2,2026-08-10 12:43:50.483122
1583,396,C,which,f,3,2026-08-10 12:43:50.483122
1584,396,D,where,t,4,2026-08-10 12:43:50.483122
1585,397,A,on,t,1,2026-08-10 12:43:50.483122
1586,397,B,at,f,2,2026-08-10 12:43:50.483122
1587,397,C,in,f,3,2026-08-10 12:43:50.483122
1588,397,D,by,f,4,2026-08-10 12:43:50.483122
1589,398,A,on,f,1,2026-08-10 12:43:50.483122
1590,398,B,in,f,2,2026-08-10 12:43:50.483122
1591,398,C,at,t,3,2026-08-10 12:43:50.483122
1592,398,D,by,f,4,2026-08-10 12:43:50.483122
1593,399,A,on,f,1,2026-08-10 12:43:50.483122
1594,399,B,at,t,2,2026-08-10 12:43:50.483122
1595,399,C,in,f,3,2026-08-10 12:43:50.483122
1596,399,D,by,f,4,2026-08-10 12:43:50.483122
1597,400,A,at,f,1,2026-08-10 12:43:50.483122
1598,400,B,on,f,2,2026-08-10 12:43:50.483122
1599,400,C,in,f,3,2026-08-10 12:43:50.483122
1600,400,D,by,t,4,2026-08-10 12:43:50.483122
1601,401,A,on,t,1,2026-08-10 12:43:50.483122
1602,401,B,at,f,2,2026-08-10 12:43:50.483122
1603,401,C,in,f,3,2026-08-10 12:43:50.483122
1604,401,D,by,f,4,2026-08-10 12:43:50.483122
1605,402,A,on,f,1,2026-08-10 12:43:50.483122
1606,402,B,at,f,2,2026-08-10 12:43:50.483122
1607,402,C,in,t,3,2026-08-10 12:43:50.483122
1608,402,D,to,f,4,2026-08-10 12:43:50.483122
1609,403,A,on,f,1,2026-08-10 12:43:50.483122
1610,403,B,at,t,2,2026-08-10 12:43:50.483122
1611,403,C,in,f,3,2026-08-10 12:43:50.483122
1612,403,D,by,f,4,2026-08-10 12:43:50.483122
1613,404,A,on,f,1,2026-08-10 12:43:50.483122
1614,404,B,at,f,2,2026-08-10 12:43:50.483122
1615,404,C,in,f,3,2026-08-10 12:43:50.483122
1616,404,D,between,t,4,2026-08-10 12:43:50.483122
1617,405,A,many,t,1,2026-08-10 12:43:50.483122
1618,405,B,much,f,2,2026-08-10 12:43:50.483122
1619,405,C,little,f,3,2026-08-10 12:43:50.483122
1620,405,D,any,f,4,2026-08-10 12:43:50.483122
1621,406,A,many,f,1,2026-08-10 12:43:50.483122
1622,406,B,few,f,2,2026-08-10 12:43:50.483122
1623,406,C,much,t,3,2026-08-10 12:43:50.483122
1624,406,D,several,f,4,2026-08-10 12:43:50.483122
1625,407,A,many,f,1,2026-08-10 12:43:50.483122
1626,407,B,a few,t,2,2026-08-10 12:43:50.483122
1627,407,C,a little,f,3,2026-08-10 12:43:50.483122
1628,407,D,several,f,4,2026-08-10 12:43:50.483122
1629,408,A,much,f,1,2026-08-10 12:43:50.483122
1630,408,B,little,f,2,2026-08-10 12:43:50.483122
1631,408,C,a little,f,3,2026-08-10 12:43:50.483122
1632,408,D,several,t,4,2026-08-10 12:43:50.483122
1633,409,A,employees,t,1,2026-08-10 12:43:50.483122
1634,409,B,employee,f,2,2026-08-10 12:43:50.483122
1635,409,C,employment,f,3,2026-08-10 12:43:50.483122
1636,409,D,employ,f,4,2026-08-10 12:43:50.483122
1637,410,A,customer,f,1,2026-08-10 12:43:50.483122
1638,410,B,customers,f,2,2026-08-10 12:43:50.483122
1639,410,C,customize,t,3,2026-08-10 12:43:50.483122
1640,410,D,customization,f,4,2026-08-10 12:43:50.483122
1641,411,A,chair,f,1,2026-08-10 12:43:50.483122
1642,411,B,chairs,t,2,2026-08-10 12:43:50.483122
1643,411,C,chairing,f,3,2026-08-10 12:43:50.483122
1644,411,D,chaired,f,4,2026-08-10 12:43:50.483122
1645,412,A,box,f,1,2026-08-10 12:43:50.483122
1646,412,B,boxes,f,2,2026-08-10 12:43:50.483122
1647,412,C,boxing,f,3,2026-08-10 12:43:50.483122
1648,412,D,boxed,t,4,2026-08-10 12:43:50.483122
1649,413,A,information,t,1,2026-08-10 12:43:50.483122
1650,413,B,informations,f,2,2026-08-10 12:43:50.483122
1651,413,C,inform,f,3,2026-08-10 12:43:50.483122
1652,413,D,informative,f,4,2026-08-10 12:43:50.483122
1653,414,A,advices,f,1,2026-08-10 12:43:50.483122
1654,414,B,advice,f,2,2026-08-10 12:43:50.483122
1655,414,C,advise,t,3,2026-08-10 12:43:50.483122
1656,414,D,advising,f,4,2026-08-10 12:43:50.483122
1657,415,A,are,f,1,2026-08-10 12:43:50.483122
1658,415,B,is,t,2,2026-08-10 12:43:50.483122
1659,415,C,were,f,3,2026-08-10 12:43:50.483122
1660,415,D,be,f,4,2026-08-10 12:43:50.483122
1661,416,A,spaces,f,1,2026-08-10 12:43:50.483122
1662,416,B,space,f,2,2026-08-10 12:43:50.483122
1663,416,C,spacing,f,3,2026-08-10 12:43:50.483122
1664,416,D,spaced,t,4,2026-08-10 12:43:50.483122
1665,417,A,will hold,t,1,2026-08-10 12:43:50.483122
1666,417,B,held,f,2,2026-08-10 12:43:50.483122
1667,417,C,holds,f,3,2026-08-10 12:43:50.483122
1668,417,D,would hold,f,4,2026-08-10 12:43:50.483122
1669,418,A,processed,f,1,2026-08-10 12:43:50.483122
1670,418,B,will process,f,2,2026-08-10 12:43:50.483122
1671,418,C,process,t,3,2026-08-10 12:43:50.483122
1672,418,D,would process,f,4,2026-08-10 12:43:50.483122
1673,419,A,received,f,1,2026-08-10 12:43:50.483122
1674,419,B,receive,t,2,2026-08-10 12:43:50.483122
1675,419,C,will receive,f,3,2026-08-10 12:43:50.483122
1676,419,D,would receive,f,4,2026-08-10 12:43:50.483122
1677,420,A,sends,f,1,2026-08-10 12:43:50.483122
1678,420,B,sent,f,2,2026-08-10 12:43:50.483122
1679,420,C,would send,f,3,2026-08-10 12:43:50.483122
1680,420,D,will send,t,4,2026-08-10 12:43:50.483122
1681,421,A,had,t,1,2026-08-10 12:43:50.483122
1682,421,B,have,f,2,2026-08-10 12:43:50.483122
1683,421,C,will have,f,3,2026-08-10 12:43:50.483122
1684,421,D,am having,f,4,2026-08-10 12:43:50.483122
1685,422,A,hires,f,1,2026-08-10 12:43:50.483122
1686,422,B,will hire,f,2,2026-08-10 12:43:50.483122
1687,422,C,would hire,t,3,2026-08-10 12:43:50.483122
1688,422,D,hired,f,4,2026-08-10 12:43:50.483122
1689,423,A,is,f,1,2026-08-10 12:43:50.483122
1690,423,B,were,t,2,2026-08-10 12:43:50.483122
1691,423,C,will be,f,3,2026-08-10 12:43:50.483122
1692,423,D,has been,f,4,2026-08-10 12:43:50.483122
1693,424,A,visit,f,1,2026-08-10 12:43:50.483122
1694,424,B,visited,f,2,2026-08-10 12:43:50.483122
1695,424,C,will visit,f,3,2026-08-10 12:43:50.483122
1696,424,D,would visit,t,4,2026-08-10 12:43:50.483122
1697,425,A,to,t,1,2026-08-10 12:43:50.483122
1698,425,B,because,f,2,2026-08-10 12:43:50.483122
1699,425,C,although,f,3,2026-08-10 12:43:50.483122
1700,425,D,unless,f,4,2026-08-10 12:43:50.483122
1701,426,A,because,f,1,2026-08-10 12:43:50.483122
1702,426,B,despite,f,2,2026-08-10 12:43:50.483122
1703,426,C,to,t,3,2026-08-10 12:43:50.483122
1704,426,D,unless,f,4,2026-08-10 12:43:50.483122
1705,427,A,to,f,1,2026-08-10 12:43:50.483122
1706,427,B,so that,t,2,2026-08-10 12:43:50.483122
1707,427,C,although,f,3,2026-08-10 12:43:50.483122
1708,427,D,because,f,4,2026-08-10 12:43:50.483122
1709,428,A,although,f,1,2026-08-10 12:43:50.483122
1710,428,B,because,f,2,2026-08-10 12:43:50.483122
1711,428,C,unless,f,3,2026-08-10 12:43:50.483122
1712,428,D,to,t,4,2026-08-10 12:43:50.483122
1713,429,A,Although,t,1,2026-08-10 12:43:50.483122
1714,429,B,Because,f,2,2026-08-10 12:43:50.483122
1715,429,C,Therefore,f,3,2026-08-10 12:43:50.483122
1716,429,D,Unless,f,4,2026-08-10 12:43:50.483122
1717,430,A,Although,f,1,2026-08-10 12:43:50.483122
1718,430,B,Because,f,2,2026-08-10 12:43:50.483122
1719,430,C,Despite,t,3,2026-08-10 12:43:50.483122
1720,430,D,Therefore,f,4,2026-08-10 12:43:50.483122
1721,431,A,although,f,1,2026-08-10 12:43:50.483122
1722,431,B,despite,t,2,2026-08-10 12:43:50.483122
1723,431,C,because,f,3,2026-08-10 12:43:50.483122
1724,431,D,therefore,f,4,2026-08-10 12:43:50.483122
1725,432,A,Because,f,1,2026-08-10 12:43:50.483122
1726,432,B,Unless,f,2,2026-08-10 12:43:50.483122
1727,432,C,Therefore,f,3,2026-08-10 12:43:50.483122
1728,432,D,Even though,t,4,2026-08-10 12:43:50.483122
1729,433,A,because,t,1,2026-08-10 12:43:50.483122
1730,433,B,although,f,2,2026-08-10 12:43:50.483122
1731,433,C,therefore,f,3,2026-08-10 12:43:50.483122
1732,433,D,unless,f,4,2026-08-10 12:43:50.483122
1733,434,A,Despite,f,1,2026-08-10 12:43:50.483122
1734,434,B,Therefore,f,2,2026-08-10 12:43:50.483122
1735,434,C,Since,t,3,2026-08-10 12:43:50.483122
1736,434,D,Although,f,4,2026-08-10 12:43:50.483122
1737,435,A,because,f,1,2026-08-10 12:43:50.483122
1738,435,B,because of,t,2,2026-08-10 12:43:50.483122
1739,435,C,although,f,3,2026-08-10 12:43:50.483122
1740,435,D,therefore,f,4,2026-08-10 12:43:50.483122
1741,436,A,although,f,1,2026-08-10 12:43:50.483122
1742,436,B,unless,f,2,2026-08-10 12:43:50.483122
1743,436,C,therefore,f,3,2026-08-10 12:43:50.483122
1744,436,D,because,t,4,2026-08-10 12:43:50.483122
1745,437,A,that,t,1,2026-08-10 12:43:50.483122
1746,437,B,because,f,2,2026-08-10 12:43:50.483122
1747,437,C,although,f,3,2026-08-10 12:43:50.483122
1748,437,D,unless,f,4,2026-08-10 12:43:50.483122
1749,438,A,because,f,1,2026-08-10 12:43:50.483122
1750,438,B,although,f,2,2026-08-10 12:43:50.483122
1751,438,C,that,t,3,2026-08-10 12:43:50.483122
1752,438,D,unless,f,4,2026-08-10 12:43:50.483122
1753,439,A,although,f,1,2026-08-10 12:43:50.483122
1754,439,B,therefore,t,2,2026-08-10 12:43:50.483122
1755,439,C,because,f,3,2026-08-10 12:43:50.483122
1756,439,D,unless,f,4,2026-08-10 12:43:50.483122
1757,440,A,although,f,1,2026-08-10 12:43:50.483122
1758,440,B,because,f,2,2026-08-10 12:43:50.483122
1759,440,C,so,f,3,2026-08-10 12:43:50.483122
1760,440,D,unless,t,4,2026-08-10 12:43:50.483122
1761,441,A,assisting,t,1,2026-08-10 12:43:50.483122
1762,441,B,assist,f,2,2026-08-10 12:43:50.483122
1763,441,C,assisted,f,3,2026-08-10 12:43:50.483122
1764,441,D,to assist,f,4,2026-08-10 12:43:50.483122
1765,442,A,organize,f,1,2026-08-10 12:43:50.483122
1766,442,B,organized,f,2,2026-08-10 12:43:50.483122
1767,442,C,organizing,t,3,2026-08-10 12:43:50.483122
1768,442,D,to organize,f,4,2026-08-10 12:43:50.483122
1769,443,A,reliably,f,1,2026-08-10 12:43:50.483122
1770,443,B,reliability,t,2,2026-08-10 12:43:50.483122
1771,443,C,reliable,f,3,2026-08-10 12:43:50.483122
1772,443,D,rely,f,4,2026-08-10 12:43:50.483122
1773,444,A,launching,f,1,2026-08-10 12:43:50.483122
1774,444,B,launched,f,2,2026-08-10 12:43:50.483122
1775,444,C,launches,f,3,2026-08-10 12:43:50.483122
1776,444,D,launch,t,4,2026-08-10 12:43:50.483122
1777,445,A,would arrive,t,1,2026-08-10 12:43:50.483122
1778,445,B,will arrive,f,2,2026-08-10 12:43:50.483122
1779,445,C,did arrive,f,3,2026-08-10 12:43:50.483122
1780,445,D,arrives,f,4,2026-08-10 12:43:50.483122
1781,446,A,is,f,1,2026-08-10 12:43:50.483122
1782,446,B,does,f,2,2026-08-10 12:43:50.483122
1783,446,C,is located,t,3,2026-08-10 12:43:50.483122
1784,446,D,both A and C,f,4,2026-08-10 12:43:50.483122
1785,447,A,is,f,1,2026-08-10 12:43:50.483122
1786,447,B,was,t,2,2026-08-10 12:43:50.483122
1787,447,C,be,f,3,2026-08-10 12:43:50.483122
1788,447,D,will,f,4,2026-08-10 12:43:50.483122
1789,448,A,does operate,f,1,2026-08-10 12:43:50.483122
1790,448,B,operating,f,2,2026-08-10 12:43:50.483122
1791,448,C,operate,f,3,2026-08-10 12:43:50.483122
1792,448,D,works,t,4,2026-08-10 12:43:50.483122
1793,449,A,is,t,1,2026-08-10 12:43:50.483122
1794,449,B,are,f,2,2026-08-10 12:43:50.483122
1795,449,C,be,f,3,2026-08-10 12:43:50.483122
1796,449,D,being,f,4,2026-08-10 12:43:50.483122
1797,450,A,is,f,1,2026-08-10 12:43:50.483122
1798,450,B,was,f,2,2026-08-10 12:43:50.483122
1799,450,C,are,t,3,2026-08-10 12:43:50.483122
1800,450,D,has,f,4,2026-08-10 12:43:50.483122
1801,451,A,are,f,1,2026-08-10 12:43:50.483122
1802,451,B,is,t,2,2026-08-10 12:43:50.483122
1803,451,C,be,f,3,2026-08-10 12:43:50.483122
1804,451,D,were,f,4,2026-08-10 12:43:50.483122
1805,452,A,is,f,1,2026-08-10 12:43:50.483122
1806,452,B,was,f,2,2026-08-10 12:43:50.483122
1807,452,C,has,f,3,2026-08-10 12:43:50.483122
1808,452,D,are,t,4,2026-08-10 12:43:50.483122
1809,453,A,work,t,1,2026-08-10 12:43:50.483122
1810,453,B,to work,f,2,2026-08-10 12:43:50.483122
1811,453,C,working,f,3,2026-08-10 12:43:50.483122
1812,453,D,worked,f,4,2026-08-10 12:43:50.483122
1813,454,A,to leave,f,1,2026-08-10 12:43:50.483122
1814,454,B,leaving,f,2,2026-08-10 12:43:50.483122
1815,454,C,leave,t,3,2026-08-10 12:43:50.483122
1816,454,D,left,f,4,2026-08-10 12:43:50.483122
1817,455,A,to complete,f,1,2026-08-10 12:43:50.483122
1818,455,B,complete,t,2,2026-08-10 12:43:50.483122
1819,455,C,completed,f,3,2026-08-10 12:43:50.483122
1820,455,D,completing,f,4,2026-08-10 12:43:50.483122
1821,456,A,to solve,f,1,2026-08-10 12:43:50.483122
1822,456,B,solving,f,2,2026-08-10 12:43:50.483122
1823,456,C,solved,f,3,2026-08-10 12:43:50.483122
1824,456,D,solve,t,4,2026-08-10 12:43:50.483122
1825,457,A,repair,t,1,2026-08-10 12:43:50.483122
1826,457,B,to repair,f,2,2026-08-10 12:43:50.483122
1827,457,C,repaired,f,3,2026-08-10 12:43:50.483122
1828,457,D,repairing,f,4,2026-08-10 12:43:50.483122
1829,458,A,print,f,1,2026-08-10 12:43:50.483122
1830,458,B,printing,f,2,2026-08-10 12:43:50.483122
1831,458,C,printed,t,3,2026-08-10 12:43:50.483122
1832,458,D,to print,f,4,2026-08-10 12:43:50.483122
1833,459,A,deliver,f,1,2026-08-10 12:43:50.483122
1834,459,B,to deliver,t,2,2026-08-10 12:43:50.483122
1835,459,C,delivered,f,3,2026-08-10 12:43:50.483122
1836,459,D,delivering,f,4,2026-08-10 12:43:50.483122
1837,460,A,paint,f,1,2026-08-10 12:43:50.483122
1838,460,B,painting,f,2,2026-08-10 12:43:50.483122
1839,460,C,to paint,f,3,2026-08-10 12:43:50.483122
1840,460,D,painted,t,4,2026-08-10 12:43:50.483122
1841,461,A,open,f,1,2026-08-10 12:43:50.483122
1842,461,B,opens,t,2,2026-08-10 12:43:50.483122
1843,461,C,opened,f,3,2026-08-10 12:43:50.483122
1844,461,D,opening,f,4,2026-08-10 12:43:50.483122
1845,462,A,show,t,1,2026-08-10 12:43:50.483122
1846,462,B,shows,f,2,2026-08-10 12:43:50.483122
1847,462,C,showed,f,3,2026-08-10 12:43:50.483122
1848,462,D,showing,f,4,2026-08-10 12:43:50.483122
1849,463,A,send,f,1,2026-08-10 12:43:50.483122
1850,463,B,sending,f,2,2026-08-10 12:43:50.483122
1851,463,C,sent,t,3,2026-08-10 12:43:50.483122
1852,463,D,sends,f,4,2026-08-10 12:43:50.483122
1853,464,A,notify,f,1,2026-08-10 12:43:50.483122
1854,464,B,notified,f,2,2026-08-10 12:43:50.483122
1855,464,C,notifying,f,3,2026-08-10 12:43:50.483122
1856,464,D,notifies,t,4,2026-08-10 12:43:50.483122
1857,465,A,is preparing,t,1,2026-08-10 12:43:50.483122
1858,465,B,prepares,f,2,2026-08-10 12:43:50.483122
1859,465,C,prepared,f,3,2026-08-10 12:43:50.483122
1860,465,D,has prepared,f,4,2026-08-10 12:43:50.483122
1861,466,A,work,f,1,2026-08-10 12:43:50.483122
1862,466,B,worked,f,2,2026-08-10 12:43:50.483122
1863,466,C,are working,t,3,2026-08-10 12:43:50.483122
1864,466,D,have worked,f,4,2026-08-10 12:43:50.483122
1865,467,A,checks,f,1,2026-08-10 12:43:50.483122
1866,467,B,is checking,t,2,2026-08-10 12:43:50.483122
1867,467,C,checked,f,3,2026-08-10 12:43:50.483122
1868,467,D,has checked,f,4,2026-08-10 12:43:50.483122
1869,468,A,create,f,1,2026-08-10 12:43:50.483122
1870,468,B,created,f,2,2026-08-10 12:43:50.483122
1871,468,C,have created,f,3,2026-08-10 12:43:50.483122
1872,468,D,are creating,t,4,2026-08-10 12:43:50.483122
1873,469,A,reviews,f,1,2026-08-10 12:43:50.483122
1874,469,B,reviewing,f,2,2026-08-10 12:43:50.483122
1875,469,C,reviewed,t,3,2026-08-10 12:43:50.483122
1876,469,D,has reviewed,f,4,2026-08-10 12:43:50.483122
1877,470,A,began,t,1,2026-08-10 12:43:50.483122
1878,470,B,begins,f,2,2026-08-10 12:43:50.483122
1879,470,C,has begun,f,3,2026-08-10 12:43:50.483122
1880,470,D,beginning,f,4,2026-08-10 12:43:50.483122
1881,471,A,opens,f,1,2026-08-10 12:43:50.483122
1882,471,B,has opened,f,2,2026-08-10 12:43:50.483122
1883,471,C,opening,f,3,2026-08-10 12:43:50.483122
1884,471,D,opened,t,4,2026-08-10 12:43:50.483122
1885,472,A,receives,f,1,2026-08-10 12:43:50.483122
1886,472,B,received,t,2,2026-08-10 12:43:50.483122
1887,472,C,has received,f,3,2026-08-10 12:43:50.483122
1888,472,D,receiving,f,4,2026-08-10 12:43:50.483122
1889,473,A,opened,f,1,2026-08-10 12:43:50.483122
1890,473,B,has opened,t,2,2026-08-10 12:43:50.483122
1891,473,C,opens,f,3,2026-08-10 12:43:50.483122
1892,473,D,opening,f,4,2026-08-10 12:43:50.483122
1893,474,A,send,f,1,2026-08-10 12:43:50.483122
1894,474,B,sent,f,2,2026-08-10 12:43:50.483122
1895,474,C,sending,f,3,2026-08-10 12:43:50.483122
1896,474,D,have sent,t,4,2026-08-10 12:43:50.483122
1897,475,A,has reviewed,t,1,2026-08-10 12:43:50.483122
1898,475,B,reviewed,f,2,2026-08-10 12:43:50.483122
1899,475,C,reviews,f,3,2026-08-10 12:43:50.483122
1900,475,D,reviewing,f,4,2026-08-10 12:43:50.483122
1901,476,A,completed,f,1,2026-08-10 12:43:50.483122
1902,476,B,completes,f,2,2026-08-10 12:43:50.483122
1903,476,C,has completed,t,3,2026-08-10 12:43:50.483122
1904,476,D,completing,f,4,2026-08-10 12:43:50.483122
1905,477,A,have been testing,t,1,2026-08-10 12:43:50.483122
1906,477,B,tested,f,2,2026-08-10 12:43:50.483122
1907,477,C,are testing,f,3,2026-08-10 12:43:50.483122
1908,477,D,will test,f,4,2026-08-10 12:43:50.483122
1909,478,A,works,f,1,2026-08-10 12:43:50.483122
1910,478,B,worked,f,2,2026-08-10 12:43:50.483122
1911,478,C,has been working,t,3,2026-08-10 12:43:50.483122
1912,478,D,is working,f,4,2026-08-10 12:43:50.483122
1913,479,A,worked,f,1,2026-08-10 12:43:50.483122
1914,479,B,works,f,2,2026-08-10 12:43:50.483122
1915,479,C,will work,f,3,2026-08-10 12:43:50.483122
1916,479,D,has been working,t,4,2026-08-10 12:43:50.483122
1917,480,A,repair,f,1,2026-08-10 12:43:50.483122
1918,480,B,repaired,t,2,2026-08-10 12:43:50.483122
1919,480,C,have been repairing,f,3,2026-08-10 12:43:50.483122
1920,480,D,are repaired,f,4,2026-08-10 12:43:50.483122
1921,481,A,had prepared,t,1,2026-08-10 12:43:50.483122
1922,481,B,prepares,f,2,2026-08-10 12:43:50.483122
1923,481,C,has prepared,f,3,2026-08-10 12:43:50.483122
1924,481,D,will prepare,f,4,2026-08-10 12:43:50.483122
1925,482,A,has,f,1,2026-08-10 12:43:50.483122
1926,482,B,was,f,2,2026-08-10 12:43:50.483122
1927,482,C,will have,f,3,2026-08-10 12:43:50.483122
1928,482,D,had,t,4,2026-08-10 12:43:50.483122
1929,483,A,solves,f,1,2026-08-10 12:43:50.483122
1930,483,B,had solved,t,2,2026-08-10 12:43:50.483122
1931,483,C,has solved,f,3,2026-08-10 12:43:50.483122
1932,483,D,will solve,f,4,2026-08-10 12:43:50.483122
1933,484,A,opens,f,1,2026-08-10 12:43:50.483122
1934,484,B,has opened,f,2,2026-08-10 12:43:50.483122
1935,484,C,had opened,t,3,2026-08-10 12:43:50.483122
1936,484,D,will open,f,4,2026-08-10 12:43:50.483122
1937,485,A,will announce,t,1,2026-08-10 12:43:50.483122
1938,485,B,announced,f,2,2026-08-10 12:43:50.483122
1939,485,C,announces,f,3,2026-08-10 12:43:50.483122
1940,485,D,announcing,f,4,2026-08-10 12:43:50.483122
1941,486,A,introduced,f,1,2026-08-10 12:43:50.483122
1942,486,B,introduces,f,2,2026-08-10 12:43:50.483122
1943,486,C,will introduce,t,3,2026-08-10 12:43:50.483122
1944,486,D,introducing,f,4,2026-08-10 12:43:50.483122
1945,487,A,contacted,f,1,2026-08-10 12:43:50.483122
1946,487,B,contact,f,2,2026-08-10 12:43:50.483122
1947,487,C,contacting,f,3,2026-08-10 12:43:50.483122
1948,487,D,will contact,t,4,2026-08-10 12:43:50.483122
1949,488,A,starts,f,1,2026-08-10 12:43:50.483122
1950,488,B,started,t,2,2026-08-10 12:43:50.483122
1951,488,C,will start,f,3,2026-08-10 12:43:50.483122
1952,488,D,starting,f,4,2026-08-10 12:43:50.483122
1953,489,A,process,f,1,2026-08-10 12:43:50.483122
1954,489,B,processed,f,2,2026-08-10 12:43:50.483122
1955,489,C,are processed,t,3,2026-08-10 12:43:50.483122
1956,489,D,processing,f,4,2026-08-10 12:43:50.483122
1957,490,A,are cleaned,t,1,2026-08-10 12:43:50.483122
1958,490,B,clean,f,2,2026-08-10 12:43:50.483122
1959,490,C,cleaned,f,3,2026-08-10 12:43:50.483122
1960,490,D,are cleaning,f,4,2026-08-10 12:43:50.483122
1961,491,A,answer,f,1,2026-08-10 12:43:50.483122
1962,491,B,answered,f,2,2026-08-10 12:43:50.483122
1963,491,C,are answering,f,3,2026-08-10 12:43:50.483122
1964,491,D,are answered,t,4,2026-08-10 12:43:50.483122
1965,492,A,inspect,f,1,2026-08-10 12:43:50.483122
1966,492,B,is inspecting,t,2,2026-08-10 12:43:50.483122
1967,492,C,is inspected,f,3,2026-08-10 12:43:50.483122
1968,492,D,inspected,f,4,2026-08-10 12:43:50.483122
1969,493,A,were delivered,t,1,2026-08-10 12:43:50.483122
1970,493,B,deliver,f,2,2026-08-10 12:43:50.483122
1971,493,C,are delivered,f,3,2026-08-10 12:43:50.483122
1972,493,D,delivering,f,4,2026-08-10 12:43:50.483122
1973,494,A,cleans,f,1,2026-08-10 12:43:50.483122
1974,494,B,was cleaned,f,2,2026-08-10 12:43:50.483122
1975,494,C,is cleaned,t,3,2026-08-10 12:43:50.483122
1976,494,D,cleaning,f,4,2026-08-10 12:43:50.483122
1977,495,A,sends,f,1,2026-08-10 12:43:50.483122
1978,495,B,is sent,f,2,2026-08-10 12:43:50.483122
1979,495,C,sending,f,3,2026-08-10 12:43:50.483122
1980,495,D,was sent,t,4,2026-08-10 12:43:50.483122
1981,496,A,replace,f,1,2026-08-10 12:43:50.483122
1982,496,B,were replaced,t,2,2026-08-10 12:43:50.483122
1983,496,C,are replaced,f,3,2026-08-10 12:43:50.483122
1984,496,D,replacing,f,4,2026-08-10 12:43:50.483122
1985,497,A,opens,f,1,2026-08-10 12:43:50.483122
1986,497,B,opened,f,2,2026-08-10 12:43:50.483122
1987,497,C,is opening,f,3,2026-08-10 12:43:50.483122
1988,497,D,will be opened,t,4,2026-08-10 12:43:50.483122
1989,498,A,will be sent,t,1,2026-08-10 12:43:50.483122
1990,498,B,send,f,2,2026-08-10 12:43:50.483122
1991,498,C,sent,f,3,2026-08-10 12:43:50.483122
1992,498,D,are sending,f,4,2026-08-10 12:43:50.483122
1993,499,A,checks,f,1,2026-08-10 12:43:50.483122
1994,499,B,checked,f,2,2026-08-10 12:43:50.483122
1995,499,C,will be inspected,t,3,2026-08-10 12:43:50.483122
1996,499,D,is inspecting,f,4,2026-08-10 12:43:50.483122
1997,500,A,post,f,1,2026-08-10 12:43:50.483122
1998,500,B,will be posted,t,2,2026-08-10 12:43:50.483122
1999,500,C,posted,f,3,2026-08-10 12:43:50.483122
2000,500,D,are posting,f,4,2026-08-10 12:43:50.483122
3777,801,A,An office renovation,t,1,2026-08-10 14:08:48.214425
3778,801,B,A new hiring plan,f,2,2026-08-10 14:08:48.214425
3779,801,C,A sales campaign,f,3,2026-08-10 14:08:48.214425
3780,801,D,A training program,f,4,2026-08-10 14:08:48.214425
3781,802,A,August 17,t,1,2026-08-10 14:08:48.214425
3782,802,B,August 18,f,2,2026-08-10 14:08:48.214425
3783,802,C,August 22,f,3,2026-08-10 14:08:48.214425
3784,802,D,September 17,f,4,2026-08-10 14:08:48.214425
3785,803,A,On the fourth floor,t,1,2026-08-10 14:08:48.214425
3786,803,B,At home,f,2,2026-08-10 14:08:48.214425
3787,803,C,In the lobby,f,3,2026-08-10 14:08:48.214425
3788,803,D,At another company,f,4,2026-08-10 14:08:48.214425
3789,804,A,repaired and improved,t,1,2026-08-10 14:08:48.214425
3790,804,B,closed permanently,f,2,2026-08-10 14:08:48.214425
3791,804,C,sold quickly,f,3,2026-08-10 14:08:48.214425
3792,804,D,moved overseas,f,4,2026-08-10 14:08:48.214425
3793,805,A,To provide an order update,t,1,2026-08-10 14:08:48.214425
3794,805,B,To cancel an order,f,2,2026-08-10 14:08:48.214425
3795,805,C,To advertise a product,f,3,2026-08-10 14:08:48.214425
3796,805,D,To request payment,f,4,2026-08-10 14:08:48.214425
3797,806,A,Two wireless keyboards,t,1,2026-08-10 14:08:48.214425
3798,806,B,A computer monitor,f,2,2026-08-10 14:08:48.214425
3799,806,C,Two printers,f,3,2026-08-10 14:08:48.214425
3800,806,D,A software license,f,4,2026-08-10 14:08:48.214425
3801,807,A,Thursday,t,1,2026-08-10 14:08:48.214425
3802,807,B,Monday,f,2,2026-08-10 14:08:48.214425
3803,807,C,Friday,f,3,2026-08-10 14:08:48.214425
3804,807,D,Next month,f,4,2026-08-10 14:08:48.214425
3805,808,A,Administrative assistant,t,1,2026-08-10 14:08:48.214425
3806,808,B,Sales manager,f,2,2026-08-10 14:08:48.214425
3807,808,C,Accountant,f,3,2026-08-10 14:08:48.214425
3808,808,D,Receptionist,f,4,2026-08-10 14:08:48.214425
3809,809,A,At least two years of office experience,t,1,2026-08-10 14:08:48.214425
3810,809,B,Five years of sales experience,f,2,2026-08-10 14:08:48.214425
3811,809,C,A university degree only,f,3,2026-08-10 14:08:48.214425
3812,809,D,No previous experience,f,4,2026-08-10 14:08:48.214425
3813,810,A,September 5,t,1,2026-08-10 14:08:48.214425
3814,810,B,August 5,f,2,2026-08-10 14:08:48.214425
3815,810,C,September 15,f,3,2026-08-10 14:08:48.214425
3816,810,D,October 5,f,4,2026-08-10 14:08:48.214425
3817,811,A,Using spreadsheet software,t,1,2026-08-10 14:08:48.214425
3818,811,B,Editing videos,f,2,2026-08-10 14:08:48.214425
3819,811,C,Programming websites,f,3,2026-08-10 14:08:48.214425
3820,811,D,Designing buildings,f,4,2026-08-10 14:08:48.214425
3821,812,A,A training session,t,1,2026-08-10 14:08:48.214425
3822,812,B,A staff party,f,2,2026-08-10 14:08:48.214425
3823,812,C,A product launch,f,3,2026-08-10 14:08:48.214425
3824,812,D,A job interview,f,4,2026-08-10 14:08:48.214425
3825,813,A,Room 204,t,1,2026-08-10 14:08:48.214425
3826,813,B,Room 104,f,2,2026-08-10 14:08:48.214425
3827,813,C,The cafeteria,f,3,2026-08-10 14:08:48.214425
3828,813,D,The main lobby,f,4,2026-08-10 14:08:48.214425
3829,814,A,Identification cards,t,1,2026-08-10 14:08:48.214425
3830,814,B,Laptops only,f,2,2026-08-10 14:08:48.214425
3831,814,C,Printed contracts,f,3,2026-08-10 14:08:48.214425
3832,814,D,Travel documents,f,4,2026-08-10 14:08:48.214425
3833,815,A,Complete an online exercise,t,1,2026-08-10 14:08:48.214425
3834,815,B,Call the trainer,f,2,2026-08-10 14:08:48.214425
3835,815,C,Pay a fee,f,3,2026-08-10 14:08:48.214425
3836,815,D,Leave the building,f,4,2026-08-10 14:08:48.214425
3837,816,A,A discount on office supplies,t,1,2026-08-10 14:08:48.214425
3838,816,B,A new store opening,f,2,2026-08-10 14:08:48.214425
3839,816,C,A delivery service,f,3,2026-08-10 14:08:48.214425
3840,816,D,A hiring event,f,4,2026-08-10 14:08:48.214425
3841,817,A,This weekend,t,1,2026-08-10 14:08:48.214425
3842,817,B,Next month,f,2,2026-08-10 14:08:48.214425
3843,817,C,Every Monday,f,3,2026-08-10 14:08:48.214425
3844,817,D,During the holidays,f,4,2026-08-10 14:08:48.214425
3845,818,A,In the store,t,1,2026-08-10 14:08:48.214425
3846,818,B,Online only,f,2,2026-08-10 14:08:48.214425
3847,818,C,At the warehouse,f,3,2026-08-10 14:08:48.214425
3848,818,D,By telephone,f,4,2026-08-10 14:08:48.214425
3849,819,A,Printer ink,t,1,2026-08-10 14:08:48.214425
3850,819,B,Notebooks,f,2,2026-08-10 14:08:48.214425
3851,819,C,Pens,f,3,2026-08-10 14:08:48.214425
3852,819,D,Folders,f,4,2026-08-10 14:08:48.214425
3853,820,A,A hotel reservation,t,1,2026-08-10 14:08:48.214425
3854,820,B,A flight reservation,f,2,2026-08-10 14:08:48.214425
3855,820,C,A restaurant booking,f,3,2026-08-10 14:08:48.214425
3856,820,D,A conference registration,f,4,2026-08-10 14:08:48.214425
3857,821,A,Three nights,t,1,2026-08-10 14:08:48.214425
3858,821,B,One night,f,2,2026-08-10 14:08:48.214425
3859,821,C,Two weeks,f,3,2026-08-10 14:08:48.214425
3860,821,D,One month,f,4,2026-08-10 14:08:48.214425
3861,822,A,Breakfast,t,1,2026-08-10 14:08:48.214425
3862,822,B,Airport transportation,f,2,2026-08-10 14:08:48.214425
3863,822,C,A rental car,f,3,2026-08-10 14:08:48.214425
3864,822,D,Lunch,f,4,2026-08-10 14:08:48.214425
3865,823,A,Contact the front desk,t,1,2026-08-10 14:08:48.214425
3866,823,B,Call the airline,f,2,2026-08-10 14:08:48.214425
3867,823,C,Visit the airport,f,3,2026-08-10 14:08:48.214425
3868,823,D,Email the restaurant,f,4,2026-08-10 14:08:48.214425
3869,824,A,For completing ten years with the company,t,1,2026-08-10 14:08:48.214425
3870,824,B,For opening a branch,f,2,2026-08-10 14:08:48.214425
3871,824,C,For winning a sales contest,f,3,2026-08-10 14:08:48.214425
3872,824,D,For retiring,f,4,2026-08-10 14:08:48.214425
3873,825,A,2016,t,1,2026-08-10 14:08:48.214425
3874,825,B,2018,f,2,2026-08-10 14:08:48.214425
3875,825,C,2020,f,3,2026-08-10 14:08:48.214425
3876,825,D,2022,f,4,2026-08-10 14:08:48.214425
3877,826,A,Eight,t,1,2026-08-10 14:08:48.214425
3878,826,B,Five,f,2,2026-08-10 14:08:48.214425
3879,826,C,Ten,f,3,2026-08-10 14:08:48.214425
3880,826,D,Twelve,f,4,2026-08-10 14:08:48.214425
3881,827,A,Friday's staff meeting,t,1,2026-08-10 14:08:48.214425
3882,827,B,Monday's meeting,f,2,2026-08-10 14:08:48.214425
3883,827,C,A customer event,f,3,2026-08-10 14:08:48.214425
3884,827,D,A training session,f,4,2026-08-10 14:08:48.214425
3885,828,A,The morning departure time,t,1,2026-08-10 14:08:48.214425
3886,828,B,The afternoon route,f,2,2026-08-10 14:08:48.214425
3887,828,C,The parking fee,f,3,2026-08-10 14:08:48.214425
3888,828,D,The shuttle location,f,4,2026-08-10 14:08:48.214425
3889,829,A,7:30 A.M.,t,1,2026-08-10 14:08:48.214425
3890,829,B,7:45 A.M.,f,2,2026-08-10 14:08:48.214425
3891,829,C,8:00 A.M.,f,3,2026-08-10 14:08:48.214425
3892,829,D,8:15 A.M.,f,4,2026-08-10 14:08:48.214425
3893,830,A,The afternoon schedule,t,1,2026-08-10 14:08:48.214425
3894,830,B,The morning schedule,f,2,2026-08-10 14:08:48.214425
3895,830,C,The parking location,f,3,2026-08-10 14:08:48.214425
3896,830,D,The driver,f,4,2026-08-10 14:08:48.214425
3897,831,A,Arrive at least five minutes early,t,1,2026-08-10 14:08:48.214425
3898,831,B,Bring lunch,f,2,2026-08-10 14:08:48.214425
3899,831,C,Call the driver,f,3,2026-08-10 14:08:48.214425
3900,831,D,Use another bus,f,4,2026-08-10 14:08:48.214425
3901,832,A,The proposal deadline,t,1,2026-08-10 14:08:48.214425
3902,832,B,The campaign budget,f,2,2026-08-10 14:08:48.214425
3903,832,C,The meeting time,f,3,2026-08-10 14:08:48.214425
3904,832,D,The hiring period,f,4,2026-08-10 14:08:48.214425
3905,833,A,Departments needed more review time,t,1,2026-08-10 14:08:48.214425
3906,833,B,The campaign was canceled,f,2,2026-08-10 14:08:48.214425
3907,833,C,The manager was absent,f,3,2026-08-10 14:08:48.214425
3908,833,D,The office was closed,f,4,2026-08-10 14:08:48.214425
3909,834,A,June 24,t,1,2026-08-10 14:08:48.214425
3910,834,B,June 28,f,2,2026-08-10 14:08:48.214425
3911,834,C,July 24,f,3,2026-08-10 14:08:48.214425
3912,834,D,May 28,f,4,2026-08-10 14:08:48.214425
3913,835,A,extra,t,1,2026-08-10 14:08:48.214425
3914,835,B,final,f,2,2026-08-10 14:08:48.214425
3915,835,C,urgent,f,3,2026-08-10 14:08:48.214425
3916,835,D,private,f,4,2026-08-10 14:08:48.214425
3917,836,A,An office renovation,t,1,2026-08-10 14:08:48.214425
3918,836,B,A new hiring plan,f,2,2026-08-10 14:08:48.214425
3919,836,C,A sales campaign,f,3,2026-08-10 14:08:48.214425
3920,836,D,A training program,f,4,2026-08-10 14:08:48.214425
3921,837,A,August 17,t,1,2026-08-10 14:08:48.214425
3922,837,B,August 18,f,2,2026-08-10 14:08:48.214425
3923,837,C,August 22,f,3,2026-08-10 14:08:48.214425
3924,837,D,September 17,f,4,2026-08-10 14:08:48.214425
3925,838,A,On the fourth floor,t,1,2026-08-10 14:08:48.214425
3926,838,B,At home,f,2,2026-08-10 14:08:48.214425
3927,838,C,In the lobby,f,3,2026-08-10 14:08:48.214425
3928,838,D,At another company,f,4,2026-08-10 14:08:48.214425
3929,839,A,repaired and improved,t,1,2026-08-10 14:08:48.214425
3930,839,B,closed permanently,f,2,2026-08-10 14:08:48.214425
3931,839,C,sold quickly,f,3,2026-08-10 14:08:48.214425
3932,839,D,moved overseas,f,4,2026-08-10 14:08:48.214425
3933,840,A,To provide an order update,t,1,2026-08-10 14:08:48.214425
3934,840,B,To cancel an order,f,2,2026-08-10 14:08:48.214425
3935,840,C,To advertise a product,f,3,2026-08-10 14:08:48.214425
3936,840,D,To request payment,f,4,2026-08-10 14:08:48.214425
3937,841,A,Two wireless keyboards,t,1,2026-08-10 14:08:48.214425
3938,841,B,A computer monitor,f,2,2026-08-10 14:08:48.214425
3939,841,C,Two printers,f,3,2026-08-10 14:08:48.214425
3940,841,D,A software license,f,4,2026-08-10 14:08:48.214425
3941,842,A,Thursday,t,1,2026-08-10 14:08:48.214425
3942,842,B,Monday,f,2,2026-08-10 14:08:48.214425
3943,842,C,Friday,f,3,2026-08-10 14:08:48.214425
3944,842,D,Next month,f,4,2026-08-10 14:08:48.214425
3945,843,A,Administrative assistant,t,1,2026-08-10 14:08:48.214425
3946,843,B,Sales manager,f,2,2026-08-10 14:08:48.214425
3947,843,C,Accountant,f,3,2026-08-10 14:08:48.214425
3948,843,D,Receptionist,f,4,2026-08-10 14:08:48.214425
3949,844,A,At least two years of office experience,t,1,2026-08-10 14:08:48.214425
3950,844,B,Five years of sales experience,f,2,2026-08-10 14:08:48.214425
3951,844,C,A university degree only,f,3,2026-08-10 14:08:48.214425
3952,844,D,No previous experience,f,4,2026-08-10 14:08:48.214425
3953,845,A,September 5,t,1,2026-08-10 14:08:48.214425
3954,845,B,August 5,f,2,2026-08-10 14:08:48.214425
3955,845,C,September 15,f,3,2026-08-10 14:08:48.214425
3956,845,D,October 5,f,4,2026-08-10 14:08:48.214425
3957,846,A,Using spreadsheet software,t,1,2026-08-10 14:08:48.214425
3958,846,B,Editing videos,f,2,2026-08-10 14:08:48.214425
3959,846,C,Programming websites,f,3,2026-08-10 14:08:48.214425
3960,846,D,Designing buildings,f,4,2026-08-10 14:08:48.214425
3961,847,A,A training session,t,1,2026-08-10 14:08:48.214425
3962,847,B,A staff party,f,2,2026-08-10 14:08:48.214425
3963,847,C,A product launch,f,3,2026-08-10 14:08:48.214425
3964,847,D,A job interview,f,4,2026-08-10 14:08:48.214425
3965,848,A,Room 204,t,1,2026-08-10 14:08:48.214425
3966,848,B,Room 104,f,2,2026-08-10 14:08:48.214425
3967,848,C,The cafeteria,f,3,2026-08-10 14:08:48.214425
3968,848,D,The main lobby,f,4,2026-08-10 14:08:48.214425
3969,849,A,Identification cards,t,1,2026-08-10 14:08:48.214425
3970,849,B,Laptops only,f,2,2026-08-10 14:08:48.214425
3971,849,C,Printed contracts,f,3,2026-08-10 14:08:48.214425
3972,849,D,Travel documents,f,4,2026-08-10 14:08:48.214425
3973,850,A,Complete an online exercise,t,1,2026-08-10 14:08:48.214425
3974,850,B,Call the trainer,f,2,2026-08-10 14:08:48.214425
3975,850,C,Pay a fee,f,3,2026-08-10 14:08:48.214425
3976,850,D,Leave the building,f,4,2026-08-10 14:08:48.214425
3977,851,A,A discount on office supplies,t,1,2026-08-10 14:08:48.214425
3978,851,B,A new store opening,f,2,2026-08-10 14:08:48.214425
3979,851,C,A delivery service,f,3,2026-08-10 14:08:48.214425
3980,851,D,A hiring event,f,4,2026-08-10 14:08:48.214425
3981,852,A,This weekend,t,1,2026-08-10 14:08:48.214425
3982,852,B,Next month,f,2,2026-08-10 14:08:48.214425
3983,852,C,Every Monday,f,3,2026-08-10 14:08:48.214425
3984,852,D,During the holidays,f,4,2026-08-10 14:08:48.214425
3985,853,A,In the store,t,1,2026-08-10 14:08:48.214425
3986,853,B,Online only,f,2,2026-08-10 14:08:48.214425
3987,853,C,At the warehouse,f,3,2026-08-10 14:08:48.214425
3988,853,D,By telephone,f,4,2026-08-10 14:08:48.214425
3989,854,A,Printer ink,t,1,2026-08-10 14:08:48.214425
3990,854,B,Notebooks,f,2,2026-08-10 14:08:48.214425
3991,854,C,Pens,f,3,2026-08-10 14:08:48.214425
3992,854,D,Folders,f,4,2026-08-10 14:08:48.214425
3993,855,A,A hotel reservation,t,1,2026-08-10 14:08:48.214425
3994,855,B,A flight reservation,f,2,2026-08-10 14:08:48.214425
3995,855,C,A restaurant booking,f,3,2026-08-10 14:08:48.214425
3996,855,D,A conference registration,f,4,2026-08-10 14:08:48.214425
3997,856,A,Three nights,t,1,2026-08-10 14:08:48.214425
3998,856,B,One night,f,2,2026-08-10 14:08:48.214425
3999,856,C,Two weeks,f,3,2026-08-10 14:08:48.214425
4000,856,D,One month,f,4,2026-08-10 14:08:48.214425
4001,857,A,Breakfast,t,1,2026-08-10 14:08:48.214425
4002,857,B,Airport transportation,f,2,2026-08-10 14:08:48.214425
4003,857,C,A rental car,f,3,2026-08-10 14:08:48.214425
4004,857,D,Lunch,f,4,2026-08-10 14:08:48.214425
4005,858,A,Contact the front desk,t,1,2026-08-10 14:08:48.214425
4006,858,B,Call the airline,f,2,2026-08-10 14:08:48.214425
4007,858,C,Visit the airport,f,3,2026-08-10 14:08:48.214425
4008,858,D,Email the restaurant,f,4,2026-08-10 14:08:48.214425
4009,859,A,For completing ten years with the company,t,1,2026-08-10 14:08:48.214425
4010,859,B,For opening a branch,f,2,2026-08-10 14:08:48.214425
4011,859,C,For winning a sales contest,f,3,2026-08-10 14:08:48.214425
4012,859,D,For retiring,f,4,2026-08-10 14:08:48.214425
4013,860,A,2016,t,1,2026-08-10 14:08:48.214425
4014,860,B,2018,f,2,2026-08-10 14:08:48.214425
4015,860,C,2020,f,3,2026-08-10 14:08:48.214425
4016,860,D,2022,f,4,2026-08-10 14:08:48.214425
4017,861,A,Eight,t,1,2026-08-10 14:08:48.214425
4018,861,B,Five,f,2,2026-08-10 14:08:48.214425
4019,861,C,Ten,f,3,2026-08-10 14:08:48.214425
4020,861,D,Twelve,f,4,2026-08-10 14:08:48.214425
4021,862,A,Friday's staff meeting,t,1,2026-08-10 14:08:48.214425
4022,862,B,Monday's meeting,f,2,2026-08-10 14:08:48.214425
4023,862,C,A customer event,f,3,2026-08-10 14:08:48.214425
4024,862,D,A training session,f,4,2026-08-10 14:08:48.214425
4025,863,A,The morning departure time,t,1,2026-08-10 14:08:48.214425
4026,863,B,The afternoon route,f,2,2026-08-10 14:08:48.214425
4027,863,C,The parking fee,f,3,2026-08-10 14:08:48.214425
4028,863,D,The shuttle location,f,4,2026-08-10 14:08:48.214425
4029,864,A,7:30 A.M.,t,1,2026-08-10 14:08:48.214425
4030,864,B,7:45 A.M.,f,2,2026-08-10 14:08:48.214425
4031,864,C,8:00 A.M.,f,3,2026-08-10 14:08:48.214425
4032,864,D,8:15 A.M.,f,4,2026-08-10 14:08:48.214425
4033,865,A,The afternoon schedule,t,1,2026-08-10 14:08:48.214425
4034,865,B,The morning schedule,f,2,2026-08-10 14:08:48.214425
4035,865,C,The parking location,f,3,2026-08-10 14:08:48.214425
4036,865,D,The driver,f,4,2026-08-10 14:08:48.214425
4037,866,A,Arrive at least five minutes early,t,1,2026-08-10 14:08:48.214425
4038,866,B,Bring lunch,f,2,2026-08-10 14:08:48.214425
4039,866,C,Call the driver,f,3,2026-08-10 14:08:48.214425
4040,866,D,Use another bus,f,4,2026-08-10 14:08:48.214425
4041,867,A,The proposal deadline,t,1,2026-08-10 14:08:48.214425
4042,867,B,The campaign budget,f,2,2026-08-10 14:08:48.214425
4043,867,C,The meeting time,f,3,2026-08-10 14:08:48.214425
4044,867,D,The hiring period,f,4,2026-08-10 14:08:48.214425
4045,868,A,Departments needed more review time,t,1,2026-08-10 14:08:48.214425
4046,868,B,The campaign was canceled,f,2,2026-08-10 14:08:48.214425
4047,868,C,The manager was absent,f,3,2026-08-10 14:08:48.214425
4048,868,D,The office was closed,f,4,2026-08-10 14:08:48.214425
4049,869,A,June 24,t,1,2026-08-10 14:08:48.214425
4050,869,B,June 28,f,2,2026-08-10 14:08:48.214425
4051,869,C,July 24,f,3,2026-08-10 14:08:48.214425
4052,869,D,May 28,f,4,2026-08-10 14:08:48.214425
4053,870,A,extra,t,1,2026-08-10 14:08:48.214425
4054,870,B,final,f,2,2026-08-10 14:08:48.214425
4055,870,C,urgent,f,3,2026-08-10 14:08:48.214425
4056,870,D,private,f,4,2026-08-10 14:08:48.214425
4057,871,A,An office renovation,t,1,2026-08-10 14:08:48.214425
4058,871,B,A new hiring plan,f,2,2026-08-10 14:08:48.214425
4059,871,C,A sales campaign,f,3,2026-08-10 14:08:48.214425
4060,871,D,A training program,f,4,2026-08-10 14:08:48.214425
4061,872,A,August 17,t,1,2026-08-10 14:08:48.214425
4062,872,B,August 18,f,2,2026-08-10 14:08:48.214425
4063,872,C,August 22,f,3,2026-08-10 14:08:48.214425
4064,872,D,September 17,f,4,2026-08-10 14:08:48.214425
4065,873,A,On the fourth floor,t,1,2026-08-10 14:08:48.214425
4066,873,B,At home,f,2,2026-08-10 14:08:48.214425
4067,873,C,In the lobby,f,3,2026-08-10 14:08:48.214425
4068,873,D,At another company,f,4,2026-08-10 14:08:48.214425
4069,874,A,repaired and improved,t,1,2026-08-10 14:08:48.214425
4070,874,B,closed permanently,f,2,2026-08-10 14:08:48.214425
4071,874,C,sold quickly,f,3,2026-08-10 14:08:48.214425
4072,874,D,moved overseas,f,4,2026-08-10 14:08:48.214425
4073,875,A,To provide an order update,t,1,2026-08-10 14:08:48.214425
4074,875,B,To cancel an order,f,2,2026-08-10 14:08:48.214425
4075,875,C,To advertise a product,f,3,2026-08-10 14:08:48.214425
4076,875,D,To request payment,f,4,2026-08-10 14:08:48.214425
4077,876,A,Two wireless keyboards,t,1,2026-08-10 14:08:48.214425
4078,876,B,A computer monitor,f,2,2026-08-10 14:08:48.214425
4079,876,C,Two printers,f,3,2026-08-10 14:08:48.214425
4080,876,D,A software license,f,4,2026-08-10 14:08:48.214425
4081,877,A,Thursday,t,1,2026-08-10 14:08:48.214425
4082,877,B,Monday,f,2,2026-08-10 14:08:48.214425
4083,877,C,Friday,f,3,2026-08-10 14:08:48.214425
4084,877,D,Next month,f,4,2026-08-10 14:08:48.214425
4085,878,A,Administrative assistant,t,1,2026-08-10 14:08:48.214425
4086,878,B,Sales manager,f,2,2026-08-10 14:08:48.214425
4087,878,C,Accountant,f,3,2026-08-10 14:08:48.214425
4088,878,D,Receptionist,f,4,2026-08-10 14:08:48.214425
4089,879,A,At least two years of office experience,t,1,2026-08-10 14:08:48.214425
4090,879,B,Five years of sales experience,f,2,2026-08-10 14:08:48.214425
4091,879,C,A university degree only,f,3,2026-08-10 14:08:48.214425
4092,879,D,No previous experience,f,4,2026-08-10 14:08:48.214425
4093,880,A,September 5,t,1,2026-08-10 14:08:48.214425
4094,880,B,August 5,f,2,2026-08-10 14:08:48.214425
4095,880,C,September 15,f,3,2026-08-10 14:08:48.214425
4096,880,D,October 5,f,4,2026-08-10 14:08:48.214425
4097,881,A,Using spreadsheet software,t,1,2026-08-10 14:08:48.214425
4098,881,B,Editing videos,f,2,2026-08-10 14:08:48.214425
4099,881,C,Programming websites,f,3,2026-08-10 14:08:48.214425
4100,881,D,Designing buildings,f,4,2026-08-10 14:08:48.214425
4101,882,A,A training session,t,1,2026-08-10 14:08:48.214425
4102,882,B,A staff party,f,2,2026-08-10 14:08:48.214425
4103,882,C,A product launch,f,3,2026-08-10 14:08:48.214425
4104,882,D,A job interview,f,4,2026-08-10 14:08:48.214425
4105,883,A,Room 204,t,1,2026-08-10 14:08:48.214425
4106,883,B,Room 104,f,2,2026-08-10 14:08:48.214425
4107,883,C,The cafeteria,f,3,2026-08-10 14:08:48.214425
4108,883,D,The main lobby,f,4,2026-08-10 14:08:48.214425
4109,884,A,Identification cards,t,1,2026-08-10 14:08:48.214425
4110,884,B,Laptops only,f,2,2026-08-10 14:08:48.214425
4111,884,C,Printed contracts,f,3,2026-08-10 14:08:48.214425
4112,884,D,Travel documents,f,4,2026-08-10 14:08:48.214425
4113,885,A,Complete an online exercise,t,1,2026-08-10 14:08:48.214425
4114,885,B,Call the trainer,f,2,2026-08-10 14:08:48.214425
4115,885,C,Pay a fee,f,3,2026-08-10 14:08:48.214425
4116,885,D,Leave the building,f,4,2026-08-10 14:08:48.214425
4117,886,A,A discount on office supplies,t,1,2026-08-10 14:08:48.214425
4118,886,B,A new store opening,f,2,2026-08-10 14:08:48.214425
4119,886,C,A delivery service,f,3,2026-08-10 14:08:48.214425
4120,886,D,A hiring event,f,4,2026-08-10 14:08:48.214425
4121,887,A,This weekend,t,1,2026-08-10 14:08:48.214425
4122,887,B,Next month,f,2,2026-08-10 14:08:48.214425
4123,887,C,Every Monday,f,3,2026-08-10 14:08:48.214425
4124,887,D,During the holidays,f,4,2026-08-10 14:08:48.214425
4125,888,A,In the store,t,1,2026-08-10 14:08:48.214425
4126,888,B,Online only,f,2,2026-08-10 14:08:48.214425
4127,888,C,At the warehouse,f,3,2026-08-10 14:08:48.214425
4128,888,D,By telephone,f,4,2026-08-10 14:08:48.214425
4129,889,A,Printer ink,t,1,2026-08-10 14:08:48.214425
4130,889,B,Notebooks,f,2,2026-08-10 14:08:48.214425
4131,889,C,Pens,f,3,2026-08-10 14:08:48.214425
4132,889,D,Folders,f,4,2026-08-10 14:08:48.214425
4133,890,A,A hotel reservation,t,1,2026-08-10 14:08:48.214425
4134,890,B,A flight reservation,f,2,2026-08-10 14:08:48.214425
4135,890,C,A restaurant booking,f,3,2026-08-10 14:08:48.214425
4136,890,D,A conference registration,f,4,2026-08-10 14:08:48.214425
4137,891,A,Three nights,t,1,2026-08-10 14:08:48.214425
4138,891,B,One night,f,2,2026-08-10 14:08:48.214425
4139,891,C,Two weeks,f,3,2026-08-10 14:08:48.214425
4140,891,D,One month,f,4,2026-08-10 14:08:48.214425
4141,892,A,Breakfast,t,1,2026-08-10 14:08:48.214425
4142,892,B,Airport transportation,f,2,2026-08-10 14:08:48.214425
4143,892,C,A rental car,f,3,2026-08-10 14:08:48.214425
4144,892,D,Lunch,f,4,2026-08-10 14:08:48.214425
4145,893,A,Contact the front desk,t,1,2026-08-10 14:08:48.214425
4146,893,B,Call the airline,f,2,2026-08-10 14:08:48.214425
4147,893,C,Visit the airport,f,3,2026-08-10 14:08:48.214425
4148,893,D,Email the restaurant,f,4,2026-08-10 14:08:48.214425
4149,894,A,For completing ten years with the company,t,1,2026-08-10 14:08:48.214425
4150,894,B,For opening a branch,f,2,2026-08-10 14:08:48.214425
4151,894,C,For winning a sales contest,f,3,2026-08-10 14:08:48.214425
4152,894,D,For retiring,f,4,2026-08-10 14:08:48.214425
4153,895,A,2016,t,1,2026-08-10 14:08:48.214425
4154,895,B,2018,f,2,2026-08-10 14:08:48.214425
4155,895,C,2020,f,3,2026-08-10 14:08:48.214425
4156,895,D,2022,f,4,2026-08-10 14:08:48.214425
4157,896,A,Eight,t,1,2026-08-10 14:08:48.214425
4158,896,B,Five,f,2,2026-08-10 14:08:48.214425
4159,896,C,Ten,f,3,2026-08-10 14:08:48.214425
4160,896,D,Twelve,f,4,2026-08-10 14:08:48.214425
4161,897,A,Friday's staff meeting,t,1,2026-08-10 14:08:48.214425
4162,897,B,Monday's meeting,f,2,2026-08-10 14:08:48.214425
4163,897,C,A customer event,f,3,2026-08-10 14:08:48.214425
4164,897,D,A training session,f,4,2026-08-10 14:08:48.214425
4165,898,A,The morning departure time,t,1,2026-08-10 14:08:48.214425
4166,898,B,The afternoon route,f,2,2026-08-10 14:08:48.214425
4167,898,C,The parking fee,f,3,2026-08-10 14:08:48.214425
4168,898,D,The shuttle location,f,4,2026-08-10 14:08:48.214425
4169,899,A,7:30 A.M.,t,1,2026-08-10 14:08:48.214425
4170,899,B,7:45 A.M.,f,2,2026-08-10 14:08:48.214425
4171,899,C,8:00 A.M.,f,3,2026-08-10 14:08:48.214425
4172,899,D,8:15 A.M.,f,4,2026-08-10 14:08:48.214425
4173,900,A,The afternoon schedule,t,1,2026-08-10 14:08:48.214425
4174,900,B,The morning schedule,f,2,2026-08-10 14:08:48.214425
4175,900,C,The parking location,f,3,2026-08-10 14:08:48.214425
4176,900,D,The driver,f,4,2026-08-10 14:08:48.214425
4177,901,A,Arrive at least five minutes early,t,1,2026-08-10 14:08:48.214425
4178,901,B,Bring lunch,f,2,2026-08-10 14:08:48.214425
4179,901,C,Call the driver,f,3,2026-08-10 14:08:48.214425
4180,901,D,Use another bus,f,4,2026-08-10 14:08:48.214425
4181,902,A,The proposal deadline,t,1,2026-08-10 14:08:48.214425
4182,902,B,The campaign budget,f,2,2026-08-10 14:08:48.214425
4183,902,C,The meeting time,f,3,2026-08-10 14:08:48.214425
4184,902,D,The hiring period,f,4,2026-08-10 14:08:48.214425
4185,903,A,Departments needed more review time,t,1,2026-08-10 14:08:48.214425
4186,903,B,The campaign was canceled,f,2,2026-08-10 14:08:48.214425
4187,903,C,The manager was absent,f,3,2026-08-10 14:08:48.214425
4188,903,D,The office was closed,f,4,2026-08-10 14:08:48.214425
4189,904,A,June 24,t,1,2026-08-10 14:08:48.214425
4190,904,B,June 28,f,2,2026-08-10 14:08:48.214425
4191,904,C,July 24,f,3,2026-08-10 14:08:48.214425
4192,904,D,May 28,f,4,2026-08-10 14:08:48.214425
4193,905,A,extra,t,1,2026-08-10 14:08:48.214425
4194,905,B,final,f,2,2026-08-10 14:08:48.214425
4195,905,C,urgent,f,3,2026-08-10 14:08:48.214425
4196,905,D,private,f,4,2026-08-10 14:08:48.214425
4197,906,A,An office renovation,t,1,2026-08-10 14:08:48.214425
4198,906,B,A new hiring plan,f,2,2026-08-10 14:08:48.214425
4199,906,C,A sales campaign,f,3,2026-08-10 14:08:48.214425
4200,906,D,A training program,f,4,2026-08-10 14:08:48.214425
4201,907,A,August 17,t,1,2026-08-10 14:08:48.214425
4202,907,B,August 18,f,2,2026-08-10 14:08:48.214425
4203,907,C,August 22,f,3,2026-08-10 14:08:48.214425
4204,907,D,September 17,f,4,2026-08-10 14:08:48.214425
4205,908,A,On the fourth floor,t,1,2026-08-10 14:08:48.214425
4206,908,B,At home,f,2,2026-08-10 14:08:48.214425
4207,908,C,In the lobby,f,3,2026-08-10 14:08:48.214425
4208,908,D,At another company,f,4,2026-08-10 14:08:48.214425
4209,909,A,repaired and improved,t,1,2026-08-10 14:08:48.214425
4210,909,B,closed permanently,f,2,2026-08-10 14:08:48.214425
4211,909,C,sold quickly,f,3,2026-08-10 14:08:48.214425
4212,909,D,moved overseas,f,4,2026-08-10 14:08:48.214425
4213,910,A,To provide an order update,t,1,2026-08-10 14:08:48.214425
4214,910,B,To cancel an order,f,2,2026-08-10 14:08:48.214425
4215,910,C,To advertise a product,f,3,2026-08-10 14:08:48.214425
4216,910,D,To request payment,f,4,2026-08-10 14:08:48.214425
4217,911,A,Two wireless keyboards,t,1,2026-08-10 14:08:48.214425
4218,911,B,A computer monitor,f,2,2026-08-10 14:08:48.214425
4219,911,C,Two printers,f,3,2026-08-10 14:08:48.214425
4220,911,D,A software license,f,4,2026-08-10 14:08:48.214425
4221,912,A,Thursday,t,1,2026-08-10 14:08:48.214425
4222,912,B,Monday,f,2,2026-08-10 14:08:48.214425
4223,912,C,Friday,f,3,2026-08-10 14:08:48.214425
4224,912,D,Next month,f,4,2026-08-10 14:08:48.214425
4225,913,A,Administrative assistant,t,1,2026-08-10 14:08:48.214425
4226,913,B,Sales manager,f,2,2026-08-10 14:08:48.214425
4227,913,C,Accountant,f,3,2026-08-10 14:08:48.214425
4228,913,D,Receptionist,f,4,2026-08-10 14:08:48.214425
4229,914,A,At least two years of office experience,t,1,2026-08-10 14:08:48.214425
4230,914,B,Five years of sales experience,f,2,2026-08-10 14:08:48.214425
4231,914,C,A university degree only,f,3,2026-08-10 14:08:48.214425
4232,914,D,No previous experience,f,4,2026-08-10 14:08:48.214425
4233,915,A,September 5,t,1,2026-08-10 14:08:48.214425
4234,915,B,August 5,f,2,2026-08-10 14:08:48.214425
4235,915,C,September 15,f,3,2026-08-10 14:08:48.214425
4236,915,D,October 5,f,4,2026-08-10 14:08:48.214425
4237,916,A,Using spreadsheet software,t,1,2026-08-10 14:08:48.214425
4238,916,B,Editing videos,f,2,2026-08-10 14:08:48.214425
4239,916,C,Programming websites,f,3,2026-08-10 14:08:48.214425
4240,916,D,Designing buildings,f,4,2026-08-10 14:08:48.214425
4241,917,A,A training session,t,1,2026-08-10 14:08:48.214425
4242,917,B,A staff party,f,2,2026-08-10 14:08:48.214425
4243,917,C,A product launch,f,3,2026-08-10 14:08:48.214425
4244,917,D,A job interview,f,4,2026-08-10 14:08:48.214425
4245,918,A,Room 204,t,1,2026-08-10 14:08:48.214425
4246,918,B,Room 104,f,2,2026-08-10 14:08:48.214425
4247,918,C,The cafeteria,f,3,2026-08-10 14:08:48.214425
4248,918,D,The main lobby,f,4,2026-08-10 14:08:48.214425
4249,919,A,Identification cards,t,1,2026-08-10 14:08:48.214425
4250,919,B,Laptops only,f,2,2026-08-10 14:08:48.214425
4251,919,C,Printed contracts,f,3,2026-08-10 14:08:48.214425
4252,919,D,Travel documents,f,4,2026-08-10 14:08:48.214425
4253,920,A,Complete an online exercise,t,1,2026-08-10 14:08:48.214425
4254,920,B,Call the trainer,f,2,2026-08-10 14:08:48.214425
4255,920,C,Pay a fee,f,3,2026-08-10 14:08:48.214425
4256,920,D,Leave the building,f,4,2026-08-10 14:08:48.214425
4257,921,A,A discount on office supplies,t,1,2026-08-10 14:08:48.214425
4258,921,B,A new store opening,f,2,2026-08-10 14:08:48.214425
4259,921,C,A delivery service,f,3,2026-08-10 14:08:48.214425
4260,921,D,A hiring event,f,4,2026-08-10 14:08:48.214425
4261,922,A,This weekend,t,1,2026-08-10 14:08:48.214425
4262,922,B,Next month,f,2,2026-08-10 14:08:48.214425
4263,922,C,Every Monday,f,3,2026-08-10 14:08:48.214425
4264,922,D,During the holidays,f,4,2026-08-10 14:08:48.214425
4265,923,A,In the store,t,1,2026-08-10 14:08:48.214425
4266,923,B,Online only,f,2,2026-08-10 14:08:48.214425
4267,923,C,At the warehouse,f,3,2026-08-10 14:08:48.214425
4268,923,D,By telephone,f,4,2026-08-10 14:08:48.214425
4269,924,A,Printer ink,t,1,2026-08-10 14:08:48.214425
4270,924,B,Notebooks,f,2,2026-08-10 14:08:48.214425
4271,924,C,Pens,f,3,2026-08-10 14:08:48.214425
4272,924,D,Folders,f,4,2026-08-10 14:08:48.214425
4273,925,A,A hotel reservation,t,1,2026-08-10 14:08:48.214425
4274,925,B,A flight reservation,f,2,2026-08-10 14:08:48.214425
4275,925,C,A restaurant booking,f,3,2026-08-10 14:08:48.214425
4276,925,D,A conference registration,f,4,2026-08-10 14:08:48.214425
4277,926,A,Three nights,t,1,2026-08-10 14:08:48.214425
4278,926,B,One night,f,2,2026-08-10 14:08:48.214425
4279,926,C,Two weeks,f,3,2026-08-10 14:08:48.214425
4280,926,D,One month,f,4,2026-08-10 14:08:48.214425
4281,927,A,Breakfast,t,1,2026-08-10 14:08:48.214425
4282,927,B,Airport transportation,f,2,2026-08-10 14:08:48.214425
4283,927,C,A rental car,f,3,2026-08-10 14:08:48.214425
4284,927,D,Lunch,f,4,2026-08-10 14:08:48.214425
4285,928,A,Contact the front desk,t,1,2026-08-10 14:08:48.214425
4286,928,B,Call the airline,f,2,2026-08-10 14:08:48.214425
4287,928,C,Visit the airport,f,3,2026-08-10 14:08:48.214425
4288,928,D,Email the restaurant,f,4,2026-08-10 14:08:48.214425
4289,929,A,For completing ten years with the company,t,1,2026-08-10 14:08:48.214425
4290,929,B,For opening a branch,f,2,2026-08-10 14:08:48.214425
4291,929,C,For winning a sales contest,f,3,2026-08-10 14:08:48.214425
4292,929,D,For retiring,f,4,2026-08-10 14:08:48.214425
4293,930,A,2016,t,1,2026-08-10 14:08:48.214425
4294,930,B,2018,f,2,2026-08-10 14:08:48.214425
4295,930,C,2020,f,3,2026-08-10 14:08:48.214425
4296,930,D,2022,f,4,2026-08-10 14:08:48.214425
4297,931,A,Eight,t,1,2026-08-10 14:08:48.214425
4298,931,B,Five,f,2,2026-08-10 14:08:48.214425
4299,931,C,Ten,f,3,2026-08-10 14:08:48.214425
4300,931,D,Twelve,f,4,2026-08-10 14:08:48.214425
4301,932,A,Friday's staff meeting,t,1,2026-08-10 14:08:48.214425
4302,932,B,Monday's meeting,f,2,2026-08-10 14:08:48.214425
4303,932,C,A customer event,f,3,2026-08-10 14:08:48.214425
4304,932,D,A training session,f,4,2026-08-10 14:08:48.214425
4305,933,A,The morning departure time,t,1,2026-08-10 14:08:48.214425
4306,933,B,The afternoon route,f,2,2026-08-10 14:08:48.214425
4307,933,C,The parking fee,f,3,2026-08-10 14:08:48.214425
4308,933,D,The shuttle location,f,4,2026-08-10 14:08:48.214425
4309,934,A,7:30 A.M.,t,1,2026-08-10 14:08:48.214425
4310,934,B,7:45 A.M.,f,2,2026-08-10 14:08:48.214425
4311,934,C,8:00 A.M.,f,3,2026-08-10 14:08:48.214425
4312,934,D,8:15 A.M.,f,4,2026-08-10 14:08:48.214425
4313,935,A,The afternoon schedule,t,1,2026-08-10 14:08:48.214425
4314,935,B,The morning schedule,f,2,2026-08-10 14:08:48.214425
4315,935,C,The parking location,f,3,2026-08-10 14:08:48.214425
4316,935,D,The driver,f,4,2026-08-10 14:08:48.214425
4317,936,A,Arrive at least five minutes early,t,1,2026-08-10 14:08:48.214425
4318,936,B,Bring lunch,f,2,2026-08-10 14:08:48.214425
4319,936,C,Call the driver,f,3,2026-08-10 14:08:48.214425
4320,936,D,Use another bus,f,4,2026-08-10 14:08:48.214425
4321,937,A,The proposal deadline,t,1,2026-08-10 14:08:48.214425
4322,937,B,The campaign budget,f,2,2026-08-10 14:08:48.214425
4323,937,C,The meeting time,f,3,2026-08-10 14:08:48.214425
4324,937,D,The hiring period,f,4,2026-08-10 14:08:48.214425
4325,938,A,Departments needed more review time,t,1,2026-08-10 14:08:48.214425
4326,938,B,The campaign was canceled,f,2,2026-08-10 14:08:48.214425
4327,938,C,The manager was absent,f,3,2026-08-10 14:08:48.214425
4328,938,D,The office was closed,f,4,2026-08-10 14:08:48.214425
4329,939,A,June 24,t,1,2026-08-10 14:08:48.214425
4330,939,B,June 28,f,2,2026-08-10 14:08:48.214425
4331,939,C,July 24,f,3,2026-08-10 14:08:48.214425
4332,939,D,May 28,f,4,2026-08-10 14:08:48.214425
4333,940,A,extra,t,1,2026-08-10 14:08:48.214425
4334,940,B,final,f,2,2026-08-10 14:08:48.214425
4335,940,C,urgent,f,3,2026-08-10 14:08:48.214425
4336,940,D,private,f,4,2026-08-10 14:08:48.214425
4337,941,A,An office renovation,t,1,2026-08-10 14:08:48.214425
4338,941,B,A new hiring plan,f,2,2026-08-10 14:08:48.214425
4339,941,C,A sales campaign,f,3,2026-08-10 14:08:48.214425
4340,941,D,A training program,f,4,2026-08-10 14:08:48.214425
4341,942,A,August 17,t,1,2026-08-10 14:08:48.214425
4342,942,B,August 18,f,2,2026-08-10 14:08:48.214425
4343,942,C,August 22,f,3,2026-08-10 14:08:48.214425
4344,942,D,September 17,f,4,2026-08-10 14:08:48.214425
4345,943,A,On the fourth floor,t,1,2026-08-10 14:08:48.214425
4346,943,B,At home,f,2,2026-08-10 14:08:48.214425
4347,943,C,In the lobby,f,3,2026-08-10 14:08:48.214425
4348,943,D,At another company,f,4,2026-08-10 14:08:48.214425
4349,944,A,repaired and improved,t,1,2026-08-10 14:08:48.214425
4350,944,B,closed permanently,f,2,2026-08-10 14:08:48.214425
4351,944,C,sold quickly,f,3,2026-08-10 14:08:48.214425
4352,944,D,moved overseas,f,4,2026-08-10 14:08:48.214425
4353,945,A,To provide an order update,t,1,2026-08-10 14:08:48.214425
4354,945,B,To cancel an order,f,2,2026-08-10 14:08:48.214425
4355,945,C,To advertise a product,f,3,2026-08-10 14:08:48.214425
4356,945,D,To request payment,f,4,2026-08-10 14:08:48.214425
4357,946,A,Two wireless keyboards,t,1,2026-08-10 14:08:48.214425
4358,946,B,A computer monitor,f,2,2026-08-10 14:08:48.214425
4359,946,C,Two printers,f,3,2026-08-10 14:08:48.214425
4360,946,D,A software license,f,4,2026-08-10 14:08:48.214425
4361,947,A,Thursday,t,1,2026-08-10 14:08:48.214425
4362,947,B,Monday,f,2,2026-08-10 14:08:48.214425
4363,947,C,Friday,f,3,2026-08-10 14:08:48.214425
4364,947,D,Next month,f,4,2026-08-10 14:08:48.214425
4365,948,A,Administrative assistant,t,1,2026-08-10 14:08:48.214425
4366,948,B,Sales manager,f,2,2026-08-10 14:08:48.214425
4367,948,C,Accountant,f,3,2026-08-10 14:08:48.214425
4368,948,D,Receptionist,f,4,2026-08-10 14:08:48.214425
4369,949,A,At least two years of office experience,t,1,2026-08-10 14:08:48.214425
4370,949,B,Five years of sales experience,f,2,2026-08-10 14:08:48.214425
4371,949,C,A university degree only,f,3,2026-08-10 14:08:48.214425
4372,949,D,No previous experience,f,4,2026-08-10 14:08:48.214425
4373,950,A,September 5,t,1,2026-08-10 14:08:48.214425
4374,950,B,August 5,f,2,2026-08-10 14:08:48.214425
4375,950,C,September 15,f,3,2026-08-10 14:08:48.214425
4376,950,D,October 5,f,4,2026-08-10 14:08:48.214425
4377,951,A,Using spreadsheet software,t,1,2026-08-10 14:08:48.214425
4378,951,B,Editing videos,f,2,2026-08-10 14:08:48.214425
4379,951,C,Programming websites,f,3,2026-08-10 14:08:48.214425
4380,951,D,Designing buildings,f,4,2026-08-10 14:08:48.214425
4381,952,A,A training session,t,1,2026-08-10 14:08:48.214425
4382,952,B,A staff party,f,2,2026-08-10 14:08:48.214425
4383,952,C,A product launch,f,3,2026-08-10 14:08:48.214425
4384,952,D,A job interview,f,4,2026-08-10 14:08:48.214425
4385,953,A,Room 204,t,1,2026-08-10 14:08:48.214425
4386,953,B,Room 104,f,2,2026-08-10 14:08:48.214425
4387,953,C,The cafeteria,f,3,2026-08-10 14:08:48.214425
4388,953,D,The main lobby,f,4,2026-08-10 14:08:48.214425
4389,954,A,Identification cards,t,1,2026-08-10 14:08:48.214425
4390,954,B,Laptops only,f,2,2026-08-10 14:08:48.214425
4391,954,C,Printed contracts,f,3,2026-08-10 14:08:48.214425
4392,954,D,Travel documents,f,4,2026-08-10 14:08:48.214425
4393,955,A,Complete an online exercise,t,1,2026-08-10 14:08:48.214425
4394,955,B,Call the trainer,f,2,2026-08-10 14:08:48.214425
4395,955,C,Pay a fee,f,3,2026-08-10 14:08:48.214425
4396,955,D,Leave the building,f,4,2026-08-10 14:08:48.214425
4397,956,A,A discount on office supplies,t,1,2026-08-10 14:08:48.214425
4398,956,B,A new store opening,f,2,2026-08-10 14:08:48.214425
4399,956,C,A delivery service,f,3,2026-08-10 14:08:48.214425
4400,956,D,A hiring event,f,4,2026-08-10 14:08:48.214425
4401,957,A,This weekend,t,1,2026-08-10 14:08:48.214425
4402,957,B,Next month,f,2,2026-08-10 14:08:48.214425
4403,957,C,Every Monday,f,3,2026-08-10 14:08:48.214425
4404,957,D,During the holidays,f,4,2026-08-10 14:08:48.214425
4405,958,A,In the store,t,1,2026-08-10 14:08:48.214425
4406,958,B,Online only,f,2,2026-08-10 14:08:48.214425
4407,958,C,At the warehouse,f,3,2026-08-10 14:08:48.214425
4408,958,D,By telephone,f,4,2026-08-10 14:08:48.214425
4409,959,A,Printer ink,t,1,2026-08-10 14:08:48.214425
4410,959,B,Notebooks,f,2,2026-08-10 14:08:48.214425
4411,959,C,Pens,f,3,2026-08-10 14:08:48.214425
4412,959,D,Folders,f,4,2026-08-10 14:08:48.214425
4413,960,A,A hotel reservation,t,1,2026-08-10 14:08:48.214425
4414,960,B,A flight reservation,f,2,2026-08-10 14:08:48.214425
4415,960,C,A restaurant booking,f,3,2026-08-10 14:08:48.214425
4416,960,D,A conference registration,f,4,2026-08-10 14:08:48.214425
4417,961,A,Three nights,t,1,2026-08-10 14:08:48.214425
4418,961,B,One night,f,2,2026-08-10 14:08:48.214425
4419,961,C,Two weeks,f,3,2026-08-10 14:08:48.214425
4420,961,D,One month,f,4,2026-08-10 14:08:48.214425
4421,962,A,Breakfast,t,1,2026-08-10 14:08:48.214425
4422,962,B,Airport transportation,f,2,2026-08-10 14:08:48.214425
4423,962,C,A rental car,f,3,2026-08-10 14:08:48.214425
4424,962,D,Lunch,f,4,2026-08-10 14:08:48.214425
4425,963,A,Contact the front desk,t,1,2026-08-10 14:08:48.214425
4426,963,B,Call the airline,f,2,2026-08-10 14:08:48.214425
4427,963,C,Visit the airport,f,3,2026-08-10 14:08:48.214425
4428,963,D,Email the restaurant,f,4,2026-08-10 14:08:48.214425
4429,964,A,For completing ten years with the company,t,1,2026-08-10 14:08:48.214425
4430,964,B,For opening a branch,f,2,2026-08-10 14:08:48.214425
4431,964,C,For winning a sales contest,f,3,2026-08-10 14:08:48.214425
4432,964,D,For retiring,f,4,2026-08-10 14:08:48.214425
4433,965,A,2016,t,1,2026-08-10 14:08:48.214425
4434,965,B,2018,f,2,2026-08-10 14:08:48.214425
4435,965,C,2020,f,3,2026-08-10 14:08:48.214425
4436,965,D,2022,f,4,2026-08-10 14:08:48.214425
4437,966,A,Eight,t,1,2026-08-10 14:08:48.214425
4438,966,B,Five,f,2,2026-08-10 14:08:48.214425
4439,966,C,Ten,f,3,2026-08-10 14:08:48.214425
4440,966,D,Twelve,f,4,2026-08-10 14:08:48.214425
4441,967,A,Friday's staff meeting,t,1,2026-08-10 14:08:48.214425
4442,967,B,Monday's meeting,f,2,2026-08-10 14:08:48.214425
4443,967,C,A customer event,f,3,2026-08-10 14:08:48.214425
4444,967,D,A training session,f,4,2026-08-10 14:08:48.214425
4445,968,A,The morning departure time,t,1,2026-08-10 14:08:48.214425
4446,968,B,The afternoon route,f,2,2026-08-10 14:08:48.214425
4447,968,C,The parking fee,f,3,2026-08-10 14:08:48.214425
4448,968,D,The shuttle location,f,4,2026-08-10 14:08:48.214425
4449,969,A,7:30 A.M.,t,1,2026-08-10 14:08:48.214425
4450,969,B,7:45 A.M.,f,2,2026-08-10 14:08:48.214425
4451,969,C,8:00 A.M.,f,3,2026-08-10 14:08:48.214425
4452,969,D,8:15 A.M.,f,4,2026-08-10 14:08:48.214425
4453,970,A,The afternoon schedule,t,1,2026-08-10 14:08:48.214425
4454,970,B,The morning schedule,f,2,2026-08-10 14:08:48.214425
4455,970,C,The parking location,f,3,2026-08-10 14:08:48.214425
4456,970,D,The driver,f,4,2026-08-10 14:08:48.214425
4457,971,A,Arrive at least five minutes early,t,1,2026-08-10 14:08:48.214425
4458,971,B,Bring lunch,f,2,2026-08-10 14:08:48.214425
4459,971,C,Call the driver,f,3,2026-08-10 14:08:48.214425
4460,971,D,Use another bus,f,4,2026-08-10 14:08:48.214425
4461,972,A,The proposal deadline,t,1,2026-08-10 14:08:48.214425
4462,972,B,The campaign budget,f,2,2026-08-10 14:08:48.214425
4463,972,C,The meeting time,f,3,2026-08-10 14:08:48.214425
4464,972,D,The hiring period,f,4,2026-08-10 14:08:48.214425
4465,973,A,Departments needed more review time,t,1,2026-08-10 14:08:48.214425
4466,973,B,The campaign was canceled,f,2,2026-08-10 14:08:48.214425
4467,973,C,The manager was absent,f,3,2026-08-10 14:08:48.214425
4468,973,D,The office was closed,f,4,2026-08-10 14:08:48.214425
4469,974,A,June 24,t,1,2026-08-10 14:08:48.214425
4470,974,B,June 28,f,2,2026-08-10 14:08:48.214425
4471,974,C,July 24,f,3,2026-08-10 14:08:48.214425
4472,974,D,May 28,f,4,2026-08-10 14:08:48.214425
4473,975,A,extra,t,1,2026-08-10 14:08:48.214425
4474,975,B,final,f,2,2026-08-10 14:08:48.214425
4475,975,C,urgent,f,3,2026-08-10 14:08:48.214425
4476,975,D,private,f,4,2026-08-10 14:08:48.214425
4477,976,A,An office renovation,t,1,2026-08-10 14:08:48.214425
4478,976,B,A new hiring plan,f,2,2026-08-10 14:08:48.214425
4479,976,C,A sales campaign,f,3,2026-08-10 14:08:48.214425
4480,976,D,A training program,f,4,2026-08-10 14:08:48.214425
4481,977,A,August 17,t,1,2026-08-10 14:08:48.214425
4482,977,B,August 18,f,2,2026-08-10 14:08:48.214425
4483,977,C,August 22,f,3,2026-08-10 14:08:48.214425
4484,977,D,September 17,f,4,2026-08-10 14:08:48.214425
4485,978,A,On the fourth floor,t,1,2026-08-10 14:08:48.214425
4486,978,B,At home,f,2,2026-08-10 14:08:48.214425
4487,978,C,In the lobby,f,3,2026-08-10 14:08:48.214425
4488,978,D,At another company,f,4,2026-08-10 14:08:48.214425
4489,979,A,repaired and improved,t,1,2026-08-10 14:08:48.214425
4490,979,B,closed permanently,f,2,2026-08-10 14:08:48.214425
4491,979,C,sold quickly,f,3,2026-08-10 14:08:48.214425
4492,979,D,moved overseas,f,4,2026-08-10 14:08:48.214425
4493,980,A,To provide an order update,t,1,2026-08-10 14:08:48.214425
4494,980,B,To cancel an order,f,2,2026-08-10 14:08:48.214425
4495,980,C,To advertise a product,f,3,2026-08-10 14:08:48.214425
4496,980,D,To request payment,f,4,2026-08-10 14:08:48.214425
4497,981,A,Two wireless keyboards,t,1,2026-08-10 14:08:48.214425
4498,981,B,A computer monitor,f,2,2026-08-10 14:08:48.214425
4499,981,C,Two printers,f,3,2026-08-10 14:08:48.214425
4500,981,D,A software license,f,4,2026-08-10 14:08:48.214425
4501,982,A,Thursday,t,1,2026-08-10 14:08:48.214425
4502,982,B,Monday,f,2,2026-08-10 14:08:48.214425
4503,982,C,Friday,f,3,2026-08-10 14:08:48.214425
4504,982,D,Next month,f,4,2026-08-10 14:08:48.214425
4505,983,A,Administrative assistant,t,1,2026-08-10 14:08:48.214425
4506,983,B,Sales manager,f,2,2026-08-10 14:08:48.214425
4507,983,C,Accountant,f,3,2026-08-10 14:08:48.214425
4508,983,D,Receptionist,f,4,2026-08-10 14:08:48.214425
4509,984,A,At least two years of office experience,t,1,2026-08-10 14:08:48.214425
4510,984,B,Five years of sales experience,f,2,2026-08-10 14:08:48.214425
4511,984,C,A university degree only,f,3,2026-08-10 14:08:48.214425
4512,984,D,No previous experience,f,4,2026-08-10 14:08:48.214425
4513,985,A,September 5,t,1,2026-08-10 14:08:48.214425
4514,985,B,August 5,f,2,2026-08-10 14:08:48.214425
4515,985,C,September 15,f,3,2026-08-10 14:08:48.214425
4516,985,D,October 5,f,4,2026-08-10 14:08:48.214425
4517,986,A,Using spreadsheet software,t,1,2026-08-10 14:08:48.214425
4518,986,B,Editing videos,f,2,2026-08-10 14:08:48.214425
4519,986,C,Programming websites,f,3,2026-08-10 14:08:48.214425
4520,986,D,Designing buildings,f,4,2026-08-10 14:08:48.214425
4521,987,A,A training session,t,1,2026-08-10 14:08:48.214425
4522,987,B,A staff party,f,2,2026-08-10 14:08:48.214425
4523,987,C,A product launch,f,3,2026-08-10 14:08:48.214425
4524,987,D,A job interview,f,4,2026-08-10 14:08:48.214425
4525,988,A,Room 204,t,1,2026-08-10 14:08:48.214425
4526,988,B,Room 104,f,2,2026-08-10 14:08:48.214425
4527,988,C,The cafeteria,f,3,2026-08-10 14:08:48.214425
4528,988,D,The main lobby,f,4,2026-08-10 14:08:48.214425
4529,989,A,Identification cards,t,1,2026-08-10 14:08:48.214425
4530,989,B,Laptops only,f,2,2026-08-10 14:08:48.214425
4531,989,C,Printed contracts,f,3,2026-08-10 14:08:48.214425
4532,989,D,Travel documents,f,4,2026-08-10 14:08:48.214425
4533,990,A,Complete an online exercise,t,1,2026-08-10 14:08:48.214425
4534,990,B,Call the trainer,f,2,2026-08-10 14:08:48.214425
4535,990,C,Pay a fee,f,3,2026-08-10 14:08:48.214425
4536,990,D,Leave the building,f,4,2026-08-10 14:08:48.214425
4537,991,A,A discount on office supplies,t,1,2026-08-10 14:08:48.214425
4538,991,B,A new store opening,f,2,2026-08-10 14:08:48.214425
4539,991,C,A delivery service,f,3,2026-08-10 14:08:48.214425
4540,991,D,A hiring event,f,4,2026-08-10 14:08:48.214425
4541,992,A,This weekend,t,1,2026-08-10 14:08:48.214425
4542,992,B,Next month,f,2,2026-08-10 14:08:48.214425
4543,992,C,Every Monday,f,3,2026-08-10 14:08:48.214425
4544,992,D,During the holidays,f,4,2026-08-10 14:08:48.214425
4545,993,A,In the store,t,1,2026-08-10 14:08:48.214425
4546,993,B,Online only,f,2,2026-08-10 14:08:48.214425
4547,993,C,At the warehouse,f,3,2026-08-10 14:08:48.214425
4548,993,D,By telephone,f,4,2026-08-10 14:08:48.214425
4549,994,A,Printer ink,t,1,2026-08-10 14:08:48.214425
4550,994,B,Notebooks,f,2,2026-08-10 14:08:48.214425
4551,994,C,Pens,f,3,2026-08-10 14:08:48.214425
4552,994,D,Folders,f,4,2026-08-10 14:08:48.214425
4553,995,A,Thông tin phù hợp với nội dung bài đọc,t,1,2026-08-10 14:08:48.214425
4554,995,B,Thông tin không được đề cập,f,2,2026-08-10 14:08:48.214425
4555,995,C,Thông tin trái với bài đọc,f,3,2026-08-10 14:08:48.214425
4556,995,D,Thông tin thuộc một tình huống khác,f,4,2026-08-10 14:08:48.214425
4557,996,A,Thông tin phù hợp với nội dung bài đọc,t,1,2026-08-10 14:08:48.214425
4558,996,B,Thông tin không được đề cập,f,2,2026-08-10 14:08:48.214425
4559,996,C,Thông tin trái với bài đọc,f,3,2026-08-10 14:08:48.214425
4560,996,D,Thông tin thuộc một tình huống khác,f,4,2026-08-10 14:08:48.214425
4561,997,A,Thông tin phù hợp với nội dung bài đọc,t,1,2026-08-10 14:08:48.214425
4562,997,B,Thông tin không được đề cập,f,2,2026-08-10 14:08:48.214425
4563,997,C,Thông tin trái với bài đọc,f,3,2026-08-10 14:08:48.214425
4564,997,D,Thông tin thuộc một tình huống khác,f,4,2026-08-10 14:08:48.214425
4565,998,A,Thông tin phù hợp với nội dung bài đọc,t,1,2026-08-10 14:08:48.214425
4566,998,B,Thông tin không được đề cập,f,2,2026-08-10 14:08:48.214425
4567,998,C,Thông tin trái với bài đọc,f,3,2026-08-10 14:08:48.214425
4568,998,D,Thông tin thuộc một tình huống khác,f,4,2026-08-10 14:08:48.214425
4569,999,A,Thông tin phù hợp với nội dung bài đọc,t,1,2026-08-10 14:08:48.214425
4570,999,B,Thông tin không được đề cập,f,2,2026-08-10 14:08:48.214425
4571,999,C,Thông tin trái với bài đọc,f,3,2026-08-10 14:08:48.214425
4572,999,D,Thông tin thuộc một tình huống khác,f,4,2026-08-10 14:08:48.214425
4573,1000,A,Thông tin phù hợp với nội dung bài đọc,t,1,2026-08-10 14:08:48.214425
4574,1000,B,Thông tin không được đề cập,f,2,2026-08-10 14:08:48.214425
4575,1000,C,Thông tin trái với bài đọc,f,3,2026-08-10 14:08:48.214425
4576,1000,D,Thông tin thuộc một tình huống khác,f,4,2026-08-10 14:08:48.214425
4577,1001,A,Thông tin phù hợp với nội dung bài đọc,t,1,2026-08-10 14:08:48.214425
4578,1001,B,Thông tin không được đề cập,f,2,2026-08-10 14:08:48.214425
4579,1001,C,Thông tin trái với bài đọc,f,3,2026-08-10 14:08:48.214425
4580,1001,D,Thông tin thuộc một tình huống khác,f,4,2026-08-10 14:08:48.214425
4581,1002,A,Thông tin phù hợp với nội dung bài đọc,t,1,2026-08-10 14:08:48.214425
4582,1002,B,Thông tin không được đề cập,f,2,2026-08-10 14:08:48.214425
4583,1002,C,Thông tin trái với bài đọc,f,3,2026-08-10 14:08:48.214425
4584,1002,D,Thông tin thuộc một tình huống khác,f,4,2026-08-10 14:08:48.214425
4585,1003,A,Thông tin phù hợp với nội dung bài đọc,t,1,2026-08-10 14:08:48.214425
4586,1003,B,Thông tin không được đề cập,f,2,2026-08-10 14:08:48.214425
4587,1003,C,Thông tin trái với bài đọc,f,3,2026-08-10 14:08:48.214425
4588,1003,D,Thông tin thuộc một tình huống khác,f,4,2026-08-10 14:08:48.214425
4589,1004,A,Thông tin phù hợp với nội dung bài đọc,t,1,2026-08-10 14:08:48.214425
4590,1004,B,Thông tin không được đề cập,f,2,2026-08-10 14:08:48.214425
4591,1004,C,Thông tin trái với bài đọc,f,3,2026-08-10 14:08:48.214425
4592,1004,D,Thông tin thuộc một tình huống khác,f,4,2026-08-10 14:08:48.214425
4593,1005,A,Thông tin phù hợp với nội dung bài đọc,t,1,2026-08-10 14:08:48.214425
4594,1005,B,Thông tin không được đề cập,f,2,2026-08-10 14:08:48.214425
4595,1005,C,Thông tin trái với bài đọc,f,3,2026-08-10 14:08:48.214425
4596,1005,D,Thông tin thuộc một tình huống khác,f,4,2026-08-10 14:08:48.214425
4597,1006,A,Thông tin phù hợp với nội dung bài đọc,t,1,2026-08-10 14:08:48.214425
4598,1006,B,Thông tin không được đề cập,f,2,2026-08-10 14:08:48.214425
4599,1006,C,Thông tin trái với bài đọc,f,3,2026-08-10 14:08:48.214425
4600,1006,D,Thông tin thuộc một tình huống khác,f,4,2026-08-10 14:08:48.214425
4601,1007,A,Thông tin phù hợp với nội dung bài đọc,t,1,2026-08-10 14:08:48.214425
4602,1007,B,Thông tin không được đề cập,f,2,2026-08-10 14:08:48.214425
4603,1007,C,Thông tin trái với bài đọc,f,3,2026-08-10 14:08:48.214425
4604,1007,D,Thông tin thuộc một tình huống khác,f,4,2026-08-10 14:08:48.214425
4605,1008,A,Thông tin phù hợp với nội dung bài đọc,t,1,2026-08-10 14:08:48.214425
4606,1008,B,Thông tin không được đề cập,f,2,2026-08-10 14:08:48.214425
4607,1008,C,Thông tin trái với bài đọc,f,3,2026-08-10 14:08:48.214425
4608,1008,D,Thông tin thuộc một tình huống khác,f,4,2026-08-10 14:08:48.214425
4609,1009,A,Thông tin phù hợp với nội dung bài đọc,t,1,2026-08-10 14:08:48.214425
4610,1009,B,Thông tin không được đề cập,f,2,2026-08-10 14:08:48.214425
4611,1009,C,Thông tin trái với bài đọc,f,3,2026-08-10 14:08:48.214425
4612,1009,D,Thông tin thuộc một tình huống khác,f,4,2026-08-10 14:08:48.214425
4613,1010,A,Thông tin phù hợp với nội dung bài đọc,t,1,2026-08-10 14:08:48.214425
4614,1010,B,Thông tin không được đề cập,f,2,2026-08-10 14:08:48.214425
4615,1010,C,Thông tin trái với bài đọc,f,3,2026-08-10 14:08:48.214425
4616,1010,D,Thông tin thuộc một tình huống khác,f,4,2026-08-10 14:08:48.214425
4617,1011,A,Thông tin phù hợp với nội dung bài đọc,t,1,2026-08-10 14:08:48.214425
4618,1011,B,Thông tin không được đề cập,f,2,2026-08-10 14:08:48.214425
4619,1011,C,Thông tin trái với bài đọc,f,3,2026-08-10 14:08:48.214425
4620,1011,D,Thông tin thuộc một tình huống khác,f,4,2026-08-10 14:08:48.214425
4621,1012,A,Thông tin phù hợp với nội dung bài đọc,t,1,2026-08-10 14:08:48.214425
4622,1012,B,Thông tin không được đề cập,f,2,2026-08-10 14:08:48.214425
4623,1012,C,Thông tin trái với bài đọc,f,3,2026-08-10 14:08:48.214425
4624,1012,D,Thông tin thuộc một tình huống khác,f,4,2026-08-10 14:08:48.214425
4625,1013,A,Thông tin phù hợp với nội dung bài đọc,t,1,2026-08-10 14:08:48.214425
4626,1013,B,Thông tin không được đề cập,f,2,2026-08-10 14:08:48.214425
4627,1013,C,Thông tin trái với bài đọc,f,3,2026-08-10 14:08:48.214425
4628,1013,D,Thông tin thuộc một tình huống khác,f,4,2026-08-10 14:08:48.214425
4629,1014,A,Thông tin phù hợp với nội dung bài đọc,t,1,2026-08-10 14:08:48.214425
4630,1014,B,Thông tin không được đề cập,f,2,2026-08-10 14:08:48.214425
4631,1014,C,Thông tin trái với bài đọc,f,3,2026-08-10 14:08:48.214425
4632,1014,D,Thông tin thuộc một tình huống khác,f,4,2026-08-10 14:08:48.214425
4633,1015,A,Thông tin phù hợp với nội dung bài đọc,t,1,2026-08-10 14:08:48.214425
4634,1015,B,Thông tin không được đề cập,f,2,2026-08-10 14:08:48.214425
4635,1015,C,Thông tin trái với bài đọc,f,3,2026-08-10 14:08:48.214425
4636,1015,D,Thông tin thuộc một tình huống khác,f,4,2026-08-10 14:08:48.214425
4637,1016,A,Thông tin phù hợp với nội dung bài đọc,t,1,2026-08-10 14:08:48.214425
4638,1016,B,Thông tin không được đề cập,f,2,2026-08-10 14:08:48.214425
4639,1016,C,Thông tin trái với bài đọc,f,3,2026-08-10 14:08:48.214425
4640,1016,D,Thông tin thuộc một tình huống khác,f,4,2026-08-10 14:08:48.214425
4641,1017,A,Thông tin phù hợp với nội dung bài đọc,t,1,2026-08-10 14:08:48.214425
4642,1017,B,Thông tin không được đề cập,f,2,2026-08-10 14:08:48.214425
4643,1017,C,Thông tin trái với bài đọc,f,3,2026-08-10 14:08:48.214425
4644,1017,D,Thông tin thuộc một tình huống khác,f,4,2026-08-10 14:08:48.214425
4645,1018,A,Thông tin phù hợp với nội dung bài đọc,t,1,2026-08-10 14:08:48.214425
4646,1018,B,Thông tin không được đề cập,f,2,2026-08-10 14:08:48.214425
4647,1018,C,Thông tin trái với bài đọc,f,3,2026-08-10 14:08:48.214425
4648,1018,D,Thông tin thuộc một tình huống khác,f,4,2026-08-10 14:08:48.214425
4649,1019,A,Thông tin phù hợp với nội dung bài đọc,t,1,2026-08-10 14:08:48.214425
4650,1019,B,Thông tin không được đề cập,f,2,2026-08-10 14:08:48.214425
4651,1019,C,Thông tin trái với bài đọc,f,3,2026-08-10 14:08:48.214425
4652,1019,D,Thông tin thuộc một tình huống khác,f,4,2026-08-10 14:08:48.214425
4653,1020,A,Thông tin phù hợp với nội dung bài đọc,t,1,2026-08-10 14:08:48.214425
4654,1020,B,Thông tin không được đề cập,f,2,2026-08-10 14:08:48.214425
4655,1020,C,Thông tin trái với bài đọc,f,3,2026-08-10 14:08:48.214425
4656,1020,D,Thông tin thuộc một tình huống khác,f,4,2026-08-10 14:08:48.214425
4657,1021,A,Thông tin phù hợp với nội dung bài đọc,t,1,2026-08-10 14:08:48.214425
4658,1021,B,Thông tin không được đề cập,f,2,2026-08-10 14:08:48.214425
4659,1021,C,Thông tin trái với bài đọc,f,3,2026-08-10 14:08:48.214425
4660,1021,D,Thông tin thuộc một tình huống khác,f,4,2026-08-10 14:08:48.214425
4661,1022,A,Thông tin phù hợp với nội dung bài đọc,t,1,2026-08-10 14:08:48.214425
4662,1022,B,Thông tin không được đề cập,f,2,2026-08-10 14:08:48.214425
4663,1022,C,Thông tin trái với bài đọc,f,3,2026-08-10 14:08:48.214425
4664,1022,D,Thông tin thuộc một tình huống khác,f,4,2026-08-10 14:08:48.214425
4665,1023,A,Thông tin phù hợp với nội dung bài đọc,t,1,2026-08-10 14:08:48.214425
4666,1023,B,Thông tin không được đề cập,f,2,2026-08-10 14:08:48.214425
4667,1023,C,Thông tin trái với bài đọc,f,3,2026-08-10 14:08:48.214425
4668,1023,D,Thông tin thuộc một tình huống khác,f,4,2026-08-10 14:08:48.214425
4669,1024,A,Thông tin phù hợp với nội dung bài đọc,t,1,2026-08-10 14:08:48.214425
4670,1024,B,Thông tin không được đề cập,f,2,2026-08-10 14:08:48.214425
4671,1024,C,Thông tin trái với bài đọc,f,3,2026-08-10 14:08:48.214425
4672,1024,D,Thông tin thuộc một tình huống khác,f,4,2026-08-10 14:08:48.214425
4673,1025,A,Thông tin phù hợp với nội dung bài đọc,t,1,2026-08-10 14:08:48.214425
4674,1025,B,Thông tin không được đề cập,f,2,2026-08-10 14:08:48.214425
4675,1025,C,Thông tin trái với bài đọc,f,3,2026-08-10 14:08:48.214425
4676,1025,D,Thông tin thuộc một tình huống khác,f,4,2026-08-10 14:08:48.214425
4677,1026,A,Thông tin phù hợp với nội dung bài đọc,t,1,2026-08-10 14:08:48.214425
4678,1026,B,Thông tin không được đề cập,f,2,2026-08-10 14:08:48.214425
4679,1026,C,Thông tin trái với bài đọc,f,3,2026-08-10 14:08:48.214425
4680,1026,D,Thông tin thuộc một tình huống khác,f,4,2026-08-10 14:08:48.214425
4681,1027,A,Thông tin phù hợp với nội dung bài đọc,t,1,2026-08-10 14:08:48.214425
4682,1027,B,Thông tin không được đề cập,f,2,2026-08-10 14:08:48.214425
4683,1027,C,Thông tin trái với bài đọc,f,3,2026-08-10 14:08:48.214425
4684,1027,D,Thông tin thuộc một tình huống khác,f,4,2026-08-10 14:08:48.214425
4685,1028,A,Thông tin phù hợp với nội dung bài đọc,t,1,2026-08-10 14:08:48.214425
4686,1028,B,Thông tin không được đề cập,f,2,2026-08-10 14:08:48.214425
4687,1028,C,Thông tin trái với bài đọc,f,3,2026-08-10 14:08:48.214425
4688,1028,D,Thông tin thuộc một tình huống khác,f,4,2026-08-10 14:08:48.214425
4689,1029,A,Thông tin phù hợp với nội dung bài đọc,t,1,2026-08-10 14:08:48.214425
4690,1029,B,Thông tin không được đề cập,f,2,2026-08-10 14:08:48.214425
4691,1029,C,Thông tin trái với bài đọc,f,3,2026-08-10 14:08:48.214425
4692,1029,D,Thông tin thuộc một tình huống khác,f,4,2026-08-10 14:08:48.214425
4693,1030,A,Thông tin phù hợp với nội dung bài đọc,t,1,2026-08-10 14:08:48.214425
4694,1030,B,Thông tin không được đề cập,f,2,2026-08-10 14:08:48.214425
4695,1030,C,Thông tin trái với bài đọc,f,3,2026-08-10 14:08:48.214425
4696,1030,D,Thông tin thuộc một tình huống khác,f,4,2026-08-10 14:08:48.214425
4697,1031,A,Thông tin phù hợp với nội dung bài đọc,t,1,2026-08-10 14:08:48.214425
4698,1031,B,Thông tin không được đề cập,f,2,2026-08-10 14:08:48.214425
4699,1031,C,Thông tin trái với bài đọc,f,3,2026-08-10 14:08:48.214425
4700,1031,D,Thông tin thuộc một tình huống khác,f,4,2026-08-10 14:08:48.214425
4701,1032,A,Thông tin phù hợp với nội dung bài đọc,t,1,2026-08-10 14:08:48.214425
4702,1032,B,Thông tin không được đề cập,f,2,2026-08-10 14:08:48.214425
4703,1032,C,Thông tin trái với bài đọc,f,3,2026-08-10 14:08:48.214425
4704,1032,D,Thông tin thuộc một tình huống khác,f,4,2026-08-10 14:08:48.214425
4705,1033,A,Thông tin phù hợp với nội dung bài đọc,t,1,2026-08-10 14:08:48.214425
4706,1033,B,Thông tin không được đề cập,f,2,2026-08-10 14:08:48.214425
4707,1033,C,Thông tin trái với bài đọc,f,3,2026-08-10 14:08:48.214425
4708,1033,D,Thông tin thuộc một tình huống khác,f,4,2026-08-10 14:08:48.214425
4709,1034,A,Thông tin phù hợp với nội dung bài đọc,t,1,2026-08-10 14:08:48.214425
4710,1034,B,Thông tin không được đề cập,f,2,2026-08-10 14:08:48.214425
4711,1034,C,Thông tin trái với bài đọc,f,3,2026-08-10 14:08:48.214425
4712,1034,D,Thông tin thuộc một tình huống khác,f,4,2026-08-10 14:08:48.214425
4713,1035,A,Thông tin phù hợp với nội dung bài đọc,t,1,2026-08-10 14:08:48.214425
4714,1035,B,Thông tin không được đề cập,f,2,2026-08-10 14:08:48.214425
4715,1035,C,Thông tin trái với bài đọc,f,3,2026-08-10 14:08:48.214425
4716,1035,D,Thông tin thuộc một tình huống khác,f,4,2026-08-10 14:08:48.214425
4717,1036,A,Thông tin phù hợp với nội dung bài đọc,t,1,2026-08-10 14:08:48.214425
4718,1036,B,Thông tin không được đề cập,f,2,2026-08-10 14:08:48.214425
4719,1036,C,Thông tin trái với bài đọc,f,3,2026-08-10 14:08:48.214425
4720,1036,D,Thông tin thuộc một tình huống khác,f,4,2026-08-10 14:08:48.214425
4721,1037,A,Thông tin phù hợp với nội dung bài đọc,t,1,2026-08-10 14:08:48.214425
4722,1037,B,Thông tin không được đề cập,f,2,2026-08-10 14:08:48.214425
4723,1037,C,Thông tin trái với bài đọc,f,3,2026-08-10 14:08:48.214425
4724,1037,D,Thông tin thuộc một tình huống khác,f,4,2026-08-10 14:08:48.214425
4725,1038,A,Thông tin phù hợp với nội dung bài đọc,t,1,2026-08-10 14:08:48.214425
4726,1038,B,Thông tin không được đề cập,f,2,2026-08-10 14:08:48.214425
4727,1038,C,Thông tin trái với bài đọc,f,3,2026-08-10 14:08:48.214425
4728,1038,D,Thông tin thuộc một tình huống khác,f,4,2026-08-10 14:08:48.214425
4729,1039,A,Thông tin phù hợp với nội dung bài đọc,t,1,2026-08-10 14:08:48.214425
4730,1039,B,Thông tin không được đề cập,f,2,2026-08-10 14:08:48.214425
4731,1039,C,Thông tin trái với bài đọc,f,3,2026-08-10 14:08:48.214425
4732,1039,D,Thông tin thuộc một tình huống khác,f,4,2026-08-10 14:08:48.214425
4733,1040,A,Thông tin phù hợp với nội dung bài đọc,t,1,2026-08-10 14:08:48.214425
4734,1040,B,Thông tin không được đề cập,f,2,2026-08-10 14:08:48.214425
4735,1040,C,Thông tin trái với bài đọc,f,3,2026-08-10 14:08:48.214425
4736,1040,D,Thông tin thuộc một tình huống khác,f,4,2026-08-10 14:08:48.214425
4737,1041,A,Thông tin phù hợp với nội dung bài đọc,t,1,2026-08-10 14:08:48.214425
4738,1041,B,Thông tin không được đề cập,f,2,2026-08-10 14:08:48.214425
4739,1041,C,Thông tin trái với bài đọc,f,3,2026-08-10 14:08:48.214425
4740,1041,D,Thông tin thuộc một tình huống khác,f,4,2026-08-10 14:08:48.214425
4741,1042,A,Thông tin phù hợp với nội dung bài đọc,t,1,2026-08-10 14:08:48.214425
4742,1042,B,Thông tin không được đề cập,f,2,2026-08-10 14:08:48.214425
4743,1042,C,Thông tin trái với bài đọc,f,3,2026-08-10 14:08:48.214425
4744,1042,D,Thông tin thuộc một tình huống khác,f,4,2026-08-10 14:08:48.214425
4745,1043,A,Thông tin phù hợp với nội dung bài đọc,t,1,2026-08-10 14:08:48.214425
4746,1043,B,Thông tin không được đề cập,f,2,2026-08-10 14:08:48.214425
4747,1043,C,Thông tin trái với bài đọc,f,3,2026-08-10 14:08:48.214425
4748,1043,D,Thông tin thuộc một tình huống khác,f,4,2026-08-10 14:08:48.214425
4749,1044,A,Thông tin phù hợp với nội dung bài đọc,t,1,2026-08-10 14:08:48.214425
4750,1044,B,Thông tin không được đề cập,f,2,2026-08-10 14:08:48.214425
4751,1044,C,Thông tin trái với bài đọc,f,3,2026-08-10 14:08:48.214425
4752,1044,D,Thông tin thuộc một tình huống khác,f,4,2026-08-10 14:08:48.214425
4753,1045,A,Thông tin phù hợp với nội dung bài đọc,t,1,2026-08-10 14:08:48.214425
4754,1045,B,Thông tin không được đề cập,f,2,2026-08-10 14:08:48.214425
4755,1045,C,Thông tin trái với bài đọc,f,3,2026-08-10 14:08:48.214425
4756,1045,D,Thông tin thuộc một tình huống khác,f,4,2026-08-10 14:08:48.214425
4757,1046,A,Thông tin phù hợp với nội dung bài đọc,t,1,2026-08-10 14:08:48.214425
4758,1046,B,Thông tin không được đề cập,f,2,2026-08-10 14:08:48.214425
4759,1046,C,Thông tin trái với bài đọc,f,3,2026-08-10 14:08:48.214425
4760,1046,D,Thông tin thuộc một tình huống khác,f,4,2026-08-10 14:08:48.214425
4761,1047,A,Thông tin phù hợp với nội dung bài đọc,t,1,2026-08-10 14:08:48.214425
4762,1047,B,Thông tin không được đề cập,f,2,2026-08-10 14:08:48.214425
4763,1047,C,Thông tin trái với bài đọc,f,3,2026-08-10 14:08:48.214425
4764,1047,D,Thông tin thuộc một tình huống khác,f,4,2026-08-10 14:08:48.214425
4765,1048,A,Thông tin phù hợp với nội dung bài đọc,t,1,2026-08-10 14:08:48.214425
4766,1048,B,Thông tin không được đề cập,f,2,2026-08-10 14:08:48.214425
4767,1048,C,Thông tin trái với bài đọc,f,3,2026-08-10 14:08:48.214425
4768,1048,D,Thông tin thuộc một tình huống khác,f,4,2026-08-10 14:08:48.214425
4769,1049,A,Thông tin phù hợp với nội dung bài đọc,t,1,2026-08-10 14:08:48.214425
4770,1049,B,Thông tin không được đề cập,f,2,2026-08-10 14:08:48.214425
4771,1049,C,Thông tin trái với bài đọc,f,3,2026-08-10 14:08:48.214425
4772,1049,D,Thông tin thuộc một tình huống khác,f,4,2026-08-10 14:08:48.214425
4773,1050,A,Thông tin phù hợp với nội dung bài đọc,t,1,2026-08-10 14:08:48.214425
4774,1050,B,Thông tin không được đề cập,f,2,2026-08-10 14:08:48.214425
4775,1050,C,Thông tin trái với bài đọc,f,3,2026-08-10 14:08:48.214425
4776,1050,D,Thông tin thuộc một tình huống khác,f,4,2026-08-10 14:08:48.214425
4777,1051,A,Thông tin phù hợp với nội dung bài đọc,t,1,2026-08-10 14:08:48.214425
4778,1051,B,Thông tin không được đề cập,f,2,2026-08-10 14:08:48.214425
4779,1051,C,Thông tin trái với bài đọc,f,3,2026-08-10 14:08:48.214425
4780,1051,D,Thông tin thuộc một tình huống khác,f,4,2026-08-10 14:08:48.214425
4781,1052,A,Thông tin phù hợp với nội dung bài đọc,t,1,2026-08-10 14:08:48.214425
4782,1052,B,Thông tin không được đề cập,f,2,2026-08-10 14:08:48.214425
4783,1052,C,Thông tin trái với bài đọc,f,3,2026-08-10 14:08:48.214425
4784,1052,D,Thông tin thuộc một tình huống khác,f,4,2026-08-10 14:08:48.214425
4785,1053,A,Thông tin phù hợp với nội dung bài đọc,t,1,2026-08-10 14:08:48.214425
4786,1053,B,Thông tin không được đề cập,f,2,2026-08-10 14:08:48.214425
4787,1053,C,Thông tin trái với bài đọc,f,3,2026-08-10 14:08:48.214425
4788,1053,D,Thông tin thuộc một tình huống khác,f,4,2026-08-10 14:08:48.214425
4789,1054,A,Thông tin phù hợp với nội dung bài đọc,t,1,2026-08-10 14:08:48.214425
4790,1054,B,Thông tin không được đề cập,f,2,2026-08-10 14:08:48.214425
4791,1054,C,Thông tin trái với bài đọc,f,3,2026-08-10 14:08:48.214425
4792,1054,D,Thông tin thuộc một tình huống khác,f,4,2026-08-10 14:08:48.214425
4793,1055,A,Thông tin phù hợp với nội dung bài đọc,t,1,2026-08-10 14:08:48.214425
4794,1055,B,Thông tin không được đề cập,f,2,2026-08-10 14:08:48.214425
4795,1055,C,Thông tin trái với bài đọc,f,3,2026-08-10 14:08:48.214425
4796,1055,D,Thông tin thuộc một tình huống khác,f,4,2026-08-10 14:08:48.214425
4797,1056,A,Thông tin phù hợp với nội dung bài đọc,t,1,2026-08-10 14:08:48.214425
4798,1056,B,Thông tin không được đề cập,f,2,2026-08-10 14:08:48.214425
4799,1056,C,Thông tin trái với bài đọc,f,3,2026-08-10 14:08:48.214425
4800,1056,D,Thông tin thuộc một tình huống khác,f,4,2026-08-10 14:08:48.214425
4801,1057,A,Thông tin phù hợp với nội dung bài đọc,t,1,2026-08-10 14:08:48.214425
4802,1057,B,Thông tin không được đề cập,f,2,2026-08-10 14:08:48.214425
4803,1057,C,Thông tin trái với bài đọc,f,3,2026-08-10 14:08:48.214425
4804,1057,D,Thông tin thuộc một tình huống khác,f,4,2026-08-10 14:08:48.214425
4805,1058,A,Thông tin phù hợp với nội dung bài đọc,t,1,2026-08-10 14:08:48.214425
4806,1058,B,Thông tin không được đề cập,f,2,2026-08-10 14:08:48.214425
4807,1058,C,Thông tin trái với bài đọc,f,3,2026-08-10 14:08:48.214425
4808,1058,D,Thông tin thuộc một tình huống khác,f,4,2026-08-10 14:08:48.214425
4809,1059,A,Thông tin phù hợp với nội dung bài đọc,t,1,2026-08-10 14:08:48.214425
4810,1059,B,Thông tin không được đề cập,f,2,2026-08-10 14:08:48.214425
4811,1059,C,Thông tin trái với bài đọc,f,3,2026-08-10 14:08:48.214425
4812,1059,D,Thông tin thuộc một tình huống khác,f,4,2026-08-10 14:08:48.214425
4813,1060,A,Thông tin phù hợp với nội dung bài đọc,t,1,2026-08-10 14:08:48.214425
4814,1060,B,Thông tin không được đề cập,f,2,2026-08-10 14:08:48.214425
4815,1060,C,Thông tin trái với bài đọc,f,3,2026-08-10 14:08:48.214425
4816,1060,D,Thông tin thuộc một tình huống khác,f,4,2026-08-10 14:08:48.214425
4817,1061,A,Thông tin phù hợp với nội dung bài đọc,t,1,2026-08-10 14:08:48.214425
4818,1061,B,Thông tin không được đề cập,f,2,2026-08-10 14:08:48.214425
4819,1061,C,Thông tin trái với bài đọc,f,3,2026-08-10 14:08:48.214425
4820,1061,D,Thông tin thuộc một tình huống khác,f,4,2026-08-10 14:08:48.214425
4821,1062,A,Thông tin phù hợp với nội dung bài đọc,t,1,2026-08-10 14:08:48.214425
4822,1062,B,Thông tin không được đề cập,f,2,2026-08-10 14:08:48.214425
4823,1062,C,Thông tin trái với bài đọc,f,3,2026-08-10 14:08:48.214425
4824,1062,D,Thông tin thuộc một tình huống khác,f,4,2026-08-10 14:08:48.214425
4825,1063,A,Thông tin phù hợp với nội dung bài đọc,t,1,2026-08-10 14:08:48.214425
4826,1063,B,Thông tin không được đề cập,f,2,2026-08-10 14:08:48.214425
4827,1063,C,Thông tin trái với bài đọc,f,3,2026-08-10 14:08:48.214425
4828,1063,D,Thông tin thuộc một tình huống khác,f,4,2026-08-10 14:08:48.214425
4829,1064,A,Thông tin phù hợp với nội dung bài đọc,t,1,2026-08-10 14:08:48.214425
4830,1064,B,Thông tin không được đề cập,f,2,2026-08-10 14:08:48.214425
4831,1064,C,Thông tin trái với bài đọc,f,3,2026-08-10 14:08:48.214425
4832,1064,D,Thông tin thuộc một tình huống khác,f,4,2026-08-10 14:08:48.214425
4833,1065,A,Thông tin phù hợp với nội dung bài đọc,t,1,2026-08-10 14:08:48.214425
4834,1065,B,Thông tin không được đề cập,f,2,2026-08-10 14:08:48.214425
4835,1065,C,Thông tin trái với bài đọc,f,3,2026-08-10 14:08:48.214425
4836,1065,D,Thông tin thuộc một tình huống khác,f,4,2026-08-10 14:08:48.214425
4837,1066,A,Thông tin phù hợp với nội dung bài đọc,t,1,2026-08-10 14:08:48.214425
4838,1066,B,Thông tin không được đề cập,f,2,2026-08-10 14:08:48.214425
4839,1066,C,Thông tin trái với bài đọc,f,3,2026-08-10 14:08:48.214425
4840,1066,D,Thông tin thuộc một tình huống khác,f,4,2026-08-10 14:08:48.214425
4841,1067,A,Thông tin phù hợp với nội dung bài đọc,t,1,2026-08-10 14:08:48.214425
4842,1067,B,Thông tin không được đề cập,f,2,2026-08-10 14:08:48.214425
4843,1067,C,Thông tin trái với bài đọc,f,3,2026-08-10 14:08:48.214425
4844,1067,D,Thông tin thuộc một tình huống khác,f,4,2026-08-10 14:08:48.214425
4845,1068,A,Thông tin phù hợp với nội dung bài đọc,t,1,2026-08-10 14:08:48.214425
4846,1068,B,Thông tin không được đề cập,f,2,2026-08-10 14:08:48.214425
4847,1068,C,Thông tin trái với bài đọc,f,3,2026-08-10 14:08:48.214425
4848,1068,D,Thông tin thuộc một tình huống khác,f,4,2026-08-10 14:08:48.214425
4849,1069,A,Thông tin phù hợp với nội dung bài đọc,t,1,2026-08-10 14:08:48.214425
4850,1069,B,Thông tin không được đề cập,f,2,2026-08-10 14:08:48.214425
4851,1069,C,Thông tin trái với bài đọc,f,3,2026-08-10 14:08:48.214425
4852,1069,D,Thông tin thuộc một tình huống khác,f,4,2026-08-10 14:08:48.214425
4853,1070,A,Thông tin phù hợp với nội dung bài đọc,t,1,2026-08-10 14:08:48.214425
4854,1070,B,Thông tin không được đề cập,f,2,2026-08-10 14:08:48.214425
4855,1070,C,Thông tin trái với bài đọc,f,3,2026-08-10 14:08:48.214425
4856,1070,D,Thông tin thuộc một tình huống khác,f,4,2026-08-10 14:08:48.214425
4857,1071,A,Thông tin phù hợp với nội dung bài đọc,t,1,2026-08-10 14:08:48.214425
4858,1071,B,Thông tin không được đề cập,f,2,2026-08-10 14:08:48.214425
4859,1071,C,Thông tin trái với bài đọc,f,3,2026-08-10 14:08:48.214425
4860,1071,D,Thông tin thuộc một tình huống khác,f,4,2026-08-10 14:08:48.214425
4861,1072,A,Thông tin phù hợp với nội dung bài đọc,t,1,2026-08-10 14:08:48.214425
4862,1072,B,Thông tin không được đề cập,f,2,2026-08-10 14:08:48.214425
4863,1072,C,Thông tin trái với bài đọc,f,3,2026-08-10 14:08:48.214425
4864,1072,D,Thông tin thuộc một tình huống khác,f,4,2026-08-10 14:08:48.214425
4865,1073,A,Thông tin phù hợp với nội dung bài đọc,t,1,2026-08-10 14:08:48.214425
4866,1073,B,Thông tin không được đề cập,f,2,2026-08-10 14:08:48.214425
4867,1073,C,Thông tin trái với bài đọc,f,3,2026-08-10 14:08:48.214425
4868,1073,D,Thông tin thuộc một tình huống khác,f,4,2026-08-10 14:08:48.214425
4869,1074,A,Thông tin phù hợp với nội dung bài đọc,t,1,2026-08-10 14:08:48.214425
4870,1074,B,Thông tin không được đề cập,f,2,2026-08-10 14:08:48.214425
4871,1074,C,Thông tin trái với bài đọc,f,3,2026-08-10 14:08:48.214425
4872,1074,D,Thông tin thuộc một tình huống khác,f,4,2026-08-10 14:08:48.214425
4873,1075,A,Thông tin phù hợp với nội dung bài đọc,t,1,2026-08-10 14:08:48.214425
4874,1075,B,Thông tin không được đề cập,f,2,2026-08-10 14:08:48.214425
4875,1075,C,Thông tin trái với bài đọc,f,3,2026-08-10 14:08:48.214425
4876,1075,D,Thông tin thuộc một tình huống khác,f,4,2026-08-10 14:08:48.214425
4877,1076,A,Thông tin phù hợp với nội dung bài đọc,t,1,2026-08-10 14:08:48.214425
4878,1076,B,Thông tin không được đề cập,f,2,2026-08-10 14:08:48.214425
4879,1076,C,Thông tin trái với bài đọc,f,3,2026-08-10 14:08:48.214425
4880,1076,D,Thông tin thuộc một tình huống khác,f,4,2026-08-10 14:08:48.214425
4881,1077,A,Thông tin phù hợp với nội dung bài đọc,t,1,2026-08-10 14:08:48.214425
4882,1077,B,Thông tin không được đề cập,f,2,2026-08-10 14:08:48.214425
4883,1077,C,Thông tin trái với bài đọc,f,3,2026-08-10 14:08:48.214425
4884,1077,D,Thông tin thuộc một tình huống khác,f,4,2026-08-10 14:08:48.214425
4885,1078,A,Thông tin phù hợp với nội dung bài đọc,t,1,2026-08-10 14:08:48.214425
4886,1078,B,Thông tin không được đề cập,f,2,2026-08-10 14:08:48.214425
4887,1078,C,Thông tin trái với bài đọc,f,3,2026-08-10 14:08:48.214425
4888,1078,D,Thông tin thuộc một tình huống khác,f,4,2026-08-10 14:08:48.214425
4889,1079,A,Thông tin phù hợp với nội dung bài đọc,t,1,2026-08-10 14:08:48.214425
4890,1079,B,Thông tin không được đề cập,f,2,2026-08-10 14:08:48.214425
4891,1079,C,Thông tin trái với bài đọc,f,3,2026-08-10 14:08:48.214425
4892,1079,D,Thông tin thuộc một tình huống khác,f,4,2026-08-10 14:08:48.214425
4893,1080,A,Thông tin phù hợp với nội dung bài đọc,t,1,2026-08-10 14:08:48.214425
4894,1080,B,Thông tin không được đề cập,f,2,2026-08-10 14:08:48.214425
4895,1080,C,Thông tin trái với bài đọc,f,3,2026-08-10 14:08:48.214425
4896,1080,D,Thông tin thuộc một tình huống khác,f,4,2026-08-10 14:08:48.214425
4897,1081,A,Thông tin phù hợp với nội dung bài đọc,t,1,2026-08-10 14:08:48.214425
4898,1081,B,Thông tin không được đề cập,f,2,2026-08-10 14:08:48.214425
4899,1081,C,Thông tin trái với bài đọc,f,3,2026-08-10 14:08:48.214425
4900,1081,D,Thông tin thuộc một tình huống khác,f,4,2026-08-10 14:08:48.214425
4901,1082,A,Thông tin phù hợp với nội dung bài đọc,t,1,2026-08-10 14:08:48.214425
4902,1082,B,Thông tin không được đề cập,f,2,2026-08-10 14:08:48.214425
4903,1082,C,Thông tin trái với bài đọc,f,3,2026-08-10 14:08:48.214425
4904,1082,D,Thông tin thuộc một tình huống khác,f,4,2026-08-10 14:08:48.214425
4905,1083,A,Thông tin phù hợp với nội dung bài đọc,t,1,2026-08-10 14:08:48.214425
4906,1083,B,Thông tin không được đề cập,f,2,2026-08-10 14:08:48.214425
4907,1083,C,Thông tin trái với bài đọc,f,3,2026-08-10 14:08:48.214425
4908,1083,D,Thông tin thuộc một tình huống khác,f,4,2026-08-10 14:08:48.214425
4909,1084,A,Thông tin phù hợp với nội dung bài đọc,t,1,2026-08-10 14:08:48.214425
4910,1084,B,Thông tin không được đề cập,f,2,2026-08-10 14:08:48.214425
4911,1084,C,Thông tin trái với bài đọc,f,3,2026-08-10 14:08:48.214425
4912,1084,D,Thông tin thuộc một tình huống khác,f,4,2026-08-10 14:08:48.214425
4913,1085,A,Thông tin phù hợp với nội dung bài đọc,t,1,2026-08-10 14:08:48.214425
4914,1085,B,Thông tin không được đề cập,f,2,2026-08-10 14:08:48.214425
4915,1085,C,Thông tin trái với bài đọc,f,3,2026-08-10 14:08:48.214425
4916,1085,D,Thông tin thuộc một tình huống khác,f,4,2026-08-10 14:08:48.214425
4917,1086,A,Thông tin phù hợp với nội dung bài đọc,t,1,2026-08-10 14:08:48.214425
4918,1086,B,Thông tin không được đề cập,f,2,2026-08-10 14:08:48.214425
4919,1086,C,Thông tin trái với bài đọc,f,3,2026-08-10 14:08:48.214425
4920,1086,D,Thông tin thuộc một tình huống khác,f,4,2026-08-10 14:08:48.214425
4921,1087,A,Thông tin phù hợp với nội dung bài đọc,t,1,2026-08-10 14:08:48.214425
4922,1087,B,Thông tin không được đề cập,f,2,2026-08-10 14:08:48.214425
4923,1087,C,Thông tin trái với bài đọc,f,3,2026-08-10 14:08:48.214425
4924,1087,D,Thông tin thuộc một tình huống khác,f,4,2026-08-10 14:08:48.214425
4925,1088,A,Thông tin phù hợp với nội dung bài đọc,t,1,2026-08-10 14:08:48.214425
4926,1088,B,Thông tin không được đề cập,f,2,2026-08-10 14:08:48.214425
4927,1088,C,Thông tin trái với bài đọc,f,3,2026-08-10 14:08:48.214425
4928,1088,D,Thông tin thuộc một tình huống khác,f,4,2026-08-10 14:08:48.214425
4929,1089,A,Thông tin phù hợp với nội dung bài đọc,t,1,2026-08-10 14:08:48.214425
4930,1089,B,Thông tin không được đề cập,f,2,2026-08-10 14:08:48.214425
4931,1089,C,Thông tin trái với bài đọc,f,3,2026-08-10 14:08:48.214425
4932,1089,D,Thông tin thuộc một tình huống khác,f,4,2026-08-10 14:08:48.214425
4933,1090,A,Thông tin phù hợp với nội dung bài đọc,t,1,2026-08-10 14:08:48.214425
4934,1090,B,Thông tin không được đề cập,f,2,2026-08-10 14:08:48.214425
4935,1090,C,Thông tin trái với bài đọc,f,3,2026-08-10 14:08:48.214425
4936,1090,D,Thông tin thuộc một tình huống khác,f,4,2026-08-10 14:08:48.214425
4937,1091,A,Thông tin phù hợp với nội dung bài đọc,t,1,2026-08-10 14:08:48.214425
4938,1091,B,Thông tin không được đề cập,f,2,2026-08-10 14:08:48.214425
4939,1091,C,Thông tin trái với bài đọc,f,3,2026-08-10 14:08:48.214425
4940,1091,D,Thông tin thuộc một tình huống khác,f,4,2026-08-10 14:08:48.214425
4941,1092,A,Thông tin phù hợp với nội dung bài đọc,t,1,2026-08-10 14:08:48.214425
4942,1092,B,Thông tin không được đề cập,f,2,2026-08-10 14:08:48.214425
4943,1092,C,Thông tin trái với bài đọc,f,3,2026-08-10 14:08:48.214425
4944,1092,D,Thông tin thuộc một tình huống khác,f,4,2026-08-10 14:08:48.214425
4945,1093,A,Thông tin phù hợp với nội dung bài đọc,t,1,2026-08-10 14:08:48.214425
4946,1093,B,Thông tin không được đề cập,f,2,2026-08-10 14:08:48.214425
4947,1093,C,Thông tin trái với bài đọc,f,3,2026-08-10 14:08:48.214425
4948,1093,D,Thông tin thuộc một tình huống khác,f,4,2026-08-10 14:08:48.214425
4949,1094,A,Thông tin phù hợp với nội dung bài đọc,t,1,2026-08-10 14:08:48.214425
4950,1094,B,Thông tin không được đề cập,f,2,2026-08-10 14:08:48.214425
4951,1094,C,Thông tin trái với bài đọc,f,3,2026-08-10 14:08:48.214425
4952,1094,D,Thông tin thuộc một tình huống khác,f,4,2026-08-10 14:08:48.214425
4953,1095,A,Thông tin phù hợp với nội dung bài đọc,t,1,2026-08-10 14:08:48.214425
4954,1095,B,Thông tin không được đề cập,f,2,2026-08-10 14:08:48.214425
4955,1095,C,Thông tin trái với bài đọc,f,3,2026-08-10 14:08:48.214425
4956,1095,D,Thông tin thuộc một tình huống khác,f,4,2026-08-10 14:08:48.214425
4957,1096,A,Thông tin phù hợp với nội dung bài đọc,t,1,2026-08-10 14:08:48.214425
4958,1096,B,Thông tin không được đề cập,f,2,2026-08-10 14:08:48.214425
4959,1096,C,Thông tin trái với bài đọc,f,3,2026-08-10 14:08:48.214425
4960,1096,D,Thông tin thuộc một tình huống khác,f,4,2026-08-10 14:08:48.214425
4961,1097,A,Thông tin phù hợp với nội dung bài đọc,t,1,2026-08-10 14:08:48.214425
4962,1097,B,Thông tin không được đề cập,f,2,2026-08-10 14:08:48.214425
4963,1097,C,Thông tin trái với bài đọc,f,3,2026-08-10 14:08:48.214425
4964,1097,D,Thông tin thuộc một tình huống khác,f,4,2026-08-10 14:08:48.214425
4965,1098,A,Thông tin phù hợp với nội dung bài đọc,t,1,2026-08-10 14:08:48.214425
4966,1098,B,Thông tin không được đề cập,f,2,2026-08-10 14:08:48.214425
4967,1098,C,Thông tin trái với bài đọc,f,3,2026-08-10 14:08:48.214425
4968,1098,D,Thông tin thuộc một tình huống khác,f,4,2026-08-10 14:08:48.214425
4969,1099,A,Thông tin phù hợp với nội dung bài đọc,t,1,2026-08-10 14:08:48.214425
4970,1099,B,Thông tin không được đề cập,f,2,2026-08-10 14:08:48.214425
4971,1099,C,Thông tin trái với bài đọc,f,3,2026-08-10 14:08:48.214425
4972,1099,D,Thông tin thuộc một tình huống khác,f,4,2026-08-10 14:08:48.214425
4973,1100,A,Thông tin phù hợp với nội dung bài đọc,t,1,2026-08-10 14:08:48.214425
4974,1100,B,Thông tin không được đề cập,f,2,2026-08-10 14:08:48.214425
4975,1100,C,Thông tin trái với bài đọc,f,3,2026-08-10 14:08:48.214425
4976,1100,D,Thông tin thuộc một tình huống khác,f,4,2026-08-10 14:08:48.214425
4977,1101,A,Thông tin phù hợp với nội dung bài đọc,t,1,2026-08-10 14:08:48.214425
4978,1101,B,Thông tin không được đề cập,f,2,2026-08-10 14:08:48.214425
4979,1101,C,Thông tin trái với bài đọc,f,3,2026-08-10 14:08:48.214425
4980,1101,D,Thông tin thuộc một tình huống khác,f,4,2026-08-10 14:08:48.214425
4981,1102,A,Thông tin phù hợp với nội dung bài đọc,t,1,2026-08-10 14:08:48.214425
4982,1102,B,Thông tin không được đề cập,f,2,2026-08-10 14:08:48.214425
4983,1102,C,Thông tin trái với bài đọc,f,3,2026-08-10 14:08:48.214425
4984,1102,D,Thông tin thuộc một tình huống khác,f,4,2026-08-10 14:08:48.214425
4985,1103,A,Thông tin phù hợp với nội dung bài đọc,t,1,2026-08-10 14:08:48.214425
4986,1103,B,Thông tin không được đề cập,f,2,2026-08-10 14:08:48.214425
4987,1103,C,Thông tin trái với bài đọc,f,3,2026-08-10 14:08:48.214425
4988,1103,D,Thông tin thuộc một tình huống khác,f,4,2026-08-10 14:08:48.214425
4989,1104,A,Thông tin phù hợp với nội dung bài đọc,t,1,2026-08-10 14:08:48.214425
4990,1104,B,Thông tin không được đề cập,f,2,2026-08-10 14:08:48.214425
4991,1104,C,Thông tin trái với bài đọc,f,3,2026-08-10 14:08:48.214425
4992,1104,D,Thông tin thuộc một tình huống khác,f,4,2026-08-10 14:08:48.214425
4993,1105,A,Thông tin phù hợp với nội dung bài đọc,t,1,2026-08-10 14:08:48.214425
4994,1105,B,Thông tin không được đề cập,f,2,2026-08-10 14:08:48.214425
4995,1105,C,Thông tin trái với bài đọc,f,3,2026-08-10 14:08:48.214425
4996,1105,D,Thông tin thuộc một tình huống khác,f,4,2026-08-10 14:08:48.214425
4997,1106,A,Thông tin phù hợp với nội dung bài đọc,t,1,2026-08-10 14:08:48.214425
4998,1106,B,Thông tin không được đề cập,f,2,2026-08-10 14:08:48.214425
4999,1106,C,Thông tin trái với bài đọc,f,3,2026-08-10 14:08:48.214425
5000,1106,D,Thông tin thuộc một tình huống khác,f,4,2026-08-10 14:08:48.214425
5001,1107,A,Thông tin phù hợp với nội dung bài đọc,t,1,2026-08-10 14:08:48.214425
5002,1107,B,Thông tin không được đề cập,f,2,2026-08-10 14:08:48.214425
5003,1107,C,Thông tin trái với bài đọc,f,3,2026-08-10 14:08:48.214425
5004,1107,D,Thông tin thuộc một tình huống khác,f,4,2026-08-10 14:08:48.214425
5005,1108,A,Thông tin phù hợp với nội dung bài đọc,t,1,2026-08-10 14:08:48.214425
5006,1108,B,Thông tin không được đề cập,f,2,2026-08-10 14:08:48.214425
5007,1108,C,Thông tin trái với bài đọc,f,3,2026-08-10 14:08:48.214425
5008,1108,D,Thông tin thuộc một tình huống khác,f,4,2026-08-10 14:08:48.214425
5009,1109,A,Thông tin phù hợp với nội dung bài đọc,t,1,2026-08-10 14:08:48.214425
5010,1109,B,Thông tin không được đề cập,f,2,2026-08-10 14:08:48.214425
5011,1109,C,Thông tin trái với bài đọc,f,3,2026-08-10 14:08:48.214425
5012,1109,D,Thông tin thuộc một tình huống khác,f,4,2026-08-10 14:08:48.214425
5013,1110,A,Thông tin phù hợp với nội dung bài đọc,t,1,2026-08-10 14:08:48.214425
5014,1110,B,Thông tin không được đề cập,f,2,2026-08-10 14:08:48.214425
5015,1110,C,Thông tin trái với bài đọc,f,3,2026-08-10 14:08:48.214425
5016,1110,D,Thông tin thuộc một tình huống khác,f,4,2026-08-10 14:08:48.214425
5017,1111,A,Thông tin phù hợp với nội dung bài đọc,t,1,2026-08-10 14:08:48.214425
5018,1111,B,Thông tin không được đề cập,f,2,2026-08-10 14:08:48.214425
5019,1111,C,Thông tin trái với bài đọc,f,3,2026-08-10 14:08:48.214425
5020,1111,D,Thông tin thuộc một tình huống khác,f,4,2026-08-10 14:08:48.214425
5021,1112,A,Thông tin phù hợp với nội dung bài đọc,t,1,2026-08-10 14:08:48.214425
5022,1112,B,Thông tin không được đề cập,f,2,2026-08-10 14:08:48.214425
5023,1112,C,Thông tin trái với bài đọc,f,3,2026-08-10 14:08:48.214425
5024,1112,D,Thông tin thuộc một tình huống khác,f,4,2026-08-10 14:08:48.214425
5025,1113,A,Thông tin phù hợp với nội dung bài đọc,t,1,2026-08-10 14:08:48.214425
5026,1113,B,Thông tin không được đề cập,f,2,2026-08-10 14:08:48.214425
5027,1113,C,Thông tin trái với bài đọc,f,3,2026-08-10 14:08:48.214425
5028,1113,D,Thông tin thuộc một tình huống khác,f,4,2026-08-10 14:08:48.214425
5029,1114,A,Thông tin phù hợp với nội dung bài đọc,t,1,2026-08-10 14:08:48.214425
5030,1114,B,Thông tin không được đề cập,f,2,2026-08-10 14:08:48.214425
5031,1114,C,Thông tin trái với bài đọc,f,3,2026-08-10 14:08:48.214425
5032,1114,D,Thông tin thuộc một tình huống khác,f,4,2026-08-10 14:08:48.214425
5033,1115,A,Thông tin phù hợp với nội dung bài đọc,t,1,2026-08-10 14:08:48.214425
5034,1115,B,Thông tin không được đề cập,f,2,2026-08-10 14:08:48.214425
5035,1115,C,Thông tin trái với bài đọc,f,3,2026-08-10 14:08:48.214425
5036,1115,D,Thông tin thuộc một tình huống khác,f,4,2026-08-10 14:08:48.214425
5037,1116,A,Thông tin phù hợp với nội dung bài đọc,t,1,2026-08-10 14:08:48.214425
5038,1116,B,Thông tin không được đề cập,f,2,2026-08-10 14:08:48.214425
5039,1116,C,Thông tin trái với bài đọc,f,3,2026-08-10 14:08:48.214425
5040,1116,D,Thông tin thuộc một tình huống khác,f,4,2026-08-10 14:08:48.214425
5041,1117,A,Thông tin phù hợp với nội dung bài đọc,t,1,2026-08-10 14:08:48.214425
5042,1117,B,Thông tin không được đề cập,f,2,2026-08-10 14:08:48.214425
5043,1117,C,Thông tin trái với bài đọc,f,3,2026-08-10 14:08:48.214425
5044,1117,D,Thông tin thuộc một tình huống khác,f,4,2026-08-10 14:08:48.214425
5045,1118,A,Thông tin phù hợp với nội dung bài đọc,t,1,2026-08-10 14:08:48.214425
5046,1118,B,Thông tin không được đề cập,f,2,2026-08-10 14:08:48.214425
5047,1118,C,Thông tin trái với bài đọc,f,3,2026-08-10 14:08:48.214425
5048,1118,D,Thông tin thuộc một tình huống khác,f,4,2026-08-10 14:08:48.214425
5049,1119,A,Thông tin phù hợp với nội dung bài đọc,t,1,2026-08-10 14:08:48.214425
5050,1119,B,Thông tin không được đề cập,f,2,2026-08-10 14:08:48.214425
5051,1119,C,Thông tin trái với bài đọc,f,3,2026-08-10 14:08:48.214425
5052,1119,D,Thông tin thuộc một tình huống khác,f,4,2026-08-10 14:08:48.214425
5053,1120,A,Thông tin phù hợp với nội dung bài đọc,t,1,2026-08-10 14:08:48.214425
5054,1120,B,Thông tin không được đề cập,f,2,2026-08-10 14:08:48.214425
5055,1120,C,Thông tin mâu thuẫn với bài đọc,f,3,2026-08-10 14:08:48.214425
5056,1120,D,Thông tin thuộc một chủ đề khác,f,4,2026-08-10 14:08:48.214425
5057,1121,A,Thông tin phù hợp với nội dung bài đọc,t,1,2026-08-10 14:08:48.214425
5058,1121,B,Thông tin không được đề cập,f,2,2026-08-10 14:08:48.214425
5059,1121,C,Thông tin mâu thuẫn với bài đọc,f,3,2026-08-10 14:08:48.214425
5060,1121,D,Thông tin thuộc một chủ đề khác,f,4,2026-08-10 14:08:48.214425
5061,1122,A,Thông tin phù hợp với nội dung bài đọc,t,1,2026-08-10 14:08:48.214425
5062,1122,B,Thông tin không được đề cập,f,2,2026-08-10 14:08:48.214425
5063,1122,C,Thông tin mâu thuẫn với bài đọc,f,3,2026-08-10 14:08:48.214425
5064,1122,D,Thông tin thuộc một chủ đề khác,f,4,2026-08-10 14:08:48.214425
5065,1123,A,Thông tin phù hợp với nội dung bài đọc,t,1,2026-08-10 14:08:48.214425
5066,1123,B,Thông tin không được đề cập,f,2,2026-08-10 14:08:48.214425
5067,1123,C,Thông tin mâu thuẫn với bài đọc,f,3,2026-08-10 14:08:48.214425
5068,1123,D,Thông tin thuộc một chủ đề khác,f,4,2026-08-10 14:08:48.214425
5069,1124,A,Thông tin phù hợp với nội dung bài đọc,t,1,2026-08-10 14:08:48.214425
5070,1124,B,Thông tin không được đề cập,f,2,2026-08-10 14:08:48.214425
5071,1124,C,Thông tin mâu thuẫn với bài đọc,f,3,2026-08-10 14:08:48.214425
5072,1124,D,Thông tin thuộc một chủ đề khác,f,4,2026-08-10 14:08:48.214425
5073,1125,A,Thông tin phù hợp với nội dung bài đọc,t,1,2026-08-10 14:08:48.214425
5074,1125,B,Thông tin không được đề cập,f,2,2026-08-10 14:08:48.214425
5075,1125,C,Thông tin mâu thuẫn với bài đọc,f,3,2026-08-10 14:08:48.214425
5076,1125,D,Thông tin thuộc một chủ đề khác,f,4,2026-08-10 14:08:48.214425
5077,1126,A,Thông tin phù hợp với nội dung bài đọc,t,1,2026-08-10 14:08:48.214425
5078,1126,B,Thông tin không được đề cập,f,2,2026-08-10 14:08:48.214425
5079,1126,C,Thông tin mâu thuẫn với bài đọc,f,3,2026-08-10 14:08:48.214425
5080,1126,D,Thông tin thuộc một chủ đề khác,f,4,2026-08-10 14:08:48.214425
5081,1127,A,Thông tin phù hợp với nội dung bài đọc,t,1,2026-08-10 14:08:48.214425
5082,1127,B,Thông tin không được đề cập,f,2,2026-08-10 14:08:48.214425
5083,1127,C,Thông tin mâu thuẫn với bài đọc,f,3,2026-08-10 14:08:48.214425
5084,1127,D,Thông tin thuộc một chủ đề khác,f,4,2026-08-10 14:08:48.214425
5085,1128,A,Thông tin phù hợp với nội dung bài đọc,t,1,2026-08-10 14:08:48.214425
5086,1128,B,Thông tin không được đề cập,f,2,2026-08-10 14:08:48.214425
5087,1128,C,Thông tin mâu thuẫn với bài đọc,f,3,2026-08-10 14:08:48.214425
5088,1128,D,Thông tin thuộc một chủ đề khác,f,4,2026-08-10 14:08:48.214425
5089,1129,A,Thông tin phù hợp với nội dung bài đọc,t,1,2026-08-10 14:08:48.214425
5090,1129,B,Thông tin không được đề cập,f,2,2026-08-10 14:08:48.214425
5091,1129,C,Thông tin mâu thuẫn với bài đọc,f,3,2026-08-10 14:08:48.214425
5092,1129,D,Thông tin thuộc một chủ đề khác,f,4,2026-08-10 14:08:48.214425
5093,1130,A,Thông tin phù hợp với nội dung bài đọc,t,1,2026-08-10 14:08:48.214425
5094,1130,B,Thông tin không được đề cập,f,2,2026-08-10 14:08:48.214425
5095,1130,C,Thông tin mâu thuẫn với bài đọc,f,3,2026-08-10 14:08:48.214425
5096,1130,D,Thông tin thuộc một chủ đề khác,f,4,2026-08-10 14:08:48.214425
5097,1131,A,Thông tin phù hợp với nội dung bài đọc,t,1,2026-08-10 14:08:48.214425
5098,1131,B,Thông tin không được đề cập,f,2,2026-08-10 14:08:48.214425
5099,1131,C,Thông tin mâu thuẫn với bài đọc,f,3,2026-08-10 14:08:48.214425
5100,1131,D,Thông tin thuộc một chủ đề khác,f,4,2026-08-10 14:08:48.214425
5101,1132,A,Thông tin phù hợp với nội dung bài đọc,t,1,2026-08-10 14:08:48.214425
5102,1132,B,Thông tin không được đề cập,f,2,2026-08-10 14:08:48.214425
5103,1132,C,Thông tin mâu thuẫn với bài đọc,f,3,2026-08-10 14:08:48.214425
5104,1132,D,Thông tin thuộc một chủ đề khác,f,4,2026-08-10 14:08:48.214425
5105,1133,A,Thông tin phù hợp với nội dung bài đọc,t,1,2026-08-10 14:08:48.214425
5106,1133,B,Thông tin không được đề cập,f,2,2026-08-10 14:08:48.214425
5107,1133,C,Thông tin mâu thuẫn với bài đọc,f,3,2026-08-10 14:08:48.214425
5108,1133,D,Thông tin thuộc một chủ đề khác,f,4,2026-08-10 14:08:48.214425
5109,1134,A,Thông tin phù hợp với nội dung bài đọc,t,1,2026-08-10 14:08:48.214425
5110,1134,B,Thông tin không được đề cập,f,2,2026-08-10 14:08:48.214425
5111,1134,C,Thông tin mâu thuẫn với bài đọc,f,3,2026-08-10 14:08:48.214425
5112,1134,D,Thông tin thuộc một chủ đề khác,f,4,2026-08-10 14:08:48.214425
5113,1135,A,Thông tin phù hợp với nội dung bài đọc,t,1,2026-08-10 14:08:48.214425
5114,1135,B,Thông tin không được đề cập,f,2,2026-08-10 14:08:48.214425
5115,1135,C,Thông tin mâu thuẫn với bài đọc,f,3,2026-08-10 14:08:48.214425
5116,1135,D,Thông tin thuộc một chủ đề khác,f,4,2026-08-10 14:08:48.214425
5117,1136,A,Thông tin phù hợp với nội dung bài đọc,t,1,2026-08-10 14:08:48.214425
5118,1136,B,Thông tin không được đề cập,f,2,2026-08-10 14:08:48.214425
5119,1136,C,Thông tin mâu thuẫn với bài đọc,f,3,2026-08-10 14:08:48.214425
5120,1136,D,Thông tin thuộc một chủ đề khác,f,4,2026-08-10 14:08:48.214425
5121,1137,A,Thông tin phù hợp với nội dung bài đọc,t,1,2026-08-10 14:08:48.214425
5122,1137,B,Thông tin không được đề cập,f,2,2026-08-10 14:08:48.214425
5123,1137,C,Thông tin mâu thuẫn với bài đọc,f,3,2026-08-10 14:08:48.214425
5124,1137,D,Thông tin thuộc một chủ đề khác,f,4,2026-08-10 14:08:48.214425
5125,1138,A,Thông tin phù hợp với nội dung bài đọc,t,1,2026-08-10 14:08:48.214425
5126,1138,B,Thông tin không được đề cập,f,2,2026-08-10 14:08:48.214425
5127,1138,C,Thông tin mâu thuẫn với bài đọc,f,3,2026-08-10 14:08:48.214425
5128,1138,D,Thông tin thuộc một chủ đề khác,f,4,2026-08-10 14:08:48.214425
5129,1139,A,Thông tin phù hợp với nội dung bài đọc,t,1,2026-08-10 14:08:48.214425
5130,1139,B,Thông tin không được đề cập,f,2,2026-08-10 14:08:48.214425
5131,1139,C,Thông tin mâu thuẫn với bài đọc,f,3,2026-08-10 14:08:48.214425
5132,1139,D,Thông tin thuộc một chủ đề khác,f,4,2026-08-10 14:08:48.214425
5133,1140,A,Thông tin phù hợp với nội dung bài đọc,t,1,2026-08-10 14:08:48.214425
5134,1140,B,Thông tin không được đề cập,f,2,2026-08-10 14:08:48.214425
5135,1140,C,Thông tin mâu thuẫn với bài đọc,f,3,2026-08-10 14:08:48.214425
5136,1140,D,Thông tin thuộc một chủ đề khác,f,4,2026-08-10 14:08:48.214425
5137,1141,A,Thông tin phù hợp với nội dung bài đọc,t,1,2026-08-10 14:08:48.214425
5138,1141,B,Thông tin không được đề cập,f,2,2026-08-10 14:08:48.214425
5139,1141,C,Thông tin mâu thuẫn với bài đọc,f,3,2026-08-10 14:08:48.214425
5140,1141,D,Thông tin thuộc một chủ đề khác,f,4,2026-08-10 14:08:48.214425
5141,1142,A,Thông tin phù hợp với nội dung bài đọc,t,1,2026-08-10 14:08:48.214425
5142,1142,B,Thông tin không được đề cập,f,2,2026-08-10 14:08:48.214425
5143,1142,C,Thông tin mâu thuẫn với bài đọc,f,3,2026-08-10 14:08:48.214425
5144,1142,D,Thông tin thuộc một chủ đề khác,f,4,2026-08-10 14:08:48.214425
5145,1143,A,Thông tin phù hợp với nội dung bài đọc,t,1,2026-08-10 14:08:48.214425
5146,1143,B,Thông tin không được đề cập,f,2,2026-08-10 14:08:48.214425
5147,1143,C,Thông tin mâu thuẫn với bài đọc,f,3,2026-08-10 14:08:48.214425
5148,1143,D,Thông tin thuộc một chủ đề khác,f,4,2026-08-10 14:08:48.214425
5149,1144,A,Thông tin phù hợp với nội dung bài đọc,t,1,2026-08-10 14:08:48.214425
5150,1144,B,Thông tin không được đề cập,f,2,2026-08-10 14:08:48.214425
5151,1144,C,Thông tin mâu thuẫn với bài đọc,f,3,2026-08-10 14:08:48.214425
5152,1144,D,Thông tin thuộc một chủ đề khác,f,4,2026-08-10 14:08:48.214425
5153,1145,A,Thông tin phù hợp với nội dung bài đọc,t,1,2026-08-10 14:08:48.214425
5154,1145,B,Thông tin không được đề cập,f,2,2026-08-10 14:08:48.214425
5155,1145,C,Thông tin mâu thuẫn với bài đọc,f,3,2026-08-10 14:08:48.214425
5156,1145,D,Thông tin thuộc một chủ đề khác,f,4,2026-08-10 14:08:48.214425
5157,1146,A,Thông tin phù hợp với nội dung bài đọc,t,1,2026-08-10 14:08:48.214425
5158,1146,B,Thông tin không được đề cập,f,2,2026-08-10 14:08:48.214425
5159,1146,C,Thông tin mâu thuẫn với bài đọc,f,3,2026-08-10 14:08:48.214425
5160,1146,D,Thông tin thuộc một chủ đề khác,f,4,2026-08-10 14:08:48.214425
5161,1147,A,Thông tin phù hợp với nội dung bài đọc,t,1,2026-08-10 14:08:48.214425
5162,1147,B,Thông tin không được đề cập,f,2,2026-08-10 14:08:48.214425
5163,1147,C,Thông tin mâu thuẫn với bài đọc,f,3,2026-08-10 14:08:48.214425
5164,1147,D,Thông tin thuộc một chủ đề khác,f,4,2026-08-10 14:08:48.214425
5165,1148,A,Thông tin phù hợp với nội dung bài đọc,t,1,2026-08-10 14:08:48.214425
5166,1148,B,Thông tin không được đề cập,f,2,2026-08-10 14:08:48.214425
5167,1148,C,Thông tin mâu thuẫn với bài đọc,f,3,2026-08-10 14:08:48.214425
5168,1148,D,Thông tin thuộc một chủ đề khác,f,4,2026-08-10 14:08:48.214425
5169,1149,A,Thông tin phù hợp với nội dung bài đọc,t,1,2026-08-10 14:08:48.214425
5170,1149,B,Thông tin không được đề cập,f,2,2026-08-10 14:08:48.214425
5171,1149,C,Thông tin mâu thuẫn với bài đọc,f,3,2026-08-10 14:08:48.214425
5172,1149,D,Thông tin thuộc một chủ đề khác,f,4,2026-08-10 14:08:48.214425
5173,1150,A,Thông tin phù hợp với nội dung bài đọc,t,1,2026-08-10 14:08:48.214425
5174,1150,B,Thông tin không được đề cập,f,2,2026-08-10 14:08:48.214425
5175,1150,C,Thông tin mâu thuẫn với bài đọc,f,3,2026-08-10 14:08:48.214425
5176,1150,D,Thông tin thuộc một chủ đề khác,f,4,2026-08-10 14:08:48.214425
5177,1151,A,Thông tin phù hợp với nội dung bài đọc,t,1,2026-08-10 14:08:48.214425
5178,1151,B,Thông tin không được đề cập,f,2,2026-08-10 14:08:48.214425
5179,1151,C,Thông tin mâu thuẫn với bài đọc,f,3,2026-08-10 14:08:48.214425
5180,1151,D,Thông tin thuộc một chủ đề khác,f,4,2026-08-10 14:08:48.214425
5181,1152,A,Thông tin phù hợp với nội dung bài đọc,t,1,2026-08-10 14:08:48.214425
5182,1152,B,Thông tin không được đề cập,f,2,2026-08-10 14:08:48.214425
5183,1152,C,Thông tin mâu thuẫn với bài đọc,f,3,2026-08-10 14:08:48.214425
5184,1152,D,Thông tin thuộc một chủ đề khác,f,4,2026-08-10 14:08:48.214425
5185,1153,A,Thông tin phù hợp với nội dung bài đọc,t,1,2026-08-10 14:08:48.214425
5186,1153,B,Thông tin không được đề cập,f,2,2026-08-10 14:08:48.214425
5187,1153,C,Thông tin mâu thuẫn với bài đọc,f,3,2026-08-10 14:08:48.214425
5188,1153,D,Thông tin thuộc một chủ đề khác,f,4,2026-08-10 14:08:48.214425
5189,1154,A,Thông tin phù hợp với nội dung bài đọc,t,1,2026-08-10 14:08:48.214425
5190,1154,B,Thông tin không được đề cập,f,2,2026-08-10 14:08:48.214425
5191,1154,C,Thông tin mâu thuẫn với bài đọc,f,3,2026-08-10 14:08:48.214425
5192,1154,D,Thông tin thuộc một chủ đề khác,f,4,2026-08-10 14:08:48.214425
5193,1155,A,Thông tin phù hợp với nội dung bài đọc,t,1,2026-08-10 14:08:48.214425
5194,1155,B,Thông tin không được đề cập,f,2,2026-08-10 14:08:48.214425
5195,1155,C,Thông tin mâu thuẫn với bài đọc,f,3,2026-08-10 14:08:48.214425
5196,1155,D,Thông tin thuộc một chủ đề khác,f,4,2026-08-10 14:08:48.214425
5197,1156,A,Thông tin phù hợp với nội dung bài đọc,t,1,2026-08-10 14:08:48.214425
5198,1156,B,Thông tin không được đề cập,f,2,2026-08-10 14:08:48.214425
5199,1156,C,Thông tin mâu thuẫn với bài đọc,f,3,2026-08-10 14:08:48.214425
5200,1156,D,Thông tin thuộc một chủ đề khác,f,4,2026-08-10 14:08:48.214425
5201,1157,A,Thông tin phù hợp với nội dung bài đọc,t,1,2026-08-10 14:08:48.214425
5202,1157,B,Thông tin không được đề cập,f,2,2026-08-10 14:08:48.214425
5203,1157,C,Thông tin mâu thuẫn với bài đọc,f,3,2026-08-10 14:08:48.214425
5204,1157,D,Thông tin thuộc một chủ đề khác,f,4,2026-08-10 14:08:48.214425
5205,1158,A,Thông tin phù hợp với nội dung bài đọc,t,1,2026-08-10 14:08:48.214425
5206,1158,B,Thông tin không được đề cập,f,2,2026-08-10 14:08:48.214425
5207,1158,C,Thông tin mâu thuẫn với bài đọc,f,3,2026-08-10 14:08:48.214425
5208,1158,D,Thông tin thuộc một chủ đề khác,f,4,2026-08-10 14:08:48.214425
5209,1159,A,Thông tin phù hợp với nội dung bài đọc,t,1,2026-08-10 14:08:48.214425
5210,1159,B,Thông tin không được đề cập,f,2,2026-08-10 14:08:48.214425
5211,1159,C,Thông tin mâu thuẫn với bài đọc,f,3,2026-08-10 14:08:48.214425
5212,1159,D,Thông tin thuộc một chủ đề khác,f,4,2026-08-10 14:08:48.214425
5213,1160,A,Thông tin phù hợp với nội dung bài đọc,t,1,2026-08-10 14:08:48.214425
5214,1160,B,Thông tin không được đề cập,f,2,2026-08-10 14:08:48.214425
5215,1160,C,Thông tin mâu thuẫn với bài đọc,f,3,2026-08-10 14:08:48.214425
5216,1160,D,Thông tin thuộc một chủ đề khác,f,4,2026-08-10 14:08:48.214425
5217,1161,A,Thông tin phù hợp với nội dung bài đọc,t,1,2026-08-10 14:08:48.214425
5218,1161,B,Thông tin không được đề cập,f,2,2026-08-10 14:08:48.214425
5219,1161,C,Thông tin mâu thuẫn với bài đọc,f,3,2026-08-10 14:08:48.214425
5220,1161,D,Thông tin thuộc một chủ đề khác,f,4,2026-08-10 14:08:48.214425
5221,1162,A,Thông tin phù hợp với nội dung bài đọc,t,1,2026-08-10 14:08:48.214425
5222,1162,B,Thông tin không được đề cập,f,2,2026-08-10 14:08:48.214425
5223,1162,C,Thông tin mâu thuẫn với bài đọc,f,3,2026-08-10 14:08:48.214425
5224,1162,D,Thông tin thuộc một chủ đề khác,f,4,2026-08-10 14:08:48.214425
5225,1163,A,Thông tin phù hợp với nội dung bài đọc,t,1,2026-08-10 14:08:48.214425
5226,1163,B,Thông tin không được đề cập,f,2,2026-08-10 14:08:48.214425
5227,1163,C,Thông tin mâu thuẫn với bài đọc,f,3,2026-08-10 14:08:48.214425
5228,1163,D,Thông tin thuộc một chủ đề khác,f,4,2026-08-10 14:08:48.214425
5229,1164,A,Thông tin phù hợp với nội dung bài đọc,t,1,2026-08-10 14:08:48.214425
5230,1164,B,Thông tin không được đề cập,f,2,2026-08-10 14:08:48.214425
5231,1164,C,Thông tin mâu thuẫn với bài đọc,f,3,2026-08-10 14:08:48.214425
5232,1164,D,Thông tin thuộc một chủ đề khác,f,4,2026-08-10 14:08:48.214425
5233,1165,A,Thông tin phù hợp với nội dung bài đọc,t,1,2026-08-10 14:08:48.214425
5234,1165,B,Thông tin không được đề cập,f,2,2026-08-10 14:08:48.214425
5235,1165,C,Thông tin mâu thuẫn với bài đọc,f,3,2026-08-10 14:08:48.214425
5236,1165,D,Thông tin thuộc một chủ đề khác,f,4,2026-08-10 14:08:48.214425
5237,1166,A,Thông tin phù hợp với nội dung bài đọc,t,1,2026-08-10 14:08:48.214425
5238,1166,B,Thông tin không được đề cập,f,2,2026-08-10 14:08:48.214425
5239,1166,C,Thông tin mâu thuẫn với bài đọc,f,3,2026-08-10 14:08:48.214425
5240,1166,D,Thông tin thuộc một chủ đề khác,f,4,2026-08-10 14:08:48.214425
5241,1167,A,Thông tin phù hợp với nội dung bài đọc,t,1,2026-08-10 14:08:48.214425
5242,1167,B,Thông tin không được đề cập,f,2,2026-08-10 14:08:48.214425
5243,1167,C,Thông tin mâu thuẫn với bài đọc,f,3,2026-08-10 14:08:48.214425
5244,1167,D,Thông tin thuộc một chủ đề khác,f,4,2026-08-10 14:08:48.214425
5245,1168,A,Thông tin phù hợp với nội dung bài đọc,t,1,2026-08-10 14:08:48.214425
5246,1168,B,Thông tin không được đề cập,f,2,2026-08-10 14:08:48.214425
5247,1168,C,Thông tin mâu thuẫn với bài đọc,f,3,2026-08-10 14:08:48.214425
5248,1168,D,Thông tin thuộc một chủ đề khác,f,4,2026-08-10 14:08:48.214425
5249,1169,A,Thông tin phù hợp với nội dung bài đọc,t,1,2026-08-10 14:08:48.214425
5250,1169,B,Thông tin không được đề cập,f,2,2026-08-10 14:08:48.214425
5251,1169,C,Thông tin mâu thuẫn với bài đọc,f,3,2026-08-10 14:08:48.214425
5252,1169,D,Thông tin thuộc một chủ đề khác,f,4,2026-08-10 14:08:48.214425
5253,1170,A,Thông tin phù hợp với nội dung bài đọc,t,1,2026-08-10 14:08:48.214425
5254,1170,B,Thông tin không được đề cập,f,2,2026-08-10 14:08:48.214425
5255,1170,C,Thông tin mâu thuẫn với bài đọc,f,3,2026-08-10 14:08:48.214425
5256,1170,D,Thông tin thuộc một chủ đề khác,f,4,2026-08-10 14:08:48.214425
5257,1171,A,Thông tin phù hợp với nội dung bài đọc,t,1,2026-08-10 14:08:48.214425
5258,1171,B,Thông tin không được đề cập,f,2,2026-08-10 14:08:48.214425
5259,1171,C,Thông tin mâu thuẫn với bài đọc,f,3,2026-08-10 14:08:48.214425
5260,1171,D,Thông tin thuộc một chủ đề khác,f,4,2026-08-10 14:08:48.214425
5261,1172,A,Thông tin phù hợp với nội dung bài đọc,t,1,2026-08-10 14:08:48.214425
5262,1172,B,Thông tin không được đề cập,f,2,2026-08-10 14:08:48.214425
5263,1172,C,Thông tin mâu thuẫn với bài đọc,f,3,2026-08-10 14:08:48.214425
5264,1172,D,Thông tin thuộc một chủ đề khác,f,4,2026-08-10 14:08:48.214425
5265,1173,A,Thông tin phù hợp với nội dung bài đọc,t,1,2026-08-10 14:08:48.214425
5266,1173,B,Thông tin không được đề cập,f,2,2026-08-10 14:08:48.214425
5267,1173,C,Thông tin mâu thuẫn với bài đọc,f,3,2026-08-10 14:08:48.214425
5268,1173,D,Thông tin thuộc một chủ đề khác,f,4,2026-08-10 14:08:48.214425
5269,1174,A,Thông tin phù hợp với nội dung bài đọc,t,1,2026-08-10 14:08:48.214425
5270,1174,B,Thông tin không được đề cập,f,2,2026-08-10 14:08:48.214425
5271,1174,C,Thông tin mâu thuẫn với bài đọc,f,3,2026-08-10 14:08:48.214425
5272,1174,D,Thông tin thuộc một chủ đề khác,f,4,2026-08-10 14:08:48.214425
5273,1175,A,Thông tin phù hợp với nội dung bài đọc,t,1,2026-08-10 14:08:48.214425
5274,1175,B,Thông tin không được đề cập,f,2,2026-08-10 14:08:48.214425
5275,1175,C,Thông tin mâu thuẫn với bài đọc,f,3,2026-08-10 14:08:48.214425
5276,1175,D,Thông tin thuộc một chủ đề khác,f,4,2026-08-10 14:08:48.214425
5277,1176,A,Thông tin phù hợp với nội dung bài đọc,t,1,2026-08-10 14:08:48.214425
5278,1176,B,Thông tin không được đề cập,f,2,2026-08-10 14:08:48.214425
5279,1176,C,Thông tin mâu thuẫn với bài đọc,f,3,2026-08-10 14:08:48.214425
5280,1176,D,Thông tin thuộc một chủ đề khác,f,4,2026-08-10 14:08:48.214425
5281,1177,A,Thông tin phù hợp với nội dung bài đọc,t,1,2026-08-10 14:08:48.214425
5282,1177,B,Thông tin không được đề cập,f,2,2026-08-10 14:08:48.214425
5283,1177,C,Thông tin mâu thuẫn với bài đọc,f,3,2026-08-10 14:08:48.214425
5284,1177,D,Thông tin thuộc một chủ đề khác,f,4,2026-08-10 14:08:48.214425
5285,1178,A,Thông tin phù hợp với nội dung bài đọc,t,1,2026-08-10 14:08:48.214425
5286,1178,B,Thông tin không được đề cập,f,2,2026-08-10 14:08:48.214425
5287,1178,C,Thông tin mâu thuẫn với bài đọc,f,3,2026-08-10 14:08:48.214425
5288,1178,D,Thông tin thuộc một chủ đề khác,f,4,2026-08-10 14:08:48.214425
5289,1179,A,Thông tin phù hợp với nội dung bài đọc,t,1,2026-08-10 14:08:48.214425
5290,1179,B,Thông tin không được đề cập,f,2,2026-08-10 14:08:48.214425
5291,1179,C,Thông tin mâu thuẫn với bài đọc,f,3,2026-08-10 14:08:48.214425
5292,1179,D,Thông tin thuộc một chủ đề khác,f,4,2026-08-10 14:08:48.214425
5293,1180,A,Thông tin phù hợp với nội dung bài đọc,t,1,2026-08-10 14:08:48.214425
5294,1180,B,Thông tin không được đề cập,f,2,2026-08-10 14:08:48.214425
5295,1180,C,Thông tin mâu thuẫn với bài đọc,f,3,2026-08-10 14:08:48.214425
5296,1180,D,Thông tin thuộc một chủ đề khác,f,4,2026-08-10 14:08:48.214425
5297,1181,A,Thông tin phù hợp với nội dung bài đọc,t,1,2026-08-10 14:08:48.214425
5298,1181,B,Thông tin không được đề cập,f,2,2026-08-10 14:08:48.214425
5299,1181,C,Thông tin mâu thuẫn với bài đọc,f,3,2026-08-10 14:08:48.214425
5300,1181,D,Thông tin thuộc một chủ đề khác,f,4,2026-08-10 14:08:48.214425
5301,1182,A,Thông tin phù hợp với nội dung bài đọc,t,1,2026-08-10 14:08:48.214425
5302,1182,B,Thông tin không được đề cập,f,2,2026-08-10 14:08:48.214425
5303,1182,C,Thông tin mâu thuẫn với bài đọc,f,3,2026-08-10 14:08:48.214425
5304,1182,D,Thông tin thuộc một chủ đề khác,f,4,2026-08-10 14:08:48.214425
5305,1183,A,Thông tin phù hợp với nội dung bài đọc,t,1,2026-08-10 14:08:48.214425
5306,1183,B,Thông tin không được đề cập,f,2,2026-08-10 14:08:48.214425
5307,1183,C,Thông tin mâu thuẫn với bài đọc,f,3,2026-08-10 14:08:48.214425
5308,1183,D,Thông tin thuộc một chủ đề khác,f,4,2026-08-10 14:08:48.214425
5309,1184,A,Thông tin phù hợp với nội dung bài đọc,t,1,2026-08-10 14:08:48.214425
5310,1184,B,Thông tin không được đề cập,f,2,2026-08-10 14:08:48.214425
5311,1184,C,Thông tin mâu thuẫn với bài đọc,f,3,2026-08-10 14:08:48.214425
5312,1184,D,Thông tin thuộc một chủ đề khác,f,4,2026-08-10 14:08:48.214425
5313,1185,A,Thông tin phù hợp với nội dung bài đọc,t,1,2026-08-10 14:08:48.214425
5314,1185,B,Thông tin không được đề cập,f,2,2026-08-10 14:08:48.214425
5315,1185,C,Thông tin mâu thuẫn với bài đọc,f,3,2026-08-10 14:08:48.214425
5316,1185,D,Thông tin thuộc một chủ đề khác,f,4,2026-08-10 14:08:48.214425
5317,1186,A,Thông tin phù hợp với nội dung bài đọc,t,1,2026-08-10 14:08:48.214425
5318,1186,B,Thông tin không được đề cập,f,2,2026-08-10 14:08:48.214425
5319,1186,C,Thông tin mâu thuẫn với bài đọc,f,3,2026-08-10 14:08:48.214425
5320,1186,D,Thông tin thuộc một chủ đề khác,f,4,2026-08-10 14:08:48.214425
5321,1187,A,Thông tin phù hợp với nội dung bài đọc,t,1,2026-08-10 14:08:48.214425
5322,1187,B,Thông tin không được đề cập,f,2,2026-08-10 14:08:48.214425
5323,1187,C,Thông tin mâu thuẫn với bài đọc,f,3,2026-08-10 14:08:48.214425
5324,1187,D,Thông tin thuộc một chủ đề khác,f,4,2026-08-10 14:08:48.214425
5325,1188,A,Thông tin phù hợp với nội dung bài đọc,t,1,2026-08-10 14:08:48.214425
5326,1188,B,Thông tin không được đề cập,f,2,2026-08-10 14:08:48.214425
5327,1188,C,Thông tin mâu thuẫn với bài đọc,f,3,2026-08-10 14:08:48.214425
5328,1188,D,Thông tin thuộc một chủ đề khác,f,4,2026-08-10 14:08:48.214425
5329,1189,A,Thông tin phù hợp với nội dung bài đọc,t,1,2026-08-10 14:08:48.214425
5330,1189,B,Thông tin không được đề cập,f,2,2026-08-10 14:08:48.214425
5331,1189,C,Thông tin mâu thuẫn với bài đọc,f,3,2026-08-10 14:08:48.214425
5332,1189,D,Thông tin thuộc một chủ đề khác,f,4,2026-08-10 14:08:48.214425
5333,1190,A,Thông tin phù hợp với nội dung bài đọc,t,1,2026-08-10 14:08:48.214425
5334,1190,B,Thông tin không được đề cập,f,2,2026-08-10 14:08:48.214425
5335,1190,C,Thông tin mâu thuẫn với bài đọc,f,3,2026-08-10 14:08:48.214425
5336,1190,D,Thông tin thuộc một chủ đề khác,f,4,2026-08-10 14:08:48.214425
5337,1191,A,Thông tin phù hợp với nội dung bài đọc,t,1,2026-08-10 14:08:48.214425
5338,1191,B,Thông tin không được đề cập,f,2,2026-08-10 14:08:48.214425
5339,1191,C,Thông tin mâu thuẫn với bài đọc,f,3,2026-08-10 14:08:48.214425
5340,1191,D,Thông tin thuộc một chủ đề khác,f,4,2026-08-10 14:08:48.214425
5341,1192,A,Thông tin phù hợp với nội dung bài đọc,t,1,2026-08-10 14:08:48.214425
5342,1192,B,Thông tin không được đề cập,f,2,2026-08-10 14:08:48.214425
5343,1192,C,Thông tin mâu thuẫn với bài đọc,f,3,2026-08-10 14:08:48.214425
5344,1192,D,Thông tin thuộc một chủ đề khác,f,4,2026-08-10 14:08:48.214425
5345,1193,A,Thông tin phù hợp với nội dung bài đọc,t,1,2026-08-10 14:08:48.214425
5346,1193,B,Thông tin không được đề cập,f,2,2026-08-10 14:08:48.214425
5347,1193,C,Thông tin mâu thuẫn với bài đọc,f,3,2026-08-10 14:08:48.214425
5348,1193,D,Thông tin thuộc một chủ đề khác,f,4,2026-08-10 14:08:48.214425
5349,1194,A,Thông tin phù hợp với nội dung bài đọc,t,1,2026-08-10 14:08:48.214425
5350,1194,B,Thông tin không được đề cập,f,2,2026-08-10 14:08:48.214425
5351,1194,C,Thông tin mâu thuẫn với bài đọc,f,3,2026-08-10 14:08:48.214425
5352,1194,D,Thông tin thuộc một chủ đề khác,f,4,2026-08-10 14:08:48.214425
5353,1195,A,Thông tin phù hợp với nội dung bài đọc,t,1,2026-08-10 14:08:48.214425
5354,1195,B,Thông tin không được đề cập,f,2,2026-08-10 14:08:48.214425
5355,1195,C,Thông tin mâu thuẫn với bài đọc,f,3,2026-08-10 14:08:48.214425
5356,1195,D,Thông tin thuộc một chủ đề khác,f,4,2026-08-10 14:08:48.214425
5357,1196,A,Thông tin phù hợp với nội dung bài đọc,t,1,2026-08-10 14:08:48.214425
5358,1196,B,Thông tin không được đề cập,f,2,2026-08-10 14:08:48.214425
5359,1196,C,Thông tin mâu thuẫn với bài đọc,f,3,2026-08-10 14:08:48.214425
5360,1196,D,Thông tin thuộc một chủ đề khác,f,4,2026-08-10 14:08:48.214425
5361,1197,A,Thông tin phù hợp với nội dung bài đọc,t,1,2026-08-10 14:08:48.214425
5362,1197,B,Thông tin không được đề cập,f,2,2026-08-10 14:08:48.214425
5363,1197,C,Thông tin mâu thuẫn với bài đọc,f,3,2026-08-10 14:08:48.214425
5364,1197,D,Thông tin thuộc một chủ đề khác,f,4,2026-08-10 14:08:48.214425
5365,1198,A,Thông tin phù hợp với nội dung bài đọc,t,1,2026-08-10 14:08:48.214425
5366,1198,B,Thông tin không được đề cập,f,2,2026-08-10 14:08:48.214425
5367,1198,C,Thông tin mâu thuẫn với bài đọc,f,3,2026-08-10 14:08:48.214425
5368,1198,D,Thông tin thuộc một chủ đề khác,f,4,2026-08-10 14:08:48.214425
5369,1199,A,Thông tin phù hợp với nội dung bài đọc,t,1,2026-08-10 14:08:48.214425
5370,1199,B,Thông tin không được đề cập,f,2,2026-08-10 14:08:48.214425
5371,1199,C,Thông tin mâu thuẫn với bài đọc,f,3,2026-08-10 14:08:48.214425
5372,1199,D,Thông tin thuộc một chủ đề khác,f,4,2026-08-10 14:08:48.214425
5373,1200,A,Thông tin phù hợp với nội dung bài đọc,t,1,2026-08-10 14:08:48.214425
5374,1200,B,Thông tin không được đề cập,f,2,2026-08-10 14:08:48.214425
5375,1200,C,Thông tin mâu thuẫn với bài đọc,f,3,2026-08-10 14:08:48.214425
5376,1200,D,Thông tin thuộc một chủ đề khác,f,4,2026-08-10 14:08:48.214425
5377,1201,A,Thông tin phù hợp với nội dung bài đọc,t,1,2026-08-10 14:08:48.214425
5378,1201,B,Thông tin không được đề cập,f,2,2026-08-10 14:08:48.214425
5379,1201,C,Thông tin mâu thuẫn với bài đọc,f,3,2026-08-10 14:08:48.214425
5380,1201,D,Thông tin thuộc một chủ đề khác,f,4,2026-08-10 14:08:48.214425
5381,1202,A,Thông tin phù hợp với nội dung bài đọc,t,1,2026-08-10 14:08:48.214425
5382,1202,B,Thông tin không được đề cập,f,2,2026-08-10 14:08:48.214425
5383,1202,C,Thông tin mâu thuẫn với bài đọc,f,3,2026-08-10 14:08:48.214425
5384,1202,D,Thông tin thuộc một chủ đề khác,f,4,2026-08-10 14:08:48.214425
5385,1203,A,Thông tin phù hợp với nội dung bài đọc,t,1,2026-08-10 14:08:48.214425
5386,1203,B,Thông tin không được đề cập,f,2,2026-08-10 14:08:48.214425
5387,1203,C,Thông tin mâu thuẫn với bài đọc,f,3,2026-08-10 14:08:48.214425
5388,1203,D,Thông tin thuộc một chủ đề khác,f,4,2026-08-10 14:08:48.214425
5389,1204,A,Thông tin phù hợp với nội dung bài đọc,t,1,2026-08-10 14:08:48.214425
5390,1204,B,Thông tin không được đề cập,f,2,2026-08-10 14:08:48.214425
5391,1204,C,Thông tin mâu thuẫn với bài đọc,f,3,2026-08-10 14:08:48.214425
5392,1204,D,Thông tin thuộc một chủ đề khác,f,4,2026-08-10 14:08:48.214425
5393,1205,A,Thông tin phù hợp với nội dung bài đọc,t,1,2026-08-10 14:08:48.214425
5394,1205,B,Thông tin không được đề cập,f,2,2026-08-10 14:08:48.214425
5395,1205,C,Thông tin mâu thuẫn với bài đọc,f,3,2026-08-10 14:08:48.214425
5396,1205,D,Thông tin thuộc một chủ đề khác,f,4,2026-08-10 14:08:48.214425
5397,1206,A,Thông tin phù hợp với nội dung bài đọc,t,1,2026-08-10 14:08:48.214425
5398,1206,B,Thông tin không được đề cập,f,2,2026-08-10 14:08:48.214425
5399,1206,C,Thông tin mâu thuẫn với bài đọc,f,3,2026-08-10 14:08:48.214425
5400,1206,D,Thông tin thuộc một chủ đề khác,f,4,2026-08-10 14:08:48.214425
5401,1207,A,Thông tin phù hợp với nội dung bài đọc,t,1,2026-08-10 14:08:48.214425
5402,1207,B,Thông tin không được đề cập,f,2,2026-08-10 14:08:48.214425
5403,1207,C,Thông tin mâu thuẫn với bài đọc,f,3,2026-08-10 14:08:48.214425
5404,1207,D,Thông tin thuộc một chủ đề khác,f,4,2026-08-10 14:08:48.214425
5405,1208,A,Thông tin phù hợp với nội dung bài đọc,t,1,2026-08-10 14:08:48.214425
5406,1208,B,Thông tin không được đề cập,f,2,2026-08-10 14:08:48.214425
5407,1208,C,Thông tin mâu thuẫn với bài đọc,f,3,2026-08-10 14:08:48.214425
5408,1208,D,Thông tin thuộc một chủ đề khác,f,4,2026-08-10 14:08:48.214425
5409,1209,A,Thông tin phù hợp với nội dung bài đọc,t,1,2026-08-10 14:08:48.214425
5410,1209,B,Thông tin không được đề cập,f,2,2026-08-10 14:08:48.214425
5411,1209,C,Thông tin mâu thuẫn với bài đọc,f,3,2026-08-10 14:08:48.214425
5412,1209,D,Thông tin thuộc một chủ đề khác,f,4,2026-08-10 14:08:48.214425
5413,1210,A,Thông tin phù hợp với nội dung bài đọc,t,1,2026-08-10 14:08:48.214425
5414,1210,B,Thông tin không được đề cập,f,2,2026-08-10 14:08:48.214425
5415,1210,C,Thông tin mâu thuẫn với bài đọc,f,3,2026-08-10 14:08:48.214425
5416,1210,D,Thông tin thuộc một chủ đề khác,f,4,2026-08-10 14:08:48.214425
5417,1211,A,Thông tin phù hợp với nội dung bài đọc,t,1,2026-08-10 14:08:48.214425
5418,1211,B,Thông tin không được đề cập,f,2,2026-08-10 14:08:48.214425
5419,1211,C,Thông tin mâu thuẫn với bài đọc,f,3,2026-08-10 14:08:48.214425
5420,1211,D,Thông tin thuộc một chủ đề khác,f,4,2026-08-10 14:08:48.214425
5421,1212,A,Thông tin phù hợp với nội dung bài đọc,t,1,2026-08-10 14:08:48.214425
5422,1212,B,Thông tin không được đề cập,f,2,2026-08-10 14:08:48.214425
5423,1212,C,Thông tin mâu thuẫn với bài đọc,f,3,2026-08-10 14:08:48.214425
5424,1212,D,Thông tin thuộc một chủ đề khác,f,4,2026-08-10 14:08:48.214425
5425,1213,A,Thông tin phù hợp với nội dung bài đọc,t,1,2026-08-10 14:08:48.214425
5426,1213,B,Thông tin không được đề cập,f,2,2026-08-10 14:08:48.214425
5427,1213,C,Thông tin mâu thuẫn với bài đọc,f,3,2026-08-10 14:08:48.214425
5428,1213,D,Thông tin thuộc một chủ đề khác,f,4,2026-08-10 14:08:48.214425
5429,1214,A,Thông tin phù hợp với nội dung bài đọc,t,1,2026-08-10 14:08:48.214425
5430,1214,B,Thông tin không được đề cập,f,2,2026-08-10 14:08:48.214425
5431,1214,C,Thông tin mâu thuẫn với bài đọc,f,3,2026-08-10 14:08:48.214425
5432,1214,D,Thông tin thuộc một chủ đề khác,f,4,2026-08-10 14:08:48.214425
5433,1215,A,Thông tin phù hợp với nội dung bài đọc,t,1,2026-08-10 14:08:48.214425
5434,1215,B,Thông tin không được đề cập,f,2,2026-08-10 14:08:48.214425
5435,1215,C,Thông tin mâu thuẫn với bài đọc,f,3,2026-08-10 14:08:48.214425
5436,1215,D,Thông tin thuộc một chủ đề khác,f,4,2026-08-10 14:08:48.214425
5437,1216,A,Thông tin phù hợp với nội dung bài đọc,t,1,2026-08-10 14:08:48.214425
5438,1216,B,Thông tin không được đề cập,f,2,2026-08-10 14:08:48.214425
5439,1216,C,Thông tin mâu thuẫn với bài đọc,f,3,2026-08-10 14:08:48.214425
5440,1216,D,Thông tin thuộc một chủ đề khác,f,4,2026-08-10 14:08:48.214425
5441,1217,A,Thông tin phù hợp với nội dung bài đọc,t,1,2026-08-10 14:08:48.214425
5442,1217,B,Thông tin không được đề cập,f,2,2026-08-10 14:08:48.214425
5443,1217,C,Thông tin mâu thuẫn với bài đọc,f,3,2026-08-10 14:08:48.214425
5444,1217,D,Thông tin thuộc một chủ đề khác,f,4,2026-08-10 14:08:48.214425
5445,1218,A,Thông tin phù hợp với nội dung bài đọc,t,1,2026-08-10 14:08:48.214425
5446,1218,B,Thông tin không được đề cập,f,2,2026-08-10 14:08:48.214425
5447,1218,C,Thông tin mâu thuẫn với bài đọc,f,3,2026-08-10 14:08:48.214425
5448,1218,D,Thông tin thuộc một chủ đề khác,f,4,2026-08-10 14:08:48.214425
5449,1219,A,Thông tin phù hợp với nội dung bài đọc,t,1,2026-08-10 14:08:48.214425
5450,1219,B,Thông tin không được đề cập,f,2,2026-08-10 14:08:48.214425
5451,1219,C,Thông tin mâu thuẫn với bài đọc,f,3,2026-08-10 14:08:48.214425
5452,1219,D,Thông tin thuộc một chủ đề khác,f,4,2026-08-10 14:08:48.214425
5453,1220,A,Thông tin phù hợp với nội dung bài đọc,t,1,2026-08-10 14:08:48.214425
5454,1220,B,Thông tin không được đề cập,f,2,2026-08-10 14:08:48.214425
5455,1220,C,Thông tin mâu thuẫn với bài đọc,f,3,2026-08-10 14:08:48.214425
5456,1220,D,Thông tin thuộc một chủ đề khác,f,4,2026-08-10 14:08:48.214425
5457,1221,A,Thông tin phù hợp với nội dung bài đọc,t,1,2026-08-10 14:08:48.214425
5458,1221,B,Thông tin không được đề cập,f,2,2026-08-10 14:08:48.214425
5459,1221,C,Thông tin mâu thuẫn với bài đọc,f,3,2026-08-10 14:08:48.214425
5460,1221,D,Thông tin thuộc một chủ đề khác,f,4,2026-08-10 14:08:48.214425
5461,1222,A,Thông tin phù hợp với nội dung bài đọc,t,1,2026-08-10 14:08:48.214425
5462,1222,B,Thông tin không được đề cập,f,2,2026-08-10 14:08:48.214425
5463,1222,C,Thông tin mâu thuẫn với bài đọc,f,3,2026-08-10 14:08:48.214425
5464,1222,D,Thông tin thuộc một chủ đề khác,f,4,2026-08-10 14:08:48.214425
5465,1223,A,Thông tin phù hợp với nội dung bài đọc,t,1,2026-08-10 14:08:48.214425
5466,1223,B,Thông tin không được đề cập,f,2,2026-08-10 14:08:48.214425
5467,1223,C,Thông tin mâu thuẫn với bài đọc,f,3,2026-08-10 14:08:48.214425
5468,1223,D,Thông tin thuộc một chủ đề khác,f,4,2026-08-10 14:08:48.214425
5469,1224,A,Thông tin phù hợp với nội dung bài đọc,t,1,2026-08-10 14:08:48.214425
5470,1224,B,Thông tin không được đề cập,f,2,2026-08-10 14:08:48.214425
5471,1224,C,Thông tin mâu thuẫn với bài đọc,f,3,2026-08-10 14:08:48.214425
5472,1224,D,Thông tin thuộc một chủ đề khác,f,4,2026-08-10 14:08:48.214425
5473,1225,A,Thông tin phù hợp với nội dung bài đọc,t,1,2026-08-10 14:08:48.214425
5474,1225,B,Thông tin không được đề cập,f,2,2026-08-10 14:08:48.214425
5475,1225,C,Thông tin mâu thuẫn với bài đọc,f,3,2026-08-10 14:08:48.214425
5476,1225,D,Thông tin thuộc một chủ đề khác,f,4,2026-08-10 14:08:48.214425
5477,1226,A,Thông tin phù hợp với nội dung bài đọc,t,1,2026-08-10 14:08:48.214425
5478,1226,B,Thông tin không được đề cập,f,2,2026-08-10 14:08:48.214425
5479,1226,C,Thông tin mâu thuẫn với bài đọc,f,3,2026-08-10 14:08:48.214425
5480,1226,D,Thông tin thuộc một chủ đề khác,f,4,2026-08-10 14:08:48.214425
5481,1227,A,Thông tin phù hợp với nội dung bài đọc,t,1,2026-08-10 14:08:48.214425
5482,1227,B,Thông tin không được đề cập,f,2,2026-08-10 14:08:48.214425
5483,1227,C,Thông tin mâu thuẫn với bài đọc,f,3,2026-08-10 14:08:48.214425
5484,1227,D,Thông tin thuộc một chủ đề khác,f,4,2026-08-10 14:08:48.214425
5485,1228,A,Thông tin phù hợp với nội dung bài đọc,t,1,2026-08-10 14:08:48.214425
5486,1228,B,Thông tin không được đề cập,f,2,2026-08-10 14:08:48.214425
5487,1228,C,Thông tin mâu thuẫn với bài đọc,f,3,2026-08-10 14:08:48.214425
5488,1228,D,Thông tin thuộc một chủ đề khác,f,4,2026-08-10 14:08:48.214425
5489,1229,A,Thông tin phù hợp với nội dung bài đọc,t,1,2026-08-10 14:08:48.214425
5490,1229,B,Thông tin không được đề cập,f,2,2026-08-10 14:08:48.214425
5491,1229,C,Thông tin mâu thuẫn với bài đọc,f,3,2026-08-10 14:08:48.214425
5492,1229,D,Thông tin thuộc một chủ đề khác,f,4,2026-08-10 14:08:48.214425
5493,1230,A,Thông tin phù hợp với nội dung bài đọc,t,1,2026-08-10 14:08:48.214425
5494,1230,B,Thông tin không được đề cập,f,2,2026-08-10 14:08:48.214425
5495,1230,C,Thông tin mâu thuẫn với bài đọc,f,3,2026-08-10 14:08:48.214425
5496,1230,D,Thông tin thuộc một chủ đề khác,f,4,2026-08-10 14:08:48.214425
5497,1231,A,Thông tin phù hợp với nội dung bài đọc,t,1,2026-08-10 14:08:48.214425
5498,1231,B,Thông tin không được đề cập,f,2,2026-08-10 14:08:48.214425
5499,1231,C,Thông tin mâu thuẫn với bài đọc,f,3,2026-08-10 14:08:48.214425
5500,1231,D,Thông tin thuộc một chủ đề khác,f,4,2026-08-10 14:08:48.214425
5501,1232,A,Thông tin phù hợp với nội dung bài đọc,t,1,2026-08-10 14:08:48.214425
5502,1232,B,Thông tin không được đề cập,f,2,2026-08-10 14:08:48.214425
5503,1232,C,Thông tin mâu thuẫn với bài đọc,f,3,2026-08-10 14:08:48.214425
5504,1232,D,Thông tin thuộc một chủ đề khác,f,4,2026-08-10 14:08:48.214425
5505,1233,A,Thông tin phù hợp với nội dung bài đọc,t,1,2026-08-10 14:08:48.214425
5506,1233,B,Thông tin không được đề cập,f,2,2026-08-10 14:08:48.214425
5507,1233,C,Thông tin mâu thuẫn với bài đọc,f,3,2026-08-10 14:08:48.214425
5508,1233,D,Thông tin thuộc một chủ đề khác,f,4,2026-08-10 14:08:48.214425
5509,1234,A,Thông tin phù hợp với nội dung bài đọc,t,1,2026-08-10 14:08:48.214425
5510,1234,B,Thông tin không được đề cập,f,2,2026-08-10 14:08:48.214425
5511,1234,C,Thông tin mâu thuẫn với bài đọc,f,3,2026-08-10 14:08:48.214425
5512,1234,D,Thông tin thuộc một chủ đề khác,f,4,2026-08-10 14:08:48.214425
5513,1235,A,Thông tin phù hợp với nội dung bài đọc,t,1,2026-08-10 14:08:48.214425
5514,1235,B,Thông tin không được đề cập,f,2,2026-08-10 14:08:48.214425
5515,1235,C,Thông tin mâu thuẫn với bài đọc,f,3,2026-08-10 14:08:48.214425
5516,1235,D,Thông tin thuộc một chủ đề khác,f,4,2026-08-10 14:08:48.214425
5517,1236,A,Thông tin phù hợp với nội dung bài đọc,t,1,2026-08-10 14:08:48.214425
5518,1236,B,Thông tin không được đề cập,f,2,2026-08-10 14:08:48.214425
5519,1236,C,Thông tin mâu thuẫn với bài đọc,f,3,2026-08-10 14:08:48.214425
5520,1236,D,Thông tin thuộc một chủ đề khác,f,4,2026-08-10 14:08:48.214425
5521,1237,A,Thông tin phù hợp với nội dung bài đọc,t,1,2026-08-10 14:08:48.214425
5522,1237,B,Thông tin không được đề cập,f,2,2026-08-10 14:08:48.214425
5523,1237,C,Thông tin mâu thuẫn với bài đọc,f,3,2026-08-10 14:08:48.214425
5524,1237,D,Thông tin thuộc một chủ đề khác,f,4,2026-08-10 14:08:48.214425
5525,1238,A,Thông tin phù hợp với nội dung bài đọc,t,1,2026-08-10 14:08:48.214425
5526,1238,B,Thông tin không được đề cập,f,2,2026-08-10 14:08:48.214425
5527,1238,C,Thông tin mâu thuẫn với bài đọc,f,3,2026-08-10 14:08:48.214425
5528,1238,D,Thông tin thuộc một chủ đề khác,f,4,2026-08-10 14:08:48.214425
5529,1239,A,Thông tin phù hợp với nội dung bài đọc,t,1,2026-08-10 14:08:48.214425
5530,1239,B,Thông tin không được đề cập,f,2,2026-08-10 14:08:48.214425
5531,1239,C,Thông tin mâu thuẫn với bài đọc,f,3,2026-08-10 14:08:48.214425
5532,1239,D,Thông tin thuộc một chủ đề khác,f,4,2026-08-10 14:08:48.214425
5533,1240,A,Thông tin phù hợp với nội dung bài đọc,t,1,2026-08-10 14:08:48.214425
5534,1240,B,Thông tin không được đề cập,f,2,2026-08-10 14:08:48.214425
5535,1240,C,Thông tin mâu thuẫn với bài đọc,f,3,2026-08-10 14:08:48.214425
5536,1240,D,Thông tin thuộc một chủ đề khác,f,4,2026-08-10 14:08:48.214425
5537,1241,A,Thông tin phù hợp với nội dung bài đọc,t,1,2026-08-10 14:08:48.214425
5538,1241,B,Thông tin không được đề cập,f,2,2026-08-10 14:08:48.214425
5539,1241,C,Thông tin mâu thuẫn với bài đọc,f,3,2026-08-10 14:08:48.214425
5540,1241,D,Thông tin thuộc một chủ đề khác,f,4,2026-08-10 14:08:48.214425
5541,1242,A,Thông tin phù hợp với nội dung bài đọc,t,1,2026-08-10 14:08:48.214425
5542,1242,B,Thông tin không được đề cập,f,2,2026-08-10 14:08:48.214425
5543,1242,C,Thông tin mâu thuẫn với bài đọc,f,3,2026-08-10 14:08:48.214425
5544,1242,D,Thông tin thuộc một chủ đề khác,f,4,2026-08-10 14:08:48.214425
5545,1243,A,Thông tin phù hợp với nội dung bài đọc,t,1,2026-08-10 14:08:48.214425
5546,1243,B,Thông tin không được đề cập,f,2,2026-08-10 14:08:48.214425
5547,1243,C,Thông tin mâu thuẫn với bài đọc,f,3,2026-08-10 14:08:48.214425
5548,1243,D,Thông tin thuộc một chủ đề khác,f,4,2026-08-10 14:08:48.214425
5549,1244,A,Thông tin phù hợp với nội dung bài đọc,t,1,2026-08-10 14:08:48.214425
5550,1244,B,Thông tin không được đề cập,f,2,2026-08-10 14:08:48.214425
5551,1244,C,Thông tin mâu thuẫn với bài đọc,f,3,2026-08-10 14:08:48.214425
5552,1244,D,Thông tin thuộc một chủ đề khác,f,4,2026-08-10 14:08:48.214425
