id,group_id,question_number,question_text,question_type,explanation,knowledge,correct_answer,display_order,created_at,updated_at
1,1,1,The company needs to hire an additional _____ to manage its growing customer base.,grammar,"After 'an additional', a singular countable noun is needed. 'Manager' fits the sentence.",Danh từ đứng sau mạo từ,A,1,2026-08-10 11:31:21.892622,2026-08-10 11:31:21.892622
2,2,2,The marketing team developed a _____ strategy to increase online sales.,grammar,A noun is needed after the article and before 'strategy'. 'Successful' is the correct adjective.,Tính từ đứng trước danh từ,B,2,2026-08-10 11:31:21.892622,2026-08-10 11:31:21.892622
3,3,3,The technician repaired the machine _____ and returned it to the production line.,grammar,The adverb 'carefully' modifies the verb 'repaired'.,Trạng từ bổ nghĩa cho động từ,C,3,2026-08-10 11:31:21.892622,2026-08-10 11:31:21.892622
4,4,4,The director praised the employees for their _____ to the project.,grammar,"After 'their', a noun is required. 'Dedication' is the correct noun.",Danh từ đứng sau từ hạn định sở hữu,D,4,2026-08-10 11:31:21.892622,2026-08-10 11:31:21.892622
5,5,5,The new software system is extremely _____ to use.,grammar,The linking verb 'is' is followed by an adjective. 'Convenient' is correct.,Tính từ đứng sau động từ liên kết (linking verb),A,5,2026-08-10 11:31:21.892622,2026-08-10 11:31:21.892622
6,6,6,The instructions were _____ clear to all participants.,grammar,The adverb 'completely' modifies the adjective 'clear'.,Trạng từ bổ nghĩa cho tính từ,B,6,2026-08-10 11:31:21.892622,2026-08-10 11:31:21.892622
7,7,7,_____ of the new policy will begin next Monday.,grammar,A noun is needed as the subject of the sentence. 'Implementation' is correct.,Danh từ làm chủ ngữ,C,7,2026-08-10 11:31:21.892622,2026-08-10 11:31:21.892622
8,8,8,The documents submitted by the applicant were _____.,grammar,"After 'were', an adjective is needed to describe the documents. 'Accurate' is correct.",Tính từ làm bổ ngữ cho chủ ngữ,D,8,2026-08-10 11:31:21.892622,2026-08-10 11:31:21.892622
9,9,9,The manager is responsible for the _____ of all company records.,grammar,"After 'for the', a noun is needed. 'Maintenance' fits the sentence.",Danh từ đứng sau giới từ,A,9,2026-08-10 11:31:21.892622,2026-08-10 11:31:21.892622
10,10,10,The new policy is _____ different from the previous one.,grammar,The adverb 'significantly' modifies the adjective 'different'.,Trạng từ bổ nghĩa cho tính từ,B,10,2026-08-10 11:31:21.892622,2026-08-10 11:31:21.892622
11,11,11,The list of available products _____ updated every Friday.,grammar,"The main subject is singular 'list', so the singular verb 'is' is required.",Chủ ngữ số ít đi kèm cụm giới từ,A,11,2026-08-10 11:31:21.892622,2026-08-10 11:31:21.892622
12,12,12,The employees in the accounting department _____ required to attend the meeting.,grammar,"The subject 'employees' is plural, so 'are' is correct.",Chủ ngữ số nhiều,B,12,2026-08-10 11:31:21.892622,2026-08-10 11:31:21.892622
13,13,13,Each of the applicants _____ required to submit two references.,grammar,"'Each' takes a singular verb, so 'is' is correct.",Each + động từ số ít,C,13,2026-08-10 11:31:21.892622,2026-08-10 11:31:21.892622
14,14,14,Neither the manager nor the assistants _____ available this afternoon.,grammar,"With 'neither...nor', the verb agrees with the nearer subject, 'assistants', which is plural.",Sự hòa hợp với cấu trúc Neither...nor,D,14,2026-08-10 11:31:21.892622,2026-08-10 11:31:21.892622
15,15,15,The information about the new products _____ available on the website.,grammar,'Information' is uncountable and takes a singular verb.,Danh từ không đếm được,A,15,2026-08-10 11:31:21.892622,2026-08-10 11:31:21.892622
16,16,16,A number of customers _____ complained about the delayed delivery.,grammar,'A number of' is followed by a plural noun and plural verb.,A number of + danh từ số nhiều,B,16,2026-08-10 11:31:21.892622,2026-08-10 11:31:21.892622
17,17,17,The number of online orders _____ increased significantly this month.,grammar,"'The number' is singular, so 'has' is correct.",The number of + danh từ số nhiều,C,17,2026-08-10 11:31:21.892622,2026-08-10 11:31:21.892622
18,18,18,Every employee _____ a company identification card.,grammar,"'Every employee' is singular, so 'has' is correct.",Every + danh từ số ít,D,18,2026-08-10 11:31:21.892622,2026-08-10 11:31:21.892622
19,19,19,The equipment in the training room _____ regularly inspected.,grammar,'Equipment' is uncountable and takes a singular verb.,Danh từ không đếm được,A,19,2026-08-10 11:31:21.892622,2026-08-10 11:31:21.892622
20,20,20,"The sales manager, along with two assistants, _____ attending the conference.",grammar,The main subject is singular 'manager'; 'along with' does not change the number of the subject.,Chủ ngữ chính đi kèm cụm từ chen giữa,B,20,2026-08-10 11:31:21.892622,2026-08-10 11:31:21.892622
21,21,21,The company _____ three new branches since January.,grammar,"'Since January' indicates an action continuing from the past to the present, so present perfect is needed.",Thì hiện tại hoàn thành đi với 'since',C,21,2026-08-10 11:31:21.892622,2026-08-10 11:31:21.892622
22,22,22,The manager _____ the report yesterday afternoon.,grammar,"'Yesterday afternoon' refers to a finished past time, so the past simple is correct.",Thì quá khứ đơn với mốc thời gian đã kết thúc,D,22,2026-08-10 11:31:21.892622,2026-08-10 11:31:21.892622
23,23,23,The new employees _____ their orientation session next Monday.,grammar,"'Next Monday' refers to the future, so 'will attend' is appropriate.",Thì tương lai với một sự kiện đã được lên lịch,A,23,2026-08-10 11:31:21.892622,2026-08-10 11:31:21.892622
24,24,24,The accounting department _____ the annual budget this week.,grammar,'This week' describes an activity in progress around the present time.,Thì hiện tại tiếp diễn diễn tả hành động tạm thời ở hiện tại,B,24,2026-08-10 11:31:21.892622,2026-08-10 11:31:21.892622
25,25,25,"By the time the meeting started, the director _____ the proposal.",grammar,"The review happened before the meeting started, so past perfect is required.",Thì quá khứ hoàn thành xảy ra trước một sự kiện quá khứ khác,C,25,2026-08-10 11:31:21.892622,2026-08-10 11:31:21.892622
26,26,26,The engineers _____ on the project for six months.,grammar,'For six months' describes an activity that began in the past and continues now.,Thì hiện tại hoàn thành tiếp diễn đi với 'for',D,26,2026-08-10 11:31:21.892622,2026-08-10 11:31:21.892622
27,27,27,"While the assistant _____ the documents, the phone rang.",grammar,"The longer action was in progress when the phone rang, so past continuous is correct.",Thì quá khứ tiếp diễn diễn tả hành động đang xảy ra thì bị xen vào,A,27,2026-08-10 11:31:21.892622,2026-08-10 11:31:21.892622
28,28,28,"By the end of this year, the company _____ its new headquarters.",grammar,'By the end of this year' indicates an action completed before a future deadline.,Thì tương lai hoàn thành đi với cấu trúc by + mốc thời gian trong tương lai,B,28,2026-08-10 11:31:21.892622,2026-08-10 11:31:21.892622
29,29,29,The store _____ at 9:00 a.m. every weekday.,grammar,A regular schedule is expressed with the present simple.,Thì hiện tại đơn diễn tả lịch trình thường xuyên,C,29,2026-08-10 11:31:21.892622,2026-08-10 11:31:21.892622
30,30,30,The train had already left when we _____ at the station.,grammar,"The arrival happened after the train left, so the past simple 'arrived' is correct.",Thì quá khứ đơn đứng sau 'when' trong chuỗi hành động quá khứ,D,30,2026-08-10 11:31:21.892622,2026-08-10 11:31:21.892622
31,31,31,The conference will begin _____ 9:30 a.m.,grammar,Use 'at' with a specific clock time.,Giới từ dùng với mốc giờ cụ thể,A,31,2026-08-10 11:31:21.892622,2026-08-10 11:31:21.892622
32,32,32,The office will be closed _____ Monday.,grammar,Use 'on' with days and dates.,Giới từ dùng với thứ/ngày,B,32,2026-08-10 11:31:21.892622,2026-08-10 11:31:21.892622
33,33,33,The company was founded _____ 1998.,grammar,Use 'in' with years and months.,Giới từ dùng với năm,C,33,2026-08-10 11:31:21.892622,2026-08-10 11:31:21.892622
34,34,34,The manager has worked here _____ ten years.,grammar,'For' is used with a period of duration.,For + khoảng thời gian,D,34,2026-08-10 11:31:21.892622,2026-08-10 11:31:21.892622
35,35,35,Ms. Lee has been the department head _____ 2022.,grammar,'Since' is used with a specific starting point.,Since + mốc thời gian bắt đầu,A,35,2026-08-10 11:31:21.892622,2026-08-10 11:31:21.892622
36,36,36,The meeting will take place _____ the main conference room.,grammar,Use 'in' for an enclosed room or area.,Giới từ chỉ vị trí trong một không gian khép kín,B,36,2026-08-10 11:31:21.892622,2026-08-10 11:31:21.892622
37,37,37,Please send the completed form _____ the human resources department.,grammar,'To' indicates the destination or recipient.,Giới từ chỉ điểm đến,C,37,2026-08-10 11:31:21.892622,2026-08-10 11:31:21.892622
38,38,38,The flight was delayed _____ heavy rain.,grammar,'Because of' is followed by a noun phrase such as 'heavy rain'.,Because of + danh từ/cụm danh từ,D,38,2026-08-10 11:31:21.892622,2026-08-10 11:31:21.892622
39,39,39,The new software was developed _____ an experienced engineering team.,grammar,"In passive voice, 'by' introduces the person or group performing the action.",By + tác nhân trong câu bị động,A,39,2026-08-10 11:31:21.892622,2026-08-10 11:31:21.892622
40,40,40,The company purchased new computers _____ the design department.,grammar,'For' indicates the intended department or purpose.,For + mục đích sử dụng hoặc đối tượng nhận,B,40,2026-08-10 11:31:21.892622,2026-08-10 11:31:21.892622
41,41,41,"_____ the product is expensive, many customers consider it a good investment.",grammar,'Although' introduces a contrasting clause.,Although + mệnh đề,C,41,2026-08-10 11:31:21.892622,2026-08-10 11:31:21.892622
42,42,42,The meeting was postponed _____ the manager was ill.,grammar,'Because' is followed by a complete clause.,Because + mệnh đề,D,42,2026-08-10 11:31:21.892622,2026-08-10 11:31:21.892622
43,43,43,"_____ you submit the form today, your application can be processed tomorrow.",grammar,'If' introduces the condition necessary for the result.,If + điều kiện,A,43,2026-08-10 11:31:21.892622,2026-08-10 11:31:21.892622
44,44,44,Please wait here _____ the technician arrives.,grammar,'Until' means up to the time when the technician arrives.,Until + mệnh đề chỉ thời gian,B,44,2026-08-10 11:31:21.892622,2026-08-10 11:31:21.892622
45,45,45,The hotel offers free breakfast _____ complimentary airport transportation.,grammar,'And' connects two similar services.,And dùng để bổ sung thông tin,C,45,2026-08-10 11:31:21.892622,2026-08-10 11:31:21.892622
46,46,46,You can pay by credit card _____ by bank transfer.,grammar,'Or' presents alternative payment methods.,Or dùng cho các lựa chọn thay thế,D,46,2026-08-10 11:31:21.892622,2026-08-10 11:31:21.892622
47,47,47,"The road was closed, _____ the delivery arrived late.",grammar,'So' connects the cause with its result.,So dùng để chỉ kết quả,A,47,2026-08-10 11:31:21.892622,2026-08-10 11:31:21.892622
48,48,48,"The restaurant was crowded, _____ we found a table quickly.",grammar,'But' introduces a contrasting result.,But dùng để chỉ sự tương phản,B,48,2026-08-10 11:31:21.892622,2026-08-10 11:31:21.892622
49,49,49,The order will not be shipped _____ payment is confirmed.,grammar,'Unless' means 'if not' and expresses the condition for shipping.,Unless + điều kiện phủ định,C,49,2026-08-10 11:31:21.892622,2026-08-10 11:31:21.892622
50,50,50,The receptionist answered calls _____ checking the appointment schedule.,grammar,'While' can introduce an activity happening at the same time.,While + hoạt động diễn ra đồng thời,D,50,2026-08-10 11:31:21.892622,2026-08-10 11:31:21.892622
51,51,51,The employee _____ prepared the report received an award.,grammar,'Who' is used as a relative pronoun for people.,Who dùng cho người,A,51,2026-08-10 11:31:21.892622,2026-08-10 11:31:21.892622
52,52,52,The software _____ we purchased last month has improved productivity.,grammar,'Which' is used to refer to a thing or product.,Which dùng cho vật,B,52,2026-08-10 11:31:21.892622,2026-08-10 11:31:21.892622
53,53,53,The office _____ the interview will be held is on the third floor.,grammar,'Where' refers to a place.,Where dùng cho nơi chốn,C,53,2026-08-10 11:31:21.892622,2026-08-10 11:31:21.892622
54,54,54,I remember the day _____ we opened the new branch.,grammar,'When' refers to a time or day.,When dùng cho thời gian,D,54,2026-08-10 11:31:21.892622,2026-08-10 11:31:21.892622
55,55,55,The applicant _____ resume was selected will be contacted today.,grammar,'Whose' indicates possession: the resume belongs to the applicant.,Whose chỉ sự sở hữu,A,55,2026-08-10 11:31:21.892622,2026-08-10 11:31:21.892622
56,56,56,The machine _____ was installed yesterday is already operating.,grammar,'Which' is used for a machine and acts as the subject of the relative clause.,Which làm chủ ngữ trong mệnh đề quan hệ,B,56,2026-08-10 11:31:21.892622,2026-08-10 11:31:21.892622
57,57,57,The consultant _____ we hired has extensive experience.,grammar,'Whom' can be used as the object of 'hired' when referring to a person.,Whom làm tân ngữ trong mệnh đề quan hệ,C,57,2026-08-10 11:31:21.892622,2026-08-10 11:31:21.892622
58,58,58,The documents _____ on the desk belong to the finance department.,grammar,'Placed on the desk' is a reduced passive relative clause.,Rút gọn mệnh đề quan hệ dạng quá khứ phân từ (bị động),D,58,2026-08-10 11:31:21.892622,2026-08-10 11:31:21.892622
59,59,59,The invoices _____ by the accounting department every Friday.,grammar,"The invoices receive the action, so passive voice is required. The regular schedule requires present simple.",Bị động ở thì hiện tại đơn,A,59,2026-08-10 11:31:21.892622,2026-08-10 11:31:21.892622
60,60,60,The new policy _____ to all employees last week.,grammar,"'Last week' requires past simple, and the policy receives the action.",Bị động ở thì quá khứ đơn,B,60,2026-08-10 11:31:21.892622,2026-08-10 11:31:21.892622
61,61,61,The equipment _____ before it was delivered to the customer.,grammar,"The inspection occurred before another past event, so past perfect passive is appropriate.",Bị động ở thì quá khứ hoàn thành,C,61,2026-08-10 11:31:21.892622,2026-08-10 11:31:21.892622
62,62,62,All applications must _____ by Friday.,grammar,"After a modal, passive voice uses 'be + past participle'.",Động từ khuyết thiếu + be + quá khứ phân từ,D,62,2026-08-10 11:31:21.892622,2026-08-10 11:31:21.892622
63,63,63,The meeting room is _____ every morning.,grammar,"The room receives the action, so 'is cleaned' is correct.",Bị động ở thì hiện tại đơn,A,63,2026-08-10 11:31:21.892622,2026-08-10 11:31:21.892622
64,64,64,The contract will _____ tomorrow.,grammar,"After 'will', passive voice is formed with 'be + past participle'.",Bị động ở thì tương lai,B,64,2026-08-10 11:31:21.892622,2026-08-10 11:31:21.892622
65,65,65,The damaged products _____ to the supplier for inspection.,grammar,"The products received the action in the past, so 'were returned' is correct.",Bị động ở thì quá khứ đơn,C,65,2026-08-10 11:31:21.892622,2026-08-10 11:31:21.892622
66,66,66,A final decision has _____ by the board.,grammar,Present perfect passive uses 'has/have been + past participle'.,Bị động ở thì hiện tại hoàn thành,D,66,2026-08-10 11:31:21.892622,2026-08-10 11:31:21.892622
67,67,67,The manager asked the assistant _____ the documents immediately.,grammar,'Ask someone to do something' requires a to-infinitive.,Cấu trúc Ask + tân ngữ + to-infinitive,A,67,2026-08-10 11:31:21.892622,2026-08-10 11:31:21.892622
68,68,68,The company plans _____ a new branch next year.,grammar,'Plan' is followed by a to-infinitive.,Cấu trúc Plan + to-infinitive,B,68,2026-08-10 11:31:21.892622,2026-08-10 11:31:21.892622
69,69,69,The employees enjoy _____ in the new training program.,grammar,'Enjoy' is followed by a gerund (-ing form).,Cấu trúc Enjoy + danh động từ,C,69,2026-08-10 11:31:21.892622,2026-08-10 11:31:21.892622
70,70,70,Please avoid _____ confidential information in public areas.,grammar,'Avoid' is followed by a gerund.,Cấu trúc Avoid + danh động từ,D,70,2026-08-10 11:31:21.892622,2026-08-10 11:31:21.892622
71,71,71,The supervisor reminded everyone _____ their identification badges.,grammar,'Remind someone to do something' requires a to-infinitive.,Cấu trúc Remind + tân ngữ + to-infinitive,A,71,2026-08-10 11:31:21.892622,2026-08-10 11:31:21.892622
72,72,72,We are interested in _____ our services to international clients.,grammar,"After the preposition 'in', a gerund is required.",Giới từ + danh động từ,B,72,2026-08-10 11:31:21.892622,2026-08-10 11:31:21.892622
73,73,73,The customer called to _____ about the delayed shipment.,grammar,'To complain' expresses the purpose of the call.,To-infinitive chỉ mục đích,C,73,2026-08-10 11:31:21.892622,2026-08-10 11:31:21.892622
74,74,74,_____ regular backups can prevent data loss.,grammar,'Making regular backups' functions as the subject of the sentence.,Danh động từ làm chủ ngữ trong câu,D,74,2026-08-10 11:31:21.892622,2026-08-10 11:31:21.892622
75,75,75,Employees _____ wear their identification badges while on company premises.,grammar,'Must' expresses a strong requirement or obligation.,Must chỉ sự bắt buộc,A,75,2026-08-10 11:31:21.892622,2026-08-10 11:31:21.892622
76,76,76,You _____ contact the supplier if the shipment does not arrive today.,grammar,'Should' is used to give advice or a recommendation.,Should dùng để đưa ra lời khuyên,B,76,2026-08-10 11:31:21.892622,2026-08-10 11:31:21.892622
77,77,77,The package _____ arrive by noon if there are no delays.,grammar,'May' expresses possibility.,May chỉ khả năng có thể xảy ra,C,77,2026-08-10 11:31:21.892622,2026-08-10 11:31:21.892622
78,78,78,Visitors _____ enter the laboratory without permission.,grammar,'Must not' expresses prohibition.,Must not chỉ sự cấm đoán,D,78,2026-08-10 11:31:21.892622,2026-08-10 11:31:21.892622
79,79,79,The manager _____ be in her office; her car is outside.,grammar,'Might' indicates a possible situation based on evidence.,Might chỉ khả năng xảy ra,A,79,2026-08-10 11:31:21.892622,2026-08-10 11:31:21.892622
80,80,80,All employees _____ submit their expense reports by Friday.,grammar,'Have to' expresses an external requirement or obligation.,Have to chỉ nghĩa vụ/sự bắt buộc,B,80,2026-08-10 11:31:21.892622,2026-08-10 11:31:21.892622
81,81,81,_____ you please send me the updated schedule?,grammar,'Could you please...' is a common polite request.,Could dùng cho yêu cầu lịch sự,C,81,2026-08-10 11:31:21.892622,2026-08-10 11:31:21.892622
82,82,82,This year's sales figures are _____ than last year's.,grammar,The phrase 'than last year's' requires a comparative adjective.,Tính từ so sánh hơn,D,82,2026-08-10 11:31:21.892622,2026-08-10 11:31:21.892622
83,83,83,This is the _____ product in our current catalog.,grammar,'The' plus a comparison among all products requires the superlative form.,Tính từ so sánh nhất,A,83,2026-08-10 11:31:21.892622,2026-08-10 11:31:21.892622
84,84,84,The new printer operates _____ than the old model.,grammar,"The verb 'operates' needs an adverb, and 'than' requires the comparative form.",Trạng từ so sánh hơn,B,84,2026-08-10 11:31:21.892622,2026-08-10 11:31:21.892622
85,85,85,The new office is not _____ large as the previous one.,grammar,The standard comparison is 'not as + adjective + as'.,Cấu trúc As + tính từ + as,C,85,2026-08-10 11:31:21.892622,2026-08-10 11:31:21.892622
86,86,86,The updated software is _____ reliable than the previous version.,grammar,'More reliable than' is the correct comparative structure.,Tính từ so sánh hơn đi với than,D,86,2026-08-10 11:31:21.892622,2026-08-10 11:31:21.892622
87,87,87,Ms. Brown is _____ experienced manager with over ten years in the industry.,grammar,"'Experienced' begins with a vowel sound, so 'an' is required.",Mạo từ không xác định đứng trước từ bắt đầu bằng nguyên âm,A,87,2026-08-10 11:31:21.892622,2026-08-10 11:31:21.892622
88,88,88,Please send the invoice to _____ customer listed on the order form.,grammar,"The customer is specific and identified by the order form, so 'the' is correct.",Mạo từ xác định dùng cho danh từ cụ thể,B,88,2026-08-10 11:31:21.892622,2026-08-10 11:31:21.892622
89,89,89,We need to purchase _____ new printer for the office.,grammar,"'Printer' is a singular countable noun introduced for the first time, so 'a' is correct.",Mạo từ không xác định dùng cho một đối tượng chung chung,C,89,2026-08-10 11:31:21.892622,2026-08-10 11:31:21.892622
90,90,90,The company provides _____ information about its products on its website.,grammar,"'Information' is uncountable and is used generally here, so no article is needed.",Không dùng mạo từ với danh từ không đếm được mang nghĩa chung,D,90,2026-08-10 11:31:21.892622,2026-08-10 11:31:21.892622
91,91,91,The manager asked Sarah and _____ to prepare the presentation.,grammar,"The pronoun is the object of 'asked', so the object form 'me' is correct.",Đại từ làm tân ngữ,A,91,2026-08-10 11:31:21.892622,2026-08-10 11:31:21.892622
92,92,92,The company introduced a new policy to ensure that all employees protect _____.,grammar,The plural subject 'all employees' requires the reflexive pronoun 'themselves'.,Đại từ phản thân,B,92,2026-08-10 11:31:21.892622,2026-08-10 11:31:21.892622
93,93,93,The marketing department presented _____ proposal to the director.,grammar,"'Department' is singular, so the possessive adjective 'its' is required.",Tính từ sở hữu,C,93,2026-08-10 11:31:21.892622,2026-08-10 11:31:21.892622
94,94,94,The two managers agreed that the final decision should be _____.,grammar,'Theirs' is a possessive pronoun and can stand alone after 'be'.,Đại từ sở hữu,D,94,2026-08-10 11:31:21.892622,2026-08-10 11:31:21.892622
95,95,95,"If the weather improves, the outdoor event _____ as planned.",grammar,"In the first conditional, the if-clause uses present simple and the result uses 'will + verb'.",Câu điều kiện loại 1,A,95,2026-08-10 11:31:21.892622,2026-08-10 11:31:21.892622
96,96,96,"If I _____ more time, I would review the entire report.",grammar,The second conditional uses past simple in the if-clause and 'would' in the result clause.,Câu điều kiện loại 2,B,96,2026-08-10 11:31:21.892622,2026-08-10 11:31:21.892622
97,97,97,"If the technician had arrived earlier, we _____ the problem sooner.",grammar,The third conditional describes an unreal past condition and uses 'would have + past participle'.,Câu điều kiện loại 3,C,97,2026-08-10 11:31:21.892622,2026-08-10 11:31:21.892622
98,98,98,"Unless the payment _____ received today, the order will be canceled.",grammar,"After 'unless', use the present simple for a real future condition. Passive form is 'is received'.",Câu điều kiện loại 1 với 'unless',D,98,2026-08-10 11:31:21.892622,2026-08-10 11:31:21.892622
99,99,99,The company received several _____ from customers about the service.,grammar,'Several' must be followed by a plural countable noun.,Danh từ đếm được số nhiều,A,99,2026-08-10 11:31:21.892622,2026-08-10 11:31:21.892622
100,100,100,We need some _____ before making a final decision.,grammar,'Advice' is uncountable and does not take a plural '-s'.,Danh từ không đếm được,B,100,2026-08-10 11:31:21.892622,2026-08-10 11:31:21.892622
101,101,1,The office _____ at 8:00 A.M. every weekday.,grammar,Chủ ngữ số ít The office nên động từ hiện tại đơn thêm -s.,Thì hiện tại đơn: Động từ hiện tại đơn phù hợp với chủ ngữ và ngữ cảnh,B,1,2026-08-10 12:43:50.483122,2026-08-10 12:43:50.483122
102,101,2,Employees _____ their identification cards when they enter the building.,grammar,Employees là chủ ngữ số nhiều nên dùng show.,Thì hiện tại đơn: Động từ hiện tại đơn phù hợp với chủ ngữ và ngữ cảnh,A,2,2026-08-10 12:43:50.483122,2026-08-10 12:43:50.483122
103,101,3,The manager usually _____ the weekly schedule on Friday.,grammar,Manager là chủ ngữ số ít nên dùng sends.,Thì hiện tại đơn: Động từ hiện tại đơn phù hợp với chủ ngữ và ngữ cảnh,C,3,2026-08-10 12:43:50.483122,2026-08-10 12:43:50.483122
104,101,4,The system automatically _____ customers when an order is shipped.,grammar,The system là chủ ngữ số ít nên dùng notifies.,Thì hiện tại đơn: Động từ hiện tại đơn phù hợp với chủ ngữ và ngữ cảnh,D,4,2026-08-10 12:43:50.483122,2026-08-10 12:43:50.483122
105,102,1,The accounting team _____ the monthly report now.,grammar,Now cho thấy hành động đang diễn ra; dùng is preparing.,Thì hiện tại tiếp diễn: Cấu trúc be + V-ing,A,1,2026-08-10 12:43:50.483122,2026-08-10 12:43:50.483122
106,102,2,Several employees _____ in the training room at the moment.,grammar,At the moment yêu cầu hiện tại tiếp diễn.,Thì hiện tại tiếp diễn: Cấu trúc be + V-ing,C,2,2026-08-10 12:43:50.483122,2026-08-10 12:43:50.483122
107,102,3,The technician _____ the printer right now.,grammar,Right now cho thấy hành động đang diễn ra.,Thì hiện tại tiếp diễn: Cấu trúc be + V-ing,B,3,2026-08-10 12:43:50.483122,2026-08-10 12:43:50.483122
108,102,4,We _____ a new customer database this week.,grammar,This week trong ngữ cảnh hành động đang diễn ra dùng are creating.,Thì hiện tại tiếp diễn: Cấu trúc be + V-ing,D,4,2026-08-10 12:43:50.483122,2026-08-10 12:43:50.483122
109,103,1,The manager _____ the contract yesterday.,grammar,Yesterday là dấu hiệu của quá khứ đơn.,Thì quá khứ đơn: Động từ quá khứ đơn theo mốc thời gian,C,1,2026-08-10 12:43:50.483122,2026-08-10 12:43:50.483122
110,103,2,The conference _____ at 9:00 A.M. last Monday.,grammar,Last Monday yêu cầu quá khứ đơn.,Thì quá khứ đơn: Động từ quá khứ đơn theo mốc thời gian,A,2,2026-08-10 12:43:50.483122,2026-08-10 12:43:50.483122
111,103,3,The company _____ its first branch in 2018.,grammar,Mốc thời gian đã kết thúc 2018 dùng quá khứ đơn.,Thì quá khứ đơn: Động từ quá khứ đơn theo mốc thời gian,D,3,2026-08-10 12:43:50.483122,2026-08-10 12:43:50.483122
112,103,4,The customer _____ the package two days ago.,grammar,Two days ago là dấu hiệu của quá khứ đơn.,Thì quá khứ đơn: Động từ quá khứ đơn theo mốc thời gian,B,4,2026-08-10 12:43:50.483122,2026-08-10 12:43:50.483122
113,104,1,The company _____ three new branches since January.,grammar,Since January cho thấy hành động từ quá khứ đến hiện tại; dùng has opened.,Thì hiện tại hoàn thành: Have/has + quá khứ phân từ,B,1,2026-08-10 12:43:50.483122,2026-08-10 12:43:50.483122
114,104,2,We _____ the requested documents already.,grammar,Already thường đi với hiện tại hoàn thành.,Thì hiện tại hoàn thành: Have/has + quá khứ phân từ,D,2,2026-08-10 12:43:50.483122,2026-08-10 12:43:50.483122
115,104,3,The manager _____ the report several times this week.,grammar,This week chưa kết thúc nên dùng hiện tại hoàn thành.,Thì hiện tại hoàn thành: Have/has + quá khứ phân từ,A,3,2026-08-10 12:43:50.483122,2026-08-10 12:43:50.483122
116,104,4,Our team _____ the project successfully so far.,grammar,So far là dấu hiệu của hiện tại hoàn thành.,Thì hiện tại hoàn thành: Have/has + quá khứ phân từ,C,4,2026-08-10 12:43:50.483122,2026-08-10 12:43:50.483122
117,105,1,The engineers _____ the system since early morning.,grammar,Since early morning nhấn mạnh hành động kéo dài đến hiện tại.,Thì hiện tại hoàn thành tiếp diễn: Have/has been + V-ing,A,1,2026-08-10 12:43:50.483122,2026-08-10 12:43:50.483122
118,105,2,She _____ for the company for five years.,grammar,For five years trong ngữ cảnh tiếp diễn dùng has been working.,Thì hiện tại hoàn thành tiếp diễn: Have/has been + V-ing,C,2,2026-08-10 12:43:50.483122,2026-08-10 12:43:50.483122
119,105,3,The team _____ on the proposal all afternoon.,grammar,All afternoon nhấn mạnh quá trình kéo dài.,Thì hiện tại hoàn thành tiếp diễn: Have/has been + V-ing,D,3,2026-08-10 12:43:50.483122,2026-08-10 12:43:50.483122
120,105,4,Workers _____ the road since Monday.,grammar,Since Monday cho thấy hành động kéo dài đến hiện tại.,Thì hiện tại hoàn thành tiếp diễn: Have/has been + V-ing,B,4,2026-08-10 12:43:50.483122,2026-08-10 12:43:50.483122
121,106,1,"By the time the meeting started, the manager _____ the documents.",grammar,By the time + quá khứ cho thấy hành động xảy ra trước một hành động quá khứ khác.,Thì quá khứ hoàn thành: Had + quá khứ phân từ,A,1,2026-08-10 12:43:50.483122,2026-08-10 12:43:50.483122
122,106,2,"When we arrived, the train _____ already left.",grammar,Hành động tàu rời đi xảy ra trước khi chúng tôi đến; dùng had left.,Thì quá khứ hoàn thành: Had + quá khứ phân từ,D,2,2026-08-10 12:43:50.483122,2026-08-10 12:43:50.483122
123,106,3,The company _____ the problem before the customers complained.,grammar,Before kết hợp với hai hành động quá khứ; hành động xảy ra trước dùng quá khứ hoàn thành.,Thì quá khứ hoàn thành: Had + quá khứ phân từ,B,3,2026-08-10 12:43:50.483122,2026-08-10 12:43:50.483122
124,106,4,She realized that she _____ the wrong file.,grammar,Việc mở nhầm file xảy ra trước thời điểm nhận ra.,Thì quá khứ hoàn thành: Had + quá khứ phân từ,C,4,2026-08-10 12:43:50.483122,2026-08-10 12:43:50.483122
125,107,1,The manager _____ the results tomorrow.,grammar,Tomorrow là dấu hiệu của tương lai đơn.,Thì tương lai đơn: Will + động từ nguyên mẫu,A,1,2026-08-10 12:43:50.483122,2026-08-10 12:43:50.483122
126,107,2,The company _____ the new policy next month.,grammar,Next month yêu cầu tương lai.,Thì tương lai đơn: Will + động từ nguyên mẫu,C,2,2026-08-10 12:43:50.483122,2026-08-10 12:43:50.483122
127,107,3,We _____ you when the order arrives.,grammar,Mệnh đề chính nói về hành động tương lai; dùng will contact.,Thì tương lai đơn: Will + động từ nguyên mẫu,D,3,2026-08-10 12:43:50.483122,2026-08-10 12:43:50.483122
128,107,4,The meeting _____ at 2:00 P.M. tomorrow.,grammar,Tomorrow cho thấy thời gian tương lai.,Thì tương lai đơn: Will + động từ nguyên mẫu,B,4,2026-08-10 12:43:50.483122,2026-08-10 12:43:50.483122
129,108,1,All invoices _____ by the accounting department.,grammar,Invoices là đối tượng được xử lý nên dùng bị động hiện tại.,Câu bị động hiện tại: Be + quá khứ phân từ,C,1,2026-08-10 12:43:50.483122,2026-08-10 12:43:50.483122
130,108,2,The rooms _____ every morning by hotel staff.,grammar,Rooms nhận hành động cleaning; dùng are cleaned.,Câu bị động hiện tại: Be + quá khứ phân từ,A,2,2026-08-10 12:43:50.483122,2026-08-10 12:43:50.483122
131,108,3,Customer requests _____ within two business days.,grammar,Requests là đối tượng được trả lời.,Câu bị động hiện tại: Be + quá khứ phân từ,D,3,2026-08-10 12:43:50.483122,2026-08-10 12:43:50.483122
132,108,4,The equipment _____ regularly by technicians.,grammar,Equipment được kiểm tra nên dùng bị động.,Câu bị động hiện tại: Be + quá khứ phân từ,B,4,2026-08-10 12:43:50.483122,2026-08-10 12:43:50.483122
133,109,1,The documents _____ yesterday afternoon.,grammar,Yesterday yêu cầu quá khứ; documents nhận hành động.,Câu bị động quá khứ: Was/were + quá khứ phân từ,A,1,2026-08-10 12:43:50.483122,2026-08-10 12:43:50.483122
134,109,2,The meeting room _____ last night.,grammar,Meeting room là đối tượng được dọn.,Câu bị động quá khứ: Was/were + quá khứ phân từ,C,2,2026-08-10 12:43:50.483122,2026-08-10 12:43:50.483122
135,109,3,The package _____ to the wrong address last week.,grammar,Last week và bị động quá khứ.,Câu bị động quá khứ: Was/were + quá khứ phân từ,D,3,2026-08-10 12:43:50.483122,2026-08-10 12:43:50.483122
136,109,4,Several computers _____ during the maintenance period.,grammar,Computers được thay thế trong quá khứ.,Câu bị động quá khứ: Was/were + quá khứ phân từ,B,4,2026-08-10 12:43:50.483122,2026-08-10 12:43:50.483122
137,110,1,The new office _____ next month.,grammar,Next month và văn phòng là đối tượng được mở; dùng will be opened.,Câu bị động tương lai: Will be + quá khứ phân từ,D,1,2026-08-10 12:43:50.483122,2026-08-10 12:43:50.483122
138,110,2,All participants _____ an email tomorrow.,grammar,Participants nhận email; dùng bị động tương lai.,Câu bị động tương lai: Will be + quá khứ phân từ,A,2,2026-08-10 12:43:50.483122,2026-08-10 12:43:50.483122
139,110,3,The equipment _____ before the exhibition begins.,grammar,Equipment được kiểm tra trong tương lai.,Câu bị động tương lai: Will be + quá khứ phân từ,C,3,2026-08-10 12:43:50.483122,2026-08-10 12:43:50.483122
140,110,4,The results _____ on the company website next Friday.,grammar,Results được đăng; next Friday yêu cầu tương lai.,Câu bị động tương lai: Will be + quá khứ phân từ,B,4,2026-08-10 12:43:50.483122,2026-08-10 12:43:50.483122
141,111,1,The list of applicants _____ on the manager's desk.,grammar,"Chủ ngữ chính là The list, số ít.",Sự hòa hợp chủ ngữ và động từ: Động từ phù hợp với chủ ngữ,A,1,2026-08-10 12:43:50.483122,2026-08-10 12:43:50.483122
142,111,2,Each employee _____ a security badge.,grammar,Each + danh từ số ít nên dùng receives.,Sự hòa hợp chủ ngữ và động từ: Động từ phù hợp với chủ ngữ,D,2,2026-08-10 12:43:50.483122,2026-08-10 12:43:50.483122
143,111,3,The employees in the sales department _____ a meeting every Monday.,grammar,Employees là số nhiều nên dùng hold.,Sự hòa hợp chủ ngữ và động từ: Động từ phù hợp với chủ ngữ,B,3,2026-08-10 12:43:50.483122,2026-08-10 12:43:50.483122
144,111,4,Neither the manager nor the assistants _____ available today.,grammar,"Với neither...nor, động từ thường hòa hợp với chủ ngữ gần nhất: assistants → are.",Sự hòa hợp chủ ngữ và động từ: Động từ phù hợp với chủ ngữ,C,4,2026-08-10 12:43:50.483122,2026-08-10 12:43:50.483122
145,112,1,Employees _____ wear protective equipment in the laboratory.,grammar,Must diễn tả nghĩa vụ bắt buộc.,Động từ khuyết thiếu: Modal verb + động từ nguyên mẫu,B,1,2026-08-10 12:43:50.483122,2026-08-10 12:43:50.483122
146,112,2,Visitors _____ enter this area without permission.,grammar,Must not diễn tả điều cấm.,Động từ khuyết thiếu: Modal verb + động từ nguyên mẫu,D,2,2026-08-10 12:43:50.483122,2026-08-10 12:43:50.483122
147,112,3,You _____ contact the service center if you need assistance.,grammar,Should dùng để đưa ra lời khuyên.,Động từ khuyết thiếu: Modal verb + động từ nguyên mẫu,A,3,2026-08-10 12:43:50.483122,2026-08-10 12:43:50.483122
148,112,4,The manager _____ arrive late because of the traffic.,grammar,Might diễn tả khả năng có thể xảy ra.,Động từ khuyết thiếu: Modal verb + động từ nguyên mẫu,C,4,2026-08-10 12:43:50.483122,2026-08-10 12:43:50.483122
149,113,1,The company plans _____ a new branch next year.,grammar,Plan + to V.,Động từ nguyên mẫu có to: To + động từ nguyên mẫu,A,1,2026-08-10 12:43:50.483122,2026-08-10 12:43:50.483122
150,113,2,Employees are required _____ the form before Friday.,grammar,Be required + to V.,Động từ nguyên mẫu có to: To + động từ nguyên mẫu,C,2,2026-08-10 12:43:50.483122,2026-08-10 12:43:50.483122
151,113,3,The manager decided _____ the meeting.,grammar,Decide + to V.,Động từ nguyên mẫu có to: To + động từ nguyên mẫu,D,3,2026-08-10 12:43:50.483122,2026-08-10 12:43:50.483122
152,113,4,We hope _____ the project on time.,grammar,Hope + to V.,Động từ nguyên mẫu có to: To + động từ nguyên mẫu,B,4,2026-08-10 12:43:50.483122,2026-08-10 12:43:50.483122
153,114,1,Thank you for _____ us about the problem.,grammar,Sau giới từ for dùng V-ing.,V-ing sau giới từ: Giới từ + V-ing,A,1,2026-08-10 12:43:50.483122,2026-08-10 12:43:50.483122
154,114,2,The company is interested in _____ the new software.,grammar,Sau in dùng V-ing.,V-ing sau giới từ: Giới từ + V-ing,C,2,2026-08-10 12:43:50.483122,2026-08-10 12:43:50.483122
155,114,3,Employees are responsible for _____ the equipment.,grammar,Sau for dùng V-ing.,V-ing sau giới từ: Giới từ + V-ing,D,3,2026-08-10 12:43:50.483122,2026-08-10 12:43:50.483122
156,114,4,"Before _____ the building, visitors must register.",grammar,Before là giới từ trong cấu trúc này nên dùng V-ing.,V-ing sau giới từ: Giới từ + V-ing,B,4,2026-08-10 12:43:50.483122,2026-08-10 12:43:50.483122
157,115,1,_____ regular exercise can improve productivity.,grammar,V-ing có thể làm chủ ngữ câu.,Gerund làm chủ ngữ: V-ing làm chủ ngữ câu,C,1,2026-08-10 12:43:50.483122,2026-08-10 12:43:50.483122
158,115,2,_____ customer feedback is important for the company.,grammar,Collecting làm chủ ngữ.,Gerund làm chủ ngữ: V-ing làm chủ ngữ câu,A,2,2026-08-10 12:43:50.483122,2026-08-10 12:43:50.483122
159,115,3,_____ the equipment regularly reduces repair costs.,grammar,Maintaining làm chủ ngữ.,Gerund làm chủ ngữ: V-ing làm chủ ngữ câu,D,3,2026-08-10 12:43:50.483122,2026-08-10 12:43:50.483122
160,115,4,_____ with coworkers helps build a positive workplace.,grammar,Communicating làm chủ ngữ.,Gerund làm chủ ngữ: V-ing làm chủ ngữ câu,B,4,2026-08-10 12:43:50.483122,2026-08-10 12:43:50.483122
161,116,1,The manager asked employees _____ the report.,grammar,Ask + tân ngữ + to V.,Động từ và cấu trúc,A,1,2026-08-10 12:43:50.483122,2026-08-10 12:43:50.483122
162,116,2,The supervisor encouraged staff _____ early.,grammar,Encourage + tân ngữ + to V.,Động từ và cấu trúc,C,2,2026-08-10 12:43:50.483122,2026-08-10 12:43:50.483122
163,116,3,The company allows employees _____ remotely twice a week.,grammar,Allow + tân ngữ + to V.,Động từ và cấu trúc,D,3,2026-08-10 12:43:50.483122,2026-08-10 12:43:50.483122
164,116,4,The director reminded us _____ the deadline.,grammar,Remind + tân ngữ + to V.,Động từ và cấu trúc,B,4,2026-08-10 12:43:50.483122,2026-08-10 12:43:50.483122
165,117,1,The company hired _____ experienced accountant.,grammar,Experienced bắt đầu bằng nguyên âm về âm đọc nên dùng an.,Danh từ và mạo từ: Mạo từ phù hợp trước danh từ,A,1,2026-08-10 12:43:50.483122,2026-08-10 12:43:50.483122
166,117,2,We need _____ new printer for the office.,grammar,New bắt đầu bằng phụ âm về âm đọc nên dùng a.,Danh từ và mạo từ: Mạo từ phù hợp trước danh từ,C,2,2026-08-10 12:43:50.483122,2026-08-10 12:43:50.483122
167,117,3,Please send me _____ copy of the contract.,grammar,"Copy là danh từ đếm được số ít, chưa xác định; dùng a.",Danh từ và mạo từ: Mạo từ phù hợp trước danh từ,B,3,2026-08-10 12:43:50.483122,2026-08-10 12:43:50.483122
168,117,4,The manager reviewed _____ report we submitted yesterday.,grammar,Report đã được xác định bởi mệnh đề we submitted yesterday nên dùng the.,Danh từ và mạo từ: Mạo từ phù hợp trước danh từ,D,4,2026-08-10 12:43:50.483122,2026-08-10 12:43:50.483122
342,161,2,The supervisor encouraged staff _____ early.,grammar,Encourage + tân ngữ + to V.,Động từ và cấu trúc,C,2,2026-08-10 12:43:50.483122,2026-08-10 12:43:50.483122
169,118,1,The company introduced a _____ policy.,grammar,Successful là tính từ bổ nghĩa cho policy.,Tính từ trước danh từ: Tính từ bổ nghĩa cho danh từ,B,1,2026-08-10 12:43:50.483122,2026-08-10 12:43:50.483122
170,118,2,We received _____ information from the supplier.,grammar,Useful là tính từ đứng trước information.,Tính từ trước danh từ: Tính từ bổ nghĩa cho danh từ,A,2,2026-08-10 12:43:50.483122,2026-08-10 12:43:50.483122
171,118,3,The manager gave a _____ explanation.,grammar,Clear là tính từ bổ nghĩa cho explanation.,Tính từ trước danh từ: Tính từ bổ nghĩa cho danh từ,D,3,2026-08-10 12:43:50.483122,2026-08-10 12:43:50.483122
172,118,4,The hotel offers _____ rooms for business travelers.,grammar,Comfortable là tính từ trước rooms.,Tính từ trước danh từ: Tính từ bổ nghĩa cho danh từ,C,4,2026-08-10 12:43:50.483122,2026-08-10 12:43:50.483122
173,119,1,The assistant completed the task _____ .,grammar,Quickly là trạng từ bổ nghĩa cho completed.,Trạng từ bổ nghĩa động từ: Trạng từ bổ nghĩa cho động từ,A,1,2026-08-10 12:43:50.483122,2026-08-10 12:43:50.483122
174,119,2,Please speak _____ during the presentation.,grammar,Clearly là trạng từ bổ nghĩa cho speak.,Trạng từ bổ nghĩa động từ: Trạng từ bổ nghĩa cho động từ,C,2,2026-08-10 12:43:50.483122,2026-08-10 12:43:50.483122
175,119,3,The technician installed the software _____ .,grammar,Carefully bổ nghĩa cho installed.,Trạng từ bổ nghĩa động từ: Trạng từ bổ nghĩa cho động từ,B,3,2026-08-10 12:43:50.483122,2026-08-10 12:43:50.483122
176,119,4,The manager explained the procedure _____ .,grammar,Carefully là trạng từ bổ nghĩa cho explained.,Trạng từ bổ nghĩa động từ: Trạng từ bổ nghĩa cho động từ,D,4,2026-08-10 12:43:50.483122,2026-08-10 12:43:50.483122
177,120,1,This model is _____ than the previous one.,grammar,Tính từ dài dùng more + tính từ.,So sánh hơn: Cấu trúc so sánh hơn,A,1,2026-08-10 12:43:50.483122,2026-08-10 12:43:50.483122
178,120,2,The new office is _____ than the old one.,grammar,Than yêu cầu so sánh hơn.,So sánh hơn: Cấu trúc so sánh hơn,C,2,2026-08-10 12:43:50.483122,2026-08-10 12:43:50.483122
179,120,3,Online orders are processed _____ than phone orders.,grammar,So sánh trạng từ dùng more quickly.,So sánh hơn: Cấu trúc so sánh hơn,B,3,2026-08-10 12:43:50.483122,2026-08-10 12:43:50.483122
180,120,4,This route is _____ than the highway.,grammar,Short là tính từ ngắn nên so sánh hơn là shorter.,So sánh hơn: Cấu trúc so sánh hơn,D,4,2026-08-10 12:43:50.483122,2026-08-10 12:43:50.483122
181,121,1,This is the _____ branch in the region.,grammar,The + so sánh nhất với tính từ ngắn: largest.,So sánh nhất: Cấu trúc so sánh nhất,A,1,2026-08-10 12:43:50.483122,2026-08-10 12:43:50.483122
182,121,2,She is the _____ employee in the department.,grammar,Tính từ dài dùng most experienced.,So sánh nhất: Cấu trúc so sánh nhất,C,2,2026-08-10 12:43:50.483122,2026-08-10 12:43:50.483122
183,121,3,This machine operates the _____ efficiently.,grammar,So sánh nhất của trạng từ: the most efficiently.,So sánh nhất: Cấu trúc so sánh nhất,B,3,2026-08-10 12:43:50.483122,2026-08-10 12:43:50.483122
184,121,4,It was the _____ meeting of the year.,grammar,The + most + tính từ dài.,So sánh nhất: Cấu trúc so sánh nhất,D,4,2026-08-10 12:43:50.483122,2026-08-10 12:43:50.483122
185,122,1,The flight was delayed _____ bad weather.,grammar,Because of + danh từ/cụm danh từ.,Liên từ nguyên nhân: Liên từ chỉ nguyên nhân,A,1,2026-08-10 12:43:50.483122,2026-08-10 12:43:50.483122
186,122,2,"_____ the road was closed, the delivery arrived late.",grammar,Because + mệnh đề.,Liên từ nguyên nhân: Liên từ chỉ nguyên nhân,C,2,2026-08-10 12:43:50.483122,2026-08-10 12:43:50.483122
187,122,3,The event was canceled _____ there were not enough participants.,grammar,Because chỉ nguyên nhân.,Liên từ nguyên nhân: Liên từ chỉ nguyên nhân,B,3,2026-08-10 12:43:50.483122,2026-08-10 12:43:50.483122
188,122,4,We postponed the meeting _____ the manager was unavailable.,grammar,Because nối nguyên nhân với kết quả.,Liên từ nguyên nhân: Liên từ chỉ nguyên nhân,D,4,2026-08-10 12:43:50.483122,2026-08-10 12:43:50.483122
189,123,1,"The store was closed; _____, customers could not enter.",grammar,Therefore chỉ kết quả.,Liên từ kết quả: Liên từ chỉ kết quả,A,1,2026-08-10 12:43:50.483122,2026-08-10 12:43:50.483122
190,123,2,"The system was overloaded. _____, the response time increased.",grammar,As a result chỉ kết quả.,Liên từ kết quả: Liên từ chỉ kết quả,C,2,2026-08-10 12:43:50.483122,2026-08-10 12:43:50.483122
191,123,3,"The shipment was delayed, _____ the customer received it late.",grammar,So nối nguyên nhân và kết quả.,Liên từ kết quả: Liên từ chỉ kết quả,B,3,2026-08-10 12:43:50.483122,2026-08-10 12:43:50.483122
192,123,4,The company reduced costs and _____ increased its profit.,grammar,Therefore diễn tả kết quả.,Liên từ kết quả: Liên từ chỉ kết quả,D,4,2026-08-10 12:43:50.483122,2026-08-10 12:43:50.483122
193,124,1,"_____ the product is expensive, many customers buy it.",grammar,Although + mệnh đề chỉ sự nhượng bộ.,Liên từ tương phản: Liên từ chỉ sự tương phản,A,1,2026-08-10 12:43:50.483122,2026-08-10 12:43:50.483122
194,124,2,"The hotel is small; _____, it offers excellent service.",grammar,However chỉ sự tương phản.,Liên từ tương phản: Liên từ chỉ sự tương phản,C,2,2026-08-10 12:43:50.483122,2026-08-10 12:43:50.483122
195,124,3,"_____ the delay, the meeting continued as planned.",grammar,Despite + danh từ/cụm danh từ.,Liên từ tương phản: Liên từ chỉ sự tương phản,B,3,2026-08-10 12:43:50.483122,2026-08-10 12:43:50.483122
196,124,4,"The product is popular, _____ it is relatively expensive.",grammar,Although chỉ sự tương phản.,Liên từ tương phản: Liên từ chỉ sự tương phản,D,4,2026-08-10 12:43:50.483122,2026-08-10 12:43:50.483122
197,125,1,"_____ you need assistance, please contact the front desk.",grammar,If chỉ điều kiện.,Liên từ điều kiện: Liên từ chỉ điều kiện,A,1,2026-08-10 12:43:50.483122,2026-08-10 12:43:50.483122
198,125,2,The company will refund the fee _____ the customer provides proof of payment.,grammar,If diễn tả điều kiện.,Liên từ điều kiện: Liên từ chỉ điều kiện,C,2,2026-08-10 12:43:50.483122,2026-08-10 12:43:50.483122
199,125,3,"_____ the weather improves, the event will be held outdoors.",grammar,If + hiện tại đơn trong điều kiện.,Liên từ điều kiện: Liên từ chỉ điều kiện,B,3,2026-08-10 12:43:50.483122,2026-08-10 12:43:50.483122
200,125,4,You cannot enter the laboratory _____ you wear protective clothing.,grammar,Unless mang nghĩa nếu không.,Liên từ điều kiện: Liên từ chỉ điều kiện,D,4,2026-08-10 12:43:50.483122,2026-08-10 12:43:50.483122
201,126,1,Please call me _____ you arrive at the office.,grammar,When chỉ thời điểm.,Liên từ thời gian: Liên từ chỉ thời gian,A,1,2026-08-10 12:43:50.483122,2026-08-10 12:43:50.483122
202,126,2,The manager will review the report _____ the meeting begins.,grammar,Before chỉ hành động xảy ra trước.,Liên từ thời gian: Liên từ chỉ thời gian,C,2,2026-08-10 12:43:50.483122,2026-08-10 12:43:50.483122
203,126,3,Employees must wait _____ the system restarts.,grammar,Until chỉ thời điểm kết thúc của việc chờ.,Liên từ thời gian: Liên từ chỉ thời gian,B,3,2026-08-10 12:43:50.483122,2026-08-10 12:43:50.483122
204,126,4,"_____ the presentation ended, attendees asked questions.",grammar,After chỉ hành động xảy ra sau.,Liên từ thời gian: Liên từ chỉ thời gian,D,4,2026-08-10 12:43:50.483122,2026-08-10 12:43:50.483122
205,127,1,The employee _____ submitted the report is on vacation.,grammar,Who thay thế cho người.,Đại từ quan hệ chỉ người: Who dùng cho người,A,1,2026-08-10 12:43:50.483122,2026-08-10 12:43:50.483122
206,127,2,The manager _____ hired me is from Canada.,grammar,Who dùng cho manager.,Đại từ quan hệ chỉ người: Who dùng cho người,C,2,2026-08-10 12:43:50.483122,2026-08-10 12:43:50.483122
207,127,3,Applicants _____ have relevant experience will be considered first.,grammar,Who dùng cho applicants.,Đại từ quan hệ chỉ người: Who dùng cho người,B,3,2026-08-10 12:43:50.483122,2026-08-10 12:43:50.483122
208,127,4,The consultant _____ we met yesterday will lead the project.,grammar,Who thay thế cho consultant.,Đại từ quan hệ chỉ người: Who dùng cho người,D,4,2026-08-10 12:43:50.483122,2026-08-10 12:43:50.483122
209,128,1,The report _____ you sent was helpful.,grammar,That thay thế cho vật.,Đại từ quan hệ chỉ vật: Which/that dùng cho vật,A,1,2026-08-10 12:43:50.483122,2026-08-10 12:43:50.483122
210,128,2,The machine _____ was installed yesterday is working well.,grammar,Which thay thế cho machine.,Đại từ quan hệ chỉ vật: Which/that dùng cho vật,C,2,2026-08-10 12:43:50.483122,2026-08-10 12:43:50.483122
211,128,3,The software _____ we use requires an update.,grammar,Which thay thế cho software.,Đại từ quan hệ chỉ vật: Which/that dùng cho vật,B,3,2026-08-10 12:43:50.483122,2026-08-10 12:43:50.483122
212,128,4,The building _____ the company owns is near the station.,grammar,Which thay thế cho building.,Đại từ quan hệ chỉ vật: Which/that dùng cho vật,D,4,2026-08-10 12:43:50.483122,2026-08-10 12:43:50.483122
213,129,1,The manager _____ office is on the third floor is away today.,grammar,Whose chỉ sự sở hữu.,Đại từ quan hệ sở hữu: Whose chỉ quan hệ sở hữu,A,1,2026-08-10 12:43:50.483122,2026-08-10 12:43:50.483122
214,129,2,We contacted a supplier _____ products are environmentally friendly.,grammar,Whose products diễn tả sản phẩm của nhà cung cấp.,Đại từ quan hệ sở hữu: Whose chỉ quan hệ sở hữu,C,2,2026-08-10 12:43:50.483122,2026-08-10 12:43:50.483122
215,129,3,The employee _____ laptop was stolen reported the incident.,grammar,Whose laptop chỉ chiếc máy tính thuộc về nhân viên.,Đại từ quan hệ sở hữu: Whose chỉ quan hệ sở hữu,B,3,2026-08-10 12:43:50.483122,2026-08-10 12:43:50.483122
216,129,4,The company _____ headquarters are in Seoul opened a new branch.,grammar,Whose headquarters diễn tả trụ sở thuộc công ty.,Đại từ quan hệ sở hữu: Whose chỉ quan hệ sở hữu,D,4,2026-08-10 12:43:50.483122,2026-08-10 12:43:50.483122
217,130,1,The meeting is scheduled _____ Monday.,grammar,On dùng với ngày.,Giới từ thời gian: Giới từ chỉ thời gian,A,1,2026-08-10 12:43:50.483122,2026-08-10 12:43:50.483122
218,130,2,The office closes _____ 6:00 P.M.,grammar,At dùng với giờ cụ thể.,Giới từ thời gian: Giới từ chỉ thời gian,C,2,2026-08-10 12:43:50.483122,2026-08-10 12:43:50.483122
219,130,3,The company was founded _____ 1998.,grammar,In dùng với năm.,Giới từ thời gian: Giới từ chỉ thời gian,B,3,2026-08-10 12:43:50.483122,2026-08-10 12:43:50.483122
220,130,4,Please submit the form _____ Friday.,grammar,By Friday chỉ hạn chót.,Giới từ thời gian: Giới từ chỉ thời gian,D,4,2026-08-10 12:43:50.483122,2026-08-10 12:43:50.483122
221,131,1,The meeting room is _____ the second floor.,grammar,On dùng với tầng.,Giới từ nơi chốn: Giới từ chỉ nơi chốn,A,1,2026-08-10 12:43:50.483122,2026-08-10 12:43:50.483122
222,131,2,The manager is waiting _____ the lobby.,grammar,In dùng với không gian bên trong.,Giới từ nơi chốn: Giới từ chỉ nơi chốn,C,2,2026-08-10 12:43:50.483122,2026-08-10 12:43:50.483122
223,131,3,Please leave the package _____ the front desk.,grammar,At phù hợp với địa điểm cụ thể front desk.,Giới từ nơi chốn: Giới từ chỉ nơi chốn,B,3,2026-08-10 12:43:50.483122,2026-08-10 12:43:50.483122
224,131,4,The office is _____ the bank and the post office.,grammar,Between dùng giữa hai địa điểm.,Giới từ nơi chốn: Giới từ chỉ nơi chốn,D,4,2026-08-10 12:43:50.483122,2026-08-10 12:43:50.483122
225,132,1,There are _____ employees in the training room.,grammar,Employees là danh từ đếm được số nhiều nên dùng many.,Từ hạn định: Much/many/few/little/some/any,A,1,2026-08-10 12:43:50.483122,2026-08-10 12:43:50.483122
226,132,2,We do not have _____ information about the incident.,grammar,Information không đếm được nên dùng much.,Từ hạn định: Much/many/few/little/some/any,C,2,2026-08-10 12:43:50.483122,2026-08-10 12:43:50.483122
227,132,3,There is only _____ time left before the meeting.,grammar,Time không đếm được; a little phù hợp.,Từ hạn định: Much/many/few/little/some/any,B,3,2026-08-10 12:43:50.483122,2026-08-10 12:43:50.483122
228,132,4,The manager received _____ applications this week.,grammar,Applications đếm được số nhiều nên dùng several.,Từ hạn định: Much/many/few/little/some/any,D,4,2026-08-10 12:43:50.483122,2026-08-10 12:43:50.483122
229,133,1,The company hired two new _____ last month.,grammar,Two + danh từ số nhiều.,Danh từ đếm được: Danh từ số ít và số nhiều,A,1,2026-08-10 12:43:50.483122,2026-08-10 12:43:50.483122
230,133,2,Several _____ are waiting outside.,grammar,Several + danh từ số nhiều.,Danh từ đếm được: Danh từ số ít và số nhiều,C,2,2026-08-10 12:43:50.483122,2026-08-10 12:43:50.483122
231,133,3,We need three _____ for the conference room.,grammar,Three + danh từ số nhiều.,Danh từ đếm được: Danh từ số ít và số nhiều,B,3,2026-08-10 12:43:50.483122,2026-08-10 12:43:50.483122
232,133,4,The store has many _____ of this product.,grammar,Many + danh từ số nhiều.,Danh từ đếm được: Danh từ số ít và số nhiều,D,4,2026-08-10 12:43:50.483122,2026-08-10 12:43:50.483122
233,134,1,The company needs more _____ before making a decision.,grammar,Information là danh từ không đếm được.,Danh từ không đếm được: Danh từ không đếm được,A,1,2026-08-10 12:43:50.483122,2026-08-10 12:43:50.483122
234,134,2,We received useful _____ from the consultant.,grammar,Advice là danh từ không đếm được.,Danh từ không đếm được: Danh từ không đếm được,C,2,2026-08-10 12:43:50.483122,2026-08-10 12:43:50.483122
235,134,3,The equipment _____ expensive.,grammar,"Equipment là danh từ không đếm được, dùng is.",Danh từ không đếm được: Danh từ không đếm được,B,3,2026-08-10 12:43:50.483122,2026-08-10 12:43:50.483122
236,134,4,There is not enough _____ in the storage room.,grammar,Space trong nghĩa diện tích là danh từ không đếm được.,Danh từ không đếm được: Danh từ không đếm được,D,4,2026-08-10 12:43:50.483122,2026-08-10 12:43:50.483122
237,135,1,"If the weather improves, the company _____ the event outdoors.",grammar,Mệnh đề If dùng hiện tại đơn; mệnh đề chính dùng will + V.,"Câu điều kiện loại 1: If + hiện tại đơn, will + động từ",A,1,2026-08-10 12:43:50.483122,2026-08-10 12:43:50.483122
238,135,2,"If you submit the form today, we _____ your request tomorrow.",grammar,Điều kiện loại 1.,"Câu điều kiện loại 1: If + hiện tại đơn, will + động từ",C,2,2026-08-10 12:43:50.483122,2026-08-10 12:43:50.483122
239,135,3,"If the shipment arrives early, customers _____ it sooner.",grammar,Mệnh đề chính dùng will + V.,"Câu điều kiện loại 1: If + hiện tại đơn, will + động từ",B,3,2026-08-10 12:43:50.483122,2026-08-10 12:43:50.483122
274,144,2,The supervisor let us _____ early.,grammar,Let + tân ngữ + động từ nguyên mẫu.,Cấu trúc make/let: Động từ nguyên mẫu sau make/let,C,2,2026-08-10 12:43:50.483122,2026-08-10 12:43:50.483122
240,135,4,"If she finishes the report, she _____ it to the manager.",grammar,Điều kiện có khả năng xảy ra ở hiện tại/tương lai.,"Câu điều kiện loại 1: If + hiện tại đơn, will + động từ",D,4,2026-08-10 12:43:50.483122,2026-08-10 12:43:50.483122
241,136,1,"If I _____ more time, I would attend the conference.",grammar,Điều kiện loại 2 dùng quá khứ đơn trong mệnh đề If.,"Câu điều kiện loại 2: If + quá khứ đơn, would + động từ",A,1,2026-08-10 12:43:50.483122,2026-08-10 12:43:50.483122
242,136,2,"If the company had a larger budget, it _____ more employees.",grammar,Mệnh đề chính dùng would + V.,"Câu điều kiện loại 2: If + quá khứ đơn, would + động từ",C,2,2026-08-10 12:43:50.483122,2026-08-10 12:43:50.483122
243,136,3,"If she _____ the manager, she would change the policy.",grammar,Điều kiện loại 2; với be dùng were.,"Câu điều kiện loại 2: If + quá khứ đơn, would + động từ",B,3,2026-08-10 12:43:50.483122,2026-08-10 12:43:50.483122
244,136,4,"If we lived closer, we _____ the office more often.",grammar,Mệnh đề chính dùng would + V.,"Câu điều kiện loại 2: If + quá khứ đơn, would + động từ",D,4,2026-08-10 12:43:50.483122,2026-08-10 12:43:50.483122
245,137,1,The company launched the website _____ attract more customers.,grammar,To + V diễn tả mục đích.,Mệnh đề chỉ mục đích: To/in order to/so that,A,1,2026-08-10 12:43:50.483122,2026-08-10 12:43:50.483122
246,137,2,Employees attended the workshop _____ improve their communication skills.,grammar,To improve diễn tả mục đích.,Mệnh đề chỉ mục đích: To/in order to/so that,C,2,2026-08-10 12:43:50.483122,2026-08-10 12:43:50.483122
247,137,3,The manager sent an email _____ everyone would receive the update.,grammar,So that + mệnh đề chỉ mục đích.,Mệnh đề chỉ mục đích: To/in order to/so that,B,3,2026-08-10 12:43:50.483122,2026-08-10 12:43:50.483122
248,137,4,The company installed new lights _____ reduce energy consumption.,grammar,To reduce chỉ mục đích.,Mệnh đề chỉ mục đích: To/in order to/so that,D,4,2026-08-10 12:43:50.483122,2026-08-10 12:43:50.483122
249,138,1,"_____ the weather was bad, the event continued.",grammar,Although + mệnh đề chỉ nhượng bộ.,Mệnh đề chỉ nhượng bộ: Although/even though/despite,A,1,2026-08-10 12:43:50.483122,2026-08-10 12:43:50.483122
250,138,2,"_____ the high price, the product sold well.",grammar,Despite + danh từ/cụm danh từ.,Mệnh đề chỉ nhượng bộ: Although/even though/despite,C,2,2026-08-10 12:43:50.483122,2026-08-10 12:43:50.483122
251,138,3,The flight departed on time _____ the heavy rain.,grammar,Despite + cụm danh từ.,Mệnh đề chỉ nhượng bộ: Although/even though/despite,B,3,2026-08-10 12:43:50.483122,2026-08-10 12:43:50.483122
252,138,4,"_____ she was busy, she attended the meeting.",grammar,Even though + mệnh đề chỉ nhượng bộ.,Mệnh đề chỉ nhượng bộ: Although/even though/despite,D,4,2026-08-10 12:43:50.483122,2026-08-10 12:43:50.483122
253,139,1,The meeting was canceled _____ the manager was sick.,grammar,Because + mệnh đề chỉ lý do.,Mệnh đề chỉ lý do: Because/since/as,A,1,2026-08-10 12:43:50.483122,2026-08-10 12:43:50.483122
254,139,2,"_____ the road was closed, the delivery was delayed.",grammar,Since có thể chỉ nguyên nhân.,Mệnh đề chỉ lý do: Because/since/as,C,2,2026-08-10 12:43:50.483122,2026-08-10 12:43:50.483122
255,139,3,The event was postponed _____ heavy rain.,grammar,Because of + danh từ/cụm danh từ.,Mệnh đề chỉ lý do: Because/since/as,B,3,2026-08-10 12:43:50.483122,2026-08-10 12:43:50.483122
256,139,4,We left early _____ the traffic was heavy.,grammar,Because nối nguyên nhân với kết quả.,Mệnh đề chỉ lý do: Because/since/as,D,4,2026-08-10 12:43:50.483122,2026-08-10 12:43:50.483122
257,140,1,The report was so detailed _____ everyone understood the problem.,grammar,So + tính từ + that chỉ kết quả.,Mệnh đề chỉ kết quả: So/such/therefore,A,1,2026-08-10 12:43:50.483122,2026-08-10 12:43:50.483122
258,140,2,It was such a busy day _____ the staff worked late.,grammar,Such + danh từ + that chỉ kết quả.,Mệnh đề chỉ kết quả: So/such/therefore,C,2,2026-08-10 12:43:50.483122,2026-08-10 12:43:50.483122
259,140,3,"The system was overloaded; _____, the website became slow.",grammar,Therefore chỉ kết quả.,Mệnh đề chỉ kết quả: So/such/therefore,B,3,2026-08-10 12:43:50.483122,2026-08-10 12:43:50.483122
260,140,4,"The instructions were clear, _____ everyone completed the task correctly.",grammar,So nối nguyên nhân với kết quả.,Mệnh đề chỉ kết quả: So/such/therefore,D,4,2026-08-10 12:43:50.483122,2026-08-10 12:43:50.483122
261,141,1,"The job requires answering calls, preparing reports, and _____ customers.",grammar,Ba thành phần song song đều dùng V-ing.,Cấu trúc song song: Các thành phần cùng dạng ngữ pháp,A,1,2026-08-10 12:43:50.483122,2026-08-10 12:43:50.483122
262,141,2,The manager is responsible for hiring staff and _____ training.,grammar,Sau for và song song với hiring dùng V-ing.,Cấu trúc song song: Các thành phần cùng dạng ngữ pháp,C,2,2026-08-10 12:43:50.483122,2026-08-10 12:43:50.483122
263,141,3,"The new system is faster, safer, and more _____.",grammar,"Ba tính từ faster, safer, reliable song song.",Cấu trúc song song: Các thành phần cùng dạng ngữ pháp,B,3,2026-08-10 12:43:50.483122,2026-08-10 12:43:50.483122
264,141,4,The company plans to expand its market and _____ new products.,grammar,Sau to expand và to được lược bỏ ở động từ song song; dùng launch.,Cấu trúc song song: Các thành phần cùng dạng ngữ pháp,D,4,2026-08-10 12:43:50.483122,2026-08-10 12:43:50.483122
265,142,1,The manager asked when the shipment _____.,grammar,"Trong câu hỏi gián tiếp về quá khứ, will thường lùi thành would.",Câu hỏi gián tiếp: Từ để hỏi trong câu hỏi gián tiếp,A,1,2026-08-10 12:43:50.483122,2026-08-10 12:43:50.483122
266,142,2,Please tell me where the meeting room _____.,grammar,Câu hỏi gián tiếp dùng trật tự câu khẳng định; is located phù hợp với ngữ cảnh.,Câu hỏi gián tiếp: Từ để hỏi trong câu hỏi gián tiếp,C,2,2026-08-10 12:43:50.483122,2026-08-10 12:43:50.483122
267,142,3,She asked whether the report _____ ready.,grammar,Động từ lùi thì theo ngữ cảnh quá khứ: was.,Câu hỏi gián tiếp: Từ để hỏi trong câu hỏi gián tiếp,B,3,2026-08-10 12:43:50.483122,2026-08-10 12:43:50.483122
268,142,4,Could you explain how the machine _____?,grammar,Câu hỏi gián tiếp dùng trật tự khẳng định; how the machine works.,Câu hỏi gián tiếp: Từ để hỏi trong câu hỏi gián tiếp,D,4,2026-08-10 12:43:50.483122,2026-08-10 12:43:50.483122
269,143,1,There _____ a meeting at 9:00 tomorrow.,grammar,A meeting là danh từ số ít nên dùng there is.,Cấu trúc there is/there are: There is/there are phù hợp với danh từ,A,1,2026-08-10 12:43:50.483122,2026-08-10 12:43:50.483122
270,143,2,There _____ several documents on the desk.,grammar,Several documents là số nhiều nên dùng there are.,Cấu trúc there is/there are: There is/there are phù hợp với danh từ,C,2,2026-08-10 12:43:50.483122,2026-08-10 12:43:50.483122
271,143,3,There _____ enough information in the report.,grammar,Information không đếm được nên dùng there is.,Cấu trúc there is/there are: There is/there are phù hợp với danh từ,B,3,2026-08-10 12:43:50.483122,2026-08-10 12:43:50.483122
272,143,4,There _____ two new employees in our department.,grammar,Two employees là số nhiều nên dùng there are.,Cấu trúc there is/there are: There is/there are phù hợp với danh từ,D,4,2026-08-10 12:43:50.483122,2026-08-10 12:43:50.483122
273,144,1,The manager made the employees _____ late.,grammar,Make + tân ngữ + động từ nguyên mẫu không to.,Cấu trúc make/let: Động từ nguyên mẫu sau make/let,A,1,2026-08-10 12:43:50.483122,2026-08-10 12:43:50.483122
275,144,3,The new policy made customers _____ more forms.,grammar,Make + tân ngữ + V nguyên mẫu.,Cấu trúc make/let: Động từ nguyên mẫu sau make/let,B,3,2026-08-10 12:43:50.483122,2026-08-10 12:43:50.483122
276,144,4,The manager let the staff _____ the issue themselves.,grammar,Let + tân ngữ + V nguyên mẫu.,Cấu trúc make/let: Động từ nguyên mẫu sau make/let,D,4,2026-08-10 12:43:50.483122,2026-08-10 12:43:50.483122
277,145,1,The manager had the technician _____ the printer.,grammar,Have + tân ngữ + V nguyên mẫu.,Cấu trúc have/get: Have/get + tân ngữ + quá khứ phân từ,A,1,2026-08-10 12:43:50.483122,2026-08-10 12:43:50.483122
278,145,2,We had the documents _____ before the meeting.,grammar,Have + tân ngữ + quá khứ phân từ.,Cấu trúc have/get: Have/get + tân ngữ + quá khứ phân từ,C,2,2026-08-10 12:43:50.483122,2026-08-10 12:43:50.483122
279,145,3,The customer got the package _____ to a different address.,grammar,Get + tân ngữ + quá khứ phân từ.,Cấu trúc have/get: Have/get + tân ngữ + quá khứ phân từ,B,3,2026-08-10 12:43:50.483122,2026-08-10 12:43:50.483122
280,145,4,The company had the office _____ last weekend.,grammar,Have + tân ngữ + quá khứ phân từ.,Cấu trúc have/get: Have/get + tân ngữ + quá khứ phân từ,D,4,2026-08-10 12:43:50.483122,2026-08-10 12:43:50.483122
281,146,1,The office _____ at 8:00 A.M. every weekday.,grammar,Chủ ngữ số ít The office nên động từ hiện tại đơn thêm -s.,Thì hiện tại đơn: Động từ hiện tại đơn phù hợp với chủ ngữ và ngữ cảnh,B,1,2026-08-10 12:43:50.483122,2026-08-10 12:43:50.483122
282,146,2,Employees _____ their identification cards when they enter the building.,grammar,Employees là chủ ngữ số nhiều nên dùng show.,Thì hiện tại đơn: Động từ hiện tại đơn phù hợp với chủ ngữ và ngữ cảnh,A,2,2026-08-10 12:43:50.483122,2026-08-10 12:43:50.483122
283,146,3,The manager usually _____ the weekly schedule on Friday.,grammar,Manager là chủ ngữ số ít nên dùng sends.,Thì hiện tại đơn: Động từ hiện tại đơn phù hợp với chủ ngữ và ngữ cảnh,C,3,2026-08-10 12:43:50.483122,2026-08-10 12:43:50.483122
284,146,4,The system automatically _____ customers when an order is shipped.,grammar,The system là chủ ngữ số ít nên dùng notifies.,Thì hiện tại đơn: Động từ hiện tại đơn phù hợp với chủ ngữ và ngữ cảnh,D,4,2026-08-10 12:43:50.483122,2026-08-10 12:43:50.483122
285,147,1,The accounting team _____ the monthly report now.,grammar,Now cho thấy hành động đang diễn ra; dùng is preparing.,Thì hiện tại tiếp diễn: Cấu trúc be + V-ing,A,1,2026-08-10 12:43:50.483122,2026-08-10 12:43:50.483122
286,147,2,Several employees _____ in the training room at the moment.,grammar,At the moment yêu cầu hiện tại tiếp diễn.,Thì hiện tại tiếp diễn: Cấu trúc be + V-ing,C,2,2026-08-10 12:43:50.483122,2026-08-10 12:43:50.483122
287,147,3,The technician _____ the printer right now.,grammar,Right now cho thấy hành động đang diễn ra.,Thì hiện tại tiếp diễn: Cấu trúc be + V-ing,B,3,2026-08-10 12:43:50.483122,2026-08-10 12:43:50.483122
288,147,4,We _____ a new customer database this week.,grammar,This week trong ngữ cảnh hành động đang diễn ra dùng are creating.,Thì hiện tại tiếp diễn: Cấu trúc be + V-ing,D,4,2026-08-10 12:43:50.483122,2026-08-10 12:43:50.483122
289,148,1,The manager _____ the contract yesterday.,grammar,Yesterday là dấu hiệu của quá khứ đơn.,Thì quá khứ đơn: Động từ quá khứ đơn theo mốc thời gian,C,1,2026-08-10 12:43:50.483122,2026-08-10 12:43:50.483122
290,148,2,The conference _____ at 9:00 A.M. last Monday.,grammar,Last Monday yêu cầu quá khứ đơn.,Thì quá khứ đơn: Động từ quá khứ đơn theo mốc thời gian,A,2,2026-08-10 12:43:50.483122,2026-08-10 12:43:50.483122
291,148,3,The company _____ its first branch in 2018.,grammar,Mốc thời gian đã kết thúc 2018 dùng quá khứ đơn.,Thì quá khứ đơn: Động từ quá khứ đơn theo mốc thời gian,D,3,2026-08-10 12:43:50.483122,2026-08-10 12:43:50.483122
292,148,4,The customer _____ the package two days ago.,grammar,Two days ago là dấu hiệu của quá khứ đơn.,Thì quá khứ đơn: Động từ quá khứ đơn theo mốc thời gian,B,4,2026-08-10 12:43:50.483122,2026-08-10 12:43:50.483122
293,149,1,The company _____ three new branches since January.,grammar,Since January cho thấy hành động từ quá khứ đến hiện tại; dùng has opened.,Thì hiện tại hoàn thành: Have/has + quá khứ phân từ,B,1,2026-08-10 12:43:50.483122,2026-08-10 12:43:50.483122
294,149,2,We _____ the requested documents already.,grammar,Already thường đi với hiện tại hoàn thành.,Thì hiện tại hoàn thành: Have/has + quá khứ phân từ,D,2,2026-08-10 12:43:50.483122,2026-08-10 12:43:50.483122
295,149,3,The manager _____ the report several times this week.,grammar,This week chưa kết thúc nên dùng hiện tại hoàn thành.,Thì hiện tại hoàn thành: Have/has + quá khứ phân từ,A,3,2026-08-10 12:43:50.483122,2026-08-10 12:43:50.483122
296,149,4,Our team _____ the project successfully so far.,grammar,So far là dấu hiệu của hiện tại hoàn thành.,Thì hiện tại hoàn thành: Have/has + quá khứ phân từ,C,4,2026-08-10 12:43:50.483122,2026-08-10 12:43:50.483122
297,150,1,The engineers _____ the system since early morning.,grammar,Since early morning nhấn mạnh hành động kéo dài đến hiện tại.,Thì hiện tại hoàn thành tiếp diễn: Have/has been + V-ing,A,1,2026-08-10 12:43:50.483122,2026-08-10 12:43:50.483122
298,150,2,She _____ for the company for five years.,grammar,For five years trong ngữ cảnh tiếp diễn dùng has been working.,Thì hiện tại hoàn thành tiếp diễn: Have/has been + V-ing,C,2,2026-08-10 12:43:50.483122,2026-08-10 12:43:50.483122
299,150,3,The team _____ on the proposal all afternoon.,grammar,All afternoon nhấn mạnh quá trình kéo dài.,Thì hiện tại hoàn thành tiếp diễn: Have/has been + V-ing,D,3,2026-08-10 12:43:50.483122,2026-08-10 12:43:50.483122
300,150,4,Workers _____ the road since Monday.,grammar,Since Monday cho thấy hành động kéo dài đến hiện tại.,Thì hiện tại hoàn thành tiếp diễn: Have/has been + V-ing,B,4,2026-08-10 12:43:50.483122,2026-08-10 12:43:50.483122
301,151,1,"By the time the meeting started, the manager _____ the documents.",grammar,By the time + quá khứ cho thấy hành động xảy ra trước một hành động quá khứ khác.,Thì quá khứ hoàn thành: Had + quá khứ phân từ,A,1,2026-08-10 12:43:50.483122,2026-08-10 12:43:50.483122
302,151,2,"When we arrived, the train _____ already left.",grammar,Hành động tàu rời đi xảy ra trước khi chúng tôi đến; dùng had left.,Thì quá khứ hoàn thành: Had + quá khứ phân từ,D,2,2026-08-10 12:43:50.483122,2026-08-10 12:43:50.483122
303,151,3,The company _____ the problem before the customers complained.,grammar,Before kết hợp với hai hành động quá khứ; hành động xảy ra trước dùng quá khứ hoàn thành.,Thì quá khứ hoàn thành: Had + quá khứ phân từ,B,3,2026-08-10 12:43:50.483122,2026-08-10 12:43:50.483122
304,151,4,She realized that she _____ the wrong file.,grammar,Việc mở nhầm file xảy ra trước thời điểm nhận ra.,Thì quá khứ hoàn thành: Had + quá khứ phân từ,C,4,2026-08-10 12:43:50.483122,2026-08-10 12:43:50.483122
305,152,1,The manager _____ the results tomorrow.,grammar,Tomorrow là dấu hiệu của tương lai đơn.,Thì tương lai đơn: Will + động từ nguyên mẫu,A,1,2026-08-10 12:43:50.483122,2026-08-10 12:43:50.483122
306,152,2,The company _____ the new policy next month.,grammar,Next month yêu cầu tương lai.,Thì tương lai đơn: Will + động từ nguyên mẫu,C,2,2026-08-10 12:43:50.483122,2026-08-10 12:43:50.483122
307,152,3,We _____ you when the order arrives.,grammar,Mệnh đề chính nói về hành động tương lai; dùng will contact.,Thì tương lai đơn: Will + động từ nguyên mẫu,D,3,2026-08-10 12:43:50.483122,2026-08-10 12:43:50.483122
308,152,4,The meeting _____ at 2:00 P.M. tomorrow.,grammar,Tomorrow cho thấy thời gian tương lai.,Thì tương lai đơn: Will + động từ nguyên mẫu,B,4,2026-08-10 12:43:50.483122,2026-08-10 12:43:50.483122
309,153,1,All invoices _____ by the accounting department.,grammar,Invoices là đối tượng được xử lý nên dùng bị động hiện tại.,Câu bị động hiện tại: Be + quá khứ phân từ,C,1,2026-08-10 12:43:50.483122,2026-08-10 12:43:50.483122
310,153,2,The rooms _____ every morning by hotel staff.,grammar,Rooms nhận hành động cleaning; dùng are cleaned.,Câu bị động hiện tại: Be + quá khứ phân từ,A,2,2026-08-10 12:43:50.483122,2026-08-10 12:43:50.483122
311,153,3,Customer requests _____ within two business days.,grammar,Requests là đối tượng được trả lời.,Câu bị động hiện tại: Be + quá khứ phân từ,D,3,2026-08-10 12:43:50.483122,2026-08-10 12:43:50.483122
312,153,4,The equipment _____ regularly by technicians.,grammar,Equipment được kiểm tra nên dùng bị động.,Câu bị động hiện tại: Be + quá khứ phân từ,B,4,2026-08-10 12:43:50.483122,2026-08-10 12:43:50.483122
313,154,1,The documents _____ yesterday afternoon.,grammar,Yesterday yêu cầu quá khứ; documents nhận hành động.,Câu bị động quá khứ: Was/were + quá khứ phân từ,A,1,2026-08-10 12:43:50.483122,2026-08-10 12:43:50.483122
314,154,2,The meeting room _____ last night.,grammar,Meeting room là đối tượng được dọn.,Câu bị động quá khứ: Was/were + quá khứ phân từ,C,2,2026-08-10 12:43:50.483122,2026-08-10 12:43:50.483122
315,154,3,The package _____ to the wrong address last week.,grammar,Last week và bị động quá khứ.,Câu bị động quá khứ: Was/were + quá khứ phân từ,D,3,2026-08-10 12:43:50.483122,2026-08-10 12:43:50.483122
316,154,4,Several computers _____ during the maintenance period.,grammar,Computers được thay thế trong quá khứ.,Câu bị động quá khứ: Was/were + quá khứ phân từ,B,4,2026-08-10 12:43:50.483122,2026-08-10 12:43:50.483122
317,155,1,The new office _____ next month.,grammar,Next month và văn phòng là đối tượng được mở; dùng will be opened.,Câu bị động tương lai: Will be + quá khứ phân từ,D,1,2026-08-10 12:43:50.483122,2026-08-10 12:43:50.483122
318,155,2,All participants _____ an email tomorrow.,grammar,Participants nhận email; dùng bị động tương lai.,Câu bị động tương lai: Will be + quá khứ phân từ,A,2,2026-08-10 12:43:50.483122,2026-08-10 12:43:50.483122
319,155,3,The equipment _____ before the exhibition begins.,grammar,Equipment được kiểm tra trong tương lai.,Câu bị động tương lai: Will be + quá khứ phân từ,C,3,2026-08-10 12:43:50.483122,2026-08-10 12:43:50.483122
320,155,4,The results _____ on the company website next Friday.,grammar,Results được đăng; next Friday yêu cầu tương lai.,Câu bị động tương lai: Will be + quá khứ phân từ,B,4,2026-08-10 12:43:50.483122,2026-08-10 12:43:50.483122
321,156,1,The list of applicants _____ on the manager's desk.,grammar,"Chủ ngữ chính là The list, số ít.",Sự hòa hợp chủ ngữ và động từ: Động từ phù hợp với chủ ngữ,A,1,2026-08-10 12:43:50.483122,2026-08-10 12:43:50.483122
322,156,2,Each employee _____ a security badge.,grammar,Each + danh từ số ít nên dùng receives.,Sự hòa hợp chủ ngữ và động từ: Động từ phù hợp với chủ ngữ,D,2,2026-08-10 12:43:50.483122,2026-08-10 12:43:50.483122
323,156,3,The employees in the sales department _____ a meeting every Monday.,grammar,Employees là số nhiều nên dùng hold.,Sự hòa hợp chủ ngữ và động từ: Động từ phù hợp với chủ ngữ,B,3,2026-08-10 12:43:50.483122,2026-08-10 12:43:50.483122
324,156,4,Neither the manager nor the assistants _____ available today.,grammar,"Với neither...nor, động từ thường hòa hợp với chủ ngữ gần nhất: assistants → are.",Sự hòa hợp chủ ngữ và động từ: Động từ phù hợp với chủ ngữ,C,4,2026-08-10 12:43:50.483122,2026-08-10 12:43:50.483122
325,157,1,Employees _____ wear protective equipment in the laboratory.,grammar,Must diễn tả nghĩa vụ bắt buộc.,Động từ khuyết thiếu: Modal verb + động từ nguyên mẫu,B,1,2026-08-10 12:43:50.483122,2026-08-10 12:43:50.483122
326,157,2,Visitors _____ enter this area without permission.,grammar,Must not diễn tả điều cấm.,Động từ khuyết thiếu: Modal verb + động từ nguyên mẫu,D,2,2026-08-10 12:43:50.483122,2026-08-10 12:43:50.483122
327,157,3,You _____ contact the service center if you need assistance.,grammar,Should dùng để đưa ra lời khuyên.,Động từ khuyết thiếu: Modal verb + động từ nguyên mẫu,A,3,2026-08-10 12:43:50.483122,2026-08-10 12:43:50.483122
328,157,4,The manager _____ arrive late because of the traffic.,grammar,Might diễn tả khả năng có thể xảy ra.,Động từ khuyết thiếu: Modal verb + động từ nguyên mẫu,C,4,2026-08-10 12:43:50.483122,2026-08-10 12:43:50.483122
329,158,1,The company plans _____ a new branch next year.,grammar,Plan + to V.,Động từ nguyên mẫu có to: To + động từ nguyên mẫu,A,1,2026-08-10 12:43:50.483122,2026-08-10 12:43:50.483122
330,158,2,Employees are required _____ the form before Friday.,grammar,Be required + to V.,Động từ nguyên mẫu có to: To + động từ nguyên mẫu,C,2,2026-08-10 12:43:50.483122,2026-08-10 12:43:50.483122
331,158,3,The manager decided _____ the meeting.,grammar,Decide + to V.,Động từ nguyên mẫu có to: To + động từ nguyên mẫu,D,3,2026-08-10 12:43:50.483122,2026-08-10 12:43:50.483122
332,158,4,We hope _____ the project on time.,grammar,Hope + to V.,Động từ nguyên mẫu có to: To + động từ nguyên mẫu,B,4,2026-08-10 12:43:50.483122,2026-08-10 12:43:50.483122
333,159,1,Thank you for _____ us about the problem.,grammar,Sau giới từ for dùng V-ing.,V-ing sau giới từ: Giới từ + V-ing,A,1,2026-08-10 12:43:50.483122,2026-08-10 12:43:50.483122
334,159,2,The company is interested in _____ the new software.,grammar,Sau in dùng V-ing.,V-ing sau giới từ: Giới từ + V-ing,C,2,2026-08-10 12:43:50.483122,2026-08-10 12:43:50.483122
335,159,3,Employees are responsible for _____ the equipment.,grammar,Sau for dùng V-ing.,V-ing sau giới từ: Giới từ + V-ing,D,3,2026-08-10 12:43:50.483122,2026-08-10 12:43:50.483122
336,159,4,"Before _____ the building, visitors must register.",grammar,Before là giới từ trong cấu trúc này nên dùng V-ing.,V-ing sau giới từ: Giới từ + V-ing,B,4,2026-08-10 12:43:50.483122,2026-08-10 12:43:50.483122
337,160,1,_____ regular exercise can improve productivity.,grammar,V-ing có thể làm chủ ngữ câu.,Gerund làm chủ ngữ: V-ing làm chủ ngữ câu,C,1,2026-08-10 12:43:50.483122,2026-08-10 12:43:50.483122
338,160,2,_____ customer feedback is important for the company.,grammar,Collecting làm chủ ngữ.,Gerund làm chủ ngữ: V-ing làm chủ ngữ câu,A,2,2026-08-10 12:43:50.483122,2026-08-10 12:43:50.483122
339,160,3,_____ the equipment regularly reduces repair costs.,grammar,Maintaining làm chủ ngữ.,Gerund làm chủ ngữ: V-ing làm chủ ngữ câu,D,3,2026-08-10 12:43:50.483122,2026-08-10 12:43:50.483122
340,160,4,_____ with coworkers helps build a positive workplace.,grammar,Communicating làm chủ ngữ.,Gerund làm chủ ngữ: V-ing làm chủ ngữ câu,B,4,2026-08-10 12:43:50.483122,2026-08-10 12:43:50.483122
341,161,1,The manager asked employees _____ the report.,grammar,Ask + tân ngữ + to V.,Động từ và cấu trúc,A,1,2026-08-10 12:43:50.483122,2026-08-10 12:43:50.483122
343,161,3,The company allows employees _____ remotely twice a week.,grammar,Allow + tân ngữ + to V.,Động từ và cấu trúc,D,3,2026-08-10 12:43:50.483122,2026-08-10 12:43:50.483122
344,161,4,The director reminded us _____ the deadline.,grammar,Remind + tân ngữ + to V.,Động từ và cấu trúc,B,4,2026-08-10 12:43:50.483122,2026-08-10 12:43:50.483122
345,162,1,The company hired _____ experienced accountant.,grammar,Experienced bắt đầu bằng nguyên âm về âm đọc nên dùng an.,Danh từ và mạo từ: Mạo từ phù hợp trước danh từ,A,1,2026-08-10 12:43:50.483122,2026-08-10 12:43:50.483122
346,162,2,We need _____ new printer for the office.,grammar,New bắt đầu bằng phụ âm về âm đọc nên dùng a.,Danh từ và mạo từ: Mạo từ phù hợp trước danh từ,C,2,2026-08-10 12:43:50.483122,2026-08-10 12:43:50.483122
347,162,3,Please send me _____ copy of the contract.,grammar,"Copy là danh từ đếm được số ít, chưa xác định; dùng a.",Danh từ và mạo từ: Mạo từ phù hợp trước danh từ,B,3,2026-08-10 12:43:50.483122,2026-08-10 12:43:50.483122
348,162,4,The manager reviewed _____ report we submitted yesterday.,grammar,Report đã được xác định bởi mệnh đề we submitted yesterday nên dùng the.,Danh từ và mạo từ: Mạo từ phù hợp trước danh từ,D,4,2026-08-10 12:43:50.483122,2026-08-10 12:43:50.483122
349,163,1,The company introduced a _____ policy.,grammar,Successful là tính từ bổ nghĩa cho policy.,Tính từ trước danh từ: Tính từ bổ nghĩa cho danh từ,B,1,2026-08-10 12:43:50.483122,2026-08-10 12:43:50.483122
350,163,2,We received _____ information from the supplier.,grammar,Useful là tính từ đứng trước information.,Tính từ trước danh từ: Tính từ bổ nghĩa cho danh từ,A,2,2026-08-10 12:43:50.483122,2026-08-10 12:43:50.483122
351,163,3,The manager gave a _____ explanation.,grammar,Clear là tính từ bổ nghĩa cho explanation.,Tính từ trước danh từ: Tính từ bổ nghĩa cho danh từ,D,3,2026-08-10 12:43:50.483122,2026-08-10 12:43:50.483122
352,163,4,The hotel offers _____ rooms for business travelers.,grammar,Comfortable là tính từ trước rooms.,Tính từ trước danh từ: Tính từ bổ nghĩa cho danh từ,C,4,2026-08-10 12:43:50.483122,2026-08-10 12:43:50.483122
353,164,1,The assistant completed the task _____ .,grammar,Quickly là trạng từ bổ nghĩa cho completed.,Trạng từ bổ nghĩa động từ: Trạng từ bổ nghĩa cho động từ,A,1,2026-08-10 12:43:50.483122,2026-08-10 12:43:50.483122
354,164,2,Please speak _____ during the presentation.,grammar,Clearly là trạng từ bổ nghĩa cho speak.,Trạng từ bổ nghĩa động từ: Trạng từ bổ nghĩa cho động từ,C,2,2026-08-10 12:43:50.483122,2026-08-10 12:43:50.483122
355,164,3,The technician installed the software _____ .,grammar,Carefully bổ nghĩa cho installed.,Trạng từ bổ nghĩa động từ: Trạng từ bổ nghĩa cho động từ,B,3,2026-08-10 12:43:50.483122,2026-08-10 12:43:50.483122
356,164,4,The manager explained the procedure _____ .,grammar,Carefully là trạng từ bổ nghĩa cho explained.,Trạng từ bổ nghĩa động từ: Trạng từ bổ nghĩa cho động từ,D,4,2026-08-10 12:43:50.483122,2026-08-10 12:43:50.483122
357,165,1,This model is _____ than the previous one.,grammar,Tính từ dài dùng more + tính từ.,So sánh hơn: Cấu trúc so sánh hơn,A,1,2026-08-10 12:43:50.483122,2026-08-10 12:43:50.483122
358,165,2,The new office is _____ than the old one.,grammar,Than yêu cầu so sánh hơn.,So sánh hơn: Cấu trúc so sánh hơn,C,2,2026-08-10 12:43:50.483122,2026-08-10 12:43:50.483122
359,165,3,Online orders are processed _____ than phone orders.,grammar,So sánh trạng từ dùng more quickly.,So sánh hơn: Cấu trúc so sánh hơn,B,3,2026-08-10 12:43:50.483122,2026-08-10 12:43:50.483122
360,165,4,This route is _____ than the highway.,grammar,Short là tính từ ngắn nên so sánh hơn là shorter.,So sánh hơn: Cấu trúc so sánh hơn,D,4,2026-08-10 12:43:50.483122,2026-08-10 12:43:50.483122
361,166,1,This is the _____ branch in the region.,grammar,The + so sánh nhất với tính từ ngắn: largest.,So sánh nhất: Cấu trúc so sánh nhất,A,1,2026-08-10 12:43:50.483122,2026-08-10 12:43:50.483122
362,166,2,She is the _____ employee in the department.,grammar,Tính từ dài dùng most experienced.,So sánh nhất: Cấu trúc so sánh nhất,C,2,2026-08-10 12:43:50.483122,2026-08-10 12:43:50.483122
363,166,3,This machine operates the _____ efficiently.,grammar,So sánh nhất của trạng từ: the most efficiently.,So sánh nhất: Cấu trúc so sánh nhất,B,3,2026-08-10 12:43:50.483122,2026-08-10 12:43:50.483122
364,166,4,It was the _____ meeting of the year.,grammar,The + most + tính từ dài.,So sánh nhất: Cấu trúc so sánh nhất,D,4,2026-08-10 12:43:50.483122,2026-08-10 12:43:50.483122
365,167,1,The flight was delayed _____ bad weather.,grammar,Because of + danh từ/cụm danh từ.,Liên từ nguyên nhân: Liên từ chỉ nguyên nhân,A,1,2026-08-10 12:43:50.483122,2026-08-10 12:43:50.483122
366,167,2,"_____ the road was closed, the delivery arrived late.",grammar,Because + mệnh đề.,Liên từ nguyên nhân: Liên từ chỉ nguyên nhân,C,2,2026-08-10 12:43:50.483122,2026-08-10 12:43:50.483122
367,167,3,The event was canceled _____ there were not enough participants.,grammar,Because chỉ nguyên nhân.,Liên từ nguyên nhân: Liên từ chỉ nguyên nhân,B,3,2026-08-10 12:43:50.483122,2026-08-10 12:43:50.483122
368,167,4,We postponed the meeting _____ the manager was unavailable.,grammar,Because nối nguyên nhân với kết quả.,Liên từ nguyên nhân: Liên từ chỉ nguyên nhân,D,4,2026-08-10 12:43:50.483122,2026-08-10 12:43:50.483122
369,168,1,"The store was closed; _____, customers could not enter.",grammar,Therefore chỉ kết quả.,Liên từ kết quả: Liên từ chỉ kết quả,A,1,2026-08-10 12:43:50.483122,2026-08-10 12:43:50.483122
370,168,2,"The system was overloaded. _____, the response time increased.",grammar,As a result chỉ kết quả.,Liên từ kết quả: Liên từ chỉ kết quả,C,2,2026-08-10 12:43:50.483122,2026-08-10 12:43:50.483122
371,168,3,"The shipment was delayed, _____ the customer received it late.",grammar,So nối nguyên nhân và kết quả.,Liên từ kết quả: Liên từ chỉ kết quả,B,3,2026-08-10 12:43:50.483122,2026-08-10 12:43:50.483122
372,168,4,The company reduced costs and _____ increased its profit.,grammar,Therefore diễn tả kết quả.,Liên từ kết quả: Liên từ chỉ kết quả,D,4,2026-08-10 12:43:50.483122,2026-08-10 12:43:50.483122
373,169,1,"_____ the product is expensive, many customers buy it.",grammar,Although + mệnh đề chỉ sự nhượng bộ.,Liên từ tương phản: Liên từ chỉ sự tương phản,A,1,2026-08-10 12:43:50.483122,2026-08-10 12:43:50.483122
374,169,2,"The hotel is small; _____, it offers excellent service.",grammar,However chỉ sự tương phản.,Liên từ tương phản: Liên từ chỉ sự tương phản,C,2,2026-08-10 12:43:50.483122,2026-08-10 12:43:50.483122
375,169,3,"_____ the delay, the meeting continued as planned.",grammar,Despite + danh từ/cụm danh từ.,Liên từ tương phản: Liên từ chỉ sự tương phản,B,3,2026-08-10 12:43:50.483122,2026-08-10 12:43:50.483122
376,169,4,"The product is popular, _____ it is relatively expensive.",grammar,Although chỉ sự tương phản.,Liên từ tương phản: Liên từ chỉ sự tương phản,D,4,2026-08-10 12:43:50.483122,2026-08-10 12:43:50.483122
377,170,1,"_____ you need assistance, please contact the front desk.",grammar,If chỉ điều kiện.,Liên từ điều kiện: Liên từ chỉ điều kiện,A,1,2026-08-10 12:43:50.483122,2026-08-10 12:43:50.483122
378,170,2,The company will refund the fee _____ the customer provides proof of payment.,grammar,If diễn tả điều kiện.,Liên từ điều kiện: Liên từ chỉ điều kiện,C,2,2026-08-10 12:43:50.483122,2026-08-10 12:43:50.483122
379,170,3,"_____ the weather improves, the event will be held outdoors.",grammar,If + hiện tại đơn trong điều kiện.,Liên từ điều kiện: Liên từ chỉ điều kiện,B,3,2026-08-10 12:43:50.483122,2026-08-10 12:43:50.483122
380,170,4,You cannot enter the laboratory _____ you wear protective clothing.,grammar,Unless mang nghĩa nếu không.,Liên từ điều kiện: Liên từ chỉ điều kiện,D,4,2026-08-10 12:43:50.483122,2026-08-10 12:43:50.483122
381,171,1,Please call me _____ you arrive at the office.,grammar,When chỉ thời điểm.,Liên từ thời gian: Liên từ chỉ thời gian,A,1,2026-08-10 12:43:50.483122,2026-08-10 12:43:50.483122
382,171,2,The manager will review the report _____ the meeting begins.,grammar,Before chỉ hành động xảy ra trước.,Liên từ thời gian: Liên từ chỉ thời gian,C,2,2026-08-10 12:43:50.483122,2026-08-10 12:43:50.483122
383,171,3,Employees must wait _____ the system restarts.,grammar,Until chỉ thời điểm kết thúc của việc chờ.,Liên từ thời gian: Liên từ chỉ thời gian,B,3,2026-08-10 12:43:50.483122,2026-08-10 12:43:50.483122
384,171,4,"_____ the presentation ended, attendees asked questions.",grammar,After chỉ hành động xảy ra sau.,Liên từ thời gian: Liên từ chỉ thời gian,D,4,2026-08-10 12:43:50.483122,2026-08-10 12:43:50.483122
385,172,1,The employee _____ submitted the report is on vacation.,grammar,Who thay thế cho người.,Đại từ quan hệ chỉ người: Who dùng cho người,A,1,2026-08-10 12:43:50.483122,2026-08-10 12:43:50.483122
386,172,2,The manager _____ hired me is from Canada.,grammar,Who dùng cho manager.,Đại từ quan hệ chỉ người: Who dùng cho người,C,2,2026-08-10 12:43:50.483122,2026-08-10 12:43:50.483122
387,172,3,Applicants _____ have relevant experience will be considered first.,grammar,Who dùng cho applicants.,Đại từ quan hệ chỉ người: Who dùng cho người,B,3,2026-08-10 12:43:50.483122,2026-08-10 12:43:50.483122
388,172,4,The consultant _____ we met yesterday will lead the project.,grammar,Who thay thế cho consultant.,Đại từ quan hệ chỉ người: Who dùng cho người,D,4,2026-08-10 12:43:50.483122,2026-08-10 12:43:50.483122
389,173,1,The report _____ you sent was helpful.,grammar,That thay thế cho vật.,Đại từ quan hệ chỉ vật: Which/that dùng cho vật,A,1,2026-08-10 12:43:50.483122,2026-08-10 12:43:50.483122
390,173,2,The machine _____ was installed yesterday is working well.,grammar,Which thay thế cho machine.,Đại từ quan hệ chỉ vật: Which/that dùng cho vật,C,2,2026-08-10 12:43:50.483122,2026-08-10 12:43:50.483122
391,173,3,The software _____ we use requires an update.,grammar,Which thay thế cho software.,Đại từ quan hệ chỉ vật: Which/that dùng cho vật,B,3,2026-08-10 12:43:50.483122,2026-08-10 12:43:50.483122
392,173,4,The building _____ the company owns is near the station.,grammar,Which thay thế cho building.,Đại từ quan hệ chỉ vật: Which/that dùng cho vật,D,4,2026-08-10 12:43:50.483122,2026-08-10 12:43:50.483122
393,174,1,The manager _____ office is on the third floor is away today.,grammar,Whose chỉ sự sở hữu.,Đại từ quan hệ sở hữu: Whose chỉ quan hệ sở hữu,A,1,2026-08-10 12:43:50.483122,2026-08-10 12:43:50.483122
394,174,2,We contacted a supplier _____ products are environmentally friendly.,grammar,Whose products diễn tả sản phẩm của nhà cung cấp.,Đại từ quan hệ sở hữu: Whose chỉ quan hệ sở hữu,C,2,2026-08-10 12:43:50.483122,2026-08-10 12:43:50.483122
395,174,3,The employee _____ laptop was stolen reported the incident.,grammar,Whose laptop chỉ chiếc máy tính thuộc về nhân viên.,Đại từ quan hệ sở hữu: Whose chỉ quan hệ sở hữu,B,3,2026-08-10 12:43:50.483122,2026-08-10 12:43:50.483122
396,174,4,The company _____ headquarters are in Seoul opened a new branch.,grammar,Whose headquarters diễn tả trụ sở thuộc công ty.,Đại từ quan hệ sở hữu: Whose chỉ quan hệ sở hữu,D,4,2026-08-10 12:43:50.483122,2026-08-10 12:43:50.483122
397,175,1,The meeting is scheduled _____ Monday.,grammar,On dùng với ngày.,Giới từ thời gian: Giới từ chỉ thời gian,A,1,2026-08-10 12:43:50.483122,2026-08-10 12:43:50.483122
398,175,2,The office closes _____ 6:00 P.M.,grammar,At dùng với giờ cụ thể.,Giới từ thời gian: Giới từ chỉ thời gian,C,2,2026-08-10 12:43:50.483122,2026-08-10 12:43:50.483122
399,175,3,The company was founded _____ 1998.,grammar,In dùng với năm.,Giới từ thời gian: Giới từ chỉ thời gian,B,3,2026-08-10 12:43:50.483122,2026-08-10 12:43:50.483122
400,175,4,Please submit the form _____ Friday.,grammar,By Friday chỉ hạn chót.,Giới từ thời gian: Giới từ chỉ thời gian,D,4,2026-08-10 12:43:50.483122,2026-08-10 12:43:50.483122
401,176,1,The meeting room is _____ the second floor.,grammar,On dùng với tầng.,Giới từ nơi chốn: Giới từ chỉ nơi chốn,A,1,2026-08-10 12:43:50.483122,2026-08-10 12:43:50.483122
402,176,2,The manager is waiting _____ the lobby.,grammar,In dùng với không gian bên trong.,Giới từ nơi chốn: Giới từ chỉ nơi chốn,C,2,2026-08-10 12:43:50.483122,2026-08-10 12:43:50.483122
403,176,3,Please leave the package _____ the front desk.,grammar,At phù hợp với địa điểm cụ thể front desk.,Giới từ nơi chốn: Giới từ chỉ nơi chốn,B,3,2026-08-10 12:43:50.483122,2026-08-10 12:43:50.483122
404,176,4,The office is _____ the bank and the post office.,grammar,Between dùng giữa hai địa điểm.,Giới từ nơi chốn: Giới từ chỉ nơi chốn,D,4,2026-08-10 12:43:50.483122,2026-08-10 12:43:50.483122
405,177,1,There are _____ employees in the training room.,grammar,Employees là danh từ đếm được số nhiều nên dùng many.,Từ hạn định: Much/many/few/little/some/any,A,1,2026-08-10 12:43:50.483122,2026-08-10 12:43:50.483122
406,177,2,We do not have _____ information about the incident.,grammar,Information không đếm được nên dùng much.,Từ hạn định: Much/many/few/little/some/any,C,2,2026-08-10 12:43:50.483122,2026-08-10 12:43:50.483122
407,177,3,There is only _____ time left before the meeting.,grammar,Time không đếm được; a little phù hợp.,Từ hạn định: Much/many/few/little/some/any,B,3,2026-08-10 12:43:50.483122,2026-08-10 12:43:50.483122
408,177,4,The manager received _____ applications this week.,grammar,Applications đếm được số nhiều nên dùng several.,Từ hạn định: Much/many/few/little/some/any,D,4,2026-08-10 12:43:50.483122,2026-08-10 12:43:50.483122
409,178,1,The company hired two new _____ last month.,grammar,Two + danh từ số nhiều.,Danh từ đếm được: Danh từ số ít và số nhiều,A,1,2026-08-10 12:43:50.483122,2026-08-10 12:43:50.483122
410,178,2,Several _____ are waiting outside.,grammar,Several + danh từ số nhiều.,Danh từ đếm được: Danh từ số ít và số nhiều,C,2,2026-08-10 12:43:50.483122,2026-08-10 12:43:50.483122
411,178,3,We need three _____ for the conference room.,grammar,Three + danh từ số nhiều.,Danh từ đếm được: Danh từ số ít và số nhiều,B,3,2026-08-10 12:43:50.483122,2026-08-10 12:43:50.483122
412,178,4,The store has many _____ of this product.,grammar,Many + danh từ số nhiều.,Danh từ đếm được: Danh từ số ít và số nhiều,D,4,2026-08-10 12:43:50.483122,2026-08-10 12:43:50.483122
413,179,1,The company needs more _____ before making a decision.,grammar,Information là danh từ không đếm được.,Danh từ không đếm được: Danh từ không đếm được,A,1,2026-08-10 12:43:50.483122,2026-08-10 12:43:50.483122
414,179,2,We received useful _____ from the consultant.,grammar,Advice là danh từ không đếm được.,Danh từ không đếm được: Danh từ không đếm được,C,2,2026-08-10 12:43:50.483122,2026-08-10 12:43:50.483122
415,179,3,The equipment _____ expensive.,grammar,"Equipment là danh từ không đếm được, dùng is.",Danh từ không đếm được: Danh từ không đếm được,B,3,2026-08-10 12:43:50.483122,2026-08-10 12:43:50.483122
416,179,4,There is not enough _____ in the storage room.,grammar,Space trong nghĩa diện tích là danh từ không đếm được.,Danh từ không đếm được: Danh từ không đếm được,D,4,2026-08-10 12:43:50.483122,2026-08-10 12:43:50.483122
417,180,1,"If the weather improves, the company _____ the event outdoors.",grammar,Mệnh đề If dùng hiện tại đơn; mệnh đề chính dùng will + V.,"Câu điều kiện loại 1: If + hiện tại đơn, will + động từ",A,1,2026-08-10 12:43:50.483122,2026-08-10 12:43:50.483122
418,180,2,"If you submit the form today, we _____ your request tomorrow.",grammar,Điều kiện loại 1.,"Câu điều kiện loại 1: If + hiện tại đơn, will + động từ",C,2,2026-08-10 12:43:50.483122,2026-08-10 12:43:50.483122
419,180,3,"If the shipment arrives early, customers _____ it sooner.",grammar,Mệnh đề chính dùng will + V.,"Câu điều kiện loại 1: If + hiện tại đơn, will + động từ",B,3,2026-08-10 12:43:50.483122,2026-08-10 12:43:50.483122
420,180,4,"If she finishes the report, she _____ it to the manager.",grammar,Điều kiện có khả năng xảy ra ở hiện tại/tương lai.,"Câu điều kiện loại 1: If + hiện tại đơn, will + động từ",D,4,2026-08-10 12:43:50.483122,2026-08-10 12:43:50.483122
421,181,1,"If I _____ more time, I would attend the conference.",grammar,Điều kiện loại 2 dùng quá khứ đơn trong mệnh đề If.,"Câu điều kiện loại 2: If + quá khứ đơn, would + động từ",A,1,2026-08-10 12:43:50.483122,2026-08-10 12:43:50.483122
422,181,2,"If the company had a larger budget, it _____ more employees.",grammar,Mệnh đề chính dùng would + V.,"Câu điều kiện loại 2: If + quá khứ đơn, would + động từ",C,2,2026-08-10 12:43:50.483122,2026-08-10 12:43:50.483122
423,181,3,"If she _____ the manager, she would change the policy.",grammar,Điều kiện loại 2; với be dùng were.,"Câu điều kiện loại 2: If + quá khứ đơn, would + động từ",B,3,2026-08-10 12:43:50.483122,2026-08-10 12:43:50.483122
424,181,4,"If we lived closer, we _____ the office more often.",grammar,Mệnh đề chính dùng would + V.,"Câu điều kiện loại 2: If + quá khứ đơn, would + động từ",D,4,2026-08-10 12:43:50.483122,2026-08-10 12:43:50.483122
425,182,1,The company launched the website _____ attract more customers.,grammar,To + V diễn tả mục đích.,Mệnh đề chỉ mục đích: To/in order to/so that,A,1,2026-08-10 12:43:50.483122,2026-08-10 12:43:50.483122
426,182,2,Employees attended the workshop _____ improve their communication skills.,grammar,To improve diễn tả mục đích.,Mệnh đề chỉ mục đích: To/in order to/so that,C,2,2026-08-10 12:43:50.483122,2026-08-10 12:43:50.483122
427,182,3,The manager sent an email _____ everyone would receive the update.,grammar,So that + mệnh đề chỉ mục đích.,Mệnh đề chỉ mục đích: To/in order to/so that,B,3,2026-08-10 12:43:50.483122,2026-08-10 12:43:50.483122
428,182,4,The company installed new lights _____ reduce energy consumption.,grammar,To reduce chỉ mục đích.,Mệnh đề chỉ mục đích: To/in order to/so that,D,4,2026-08-10 12:43:50.483122,2026-08-10 12:43:50.483122
429,183,1,"_____ the weather was bad, the event continued.",grammar,Although + mệnh đề chỉ nhượng bộ.,Mệnh đề chỉ nhượng bộ: Although/even though/despite,A,1,2026-08-10 12:43:50.483122,2026-08-10 12:43:50.483122
430,183,2,"_____ the high price, the product sold well.",grammar,Despite + danh từ/cụm danh từ.,Mệnh đề chỉ nhượng bộ: Although/even though/despite,C,2,2026-08-10 12:43:50.483122,2026-08-10 12:43:50.483122
431,183,3,The flight departed on time _____ the heavy rain.,grammar,Despite + cụm danh từ.,Mệnh đề chỉ nhượng bộ: Although/even though/despite,B,3,2026-08-10 12:43:50.483122,2026-08-10 12:43:50.483122
432,183,4,"_____ she was busy, she attended the meeting.",grammar,Even though + mệnh đề chỉ nhượng bộ.,Mệnh đề chỉ nhượng bộ: Although/even though/despite,D,4,2026-08-10 12:43:50.483122,2026-08-10 12:43:50.483122
433,184,1,The meeting was canceled _____ the manager was sick.,grammar,Because + mệnh đề chỉ lý do.,Mệnh đề chỉ lý do: Because/since/as,A,1,2026-08-10 12:43:50.483122,2026-08-10 12:43:50.483122
434,184,2,"_____ the road was closed, the delivery was delayed.",grammar,Since có thể chỉ nguyên nhân.,Mệnh đề chỉ lý do: Because/since/as,C,2,2026-08-10 12:43:50.483122,2026-08-10 12:43:50.483122
435,184,3,The event was postponed _____ heavy rain.,grammar,Because of + danh từ/cụm danh từ.,Mệnh đề chỉ lý do: Because/since/as,B,3,2026-08-10 12:43:50.483122,2026-08-10 12:43:50.483122
436,184,4,We left early _____ the traffic was heavy.,grammar,Because nối nguyên nhân với kết quả.,Mệnh đề chỉ lý do: Because/since/as,D,4,2026-08-10 12:43:50.483122,2026-08-10 12:43:50.483122
437,185,1,The report was so detailed _____ everyone understood the problem.,grammar,So + tính từ + that chỉ kết quả.,Mệnh đề chỉ kết quả: So/such/therefore,A,1,2026-08-10 12:43:50.483122,2026-08-10 12:43:50.483122
438,185,2,It was such a busy day _____ the staff worked late.,grammar,Such + danh từ + that chỉ kết quả.,Mệnh đề chỉ kết quả: So/such/therefore,C,2,2026-08-10 12:43:50.483122,2026-08-10 12:43:50.483122
439,185,3,"The system was overloaded; _____, the website became slow.",grammar,Therefore chỉ kết quả.,Mệnh đề chỉ kết quả: So/such/therefore,B,3,2026-08-10 12:43:50.483122,2026-08-10 12:43:50.483122
440,185,4,"The instructions were clear, _____ everyone completed the task correctly.",grammar,So nối nguyên nhân với kết quả.,Mệnh đề chỉ kết quả: So/such/therefore,D,4,2026-08-10 12:43:50.483122,2026-08-10 12:43:50.483122
441,186,1,"The job requires answering calls, preparing reports, and _____ customers.",grammar,Ba thành phần song song đều dùng V-ing.,Cấu trúc song song: Các thành phần cùng dạng ngữ pháp,A,1,2026-08-10 12:43:50.483122,2026-08-10 12:43:50.483122
442,186,2,The manager is responsible for hiring staff and _____ training.,grammar,Sau for và song song với hiring dùng V-ing.,Cấu trúc song song: Các thành phần cùng dạng ngữ pháp,C,2,2026-08-10 12:43:50.483122,2026-08-10 12:43:50.483122
443,186,3,"The new system is faster, safer, and more _____.",grammar,"Ba tính từ faster, safer, reliable song song.",Cấu trúc song song: Các thành phần cùng dạng ngữ pháp,B,3,2026-08-10 12:43:50.483122,2026-08-10 12:43:50.483122
444,186,4,The company plans to expand its market and _____ new products.,grammar,Sau to expand và to được lược bỏ ở động từ song song; dùng launch.,Cấu trúc song song: Các thành phần cùng dạng ngữ pháp,D,4,2026-08-10 12:43:50.483122,2026-08-10 12:43:50.483122
445,187,1,The manager asked when the shipment _____.,grammar,"Trong câu hỏi gián tiếp về quá khứ, will thường lùi thành would.",Câu hỏi gián tiếp: Từ để hỏi trong câu hỏi gián tiếp,A,1,2026-08-10 12:43:50.483122,2026-08-10 12:43:50.483122
446,187,2,Please tell me where the meeting room _____.,grammar,Câu hỏi gián tiếp dùng trật tự câu khẳng định; is located phù hợp với ngữ cảnh.,Câu hỏi gián tiếp: Từ để hỏi trong câu hỏi gián tiếp,C,2,2026-08-10 12:43:50.483122,2026-08-10 12:43:50.483122
447,187,3,She asked whether the report _____ ready.,grammar,Động từ lùi thì theo ngữ cảnh quá khứ: was.,Câu hỏi gián tiếp: Từ để hỏi trong câu hỏi gián tiếp,B,3,2026-08-10 12:43:50.483122,2026-08-10 12:43:50.483122
448,187,4,Could you explain how the machine _____?,grammar,Câu hỏi gián tiếp dùng trật tự khẳng định; how the machine works.,Câu hỏi gián tiếp: Từ để hỏi trong câu hỏi gián tiếp,D,4,2026-08-10 12:43:50.483122,2026-08-10 12:43:50.483122
449,188,1,There _____ a meeting at 9:00 tomorrow.,grammar,A meeting là danh từ số ít nên dùng there is.,Cấu trúc there is/there are: There is/there are phù hợp với danh từ,A,1,2026-08-10 12:43:50.483122,2026-08-10 12:43:50.483122
450,188,2,There _____ several documents on the desk.,grammar,Several documents là số nhiều nên dùng there are.,Cấu trúc there is/there are: There is/there are phù hợp với danh từ,C,2,2026-08-10 12:43:50.483122,2026-08-10 12:43:50.483122
451,188,3,There _____ enough information in the report.,grammar,Information không đếm được nên dùng there is.,Cấu trúc there is/there are: There is/there are phù hợp với danh từ,B,3,2026-08-10 12:43:50.483122,2026-08-10 12:43:50.483122
452,188,4,There _____ two new employees in our department.,grammar,Two employees là số nhiều nên dùng there are.,Cấu trúc there is/there are: There is/there are phù hợp với danh từ,D,4,2026-08-10 12:43:50.483122,2026-08-10 12:43:50.483122
453,189,1,The manager made the employees _____ late.,grammar,Make + tân ngữ + động từ nguyên mẫu không to.,Cấu trúc make/let: Động từ nguyên mẫu sau make/let,A,1,2026-08-10 12:43:50.483122,2026-08-10 12:43:50.483122
454,189,2,The supervisor let us _____ early.,grammar,Let + tân ngữ + động từ nguyên mẫu.,Cấu trúc make/let: Động từ nguyên mẫu sau make/let,C,2,2026-08-10 12:43:50.483122,2026-08-10 12:43:50.483122
455,189,3,The new policy made customers _____ more forms.,grammar,Make + tân ngữ + V nguyên mẫu.,Cấu trúc make/let: Động từ nguyên mẫu sau make/let,B,3,2026-08-10 12:43:50.483122,2026-08-10 12:43:50.483122
456,189,4,The manager let the staff _____ the issue themselves.,grammar,Let + tân ngữ + V nguyên mẫu.,Cấu trúc make/let: Động từ nguyên mẫu sau make/let,D,4,2026-08-10 12:43:50.483122,2026-08-10 12:43:50.483122
457,190,1,The manager had the technician _____ the printer.,grammar,Have + tân ngữ + V nguyên mẫu.,Cấu trúc have/get: Have/get + tân ngữ + quá khứ phân từ,A,1,2026-08-10 12:43:50.483122,2026-08-10 12:43:50.483122
458,190,2,We had the documents _____ before the meeting.,grammar,Have + tân ngữ + quá khứ phân từ.,Cấu trúc have/get: Have/get + tân ngữ + quá khứ phân từ,C,2,2026-08-10 12:43:50.483122,2026-08-10 12:43:50.483122
459,190,3,The customer got the package _____ to a different address.,grammar,Get + tân ngữ + quá khứ phân từ.,Cấu trúc have/get: Have/get + tân ngữ + quá khứ phân từ,B,3,2026-08-10 12:43:50.483122,2026-08-10 12:43:50.483122
460,190,4,The company had the office _____ last weekend.,grammar,Have + tân ngữ + quá khứ phân từ.,Cấu trúc have/get: Have/get + tân ngữ + quá khứ phân từ,D,4,2026-08-10 12:43:50.483122,2026-08-10 12:43:50.483122
461,191,1,The office _____ at 8:00 A.M. every weekday.,grammar,Chủ ngữ số ít The office nên động từ hiện tại đơn thêm -s.,Thì hiện tại đơn: Động từ hiện tại đơn phù hợp với chủ ngữ và ngữ cảnh,B,1,2026-08-10 12:43:50.483122,2026-08-10 12:43:50.483122
462,191,2,Employees _____ their identification cards when they enter the building.,grammar,Employees là chủ ngữ số nhiều nên dùng show.,Thì hiện tại đơn: Động từ hiện tại đơn phù hợp với chủ ngữ và ngữ cảnh,A,2,2026-08-10 12:43:50.483122,2026-08-10 12:43:50.483122
463,191,3,The manager usually _____ the weekly schedule on Friday.,grammar,Manager là chủ ngữ số ít nên dùng sends.,Thì hiện tại đơn: Động từ hiện tại đơn phù hợp với chủ ngữ và ngữ cảnh,C,3,2026-08-10 12:43:50.483122,2026-08-10 12:43:50.483122
464,191,4,The system automatically _____ customers when an order is shipped.,grammar,The system là chủ ngữ số ít nên dùng notifies.,Thì hiện tại đơn: Động từ hiện tại đơn phù hợp với chủ ngữ và ngữ cảnh,D,4,2026-08-10 12:43:50.483122,2026-08-10 12:43:50.483122
465,192,1,The accounting team _____ the monthly report now.,grammar,Now cho thấy hành động đang diễn ra; dùng is preparing.,Thì hiện tại tiếp diễn: Cấu trúc be + V-ing,A,1,2026-08-10 12:43:50.483122,2026-08-10 12:43:50.483122
466,192,2,Several employees _____ in the training room at the moment.,grammar,At the moment yêu cầu hiện tại tiếp diễn.,Thì hiện tại tiếp diễn: Cấu trúc be + V-ing,C,2,2026-08-10 12:43:50.483122,2026-08-10 12:43:50.483122
467,192,3,The technician _____ the printer right now.,grammar,Right now cho thấy hành động đang diễn ra.,Thì hiện tại tiếp diễn: Cấu trúc be + V-ing,B,3,2026-08-10 12:43:50.483122,2026-08-10 12:43:50.483122
468,192,4,We _____ a new customer database this week.,grammar,This week trong ngữ cảnh hành động đang diễn ra dùng are creating.,Thì hiện tại tiếp diễn: Cấu trúc be + V-ing,D,4,2026-08-10 12:43:50.483122,2026-08-10 12:43:50.483122
469,193,1,The manager _____ the contract yesterday.,grammar,Yesterday là dấu hiệu của quá khứ đơn.,Thì quá khứ đơn: Động từ quá khứ đơn theo mốc thời gian,C,1,2026-08-10 12:43:50.483122,2026-08-10 12:43:50.483122
470,193,2,The conference _____ at 9:00 A.M. last Monday.,grammar,Last Monday yêu cầu quá khứ đơn.,Thì quá khứ đơn: Động từ quá khứ đơn theo mốc thời gian,A,2,2026-08-10 12:43:50.483122,2026-08-10 12:43:50.483122
471,193,3,The company _____ its first branch in 2018.,grammar,Mốc thời gian đã kết thúc 2018 dùng quá khứ đơn.,Thì quá khứ đơn: Động từ quá khứ đơn theo mốc thời gian,D,3,2026-08-10 12:43:50.483122,2026-08-10 12:43:50.483122
472,193,4,The customer _____ the package two days ago.,grammar,Two days ago là dấu hiệu của quá khứ đơn.,Thì quá khứ đơn: Động từ quá khứ đơn theo mốc thời gian,B,4,2026-08-10 12:43:50.483122,2026-08-10 12:43:50.483122
473,194,1,The company _____ three new branches since January.,grammar,Since January cho thấy hành động từ quá khứ đến hiện tại; dùng has opened.,Thì hiện tại hoàn thành: Have/has + quá khứ phân từ,B,1,2026-08-10 12:43:50.483122,2026-08-10 12:43:50.483122
474,194,2,We _____ the requested documents already.,grammar,Already thường đi với hiện tại hoàn thành.,Thì hiện tại hoàn thành: Have/has + quá khứ phân từ,D,2,2026-08-10 12:43:50.483122,2026-08-10 12:43:50.483122
475,194,3,The manager _____ the report several times this week.,grammar,This week chưa kết thúc nên dùng hiện tại hoàn thành.,Thì hiện tại hoàn thành: Have/has + quá khứ phân từ,A,3,2026-08-10 12:43:50.483122,2026-08-10 12:43:50.483122
476,194,4,Our team _____ the project successfully so far.,grammar,So far là dấu hiệu của hiện tại hoàn thành.,Thì hiện tại hoàn thành: Have/has + quá khứ phân từ,C,4,2026-08-10 12:43:50.483122,2026-08-10 12:43:50.483122
477,195,1,The engineers _____ the system since early morning.,grammar,Since early morning nhấn mạnh hành động kéo dài đến hiện tại.,Thì hiện tại hoàn thành tiếp diễn: Have/has been + V-ing,A,1,2026-08-10 12:43:50.483122,2026-08-10 12:43:50.483122
478,195,2,She _____ for the company for five years.,grammar,For five years trong ngữ cảnh tiếp diễn dùng has been working.,Thì hiện tại hoàn thành tiếp diễn: Have/has been + V-ing,C,2,2026-08-10 12:43:50.483122,2026-08-10 12:43:50.483122
479,195,3,The team _____ on the proposal all afternoon.,grammar,All afternoon nhấn mạnh quá trình kéo dài.,Thì hiện tại hoàn thành tiếp diễn: Have/has been + V-ing,D,3,2026-08-10 12:43:50.483122,2026-08-10 12:43:50.483122
480,195,4,Workers _____ the road since Monday.,grammar,Since Monday cho thấy hành động kéo dài đến hiện tại.,Thì hiện tại hoàn thành tiếp diễn: Have/has been + V-ing,B,4,2026-08-10 12:43:50.483122,2026-08-10 12:43:50.483122
481,196,1,"By the time the meeting started, the manager _____ the documents.",grammar,By the time + quá khứ cho thấy hành động xảy ra trước một hành động quá khứ khác.,Thì quá khứ hoàn thành: Had + quá khứ phân từ,A,1,2026-08-10 12:43:50.483122,2026-08-10 12:43:50.483122
482,196,2,"When we arrived, the train _____ already left.",grammar,Hành động tàu rời đi xảy ra trước khi chúng tôi đến; dùng had left.,Thì quá khứ hoàn thành: Had + quá khứ phân từ,D,2,2026-08-10 12:43:50.483122,2026-08-10 12:43:50.483122
483,196,3,The company _____ the problem before the customers complained.,grammar,Before kết hợp với hai hành động quá khứ; hành động xảy ra trước dùng quá khứ hoàn thành.,Thì quá khứ hoàn thành: Had + quá khứ phân từ,B,3,2026-08-10 12:43:50.483122,2026-08-10 12:43:50.483122
484,196,4,She realized that she _____ the wrong file.,grammar,Việc mở nhầm file xảy ra trước thời điểm nhận ra.,Thì quá khứ hoàn thành: Had + quá khứ phân từ,C,4,2026-08-10 12:43:50.483122,2026-08-10 12:43:50.483122
485,197,1,The manager _____ the results tomorrow.,grammar,Tomorrow là dấu hiệu của tương lai đơn.,Thì tương lai đơn: Will + động từ nguyên mẫu,A,1,2026-08-10 12:43:50.483122,2026-08-10 12:43:50.483122
486,197,2,The company _____ the new policy next month.,grammar,Next month yêu cầu tương lai.,Thì tương lai đơn: Will + động từ nguyên mẫu,C,2,2026-08-10 12:43:50.483122,2026-08-10 12:43:50.483122
487,197,3,We _____ you when the order arrives.,grammar,Mệnh đề chính nói về hành động tương lai; dùng will contact.,Thì tương lai đơn: Will + động từ nguyên mẫu,D,3,2026-08-10 12:43:50.483122,2026-08-10 12:43:50.483122
488,197,4,The meeting _____ at 2:00 P.M. tomorrow.,grammar,Tomorrow cho thấy thời gian tương lai.,Thì tương lai đơn: Will + động từ nguyên mẫu,B,4,2026-08-10 12:43:50.483122,2026-08-10 12:43:50.483122
489,198,1,All invoices _____ by the accounting department.,grammar,Invoices là đối tượng được xử lý nên dùng bị động hiện tại.,Câu bị động hiện tại: Be + quá khứ phân từ,C,1,2026-08-10 12:43:50.483122,2026-08-10 12:43:50.483122
490,198,2,The rooms _____ every morning by hotel staff.,grammar,Rooms nhận hành động cleaning; dùng are cleaned.,Câu bị động hiện tại: Be + quá khứ phân từ,A,2,2026-08-10 12:43:50.483122,2026-08-10 12:43:50.483122
491,198,3,Customer requests _____ within two business days.,grammar,Requests là đối tượng được trả lời.,Câu bị động hiện tại: Be + quá khứ phân từ,D,3,2026-08-10 12:43:50.483122,2026-08-10 12:43:50.483122
492,198,4,The equipment _____ regularly by technicians.,grammar,Equipment được kiểm tra nên dùng bị động.,Câu bị động hiện tại: Be + quá khứ phân từ,B,4,2026-08-10 12:43:50.483122,2026-08-10 12:43:50.483122
493,199,1,The documents _____ yesterday afternoon.,grammar,Yesterday yêu cầu quá khứ; documents nhận hành động.,Câu bị động quá khứ: Was/were + quá khứ phân từ,A,1,2026-08-10 12:43:50.483122,2026-08-10 12:43:50.483122
494,199,2,The meeting room _____ last night.,grammar,Meeting room là đối tượng được dọn.,Câu bị động quá khứ: Was/were + quá khứ phân từ,C,2,2026-08-10 12:43:50.483122,2026-08-10 12:43:50.483122
495,199,3,The package _____ to the wrong address last week.,grammar,Last week và bị động quá khứ.,Câu bị động quá khứ: Was/were + quá khứ phân từ,D,3,2026-08-10 12:43:50.483122,2026-08-10 12:43:50.483122
496,199,4,Several computers _____ during the maintenance period.,grammar,Computers được thay thế trong quá khứ.,Câu bị động quá khứ: Was/were + quá khứ phân từ,B,4,2026-08-10 12:43:50.483122,2026-08-10 12:43:50.483122
497,200,1,The new office _____ next month.,grammar,Next month và văn phòng là đối tượng được mở; dùng will be opened.,Câu bị động tương lai: Will be + quá khứ phân từ,D,1,2026-08-10 12:43:50.483122,2026-08-10 12:43:50.483122
498,200,2,All participants _____ an email tomorrow.,grammar,Participants nhận email; dùng bị động tương lai.,Câu bị động tương lai: Will be + quá khứ phân từ,A,2,2026-08-10 12:43:50.483122,2026-08-10 12:43:50.483122
499,200,3,The equipment _____ before the exhibition begins.,grammar,Equipment được kiểm tra trong tương lai.,Câu bị động tương lai: Will be + quá khứ phân từ,C,3,2026-08-10 12:43:50.483122,2026-08-10 12:43:50.483122
500,200,4,The results _____ on the company website next Friday.,grammar,Results được đăng; next Friday yêu cầu tương lai.,Câu bị động tương lai: Will be + quá khứ phân từ,B,4,2026-08-10 12:43:50.483122,2026-08-10 12:43:50.483122
878,291,1,What position is available?,main_idea,Thông tin trong đoạn văn cho phép xác định trực tiếp đáp án này.,Ý chính,A,1,2026-08-10 14:08:48.214425,2026-08-10 14:08:48.214425
879,291,2,What experience is required?,detail,Thông tin trong đoạn văn cho phép xác định trực tiếp đáp án này.,Thông tin chi tiết,A,2,2026-08-10 14:08:48.214425,2026-08-10 14:08:48.214425
880,291,3,What is the application deadline?,detail,Thông tin trong đoạn văn cho phép xác định trực tiếp đáp án này.,Thông tin chi tiết,A,3,2026-08-10 14:08:48.214425,2026-08-10 14:08:48.214425
881,291,4,What software skill is mentioned?,detail,Thông tin trong đoạn văn cho phép xác định trực tiếp đáp án này.,Thông tin chi tiết,A,4,2026-08-10 14:08:48.214425,2026-08-10 14:08:48.214425
882,292,1,What is the announcement about?,main_idea,Thông tin trong đoạn văn cho phép xác định trực tiếp đáp án này.,Ý chính,A,1,2026-08-10 14:08:48.214425,2026-08-10 14:08:48.214425
883,292,2,Where will the session be held?,detail,Thông tin trong đoạn văn cho phép xác định trực tiếp đáp án này.,Thông tin chi tiết,A,2,2026-08-10 14:08:48.214425,2026-08-10 14:08:48.214425
884,292,3,What should employees bring?,detail,Thông tin trong đoạn văn cho phép xác định trực tiếp đáp án này.,Thông tin chi tiết,A,3,2026-08-10 14:08:48.214425,2026-08-10 14:08:48.214425
885,292,4,What should employees do before attending?,detail,Thông tin trong đoạn văn cho phép xác định trực tiếp đáp án này.,Thông tin chi tiết,A,4,2026-08-10 14:08:48.214425,2026-08-10 14:08:48.214425
886,293,1,What is being announced?,main_idea,Thông tin trong đoạn văn cho phép xác định trực tiếp đáp án này.,Ý chính,A,1,2026-08-10 14:08:48.214425,2026-08-10 14:08:48.214425
887,293,2,When is the promotion available?,detail,Thông tin trong đoạn văn cho phép xác định trực tiếp đáp án này.,Thông tin chi tiết,A,2,2026-08-10 14:08:48.214425,2026-08-10 14:08:48.214425
888,293,3,Where must purchases be made?,detail,Thông tin trong đoạn văn cho phép xác định trực tiếp đáp án này.,Thông tin chi tiết,A,3,2026-08-10 14:08:48.214425,2026-08-10 14:08:48.214425
889,293,4,Which product is excluded?,detail,Thông tin trong đoạn văn cho phép xác định trực tiếp đáp án này.,Thông tin chi tiết,A,4,2026-08-10 14:08:48.214425,2026-08-10 14:08:48.214425
890,294,1,What has been confirmed?,main_idea,Thông tin trong đoạn văn cho phép xác định trực tiếp đáp án này.,Ý chính,A,1,2026-08-10 14:08:48.214425,2026-08-10 14:08:48.214425
891,294,2,How long will Ms. Lee stay?,detail,Thông tin trong đoạn văn cho phép xác định trực tiếp đáp án này.,Thông tin chi tiết,A,2,2026-08-10 14:08:48.214425,2026-08-10 14:08:48.214425
892,294,3,What is included?,detail,Thông tin trong đoạn văn cho phép xác định trực tiếp đáp án này.,Thông tin chi tiết,A,3,2026-08-10 14:08:48.214425,2026-08-10 14:08:48.214425
893,294,4,What should guests do if they need a taxi?,detail,Thông tin trong đoạn văn cho phép xác định trực tiếp đáp án này.,Thông tin chi tiết,A,4,2026-08-10 14:08:48.214425,2026-08-10 14:08:48.214425
894,295,1,Why is Daniel Ruiz mentioned?,main_idea,Thông tin trong đoạn văn cho phép xác định trực tiếp đáp án này.,Ý chính,A,1,2026-08-10 14:08:48.214425,2026-08-10 14:08:48.214425
895,295,2,When did he join the company?,detail,Thông tin trong đoạn văn cho phép xác định trực tiếp đáp án này.,Thông tin chi tiết,A,2,2026-08-10 14:08:48.214425,2026-08-10 14:08:48.214425
896,295,3,How many employees does he supervise?,detail,Thông tin trong đoạn văn cho phép xác định trực tiếp đáp án này.,Thông tin chi tiết,A,3,2026-08-10 14:08:48.214425,2026-08-10 14:08:48.214425
897,295,4,When will he be recognized?,detail,Thông tin trong đoạn văn cho phép xác định trực tiếp đáp án này.,Thông tin chi tiết,A,4,2026-08-10 14:08:48.214425,2026-08-10 14:08:48.214425
898,296,1,What change is announced?,main_idea,Thông tin trong đoạn văn cho phép xác định trực tiếp đáp án này.,Ý chính,A,1,2026-08-10 14:08:48.214425,2026-08-10 14:08:48.214425
899,296,2,When will the morning shuttle leave?,detail,Thông tin trong đoạn văn cho phép xác định trực tiếp đáp án này.,Thông tin chi tiết,A,2,2026-08-10 14:08:48.214425,2026-08-10 14:08:48.214425
900,296,3,What will remain unchanged?,detail,Thông tin trong đoạn văn cho phép xác định trực tiếp đáp án này.,Thông tin chi tiết,A,3,2026-08-10 14:08:48.214425,2026-08-10 14:08:48.214425
901,296,4,What are employees encouraged to do?,detail,Thông tin trong đoạn văn cho phép xác định trực tiếp đáp án này.,Thông tin chi tiết,A,4,2026-08-10 14:08:48.214425,2026-08-10 14:08:48.214425
902,297,1,What has been extended?,main_idea,Thông tin trong đoạn văn cho phép xác định trực tiếp đáp án này.,Ý chính,A,1,2026-08-10 14:08:48.214425,2026-08-10 14:08:48.214425
903,297,2,Why was the deadline changed?,detail,Thông tin trong đoạn văn cho phép xác định trực tiếp đáp án này.,Thông tin chi tiết,A,2,2026-08-10 14:08:48.214425,2026-08-10 14:08:48.214425
904,297,3,What was the original selection date?,detail,Thông tin trong đoạn văn cho phép xác định trực tiếp đáp án này.,Thông tin chi tiết,A,3,2026-08-10 14:08:48.214425,2026-08-10 14:08:48.214425
905,297,4,The word “additional” is closest in meaning to _____.,vocabulary,Thông tin trong đoạn văn cho phép xác định trực tiếp đáp án này.,Từ đồng nghĩa,A,4,2026-08-10 14:08:48.214425,2026-08-10 14:08:48.214425
906,298,1,What is the notice mainly about?,main_idea,Thông tin trong đoạn văn cho phép xác định trực tiếp đáp án này.,Ý chính,A,1,2026-08-10 14:08:48.214425,2026-08-10 14:08:48.214425
907,298,2,When should employees remove their personal items?,detail,Thông tin trong đoạn văn cho phép xác định trực tiếp đáp án này.,Thông tin chi tiết,A,2,2026-08-10 14:08:48.214425,2026-08-10 14:08:48.214425
908,298,3,Where will staff work during the renovation?,detail,Thông tin trong đoạn văn cho phép xác định trực tiếp đáp án này.,Thông tin chi tiết,A,3,2026-08-10 14:08:48.214425,2026-08-10 14:08:48.214425
909,298,4,The word “renovated” is closest in meaning to _____.,vocabulary,Thông tin trong đoạn văn cho phép xác định trực tiếp đáp án này.,Từ đồng nghĩa,A,4,2026-08-10 14:08:48.214425,2026-08-10 14:08:48.214425
910,299,1,Why was the message sent?,main_idea,Thông tin trong đoạn văn cho phép xác định trực tiếp đáp án này.,Ý chính,A,1,2026-08-10 14:08:48.214425,2026-08-10 14:08:48.214425
911,299,2,What did the customer order?,detail,Thông tin trong đoạn văn cho phép xác định trực tiếp đáp án này.,Thông tin chi tiết,A,2,2026-08-10 14:08:48.214425,2026-08-10 14:08:48.214425
912,299,3,When is the package expected to arrive?,detail,Thông tin trong đoạn văn cho phép xác định trực tiếp đáp án này.,Thông tin chi tiết,A,3,2026-08-10 14:08:48.214425,2026-08-10 14:08:48.214425
913,300,1,What position is available?,main_idea,Thông tin trong đoạn văn cho phép xác định trực tiếp đáp án này.,Ý chính,A,1,2026-08-10 14:08:48.214425,2026-08-10 14:08:48.214425
914,300,2,What experience is required?,detail,Thông tin trong đoạn văn cho phép xác định trực tiếp đáp án này.,Thông tin chi tiết,A,2,2026-08-10 14:08:48.214425,2026-08-10 14:08:48.214425
915,300,3,What is the application deadline?,detail,Thông tin trong đoạn văn cho phép xác định trực tiếp đáp án này.,Thông tin chi tiết,A,3,2026-08-10 14:08:48.214425,2026-08-10 14:08:48.214425
916,300,4,What software skill is mentioned?,detail,Thông tin trong đoạn văn cho phép xác định trực tiếp đáp án này.,Thông tin chi tiết,A,4,2026-08-10 14:08:48.214425,2026-08-10 14:08:48.214425
917,301,1,What is the announcement about?,main_idea,Thông tin trong đoạn văn cho phép xác định trực tiếp đáp án này.,Ý chính,A,1,2026-08-10 14:08:48.214425,2026-08-10 14:08:48.214425
918,301,2,Where will the session be held?,detail,Thông tin trong đoạn văn cho phép xác định trực tiếp đáp án này.,Thông tin chi tiết,A,2,2026-08-10 14:08:48.214425,2026-08-10 14:08:48.214425
919,301,3,What should employees bring?,detail,Thông tin trong đoạn văn cho phép xác định trực tiếp đáp án này.,Thông tin chi tiết,A,3,2026-08-10 14:08:48.214425,2026-08-10 14:08:48.214425
920,301,4,What should employees do before attending?,detail,Thông tin trong đoạn văn cho phép xác định trực tiếp đáp án này.,Thông tin chi tiết,A,4,2026-08-10 14:08:48.214425,2026-08-10 14:08:48.214425
921,302,1,What is being announced?,main_idea,Thông tin trong đoạn văn cho phép xác định trực tiếp đáp án này.,Ý chính,A,1,2026-08-10 14:08:48.214425,2026-08-10 14:08:48.214425
922,302,2,When is the promotion available?,detail,Thông tin trong đoạn văn cho phép xác định trực tiếp đáp án này.,Thông tin chi tiết,A,2,2026-08-10 14:08:48.214425,2026-08-10 14:08:48.214425
923,302,3,Where must purchases be made?,detail,Thông tin trong đoạn văn cho phép xác định trực tiếp đáp án này.,Thông tin chi tiết,A,3,2026-08-10 14:08:48.214425,2026-08-10 14:08:48.214425
924,302,4,Which product is excluded?,detail,Thông tin trong đoạn văn cho phép xác định trực tiếp đáp án này.,Thông tin chi tiết,A,4,2026-08-10 14:08:48.214425,2026-08-10 14:08:48.214425
925,303,1,What has been confirmed?,main_idea,Thông tin trong đoạn văn cho phép xác định trực tiếp đáp án này.,Ý chính,A,1,2026-08-10 14:08:48.214425,2026-08-10 14:08:48.214425
926,303,2,How long will Ms. Lee stay?,detail,Thông tin trong đoạn văn cho phép xác định trực tiếp đáp án này.,Thông tin chi tiết,A,2,2026-08-10 14:08:48.214425,2026-08-10 14:08:48.214425
927,303,3,What is included?,detail,Thông tin trong đoạn văn cho phép xác định trực tiếp đáp án này.,Thông tin chi tiết,A,3,2026-08-10 14:08:48.214425,2026-08-10 14:08:48.214425
928,303,4,What should guests do if they need a taxi?,detail,Thông tin trong đoạn văn cho phép xác định trực tiếp đáp án này.,Thông tin chi tiết,A,4,2026-08-10 14:08:48.214425,2026-08-10 14:08:48.214425
929,304,1,Why is Daniel Ruiz mentioned?,main_idea,Thông tin trong đoạn văn cho phép xác định trực tiếp đáp án này.,Ý chính,A,1,2026-08-10 14:08:48.214425,2026-08-10 14:08:48.214425
930,304,2,When did he join the company?,detail,Thông tin trong đoạn văn cho phép xác định trực tiếp đáp án này.,Thông tin chi tiết,A,2,2026-08-10 14:08:48.214425,2026-08-10 14:08:48.214425
931,304,3,How many employees does he supervise?,detail,Thông tin trong đoạn văn cho phép xác định trực tiếp đáp án này.,Thông tin chi tiết,A,3,2026-08-10 14:08:48.214425,2026-08-10 14:08:48.214425
932,304,4,When will he be recognized?,detail,Thông tin trong đoạn văn cho phép xác định trực tiếp đáp án này.,Thông tin chi tiết,A,4,2026-08-10 14:08:48.214425,2026-08-10 14:08:48.214425
933,305,1,What change is announced?,main_idea,Thông tin trong đoạn văn cho phép xác định trực tiếp đáp án này.,Ý chính,A,1,2026-08-10 14:08:48.214425,2026-08-10 14:08:48.214425
934,305,2,When will the morning shuttle leave?,detail,Thông tin trong đoạn văn cho phép xác định trực tiếp đáp án này.,Thông tin chi tiết,A,2,2026-08-10 14:08:48.214425,2026-08-10 14:08:48.214425
935,305,3,What will remain unchanged?,detail,Thông tin trong đoạn văn cho phép xác định trực tiếp đáp án này.,Thông tin chi tiết,A,3,2026-08-10 14:08:48.214425,2026-08-10 14:08:48.214425
936,305,4,What are employees encouraged to do?,detail,Thông tin trong đoạn văn cho phép xác định trực tiếp đáp án này.,Thông tin chi tiết,A,4,2026-08-10 14:08:48.214425,2026-08-10 14:08:48.214425
937,306,1,What has been extended?,main_idea,Thông tin trong đoạn văn cho phép xác định trực tiếp đáp án này.,Ý chính,A,1,2026-08-10 14:08:48.214425,2026-08-10 14:08:48.214425
938,306,2,Why was the deadline changed?,detail,Thông tin trong đoạn văn cho phép xác định trực tiếp đáp án này.,Thông tin chi tiết,A,2,2026-08-10 14:08:48.214425,2026-08-10 14:08:48.214425
939,306,3,What was the original selection date?,detail,Thông tin trong đoạn văn cho phép xác định trực tiếp đáp án này.,Thông tin chi tiết,A,3,2026-08-10 14:08:48.214425,2026-08-10 14:08:48.214425
940,306,4,The word “additional” is closest in meaning to _____.,vocabulary,Thông tin trong đoạn văn cho phép xác định trực tiếp đáp án này.,Từ đồng nghĩa,A,4,2026-08-10 14:08:48.214425,2026-08-10 14:08:48.214425
941,307,1,What is the notice mainly about?,main_idea,Thông tin trong đoạn văn cho phép xác định trực tiếp đáp án này.,Ý chính,A,1,2026-08-10 14:08:48.214425,2026-08-10 14:08:48.214425
942,307,2,When should employees remove their personal items?,detail,Thông tin trong đoạn văn cho phép xác định trực tiếp đáp án này.,Thông tin chi tiết,A,2,2026-08-10 14:08:48.214425,2026-08-10 14:08:48.214425
943,307,3,Where will staff work during the renovation?,detail,Thông tin trong đoạn văn cho phép xác định trực tiếp đáp án này.,Thông tin chi tiết,A,3,2026-08-10 14:08:48.214425,2026-08-10 14:08:48.214425
944,307,4,The word “renovated” is closest in meaning to _____.,vocabulary,Thông tin trong đoạn văn cho phép xác định trực tiếp đáp án này.,Từ đồng nghĩa,A,4,2026-08-10 14:08:48.214425,2026-08-10 14:08:48.214425
945,308,1,Why was the message sent?,main_idea,Thông tin trong đoạn văn cho phép xác định trực tiếp đáp án này.,Ý chính,A,1,2026-08-10 14:08:48.214425,2026-08-10 14:08:48.214425
946,308,2,What did the customer order?,detail,Thông tin trong đoạn văn cho phép xác định trực tiếp đáp án này.,Thông tin chi tiết,A,2,2026-08-10 14:08:48.214425,2026-08-10 14:08:48.214425
947,308,3,When is the package expected to arrive?,detail,Thông tin trong đoạn văn cho phép xác định trực tiếp đáp án này.,Thông tin chi tiết,A,3,2026-08-10 14:08:48.214425,2026-08-10 14:08:48.214425
948,309,1,What position is available?,main_idea,Thông tin trong đoạn văn cho phép xác định trực tiếp đáp án này.,Ý chính,A,1,2026-08-10 14:08:48.214425,2026-08-10 14:08:48.214425
949,309,2,What experience is required?,detail,Thông tin trong đoạn văn cho phép xác định trực tiếp đáp án này.,Thông tin chi tiết,A,2,2026-08-10 14:08:48.214425,2026-08-10 14:08:48.214425
950,309,3,What is the application deadline?,detail,Thông tin trong đoạn văn cho phép xác định trực tiếp đáp án này.,Thông tin chi tiết,A,3,2026-08-10 14:08:48.214425,2026-08-10 14:08:48.214425
951,309,4,What software skill is mentioned?,detail,Thông tin trong đoạn văn cho phép xác định trực tiếp đáp án này.,Thông tin chi tiết,A,4,2026-08-10 14:08:48.214425,2026-08-10 14:08:48.214425
952,310,1,What is the announcement about?,main_idea,Thông tin trong đoạn văn cho phép xác định trực tiếp đáp án này.,Ý chính,A,1,2026-08-10 14:08:48.214425,2026-08-10 14:08:48.214425
953,310,2,Where will the session be held?,detail,Thông tin trong đoạn văn cho phép xác định trực tiếp đáp án này.,Thông tin chi tiết,A,2,2026-08-10 14:08:48.214425,2026-08-10 14:08:48.214425
801,271,1,What is the notice mainly about?,main_idea,Thông tin trong đoạn văn cho phép xác định trực tiếp đáp án này.,Ý chính,A,1,2026-08-10 14:08:48.214425,2026-08-10 14:08:48.214425
802,271,2,When should employees remove their personal items?,detail,Thông tin trong đoạn văn cho phép xác định trực tiếp đáp án này.,Thông tin chi tiết,A,2,2026-08-10 14:08:48.214425,2026-08-10 14:08:48.214425
803,271,3,Where will staff work during the renovation?,detail,Thông tin trong đoạn văn cho phép xác định trực tiếp đáp án này.,Thông tin chi tiết,A,3,2026-08-10 14:08:48.214425,2026-08-10 14:08:48.214425
804,271,4,The word “renovated” is closest in meaning to _____.,vocabulary,Thông tin trong đoạn văn cho phép xác định trực tiếp đáp án này.,Từ đồng nghĩa,A,4,2026-08-10 14:08:48.214425,2026-08-10 14:08:48.214425
805,272,1,Why was the message sent?,main_idea,Thông tin trong đoạn văn cho phép xác định trực tiếp đáp án này.,Ý chính,A,1,2026-08-10 14:08:48.214425,2026-08-10 14:08:48.214425
806,272,2,What did the customer order?,detail,Thông tin trong đoạn văn cho phép xác định trực tiếp đáp án này.,Thông tin chi tiết,A,2,2026-08-10 14:08:48.214425,2026-08-10 14:08:48.214425
807,272,3,When is the package expected to arrive?,detail,Thông tin trong đoạn văn cho phép xác định trực tiếp đáp án này.,Thông tin chi tiết,A,3,2026-08-10 14:08:48.214425,2026-08-10 14:08:48.214425
808,273,1,What position is available?,main_idea,Thông tin trong đoạn văn cho phép xác định trực tiếp đáp án này.,Ý chính,A,1,2026-08-10 14:08:48.214425,2026-08-10 14:08:48.214425
809,273,2,What experience is required?,detail,Thông tin trong đoạn văn cho phép xác định trực tiếp đáp án này.,Thông tin chi tiết,A,2,2026-08-10 14:08:48.214425,2026-08-10 14:08:48.214425
810,273,3,What is the application deadline?,detail,Thông tin trong đoạn văn cho phép xác định trực tiếp đáp án này.,Thông tin chi tiết,A,3,2026-08-10 14:08:48.214425,2026-08-10 14:08:48.214425
811,273,4,What software skill is mentioned?,detail,Thông tin trong đoạn văn cho phép xác định trực tiếp đáp án này.,Thông tin chi tiết,A,4,2026-08-10 14:08:48.214425,2026-08-10 14:08:48.214425
812,274,1,What is the announcement about?,main_idea,Thông tin trong đoạn văn cho phép xác định trực tiếp đáp án này.,Ý chính,A,1,2026-08-10 14:08:48.214425,2026-08-10 14:08:48.214425
813,274,2,Where will the session be held?,detail,Thông tin trong đoạn văn cho phép xác định trực tiếp đáp án này.,Thông tin chi tiết,A,2,2026-08-10 14:08:48.214425,2026-08-10 14:08:48.214425
814,274,3,What should employees bring?,detail,Thông tin trong đoạn văn cho phép xác định trực tiếp đáp án này.,Thông tin chi tiết,A,3,2026-08-10 14:08:48.214425,2026-08-10 14:08:48.214425
815,274,4,What should employees do before attending?,detail,Thông tin trong đoạn văn cho phép xác định trực tiếp đáp án này.,Thông tin chi tiết,A,4,2026-08-10 14:08:48.214425,2026-08-10 14:08:48.214425
816,275,1,What is being announced?,main_idea,Thông tin trong đoạn văn cho phép xác định trực tiếp đáp án này.,Ý chính,A,1,2026-08-10 14:08:48.214425,2026-08-10 14:08:48.214425
817,275,2,When is the promotion available?,detail,Thông tin trong đoạn văn cho phép xác định trực tiếp đáp án này.,Thông tin chi tiết,A,2,2026-08-10 14:08:48.214425,2026-08-10 14:08:48.214425
818,275,3,Where must purchases be made?,detail,Thông tin trong đoạn văn cho phép xác định trực tiếp đáp án này.,Thông tin chi tiết,A,3,2026-08-10 14:08:48.214425,2026-08-10 14:08:48.214425
819,275,4,Which product is excluded?,detail,Thông tin trong đoạn văn cho phép xác định trực tiếp đáp án này.,Thông tin chi tiết,A,4,2026-08-10 14:08:48.214425,2026-08-10 14:08:48.214425
820,276,1,What has been confirmed?,main_idea,Thông tin trong đoạn văn cho phép xác định trực tiếp đáp án này.,Ý chính,A,1,2026-08-10 14:08:48.214425,2026-08-10 14:08:48.214425
821,276,2,How long will Ms. Lee stay?,detail,Thông tin trong đoạn văn cho phép xác định trực tiếp đáp án này.,Thông tin chi tiết,A,2,2026-08-10 14:08:48.214425,2026-08-10 14:08:48.214425
822,276,3,What is included?,detail,Thông tin trong đoạn văn cho phép xác định trực tiếp đáp án này.,Thông tin chi tiết,A,3,2026-08-10 14:08:48.214425,2026-08-10 14:08:48.214425
823,276,4,What should guests do if they need a taxi?,detail,Thông tin trong đoạn văn cho phép xác định trực tiếp đáp án này.,Thông tin chi tiết,A,4,2026-08-10 14:08:48.214425,2026-08-10 14:08:48.214425
824,277,1,Why is Daniel Ruiz mentioned?,main_idea,Thông tin trong đoạn văn cho phép xác định trực tiếp đáp án này.,Ý chính,A,1,2026-08-10 14:08:48.214425,2026-08-10 14:08:48.214425
825,277,2,When did he join the company?,detail,Thông tin trong đoạn văn cho phép xác định trực tiếp đáp án này.,Thông tin chi tiết,A,2,2026-08-10 14:08:48.214425,2026-08-10 14:08:48.214425
826,277,3,How many employees does he supervise?,detail,Thông tin trong đoạn văn cho phép xác định trực tiếp đáp án này.,Thông tin chi tiết,A,3,2026-08-10 14:08:48.214425,2026-08-10 14:08:48.214425
827,277,4,When will he be recognized?,detail,Thông tin trong đoạn văn cho phép xác định trực tiếp đáp án này.,Thông tin chi tiết,A,4,2026-08-10 14:08:48.214425,2026-08-10 14:08:48.214425
828,278,1,What change is announced?,main_idea,Thông tin trong đoạn văn cho phép xác định trực tiếp đáp án này.,Ý chính,A,1,2026-08-10 14:08:48.214425,2026-08-10 14:08:48.214425
829,278,2,When will the morning shuttle leave?,detail,Thông tin trong đoạn văn cho phép xác định trực tiếp đáp án này.,Thông tin chi tiết,A,2,2026-08-10 14:08:48.214425,2026-08-10 14:08:48.214425
830,278,3,What will remain unchanged?,detail,Thông tin trong đoạn văn cho phép xác định trực tiếp đáp án này.,Thông tin chi tiết,A,3,2026-08-10 14:08:48.214425,2026-08-10 14:08:48.214425
831,278,4,What are employees encouraged to do?,detail,Thông tin trong đoạn văn cho phép xác định trực tiếp đáp án này.,Thông tin chi tiết,A,4,2026-08-10 14:08:48.214425,2026-08-10 14:08:48.214425
832,279,1,What has been extended?,main_idea,Thông tin trong đoạn văn cho phép xác định trực tiếp đáp án này.,Ý chính,A,1,2026-08-10 14:08:48.214425,2026-08-10 14:08:48.214425
833,279,2,Why was the deadline changed?,detail,Thông tin trong đoạn văn cho phép xác định trực tiếp đáp án này.,Thông tin chi tiết,A,2,2026-08-10 14:08:48.214425,2026-08-10 14:08:48.214425
834,279,3,What was the original selection date?,detail,Thông tin trong đoạn văn cho phép xác định trực tiếp đáp án này.,Thông tin chi tiết,A,3,2026-08-10 14:08:48.214425,2026-08-10 14:08:48.214425
835,279,4,The word “additional” is closest in meaning to _____.,vocabulary,Thông tin trong đoạn văn cho phép xác định trực tiếp đáp án này.,Từ đồng nghĩa,A,4,2026-08-10 14:08:48.214425,2026-08-10 14:08:48.214425
836,280,1,What is the notice mainly about?,main_idea,Thông tin trong đoạn văn cho phép xác định trực tiếp đáp án này.,Ý chính,A,1,2026-08-10 14:08:48.214425,2026-08-10 14:08:48.214425
837,280,2,When should employees remove their personal items?,detail,Thông tin trong đoạn văn cho phép xác định trực tiếp đáp án này.,Thông tin chi tiết,A,2,2026-08-10 14:08:48.214425,2026-08-10 14:08:48.214425
838,280,3,Where will staff work during the renovation?,detail,Thông tin trong đoạn văn cho phép xác định trực tiếp đáp án này.,Thông tin chi tiết,A,3,2026-08-10 14:08:48.214425,2026-08-10 14:08:48.214425
839,280,4,The word “renovated” is closest in meaning to _____.,vocabulary,Thông tin trong đoạn văn cho phép xác định trực tiếp đáp án này.,Từ đồng nghĩa,A,4,2026-08-10 14:08:48.214425,2026-08-10 14:08:48.214425
840,281,1,Why was the message sent?,main_idea,Thông tin trong đoạn văn cho phép xác định trực tiếp đáp án này.,Ý chính,A,1,2026-08-10 14:08:48.214425,2026-08-10 14:08:48.214425
841,281,2,What did the customer order?,detail,Thông tin trong đoạn văn cho phép xác định trực tiếp đáp án này.,Thông tin chi tiết,A,2,2026-08-10 14:08:48.214425,2026-08-10 14:08:48.214425
842,281,3,When is the package expected to arrive?,detail,Thông tin trong đoạn văn cho phép xác định trực tiếp đáp án này.,Thông tin chi tiết,A,3,2026-08-10 14:08:48.214425,2026-08-10 14:08:48.214425
843,282,1,What position is available?,main_idea,Thông tin trong đoạn văn cho phép xác định trực tiếp đáp án này.,Ý chính,A,1,2026-08-10 14:08:48.214425,2026-08-10 14:08:48.214425
844,282,2,What experience is required?,detail,Thông tin trong đoạn văn cho phép xác định trực tiếp đáp án này.,Thông tin chi tiết,A,2,2026-08-10 14:08:48.214425,2026-08-10 14:08:48.214425
845,282,3,What is the application deadline?,detail,Thông tin trong đoạn văn cho phép xác định trực tiếp đáp án này.,Thông tin chi tiết,A,3,2026-08-10 14:08:48.214425,2026-08-10 14:08:48.214425
846,282,4,What software skill is mentioned?,detail,Thông tin trong đoạn văn cho phép xác định trực tiếp đáp án này.,Thông tin chi tiết,A,4,2026-08-10 14:08:48.214425,2026-08-10 14:08:48.214425
847,283,1,What is the announcement about?,main_idea,Thông tin trong đoạn văn cho phép xác định trực tiếp đáp án này.,Ý chính,A,1,2026-08-10 14:08:48.214425,2026-08-10 14:08:48.214425
848,283,2,Where will the session be held?,detail,Thông tin trong đoạn văn cho phép xác định trực tiếp đáp án này.,Thông tin chi tiết,A,2,2026-08-10 14:08:48.214425,2026-08-10 14:08:48.214425
849,283,3,What should employees bring?,detail,Thông tin trong đoạn văn cho phép xác định trực tiếp đáp án này.,Thông tin chi tiết,A,3,2026-08-10 14:08:48.214425,2026-08-10 14:08:48.214425
850,283,4,What should employees do before attending?,detail,Thông tin trong đoạn văn cho phép xác định trực tiếp đáp án này.,Thông tin chi tiết,A,4,2026-08-10 14:08:48.214425,2026-08-10 14:08:48.214425
851,284,1,What is being announced?,main_idea,Thông tin trong đoạn văn cho phép xác định trực tiếp đáp án này.,Ý chính,A,1,2026-08-10 14:08:48.214425,2026-08-10 14:08:48.214425
852,284,2,When is the promotion available?,detail,Thông tin trong đoạn văn cho phép xác định trực tiếp đáp án này.,Thông tin chi tiết,A,2,2026-08-10 14:08:48.214425,2026-08-10 14:08:48.214425
853,284,3,Where must purchases be made?,detail,Thông tin trong đoạn văn cho phép xác định trực tiếp đáp án này.,Thông tin chi tiết,A,3,2026-08-10 14:08:48.214425,2026-08-10 14:08:48.214425
854,284,4,Which product is excluded?,detail,Thông tin trong đoạn văn cho phép xác định trực tiếp đáp án này.,Thông tin chi tiết,A,4,2026-08-10 14:08:48.214425,2026-08-10 14:08:48.214425
855,285,1,What has been confirmed?,main_idea,Thông tin trong đoạn văn cho phép xác định trực tiếp đáp án này.,Ý chính,A,1,2026-08-10 14:08:48.214425,2026-08-10 14:08:48.214425
856,285,2,How long will Ms. Lee stay?,detail,Thông tin trong đoạn văn cho phép xác định trực tiếp đáp án này.,Thông tin chi tiết,A,2,2026-08-10 14:08:48.214425,2026-08-10 14:08:48.214425
857,285,3,What is included?,detail,Thông tin trong đoạn văn cho phép xác định trực tiếp đáp án này.,Thông tin chi tiết,A,3,2026-08-10 14:08:48.214425,2026-08-10 14:08:48.214425
858,285,4,What should guests do if they need a taxi?,detail,Thông tin trong đoạn văn cho phép xác định trực tiếp đáp án này.,Thông tin chi tiết,A,4,2026-08-10 14:08:48.214425,2026-08-10 14:08:48.214425
859,286,1,Why is Daniel Ruiz mentioned?,main_idea,Thông tin trong đoạn văn cho phép xác định trực tiếp đáp án này.,Ý chính,A,1,2026-08-10 14:08:48.214425,2026-08-10 14:08:48.214425
860,286,2,When did he join the company?,detail,Thông tin trong đoạn văn cho phép xác định trực tiếp đáp án này.,Thông tin chi tiết,A,2,2026-08-10 14:08:48.214425,2026-08-10 14:08:48.214425
861,286,3,How many employees does he supervise?,detail,Thông tin trong đoạn văn cho phép xác định trực tiếp đáp án này.,Thông tin chi tiết,A,3,2026-08-10 14:08:48.214425,2026-08-10 14:08:48.214425
862,286,4,When will he be recognized?,detail,Thông tin trong đoạn văn cho phép xác định trực tiếp đáp án này.,Thông tin chi tiết,A,4,2026-08-10 14:08:48.214425,2026-08-10 14:08:48.214425
863,287,1,What change is announced?,main_idea,Thông tin trong đoạn văn cho phép xác định trực tiếp đáp án này.,Ý chính,A,1,2026-08-10 14:08:48.214425,2026-08-10 14:08:48.214425
864,287,2,When will the morning shuttle leave?,detail,Thông tin trong đoạn văn cho phép xác định trực tiếp đáp án này.,Thông tin chi tiết,A,2,2026-08-10 14:08:48.214425,2026-08-10 14:08:48.214425
865,287,3,What will remain unchanged?,detail,Thông tin trong đoạn văn cho phép xác định trực tiếp đáp án này.,Thông tin chi tiết,A,3,2026-08-10 14:08:48.214425,2026-08-10 14:08:48.214425
866,287,4,What are employees encouraged to do?,detail,Thông tin trong đoạn văn cho phép xác định trực tiếp đáp án này.,Thông tin chi tiết,A,4,2026-08-10 14:08:48.214425,2026-08-10 14:08:48.214425
867,288,1,What has been extended?,main_idea,Thông tin trong đoạn văn cho phép xác định trực tiếp đáp án này.,Ý chính,A,1,2026-08-10 14:08:48.214425,2026-08-10 14:08:48.214425
868,288,2,Why was the deadline changed?,detail,Thông tin trong đoạn văn cho phép xác định trực tiếp đáp án này.,Thông tin chi tiết,A,2,2026-08-10 14:08:48.214425,2026-08-10 14:08:48.214425
869,288,3,What was the original selection date?,detail,Thông tin trong đoạn văn cho phép xác định trực tiếp đáp án này.,Thông tin chi tiết,A,3,2026-08-10 14:08:48.214425,2026-08-10 14:08:48.214425
870,288,4,The word “additional” is closest in meaning to _____.,vocabulary,Thông tin trong đoạn văn cho phép xác định trực tiếp đáp án này.,Từ đồng nghĩa,A,4,2026-08-10 14:08:48.214425,2026-08-10 14:08:48.214425
871,289,1,What is the notice mainly about?,main_idea,Thông tin trong đoạn văn cho phép xác định trực tiếp đáp án này.,Ý chính,A,1,2026-08-10 14:08:48.214425,2026-08-10 14:08:48.214425
872,289,2,When should employees remove their personal items?,detail,Thông tin trong đoạn văn cho phép xác định trực tiếp đáp án này.,Thông tin chi tiết,A,2,2026-08-10 14:08:48.214425,2026-08-10 14:08:48.214425
873,289,3,Where will staff work during the renovation?,detail,Thông tin trong đoạn văn cho phép xác định trực tiếp đáp án này.,Thông tin chi tiết,A,3,2026-08-10 14:08:48.214425,2026-08-10 14:08:48.214425
874,289,4,The word “renovated” is closest in meaning to _____.,vocabulary,Thông tin trong đoạn văn cho phép xác định trực tiếp đáp án này.,Từ đồng nghĩa,A,4,2026-08-10 14:08:48.214425,2026-08-10 14:08:48.214425
875,290,1,Why was the message sent?,main_idea,Thông tin trong đoạn văn cho phép xác định trực tiếp đáp án này.,Ý chính,A,1,2026-08-10 14:08:48.214425,2026-08-10 14:08:48.214425
876,290,2,What did the customer order?,detail,Thông tin trong đoạn văn cho phép xác định trực tiếp đáp án này.,Thông tin chi tiết,A,2,2026-08-10 14:08:48.214425,2026-08-10 14:08:48.214425
877,290,3,When is the package expected to arrive?,detail,Thông tin trong đoạn văn cho phép xác định trực tiếp đáp án này.,Thông tin chi tiết,A,3,2026-08-10 14:08:48.214425,2026-08-10 14:08:48.214425
954,310,3,What should employees bring?,detail,Thông tin trong đoạn văn cho phép xác định trực tiếp đáp án này.,Thông tin chi tiết,A,3,2026-08-10 14:08:48.214425,2026-08-10 14:08:48.214425
955,310,4,What should employees do before attending?,detail,Thông tin trong đoạn văn cho phép xác định trực tiếp đáp án này.,Thông tin chi tiết,A,4,2026-08-10 14:08:48.214425,2026-08-10 14:08:48.214425
956,311,1,What is being announced?,main_idea,Thông tin trong đoạn văn cho phép xác định trực tiếp đáp án này.,Ý chính,A,1,2026-08-10 14:08:48.214425,2026-08-10 14:08:48.214425
957,311,2,When is the promotion available?,detail,Thông tin trong đoạn văn cho phép xác định trực tiếp đáp án này.,Thông tin chi tiết,A,2,2026-08-10 14:08:48.214425,2026-08-10 14:08:48.214425
958,311,3,Where must purchases be made?,detail,Thông tin trong đoạn văn cho phép xác định trực tiếp đáp án này.,Thông tin chi tiết,A,3,2026-08-10 14:08:48.214425,2026-08-10 14:08:48.214425
959,311,4,Which product is excluded?,detail,Thông tin trong đoạn văn cho phép xác định trực tiếp đáp án này.,Thông tin chi tiết,A,4,2026-08-10 14:08:48.214425,2026-08-10 14:08:48.214425
960,312,1,What has been confirmed?,main_idea,Thông tin trong đoạn văn cho phép xác định trực tiếp đáp án này.,Ý chính,A,1,2026-08-10 14:08:48.214425,2026-08-10 14:08:48.214425
961,312,2,How long will Ms. Lee stay?,detail,Thông tin trong đoạn văn cho phép xác định trực tiếp đáp án này.,Thông tin chi tiết,A,2,2026-08-10 14:08:48.214425,2026-08-10 14:08:48.214425
962,312,3,What is included?,detail,Thông tin trong đoạn văn cho phép xác định trực tiếp đáp án này.,Thông tin chi tiết,A,3,2026-08-10 14:08:48.214425,2026-08-10 14:08:48.214425
963,312,4,What should guests do if they need a taxi?,detail,Thông tin trong đoạn văn cho phép xác định trực tiếp đáp án này.,Thông tin chi tiết,A,4,2026-08-10 14:08:48.214425,2026-08-10 14:08:48.214425
964,313,1,Why is Daniel Ruiz mentioned?,main_idea,Thông tin trong đoạn văn cho phép xác định trực tiếp đáp án này.,Ý chính,A,1,2026-08-10 14:08:48.214425,2026-08-10 14:08:48.214425
965,313,2,When did he join the company?,detail,Thông tin trong đoạn văn cho phép xác định trực tiếp đáp án này.,Thông tin chi tiết,A,2,2026-08-10 14:08:48.214425,2026-08-10 14:08:48.214425
966,313,3,How many employees does he supervise?,detail,Thông tin trong đoạn văn cho phép xác định trực tiếp đáp án này.,Thông tin chi tiết,A,3,2026-08-10 14:08:48.214425,2026-08-10 14:08:48.214425
967,313,4,When will he be recognized?,detail,Thông tin trong đoạn văn cho phép xác định trực tiếp đáp án này.,Thông tin chi tiết,A,4,2026-08-10 14:08:48.214425,2026-08-10 14:08:48.214425
968,314,1,What change is announced?,main_idea,Thông tin trong đoạn văn cho phép xác định trực tiếp đáp án này.,Ý chính,A,1,2026-08-10 14:08:48.214425,2026-08-10 14:08:48.214425
969,314,2,When will the morning shuttle leave?,detail,Thông tin trong đoạn văn cho phép xác định trực tiếp đáp án này.,Thông tin chi tiết,A,2,2026-08-10 14:08:48.214425,2026-08-10 14:08:48.214425
970,314,3,What will remain unchanged?,detail,Thông tin trong đoạn văn cho phép xác định trực tiếp đáp án này.,Thông tin chi tiết,A,3,2026-08-10 14:08:48.214425,2026-08-10 14:08:48.214425
971,314,4,What are employees encouraged to do?,detail,Thông tin trong đoạn văn cho phép xác định trực tiếp đáp án này.,Thông tin chi tiết,A,4,2026-08-10 14:08:48.214425,2026-08-10 14:08:48.214425
972,315,1,What has been extended?,main_idea,Thông tin trong đoạn văn cho phép xác định trực tiếp đáp án này.,Ý chính,A,1,2026-08-10 14:08:48.214425,2026-08-10 14:08:48.214425
973,315,2,Why was the deadline changed?,detail,Thông tin trong đoạn văn cho phép xác định trực tiếp đáp án này.,Thông tin chi tiết,A,2,2026-08-10 14:08:48.214425,2026-08-10 14:08:48.214425
974,315,3,What was the original selection date?,detail,Thông tin trong đoạn văn cho phép xác định trực tiếp đáp án này.,Thông tin chi tiết,A,3,2026-08-10 14:08:48.214425,2026-08-10 14:08:48.214425
975,315,4,The word “additional” is closest in meaning to _____.,vocabulary,Thông tin trong đoạn văn cho phép xác định trực tiếp đáp án này.,Từ đồng nghĩa,A,4,2026-08-10 14:08:48.214425,2026-08-10 14:08:48.214425
976,316,1,What is the notice mainly about?,main_idea,Thông tin trong đoạn văn cho phép xác định trực tiếp đáp án này.,Ý chính,A,1,2026-08-10 14:08:48.214425,2026-08-10 14:08:48.214425
977,316,2,When should employees remove their personal items?,detail,Thông tin trong đoạn văn cho phép xác định trực tiếp đáp án này.,Thông tin chi tiết,A,2,2026-08-10 14:08:48.214425,2026-08-10 14:08:48.214425
978,316,3,Where will staff work during the renovation?,detail,Thông tin trong đoạn văn cho phép xác định trực tiếp đáp án này.,Thông tin chi tiết,A,3,2026-08-10 14:08:48.214425,2026-08-10 14:08:48.214425
979,316,4,The word “renovated” is closest in meaning to _____.,vocabulary,Thông tin trong đoạn văn cho phép xác định trực tiếp đáp án này.,Từ đồng nghĩa,A,4,2026-08-10 14:08:48.214425,2026-08-10 14:08:48.214425
980,317,1,Why was the message sent?,main_idea,Thông tin trong đoạn văn cho phép xác định trực tiếp đáp án này.,Ý chính,A,1,2026-08-10 14:08:48.214425,2026-08-10 14:08:48.214425
981,317,2,What did the customer order?,detail,Thông tin trong đoạn văn cho phép xác định trực tiếp đáp án này.,Thông tin chi tiết,A,2,2026-08-10 14:08:48.214425,2026-08-10 14:08:48.214425
982,317,3,When is the package expected to arrive?,detail,Thông tin trong đoạn văn cho phép xác định trực tiếp đáp án này.,Thông tin chi tiết,A,3,2026-08-10 14:08:48.214425,2026-08-10 14:08:48.214425
983,318,1,What position is available?,main_idea,Thông tin trong đoạn văn cho phép xác định trực tiếp đáp án này.,Ý chính,A,1,2026-08-10 14:08:48.214425,2026-08-10 14:08:48.214425
984,318,2,What experience is required?,detail,Thông tin trong đoạn văn cho phép xác định trực tiếp đáp án này.,Thông tin chi tiết,A,2,2026-08-10 14:08:48.214425,2026-08-10 14:08:48.214425
985,318,3,What is the application deadline?,detail,Thông tin trong đoạn văn cho phép xác định trực tiếp đáp án này.,Thông tin chi tiết,A,3,2026-08-10 14:08:48.214425,2026-08-10 14:08:48.214425
986,318,4,What software skill is mentioned?,detail,Thông tin trong đoạn văn cho phép xác định trực tiếp đáp án này.,Thông tin chi tiết,A,4,2026-08-10 14:08:48.214425,2026-08-10 14:08:48.214425
987,319,1,What is the announcement about?,main_idea,Thông tin trong đoạn văn cho phép xác định trực tiếp đáp án này.,Ý chính,A,1,2026-08-10 14:08:48.214425,2026-08-10 14:08:48.214425
988,319,2,Where will the session be held?,detail,Thông tin trong đoạn văn cho phép xác định trực tiếp đáp án này.,Thông tin chi tiết,A,2,2026-08-10 14:08:48.214425,2026-08-10 14:08:48.214425
989,319,3,What should employees bring?,detail,Thông tin trong đoạn văn cho phép xác định trực tiếp đáp án này.,Thông tin chi tiết,A,3,2026-08-10 14:08:48.214425,2026-08-10 14:08:48.214425
990,319,4,What should employees do before attending?,detail,Thông tin trong đoạn văn cho phép xác định trực tiếp đáp án này.,Thông tin chi tiết,A,4,2026-08-10 14:08:48.214425,2026-08-10 14:08:48.214425
991,320,1,What is being announced?,main_idea,Thông tin trong đoạn văn cho phép xác định trực tiếp đáp án này.,Ý chính,A,1,2026-08-10 14:08:48.214425,2026-08-10 14:08:48.214425
992,320,2,When is the promotion available?,detail,Thông tin trong đoạn văn cho phép xác định trực tiếp đáp án này.,Thông tin chi tiết,A,2,2026-08-10 14:08:48.214425,2026-08-10 14:08:48.214425
993,320,3,Where must purchases be made?,detail,Thông tin trong đoạn văn cho phép xác định trực tiếp đáp án này.,Thông tin chi tiết,A,3,2026-08-10 14:08:48.214425,2026-08-10 14:08:48.214425
994,320,4,Which product is excluded?,detail,Thông tin trong đoạn văn cho phép xác định trực tiếp đáp án này.,Thông tin chi tiết,A,4,2026-08-10 14:08:48.214425,2026-08-10 14:08:48.214425
995,321,1,What is the main purpose of the first passage?,main_idea,Cần đối chiếu nội dung của hai đoạn văn; phương án A phù hợp với thông tin được nêu.,Ý chính,A,1,2026-08-10 14:08:48.214425,2026-08-10 14:08:48.214425
996,321,2,"According to the second passage, what specific information is provided?",detail,Cần đối chiếu nội dung của hai đoạn văn; phương án A phù hợp với thông tin được nêu.,Thông tin chi tiết,A,2,2026-08-10 14:08:48.214425,2026-08-10 14:08:48.214425
997,321,3,Why did the person or organization in the first passage take action?,inference,Cần đối chiếu nội dung của hai đoạn văn; phương án A phù hợp với thông tin được nêu.,Suy luận,A,3,2026-08-10 14:08:48.214425,2026-08-10 14:08:48.214425
998,321,4,What can be inferred from both passages?,inference,Cần đối chiếu nội dung của hai đoạn văn; phương án A phù hợp với thông tin được nêu.,Suy luận,A,4,2026-08-10 14:08:48.214425,2026-08-10 14:08:48.214425
999,321,5,Which statement is supported by the two passages?,detail,Cần đối chiếu nội dung của hai đoạn văn; phương án A phù hợp với thông tin được nêu.,Thông tin chi tiết,A,5,2026-08-10 14:08:48.214425,2026-08-10 14:08:48.214425
1000,322,1,What is the main purpose of the first passage?,main_idea,Cần đối chiếu nội dung của hai đoạn văn; phương án A phù hợp với thông tin được nêu.,Ý chính,A,1,2026-08-10 14:08:48.214425,2026-08-10 14:08:48.214425
1001,322,2,"According to the second passage, what specific information is provided?",detail,Cần đối chiếu nội dung của hai đoạn văn; phương án A phù hợp với thông tin được nêu.,Thông tin chi tiết,A,2,2026-08-10 14:08:48.214425,2026-08-10 14:08:48.214425
1002,322,3,Why did the person or organization in the first passage take action?,inference,Cần đối chiếu nội dung của hai đoạn văn; phương án A phù hợp với thông tin được nêu.,Suy luận,A,3,2026-08-10 14:08:48.214425,2026-08-10 14:08:48.214425
1003,322,4,What can be inferred from both passages?,inference,Cần đối chiếu nội dung của hai đoạn văn; phương án A phù hợp với thông tin được nêu.,Suy luận,A,4,2026-08-10 14:08:48.214425,2026-08-10 14:08:48.214425
1004,322,5,Which statement is supported by the two passages?,detail,Cần đối chiếu nội dung của hai đoạn văn; phương án A phù hợp với thông tin được nêu.,Thông tin chi tiết,A,5,2026-08-10 14:08:48.214425,2026-08-10 14:08:48.214425
1005,323,1,What is the main purpose of the first passage?,main_idea,Cần đối chiếu nội dung của hai đoạn văn; phương án A phù hợp với thông tin được nêu.,Ý chính,A,1,2026-08-10 14:08:48.214425,2026-08-10 14:08:48.214425
1006,323,2,"According to the second passage, what specific information is provided?",detail,Cần đối chiếu nội dung của hai đoạn văn; phương án A phù hợp với thông tin được nêu.,Thông tin chi tiết,A,2,2026-08-10 14:08:48.214425,2026-08-10 14:08:48.214425
1007,323,3,Why did the person or organization in the first passage take action?,inference,Cần đối chiếu nội dung của hai đoạn văn; phương án A phù hợp với thông tin được nêu.,Suy luận,A,3,2026-08-10 14:08:48.214425,2026-08-10 14:08:48.214425
1008,323,4,What can be inferred from both passages?,inference,Cần đối chiếu nội dung của hai đoạn văn; phương án A phù hợp với thông tin được nêu.,Suy luận,A,4,2026-08-10 14:08:48.214425,2026-08-10 14:08:48.214425
1009,323,5,Which statement is supported by the two passages?,detail,Cần đối chiếu nội dung của hai đoạn văn; phương án A phù hợp với thông tin được nêu.,Thông tin chi tiết,A,5,2026-08-10 14:08:48.214425,2026-08-10 14:08:48.214425
1010,324,1,What is the main purpose of the first passage?,main_idea,Cần đối chiếu nội dung của hai đoạn văn; phương án A phù hợp với thông tin được nêu.,Ý chính,A,1,2026-08-10 14:08:48.214425,2026-08-10 14:08:48.214425
1011,324,2,"According to the second passage, what specific information is provided?",detail,Cần đối chiếu nội dung của hai đoạn văn; phương án A phù hợp với thông tin được nêu.,Thông tin chi tiết,A,2,2026-08-10 14:08:48.214425,2026-08-10 14:08:48.214425
1012,324,3,Why did the person or organization in the first passage take action?,inference,Cần đối chiếu nội dung của hai đoạn văn; phương án A phù hợp với thông tin được nêu.,Suy luận,A,3,2026-08-10 14:08:48.214425,2026-08-10 14:08:48.214425
1013,324,4,What can be inferred from both passages?,inference,Cần đối chiếu nội dung của hai đoạn văn; phương án A phù hợp với thông tin được nêu.,Suy luận,A,4,2026-08-10 14:08:48.214425,2026-08-10 14:08:48.214425
1014,324,5,Which statement is supported by the two passages?,detail,Cần đối chiếu nội dung của hai đoạn văn; phương án A phù hợp với thông tin được nêu.,Thông tin chi tiết,A,5,2026-08-10 14:08:48.214425,2026-08-10 14:08:48.214425
1015,325,1,What is the main purpose of the first passage?,main_idea,Cần đối chiếu nội dung của hai đoạn văn; phương án A phù hợp với thông tin được nêu.,Ý chính,A,1,2026-08-10 14:08:48.214425,2026-08-10 14:08:48.214425
1016,325,2,"According to the second passage, what specific information is provided?",detail,Cần đối chiếu nội dung của hai đoạn văn; phương án A phù hợp với thông tin được nêu.,Thông tin chi tiết,A,2,2026-08-10 14:08:48.214425,2026-08-10 14:08:48.214425
1017,325,3,Why did the person or organization in the first passage take action?,inference,Cần đối chiếu nội dung của hai đoạn văn; phương án A phù hợp với thông tin được nêu.,Suy luận,A,3,2026-08-10 14:08:48.214425,2026-08-10 14:08:48.214425
1018,325,4,What can be inferred from both passages?,inference,Cần đối chiếu nội dung của hai đoạn văn; phương án A phù hợp với thông tin được nêu.,Suy luận,A,4,2026-08-10 14:08:48.214425,2026-08-10 14:08:48.214425
1019,325,5,Which statement is supported by the two passages?,detail,Cần đối chiếu nội dung của hai đoạn văn; phương án A phù hợp với thông tin được nêu.,Thông tin chi tiết,A,5,2026-08-10 14:08:48.214425,2026-08-10 14:08:48.214425
1020,326,1,What is the main purpose of the first passage?,main_idea,Cần đối chiếu nội dung của hai đoạn văn; phương án A phù hợp với thông tin được nêu.,Ý chính,A,1,2026-08-10 14:08:48.214425,2026-08-10 14:08:48.214425
1021,326,2,"According to the second passage, what specific information is provided?",detail,Cần đối chiếu nội dung của hai đoạn văn; phương án A phù hợp với thông tin được nêu.,Thông tin chi tiết,A,2,2026-08-10 14:08:48.214425,2026-08-10 14:08:48.214425
1022,326,3,Why did the person or organization in the first passage take action?,inference,Cần đối chiếu nội dung của hai đoạn văn; phương án A phù hợp với thông tin được nêu.,Suy luận,A,3,2026-08-10 14:08:48.214425,2026-08-10 14:08:48.214425
1023,326,4,What can be inferred from both passages?,inference,Cần đối chiếu nội dung của hai đoạn văn; phương án A phù hợp với thông tin được nêu.,Suy luận,A,4,2026-08-10 14:08:48.214425,2026-08-10 14:08:48.214425
1024,326,5,Which statement is supported by the two passages?,detail,Cần đối chiếu nội dung của hai đoạn văn; phương án A phù hợp với thông tin được nêu.,Thông tin chi tiết,A,5,2026-08-10 14:08:48.214425,2026-08-10 14:08:48.214425
1025,327,1,What is the main purpose of the first passage?,main_idea,Cần đối chiếu nội dung của hai đoạn văn; phương án A phù hợp với thông tin được nêu.,Ý chính,A,1,2026-08-10 14:08:48.214425,2026-08-10 14:08:48.214425
1026,327,2,"According to the second passage, what specific information is provided?",detail,Cần đối chiếu nội dung của hai đoạn văn; phương án A phù hợp với thông tin được nêu.,Thông tin chi tiết,A,2,2026-08-10 14:08:48.214425,2026-08-10 14:08:48.214425
1027,327,3,Why did the person or organization in the first passage take action?,inference,Cần đối chiếu nội dung của hai đoạn văn; phương án A phù hợp với thông tin được nêu.,Suy luận,A,3,2026-08-10 14:08:48.214425,2026-08-10 14:08:48.214425
1028,327,4,What can be inferred from both passages?,inference,Cần đối chiếu nội dung của hai đoạn văn; phương án A phù hợp với thông tin được nêu.,Suy luận,A,4,2026-08-10 14:08:48.214425,2026-08-10 14:08:48.214425
1029,327,5,Which statement is supported by the two passages?,detail,Cần đối chiếu nội dung của hai đoạn văn; phương án A phù hợp với thông tin được nêu.,Thông tin chi tiết,A,5,2026-08-10 14:08:48.214425,2026-08-10 14:08:48.214425
1030,328,1,What is the main purpose of the first passage?,main_idea,Cần đối chiếu nội dung của hai đoạn văn; phương án A phù hợp với thông tin được nêu.,Ý chính,A,1,2026-08-10 14:08:48.214425,2026-08-10 14:08:48.214425
1031,328,2,"According to the second passage, what specific information is provided?",detail,Cần đối chiếu nội dung của hai đoạn văn; phương án A phù hợp với thông tin được nêu.,Thông tin chi tiết,A,2,2026-08-10 14:08:48.214425,2026-08-10 14:08:48.214425
1032,328,3,Why did the person or organization in the first passage take action?,inference,Cần đối chiếu nội dung của hai đoạn văn; phương án A phù hợp với thông tin được nêu.,Suy luận,A,3,2026-08-10 14:08:48.214425,2026-08-10 14:08:48.214425
1033,328,4,What can be inferred from both passages?,inference,Cần đối chiếu nội dung của hai đoạn văn; phương án A phù hợp với thông tin được nêu.,Suy luận,A,4,2026-08-10 14:08:48.214425,2026-08-10 14:08:48.214425
1034,328,5,Which statement is supported by the two passages?,detail,Cần đối chiếu nội dung của hai đoạn văn; phương án A phù hợp với thông tin được nêu.,Thông tin chi tiết,A,5,2026-08-10 14:08:48.214425,2026-08-10 14:08:48.214425
1035,329,1,What is the main purpose of the first passage?,main_idea,Cần đối chiếu nội dung của hai đoạn văn; phương án A phù hợp với thông tin được nêu.,Ý chính,A,1,2026-08-10 14:08:48.214425,2026-08-10 14:08:48.214425
1036,329,2,"According to the second passage, what specific information is provided?",detail,Cần đối chiếu nội dung của hai đoạn văn; phương án A phù hợp với thông tin được nêu.,Thông tin chi tiết,A,2,2026-08-10 14:08:48.214425,2026-08-10 14:08:48.214425
1037,329,3,Why did the person or organization in the first passage take action?,inference,Cần đối chiếu nội dung của hai đoạn văn; phương án A phù hợp với thông tin được nêu.,Suy luận,A,3,2026-08-10 14:08:48.214425,2026-08-10 14:08:48.214425
1038,329,4,What can be inferred from both passages?,inference,Cần đối chiếu nội dung của hai đoạn văn; phương án A phù hợp với thông tin được nêu.,Suy luận,A,4,2026-08-10 14:08:48.214425,2026-08-10 14:08:48.214425
1039,329,5,Which statement is supported by the two passages?,detail,Cần đối chiếu nội dung của hai đoạn văn; phương án A phù hợp với thông tin được nêu.,Thông tin chi tiết,A,5,2026-08-10 14:08:48.214425,2026-08-10 14:08:48.214425
1040,330,1,What is the main purpose of the first passage?,main_idea,Cần đối chiếu nội dung của hai đoạn văn; phương án A phù hợp với thông tin được nêu.,Ý chính,A,1,2026-08-10 14:08:48.214425,2026-08-10 14:08:48.214425
1041,330,2,"According to the second passage, what specific information is provided?",detail,Cần đối chiếu nội dung của hai đoạn văn; phương án A phù hợp với thông tin được nêu.,Thông tin chi tiết,A,2,2026-08-10 14:08:48.214425,2026-08-10 14:08:48.214425
1042,330,3,Why did the person or organization in the first passage take action?,inference,Cần đối chiếu nội dung của hai đoạn văn; phương án A phù hợp với thông tin được nêu.,Suy luận,A,3,2026-08-10 14:08:48.214425,2026-08-10 14:08:48.214425
1043,330,4,What can be inferred from both passages?,inference,Cần đối chiếu nội dung của hai đoạn văn; phương án A phù hợp với thông tin được nêu.,Suy luận,A,4,2026-08-10 14:08:48.214425,2026-08-10 14:08:48.214425
1044,330,5,Which statement is supported by the two passages?,detail,Cần đối chiếu nội dung của hai đoạn văn; phương án A phù hợp với thông tin được nêu.,Thông tin chi tiết,A,5,2026-08-10 14:08:48.214425,2026-08-10 14:08:48.214425
1045,331,1,What is the main purpose of the first passage?,main_idea,Cần đối chiếu nội dung của hai đoạn văn; phương án A phù hợp với thông tin được nêu.,Ý chính,A,1,2026-08-10 14:08:48.214425,2026-08-10 14:08:48.214425
1046,331,2,"According to the second passage, what specific information is provided?",detail,Cần đối chiếu nội dung của hai đoạn văn; phương án A phù hợp với thông tin được nêu.,Thông tin chi tiết,A,2,2026-08-10 14:08:48.214425,2026-08-10 14:08:48.214425
1047,331,3,Why did the person or organization in the first passage take action?,inference,Cần đối chiếu nội dung của hai đoạn văn; phương án A phù hợp với thông tin được nêu.,Suy luận,A,3,2026-08-10 14:08:48.214425,2026-08-10 14:08:48.214425
1048,331,4,What can be inferred from both passages?,inference,Cần đối chiếu nội dung của hai đoạn văn; phương án A phù hợp với thông tin được nêu.,Suy luận,A,4,2026-08-10 14:08:48.214425,2026-08-10 14:08:48.214425
1049,331,5,Which statement is supported by the two passages?,detail,Cần đối chiếu nội dung của hai đoạn văn; phương án A phù hợp với thông tin được nêu.,Thông tin chi tiết,A,5,2026-08-10 14:08:48.214425,2026-08-10 14:08:48.214425
1050,332,1,What is the main purpose of the first passage?,main_idea,Cần đối chiếu nội dung của hai đoạn văn; phương án A phù hợp với thông tin được nêu.,Ý chính,A,1,2026-08-10 14:08:48.214425,2026-08-10 14:08:48.214425
1051,332,2,"According to the second passage, what specific information is provided?",detail,Cần đối chiếu nội dung của hai đoạn văn; phương án A phù hợp với thông tin được nêu.,Thông tin chi tiết,A,2,2026-08-10 14:08:48.214425,2026-08-10 14:08:48.214425
1052,332,3,Why did the person or organization in the first passage take action?,inference,Cần đối chiếu nội dung của hai đoạn văn; phương án A phù hợp với thông tin được nêu.,Suy luận,A,3,2026-08-10 14:08:48.214425,2026-08-10 14:08:48.214425
1053,332,4,What can be inferred from both passages?,inference,Cần đối chiếu nội dung của hai đoạn văn; phương án A phù hợp với thông tin được nêu.,Suy luận,A,4,2026-08-10 14:08:48.214425,2026-08-10 14:08:48.214425
1054,332,5,Which statement is supported by the two passages?,detail,Cần đối chiếu nội dung của hai đoạn văn; phương án A phù hợp với thông tin được nêu.,Thông tin chi tiết,A,5,2026-08-10 14:08:48.214425,2026-08-10 14:08:48.214425
1055,333,1,What is the main purpose of the first passage?,main_idea,Cần đối chiếu nội dung của hai đoạn văn; phương án A phù hợp với thông tin được nêu.,Ý chính,A,1,2026-08-10 14:08:48.214425,2026-08-10 14:08:48.214425
1056,333,2,"According to the second passage, what specific information is provided?",detail,Cần đối chiếu nội dung của hai đoạn văn; phương án A phù hợp với thông tin được nêu.,Thông tin chi tiết,A,2,2026-08-10 14:08:48.214425,2026-08-10 14:08:48.214425
1057,333,3,Why did the person or organization in the first passage take action?,inference,Cần đối chiếu nội dung của hai đoạn văn; phương án A phù hợp với thông tin được nêu.,Suy luận,A,3,2026-08-10 14:08:48.214425,2026-08-10 14:08:48.214425
1058,333,4,What can be inferred from both passages?,inference,Cần đối chiếu nội dung của hai đoạn văn; phương án A phù hợp với thông tin được nêu.,Suy luận,A,4,2026-08-10 14:08:48.214425,2026-08-10 14:08:48.214425
1059,333,5,Which statement is supported by the two passages?,detail,Cần đối chiếu nội dung của hai đoạn văn; phương án A phù hợp với thông tin được nêu.,Thông tin chi tiết,A,5,2026-08-10 14:08:48.214425,2026-08-10 14:08:48.214425
1060,334,1,What is the main purpose of the first passage?,main_idea,Cần đối chiếu nội dung của hai đoạn văn; phương án A phù hợp với thông tin được nêu.,Ý chính,A,1,2026-08-10 14:08:48.214425,2026-08-10 14:08:48.214425
1061,334,2,"According to the second passage, what specific information is provided?",detail,Cần đối chiếu nội dung của hai đoạn văn; phương án A phù hợp với thông tin được nêu.,Thông tin chi tiết,A,2,2026-08-10 14:08:48.214425,2026-08-10 14:08:48.214425
1062,334,3,Why did the person or organization in the first passage take action?,inference,Cần đối chiếu nội dung của hai đoạn văn; phương án A phù hợp với thông tin được nêu.,Suy luận,A,3,2026-08-10 14:08:48.214425,2026-08-10 14:08:48.214425
1063,334,4,What can be inferred from both passages?,inference,Cần đối chiếu nội dung của hai đoạn văn; phương án A phù hợp với thông tin được nêu.,Suy luận,A,4,2026-08-10 14:08:48.214425,2026-08-10 14:08:48.214425
1064,334,5,Which statement is supported by the two passages?,detail,Cần đối chiếu nội dung của hai đoạn văn; phương án A phù hợp với thông tin được nêu.,Thông tin chi tiết,A,5,2026-08-10 14:08:48.214425,2026-08-10 14:08:48.214425
1065,335,1,What is the main purpose of the first passage?,main_idea,Cần đối chiếu nội dung của hai đoạn văn; phương án A phù hợp với thông tin được nêu.,Ý chính,A,1,2026-08-10 14:08:48.214425,2026-08-10 14:08:48.214425
1066,335,2,"According to the second passage, what specific information is provided?",detail,Cần đối chiếu nội dung của hai đoạn văn; phương án A phù hợp với thông tin được nêu.,Thông tin chi tiết,A,2,2026-08-10 14:08:48.214425,2026-08-10 14:08:48.214425
1067,335,3,Why did the person or organization in the first passage take action?,inference,Cần đối chiếu nội dung của hai đoạn văn; phương án A phù hợp với thông tin được nêu.,Suy luận,A,3,2026-08-10 14:08:48.214425,2026-08-10 14:08:48.214425
1068,335,4,What can be inferred from both passages?,inference,Cần đối chiếu nội dung của hai đoạn văn; phương án A phù hợp với thông tin được nêu.,Suy luận,A,4,2026-08-10 14:08:48.214425,2026-08-10 14:08:48.214425
1069,335,5,Which statement is supported by the two passages?,detail,Cần đối chiếu nội dung của hai đoạn văn; phương án A phù hợp với thông tin được nêu.,Thông tin chi tiết,A,5,2026-08-10 14:08:48.214425,2026-08-10 14:08:48.214425
1070,336,1,What is the main purpose of the first passage?,main_idea,Cần đối chiếu nội dung của hai đoạn văn; phương án A phù hợp với thông tin được nêu.,Ý chính,A,1,2026-08-10 14:08:48.214425,2026-08-10 14:08:48.214425
1071,336,2,"According to the second passage, what specific information is provided?",detail,Cần đối chiếu nội dung của hai đoạn văn; phương án A phù hợp với thông tin được nêu.,Thông tin chi tiết,A,2,2026-08-10 14:08:48.214425,2026-08-10 14:08:48.214425
1072,336,3,Why did the person or organization in the first passage take action?,inference,Cần đối chiếu nội dung của hai đoạn văn; phương án A phù hợp với thông tin được nêu.,Suy luận,A,3,2026-08-10 14:08:48.214425,2026-08-10 14:08:48.214425
1073,336,4,What can be inferred from both passages?,inference,Cần đối chiếu nội dung của hai đoạn văn; phương án A phù hợp với thông tin được nêu.,Suy luận,A,4,2026-08-10 14:08:48.214425,2026-08-10 14:08:48.214425
1074,336,5,Which statement is supported by the two passages?,detail,Cần đối chiếu nội dung của hai đoạn văn; phương án A phù hợp với thông tin được nêu.,Thông tin chi tiết,A,5,2026-08-10 14:08:48.214425,2026-08-10 14:08:48.214425
1075,337,1,What is the main purpose of the first passage?,main_idea,Cần đối chiếu nội dung của hai đoạn văn; phương án A phù hợp với thông tin được nêu.,Ý chính,A,1,2026-08-10 14:08:48.214425,2026-08-10 14:08:48.214425
1076,337,2,"According to the second passage, what specific information is provided?",detail,Cần đối chiếu nội dung của hai đoạn văn; phương án A phù hợp với thông tin được nêu.,Thông tin chi tiết,A,2,2026-08-10 14:08:48.214425,2026-08-10 14:08:48.214425
1077,337,3,Why did the person or organization in the first passage take action?,inference,Cần đối chiếu nội dung của hai đoạn văn; phương án A phù hợp với thông tin được nêu.,Suy luận,A,3,2026-08-10 14:08:48.214425,2026-08-10 14:08:48.214425
1078,337,4,What can be inferred from both passages?,inference,Cần đối chiếu nội dung của hai đoạn văn; phương án A phù hợp với thông tin được nêu.,Suy luận,A,4,2026-08-10 14:08:48.214425,2026-08-10 14:08:48.214425
1079,337,5,Which statement is supported by the two passages?,detail,Cần đối chiếu nội dung của hai đoạn văn; phương án A phù hợp với thông tin được nêu.,Thông tin chi tiết,A,5,2026-08-10 14:08:48.214425,2026-08-10 14:08:48.214425
1080,338,1,What is the main purpose of the first passage?,main_idea,Cần đối chiếu nội dung của hai đoạn văn; phương án A phù hợp với thông tin được nêu.,Ý chính,A,1,2026-08-10 14:08:48.214425,2026-08-10 14:08:48.214425
1081,338,2,"According to the second passage, what specific information is provided?",detail,Cần đối chiếu nội dung của hai đoạn văn; phương án A phù hợp với thông tin được nêu.,Thông tin chi tiết,A,2,2026-08-10 14:08:48.214425,2026-08-10 14:08:48.214425
1082,338,3,Why did the person or organization in the first passage take action?,inference,Cần đối chiếu nội dung của hai đoạn văn; phương án A phù hợp với thông tin được nêu.,Suy luận,A,3,2026-08-10 14:08:48.214425,2026-08-10 14:08:48.214425
1083,338,4,What can be inferred from both passages?,inference,Cần đối chiếu nội dung của hai đoạn văn; phương án A phù hợp với thông tin được nêu.,Suy luận,A,4,2026-08-10 14:08:48.214425,2026-08-10 14:08:48.214425
1084,338,5,Which statement is supported by the two passages?,detail,Cần đối chiếu nội dung của hai đoạn văn; phương án A phù hợp với thông tin được nêu.,Thông tin chi tiết,A,5,2026-08-10 14:08:48.214425,2026-08-10 14:08:48.214425
1085,339,1,What is the main purpose of the first passage?,main_idea,Cần đối chiếu nội dung của hai đoạn văn; phương án A phù hợp với thông tin được nêu.,Ý chính,A,1,2026-08-10 14:08:48.214425,2026-08-10 14:08:48.214425
1086,339,2,"According to the second passage, what specific information is provided?",detail,Cần đối chiếu nội dung của hai đoạn văn; phương án A phù hợp với thông tin được nêu.,Thông tin chi tiết,A,2,2026-08-10 14:08:48.214425,2026-08-10 14:08:48.214425
1087,339,3,Why did the person or organization in the first passage take action?,inference,Cần đối chiếu nội dung của hai đoạn văn; phương án A phù hợp với thông tin được nêu.,Suy luận,A,3,2026-08-10 14:08:48.214425,2026-08-10 14:08:48.214425
1088,339,4,What can be inferred from both passages?,inference,Cần đối chiếu nội dung của hai đoạn văn; phương án A phù hợp với thông tin được nêu.,Suy luận,A,4,2026-08-10 14:08:48.214425,2026-08-10 14:08:48.214425
1089,339,5,Which statement is supported by the two passages?,detail,Cần đối chiếu nội dung của hai đoạn văn; phương án A phù hợp với thông tin được nêu.,Thông tin chi tiết,A,5,2026-08-10 14:08:48.214425,2026-08-10 14:08:48.214425
1090,340,1,What is the main purpose of the first passage?,main_idea,Cần đối chiếu nội dung của hai đoạn văn; phương án A phù hợp với thông tin được nêu.,Ý chính,A,1,2026-08-10 14:08:48.214425,2026-08-10 14:08:48.214425
1091,340,2,"According to the second passage, what specific information is provided?",detail,Cần đối chiếu nội dung của hai đoạn văn; phương án A phù hợp với thông tin được nêu.,Thông tin chi tiết,A,2,2026-08-10 14:08:48.214425,2026-08-10 14:08:48.214425
1092,340,3,Why did the person or organization in the first passage take action?,inference,Cần đối chiếu nội dung của hai đoạn văn; phương án A phù hợp với thông tin được nêu.,Suy luận,A,3,2026-08-10 14:08:48.214425,2026-08-10 14:08:48.214425
1093,340,4,What can be inferred from both passages?,inference,Cần đối chiếu nội dung của hai đoạn văn; phương án A phù hợp với thông tin được nêu.,Suy luận,A,4,2026-08-10 14:08:48.214425,2026-08-10 14:08:48.214425
1094,340,5,Which statement is supported by the two passages?,detail,Cần đối chiếu nội dung của hai đoạn văn; phương án A phù hợp với thông tin được nêu.,Thông tin chi tiết,A,5,2026-08-10 14:08:48.214425,2026-08-10 14:08:48.214425
1095,341,1,What is the main purpose of the first passage?,main_idea,Cần đối chiếu nội dung của hai đoạn văn; phương án A phù hợp với thông tin được nêu.,Ý chính,A,1,2026-08-10 14:08:48.214425,2026-08-10 14:08:48.214425
1096,341,2,"According to the second passage, what specific information is provided?",detail,Cần đối chiếu nội dung của hai đoạn văn; phương án A phù hợp với thông tin được nêu.,Thông tin chi tiết,A,2,2026-08-10 14:08:48.214425,2026-08-10 14:08:48.214425
1097,341,3,Why did the person or organization in the first passage take action?,inference,Cần đối chiếu nội dung của hai đoạn văn; phương án A phù hợp với thông tin được nêu.,Suy luận,A,3,2026-08-10 14:08:48.214425,2026-08-10 14:08:48.214425
1098,341,4,What can be inferred from both passages?,inference,Cần đối chiếu nội dung của hai đoạn văn; phương án A phù hợp với thông tin được nêu.,Suy luận,A,4,2026-08-10 14:08:48.214425,2026-08-10 14:08:48.214425
1099,341,5,Which statement is supported by the two passages?,detail,Cần đối chiếu nội dung của hai đoạn văn; phương án A phù hợp với thông tin được nêu.,Thông tin chi tiết,A,5,2026-08-10 14:08:48.214425,2026-08-10 14:08:48.214425
1100,342,1,What is the main purpose of the first passage?,main_idea,Cần đối chiếu nội dung của hai đoạn văn; phương án A phù hợp với thông tin được nêu.,Ý chính,A,1,2026-08-10 14:08:48.214425,2026-08-10 14:08:48.214425
1101,342,2,"According to the second passage, what specific information is provided?",detail,Cần đối chiếu nội dung của hai đoạn văn; phương án A phù hợp với thông tin được nêu.,Thông tin chi tiết,A,2,2026-08-10 14:08:48.214425,2026-08-10 14:08:48.214425
1102,342,3,Why did the person or organization in the first passage take action?,inference,Cần đối chiếu nội dung của hai đoạn văn; phương án A phù hợp với thông tin được nêu.,Suy luận,A,3,2026-08-10 14:08:48.214425,2026-08-10 14:08:48.214425
1103,342,4,What can be inferred from both passages?,inference,Cần đối chiếu nội dung của hai đoạn văn; phương án A phù hợp với thông tin được nêu.,Suy luận,A,4,2026-08-10 14:08:48.214425,2026-08-10 14:08:48.214425
1104,342,5,Which statement is supported by the two passages?,detail,Cần đối chiếu nội dung của hai đoạn văn; phương án A phù hợp với thông tin được nêu.,Thông tin chi tiết,A,5,2026-08-10 14:08:48.214425,2026-08-10 14:08:48.214425
1105,343,1,What is the main purpose of the first passage?,main_idea,Cần đối chiếu nội dung của hai đoạn văn; phương án A phù hợp với thông tin được nêu.,Ý chính,A,1,2026-08-10 14:08:48.214425,2026-08-10 14:08:48.214425
1106,343,2,"According to the second passage, what specific information is provided?",detail,Cần đối chiếu nội dung của hai đoạn văn; phương án A phù hợp với thông tin được nêu.,Thông tin chi tiết,A,2,2026-08-10 14:08:48.214425,2026-08-10 14:08:48.214425
1107,343,3,Why did the person or organization in the first passage take action?,inference,Cần đối chiếu nội dung của hai đoạn văn; phương án A phù hợp với thông tin được nêu.,Suy luận,A,3,2026-08-10 14:08:48.214425,2026-08-10 14:08:48.214425
1108,343,4,What can be inferred from both passages?,inference,Cần đối chiếu nội dung của hai đoạn văn; phương án A phù hợp với thông tin được nêu.,Suy luận,A,4,2026-08-10 14:08:48.214425,2026-08-10 14:08:48.214425
1109,343,5,Which statement is supported by the two passages?,detail,Cần đối chiếu nội dung của hai đoạn văn; phương án A phù hợp với thông tin được nêu.,Thông tin chi tiết,A,5,2026-08-10 14:08:48.214425,2026-08-10 14:08:48.214425
1110,344,1,What is the main purpose of the first passage?,main_idea,Cần đối chiếu nội dung của hai đoạn văn; phương án A phù hợp với thông tin được nêu.,Ý chính,A,1,2026-08-10 14:08:48.214425,2026-08-10 14:08:48.214425
1111,344,2,"According to the second passage, what specific information is provided?",detail,Cần đối chiếu nội dung của hai đoạn văn; phương án A phù hợp với thông tin được nêu.,Thông tin chi tiết,A,2,2026-08-10 14:08:48.214425,2026-08-10 14:08:48.214425
1112,344,3,Why did the person or organization in the first passage take action?,inference,Cần đối chiếu nội dung của hai đoạn văn; phương án A phù hợp với thông tin được nêu.,Suy luận,A,3,2026-08-10 14:08:48.214425,2026-08-10 14:08:48.214425
1113,344,4,What can be inferred from both passages?,inference,Cần đối chiếu nội dung của hai đoạn văn; phương án A phù hợp với thông tin được nêu.,Suy luận,A,4,2026-08-10 14:08:48.214425,2026-08-10 14:08:48.214425
1114,344,5,Which statement is supported by the two passages?,detail,Cần đối chiếu nội dung của hai đoạn văn; phương án A phù hợp với thông tin được nêu.,Thông tin chi tiết,A,5,2026-08-10 14:08:48.214425,2026-08-10 14:08:48.214425
1115,345,1,What is the main purpose of the first passage?,main_idea,Cần đối chiếu nội dung của hai đoạn văn; phương án A phù hợp với thông tin được nêu.,Ý chính,A,1,2026-08-10 14:08:48.214425,2026-08-10 14:08:48.214425
1116,345,2,"According to the second passage, what specific information is provided?",detail,Cần đối chiếu nội dung của hai đoạn văn; phương án A phù hợp với thông tin được nêu.,Thông tin chi tiết,A,2,2026-08-10 14:08:48.214425,2026-08-10 14:08:48.214425
1117,345,3,Why did the person or organization in the first passage take action?,inference,Cần đối chiếu nội dung của hai đoạn văn; phương án A phù hợp với thông tin được nêu.,Suy luận,A,3,2026-08-10 14:08:48.214425,2026-08-10 14:08:48.214425
1118,345,4,What can be inferred from both passages?,inference,Cần đối chiếu nội dung của hai đoạn văn; phương án A phù hợp với thông tin được nêu.,Suy luận,A,4,2026-08-10 14:08:48.214425,2026-08-10 14:08:48.214425
1119,345,5,Which statement is supported by the two passages?,detail,Cần đối chiếu nội dung của hai đoạn văn; phương án A phù hợp với thông tin được nêu.,Thông tin chi tiết,A,5,2026-08-10 14:08:48.214425,2026-08-10 14:08:48.214425
1120,346,1,What is the main purpose of the first passage?,main_idea,Đáp án được xác định bằng cách đối chiếu các thông tin liên quan trong ba đoạn văn.,Ý chính,A,1,2026-08-10 14:08:48.214425,2026-08-10 14:08:48.214425
1121,346,2,"According to the second passage, what detail is mentioned?",detail,Đáp án được xác định bằng cách đối chiếu các thông tin liên quan trong ba đoạn văn.,Thông tin chi tiết,A,2,2026-08-10 14:08:48.214425,2026-08-10 14:08:48.214425
1122,346,3,What does the third passage indicate?,detail,Đáp án được xác định bằng cách đối chiếu các thông tin liên quan trong ba đoạn văn.,Thông tin chi tiết,A,3,2026-08-10 14:08:48.214425,2026-08-10 14:08:48.214425
1123,346,4,What can be inferred from all three passages?,inference,Đáp án được xác định bằng cách đối chiếu các thông tin liên quan trong ba đoạn văn.,Suy luận,A,4,2026-08-10 14:08:48.214425,2026-08-10 14:08:48.214425
1124,346,5,Which statement is supported by the passages?,detail,Đáp án được xác định bằng cách đối chiếu các thông tin liên quan trong ba đoạn văn.,Thông tin chi tiết,A,5,2026-08-10 14:08:48.214425,2026-08-10 14:08:48.214425
1125,347,1,What is the main purpose of the first passage?,main_idea,Đáp án được xác định bằng cách đối chiếu các thông tin liên quan trong ba đoạn văn.,Ý chính,A,1,2026-08-10 14:08:48.214425,2026-08-10 14:08:48.214425
1126,347,2,"According to the second passage, what detail is mentioned?",detail,Đáp án được xác định bằng cách đối chiếu các thông tin liên quan trong ba đoạn văn.,Thông tin chi tiết,A,2,2026-08-10 14:08:48.214425,2026-08-10 14:08:48.214425
1127,347,3,What does the third passage indicate?,detail,Đáp án được xác định bằng cách đối chiếu các thông tin liên quan trong ba đoạn văn.,Thông tin chi tiết,A,3,2026-08-10 14:08:48.214425,2026-08-10 14:08:48.214425
1128,347,4,What can be inferred from all three passages?,inference,Đáp án được xác định bằng cách đối chiếu các thông tin liên quan trong ba đoạn văn.,Suy luận,A,4,2026-08-10 14:08:48.214425,2026-08-10 14:08:48.214425
1129,347,5,Which statement is supported by the passages?,detail,Đáp án được xác định bằng cách đối chiếu các thông tin liên quan trong ba đoạn văn.,Thông tin chi tiết,A,5,2026-08-10 14:08:48.214425,2026-08-10 14:08:48.214425
1130,348,1,What is the main purpose of the first passage?,main_idea,Đáp án được xác định bằng cách đối chiếu các thông tin liên quan trong ba đoạn văn.,Ý chính,A,1,2026-08-10 14:08:48.214425,2026-08-10 14:08:48.214425
1131,348,2,"According to the second passage, what detail is mentioned?",detail,Đáp án được xác định bằng cách đối chiếu các thông tin liên quan trong ba đoạn văn.,Thông tin chi tiết,A,2,2026-08-10 14:08:48.214425,2026-08-10 14:08:48.214425
1132,348,3,What does the third passage indicate?,detail,Đáp án được xác định bằng cách đối chiếu các thông tin liên quan trong ba đoạn văn.,Thông tin chi tiết,A,3,2026-08-10 14:08:48.214425,2026-08-10 14:08:48.214425
1133,348,4,What can be inferred from all three passages?,inference,Đáp án được xác định bằng cách đối chiếu các thông tin liên quan trong ba đoạn văn.,Suy luận,A,4,2026-08-10 14:08:48.214425,2026-08-10 14:08:48.214425
1134,348,5,Which statement is supported by the passages?,detail,Đáp án được xác định bằng cách đối chiếu các thông tin liên quan trong ba đoạn văn.,Thông tin chi tiết,A,5,2026-08-10 14:08:48.214425,2026-08-10 14:08:48.214425
1135,349,1,What is the main purpose of the first passage?,main_idea,Đáp án được xác định bằng cách đối chiếu các thông tin liên quan trong ba đoạn văn.,Ý chính,A,1,2026-08-10 14:08:48.214425,2026-08-10 14:08:48.214425
1136,349,2,"According to the second passage, what detail is mentioned?",detail,Đáp án được xác định bằng cách đối chiếu các thông tin liên quan trong ba đoạn văn.,Thông tin chi tiết,A,2,2026-08-10 14:08:48.214425,2026-08-10 14:08:48.214425
1137,349,3,What does the third passage indicate?,detail,Đáp án được xác định bằng cách đối chiếu các thông tin liên quan trong ba đoạn văn.,Thông tin chi tiết,A,3,2026-08-10 14:08:48.214425,2026-08-10 14:08:48.214425
1138,349,4,What can be inferred from all three passages?,inference,Đáp án được xác định bằng cách đối chiếu các thông tin liên quan trong ba đoạn văn.,Suy luận,A,4,2026-08-10 14:08:48.214425,2026-08-10 14:08:48.214425
1139,349,5,Which statement is supported by the passages?,detail,Đáp án được xác định bằng cách đối chiếu các thông tin liên quan trong ba đoạn văn.,Thông tin chi tiết,A,5,2026-08-10 14:08:48.214425,2026-08-10 14:08:48.214425
1140,350,1,What is the main purpose of the first passage?,main_idea,Đáp án được xác định bằng cách đối chiếu các thông tin liên quan trong ba đoạn văn.,Ý chính,A,1,2026-08-10 14:08:48.214425,2026-08-10 14:08:48.214425
1141,350,2,"According to the second passage, what detail is mentioned?",detail,Đáp án được xác định bằng cách đối chiếu các thông tin liên quan trong ba đoạn văn.,Thông tin chi tiết,A,2,2026-08-10 14:08:48.214425,2026-08-10 14:08:48.214425
1142,350,3,What does the third passage indicate?,detail,Đáp án được xác định bằng cách đối chiếu các thông tin liên quan trong ba đoạn văn.,Thông tin chi tiết,A,3,2026-08-10 14:08:48.214425,2026-08-10 14:08:48.214425
1143,350,4,What can be inferred from all three passages?,inference,Đáp án được xác định bằng cách đối chiếu các thông tin liên quan trong ba đoạn văn.,Suy luận,A,4,2026-08-10 14:08:48.214425,2026-08-10 14:08:48.214425
1144,350,5,Which statement is supported by the passages?,detail,Đáp án được xác định bằng cách đối chiếu các thông tin liên quan trong ba đoạn văn.,Thông tin chi tiết,A,5,2026-08-10 14:08:48.214425,2026-08-10 14:08:48.214425
1145,351,1,What is the main purpose of the first passage?,main_idea,Đáp án được xác định bằng cách đối chiếu các thông tin liên quan trong ba đoạn văn.,Ý chính,A,1,2026-08-10 14:08:48.214425,2026-08-10 14:08:48.214425
1146,351,2,"According to the second passage, what detail is mentioned?",detail,Đáp án được xác định bằng cách đối chiếu các thông tin liên quan trong ba đoạn văn.,Thông tin chi tiết,A,2,2026-08-10 14:08:48.214425,2026-08-10 14:08:48.214425
1147,351,3,What does the third passage indicate?,detail,Đáp án được xác định bằng cách đối chiếu các thông tin liên quan trong ba đoạn văn.,Thông tin chi tiết,A,3,2026-08-10 14:08:48.214425,2026-08-10 14:08:48.214425
1148,351,4,What can be inferred from all three passages?,inference,Đáp án được xác định bằng cách đối chiếu các thông tin liên quan trong ba đoạn văn.,Suy luận,A,4,2026-08-10 14:08:48.214425,2026-08-10 14:08:48.214425
1149,351,5,Which statement is supported by the passages?,detail,Đáp án được xác định bằng cách đối chiếu các thông tin liên quan trong ba đoạn văn.,Thông tin chi tiết,A,5,2026-08-10 14:08:48.214425,2026-08-10 14:08:48.214425
1150,352,1,What is the main purpose of the first passage?,main_idea,Đáp án được xác định bằng cách đối chiếu các thông tin liên quan trong ba đoạn văn.,Ý chính,A,1,2026-08-10 14:08:48.214425,2026-08-10 14:08:48.214425
1151,352,2,"According to the second passage, what detail is mentioned?",detail,Đáp án được xác định bằng cách đối chiếu các thông tin liên quan trong ba đoạn văn.,Thông tin chi tiết,A,2,2026-08-10 14:08:48.214425,2026-08-10 14:08:48.214425
1152,352,3,What does the third passage indicate?,detail,Đáp án được xác định bằng cách đối chiếu các thông tin liên quan trong ba đoạn văn.,Thông tin chi tiết,A,3,2026-08-10 14:08:48.214425,2026-08-10 14:08:48.214425
1153,352,4,What can be inferred from all three passages?,inference,Đáp án được xác định bằng cách đối chiếu các thông tin liên quan trong ba đoạn văn.,Suy luận,A,4,2026-08-10 14:08:48.214425,2026-08-10 14:08:48.214425
1154,352,5,Which statement is supported by the passages?,detail,Đáp án được xác định bằng cách đối chiếu các thông tin liên quan trong ba đoạn văn.,Thông tin chi tiết,A,5,2026-08-10 14:08:48.214425,2026-08-10 14:08:48.214425
1155,353,1,What is the main purpose of the first passage?,main_idea,Đáp án được xác định bằng cách đối chiếu các thông tin liên quan trong ba đoạn văn.,Ý chính,A,1,2026-08-10 14:08:48.214425,2026-08-10 14:08:48.214425
1156,353,2,"According to the second passage, what detail is mentioned?",detail,Đáp án được xác định bằng cách đối chiếu các thông tin liên quan trong ba đoạn văn.,Thông tin chi tiết,A,2,2026-08-10 14:08:48.214425,2026-08-10 14:08:48.214425
1157,353,3,What does the third passage indicate?,detail,Đáp án được xác định bằng cách đối chiếu các thông tin liên quan trong ba đoạn văn.,Thông tin chi tiết,A,3,2026-08-10 14:08:48.214425,2026-08-10 14:08:48.214425
1158,353,4,What can be inferred from all three passages?,inference,Đáp án được xác định bằng cách đối chiếu các thông tin liên quan trong ba đoạn văn.,Suy luận,A,4,2026-08-10 14:08:48.214425,2026-08-10 14:08:48.214425
1159,353,5,Which statement is supported by the passages?,detail,Đáp án được xác định bằng cách đối chiếu các thông tin liên quan trong ba đoạn văn.,Thông tin chi tiết,A,5,2026-08-10 14:08:48.214425,2026-08-10 14:08:48.214425
1160,354,1,What is the main purpose of the first passage?,main_idea,Đáp án được xác định bằng cách đối chiếu các thông tin liên quan trong ba đoạn văn.,Ý chính,A,1,2026-08-10 14:08:48.214425,2026-08-10 14:08:48.214425
1161,354,2,"According to the second passage, what detail is mentioned?",detail,Đáp án được xác định bằng cách đối chiếu các thông tin liên quan trong ba đoạn văn.,Thông tin chi tiết,A,2,2026-08-10 14:08:48.214425,2026-08-10 14:08:48.214425
1162,354,3,What does the third passage indicate?,detail,Đáp án được xác định bằng cách đối chiếu các thông tin liên quan trong ba đoạn văn.,Thông tin chi tiết,A,3,2026-08-10 14:08:48.214425,2026-08-10 14:08:48.214425
1163,354,4,What can be inferred from all three passages?,inference,Đáp án được xác định bằng cách đối chiếu các thông tin liên quan trong ba đoạn văn.,Suy luận,A,4,2026-08-10 14:08:48.214425,2026-08-10 14:08:48.214425
1164,354,5,Which statement is supported by the passages?,detail,Đáp án được xác định bằng cách đối chiếu các thông tin liên quan trong ba đoạn văn.,Thông tin chi tiết,A,5,2026-08-10 14:08:48.214425,2026-08-10 14:08:48.214425
1165,355,1,What is the main purpose of the first passage?,main_idea,Đáp án được xác định bằng cách đối chiếu các thông tin liên quan trong ba đoạn văn.,Ý chính,A,1,2026-08-10 14:08:48.214425,2026-08-10 14:08:48.214425
1166,355,2,"According to the second passage, what detail is mentioned?",detail,Đáp án được xác định bằng cách đối chiếu các thông tin liên quan trong ba đoạn văn.,Thông tin chi tiết,A,2,2026-08-10 14:08:48.214425,2026-08-10 14:08:48.214425
1167,355,3,What does the third passage indicate?,detail,Đáp án được xác định bằng cách đối chiếu các thông tin liên quan trong ba đoạn văn.,Thông tin chi tiết,A,3,2026-08-10 14:08:48.214425,2026-08-10 14:08:48.214425
1168,355,4,What can be inferred from all three passages?,inference,Đáp án được xác định bằng cách đối chiếu các thông tin liên quan trong ba đoạn văn.,Suy luận,A,4,2026-08-10 14:08:48.214425,2026-08-10 14:08:48.214425
1169,355,5,Which statement is supported by the passages?,detail,Đáp án được xác định bằng cách đối chiếu các thông tin liên quan trong ba đoạn văn.,Thông tin chi tiết,A,5,2026-08-10 14:08:48.214425,2026-08-10 14:08:48.214425
1170,356,1,What is the main purpose of the first passage?,main_idea,Đáp án được xác định bằng cách đối chiếu các thông tin liên quan trong ba đoạn văn.,Ý chính,A,1,2026-08-10 14:08:48.214425,2026-08-10 14:08:48.214425
1171,356,2,"According to the second passage, what detail is mentioned?",detail,Đáp án được xác định bằng cách đối chiếu các thông tin liên quan trong ba đoạn văn.,Thông tin chi tiết,A,2,2026-08-10 14:08:48.214425,2026-08-10 14:08:48.214425
1172,356,3,What does the third passage indicate?,detail,Đáp án được xác định bằng cách đối chiếu các thông tin liên quan trong ba đoạn văn.,Thông tin chi tiết,A,3,2026-08-10 14:08:48.214425,2026-08-10 14:08:48.214425
1173,356,4,What can be inferred from all three passages?,inference,Đáp án được xác định bằng cách đối chiếu các thông tin liên quan trong ba đoạn văn.,Suy luận,A,4,2026-08-10 14:08:48.214425,2026-08-10 14:08:48.214425
1174,356,5,Which statement is supported by the passages?,detail,Đáp án được xác định bằng cách đối chiếu các thông tin liên quan trong ba đoạn văn.,Thông tin chi tiết,A,5,2026-08-10 14:08:48.214425,2026-08-10 14:08:48.214425
1175,357,1,What is the main purpose of the first passage?,main_idea,Đáp án được xác định bằng cách đối chiếu các thông tin liên quan trong ba đoạn văn.,Ý chính,A,1,2026-08-10 14:08:48.214425,2026-08-10 14:08:48.214425
1176,357,2,"According to the second passage, what detail is mentioned?",detail,Đáp án được xác định bằng cách đối chiếu các thông tin liên quan trong ba đoạn văn.,Thông tin chi tiết,A,2,2026-08-10 14:08:48.214425,2026-08-10 14:08:48.214425
1177,357,3,What does the third passage indicate?,detail,Đáp án được xác định bằng cách đối chiếu các thông tin liên quan trong ba đoạn văn.,Thông tin chi tiết,A,3,2026-08-10 14:08:48.214425,2026-08-10 14:08:48.214425
1178,357,4,What can be inferred from all three passages?,inference,Đáp án được xác định bằng cách đối chiếu các thông tin liên quan trong ba đoạn văn.,Suy luận,A,4,2026-08-10 14:08:48.214425,2026-08-10 14:08:48.214425
1179,357,5,Which statement is supported by the passages?,detail,Đáp án được xác định bằng cách đối chiếu các thông tin liên quan trong ba đoạn văn.,Thông tin chi tiết,A,5,2026-08-10 14:08:48.214425,2026-08-10 14:08:48.214425
1180,358,1,What is the main purpose of the first passage?,main_idea,Đáp án được xác định bằng cách đối chiếu các thông tin liên quan trong ba đoạn văn.,Ý chính,A,1,2026-08-10 14:08:48.214425,2026-08-10 14:08:48.214425
1181,358,2,"According to the second passage, what detail is mentioned?",detail,Đáp án được xác định bằng cách đối chiếu các thông tin liên quan trong ba đoạn văn.,Thông tin chi tiết,A,2,2026-08-10 14:08:48.214425,2026-08-10 14:08:48.214425
1182,358,3,What does the third passage indicate?,detail,Đáp án được xác định bằng cách đối chiếu các thông tin liên quan trong ba đoạn văn.,Thông tin chi tiết,A,3,2026-08-10 14:08:48.214425,2026-08-10 14:08:48.214425
1183,358,4,What can be inferred from all three passages?,inference,Đáp án được xác định bằng cách đối chiếu các thông tin liên quan trong ba đoạn văn.,Suy luận,A,4,2026-08-10 14:08:48.214425,2026-08-10 14:08:48.214425
1184,358,5,Which statement is supported by the passages?,detail,Đáp án được xác định bằng cách đối chiếu các thông tin liên quan trong ba đoạn văn.,Thông tin chi tiết,A,5,2026-08-10 14:08:48.214425,2026-08-10 14:08:48.214425
1185,359,1,What is the main purpose of the first passage?,main_idea,Đáp án được xác định bằng cách đối chiếu các thông tin liên quan trong ba đoạn văn.,Ý chính,A,1,2026-08-10 14:08:48.214425,2026-08-10 14:08:48.214425
1186,359,2,"According to the second passage, what detail is mentioned?",detail,Đáp án được xác định bằng cách đối chiếu các thông tin liên quan trong ba đoạn văn.,Thông tin chi tiết,A,2,2026-08-10 14:08:48.214425,2026-08-10 14:08:48.214425
1187,359,3,What does the third passage indicate?,detail,Đáp án được xác định bằng cách đối chiếu các thông tin liên quan trong ba đoạn văn.,Thông tin chi tiết,A,3,2026-08-10 14:08:48.214425,2026-08-10 14:08:48.214425
1188,359,4,What can be inferred from all three passages?,inference,Đáp án được xác định bằng cách đối chiếu các thông tin liên quan trong ba đoạn văn.,Suy luận,A,4,2026-08-10 14:08:48.214425,2026-08-10 14:08:48.214425
1189,359,5,Which statement is supported by the passages?,detail,Đáp án được xác định bằng cách đối chiếu các thông tin liên quan trong ba đoạn văn.,Thông tin chi tiết,A,5,2026-08-10 14:08:48.214425,2026-08-10 14:08:48.214425
1190,360,1,What is the main purpose of the first passage?,main_idea,Đáp án được xác định bằng cách đối chiếu các thông tin liên quan trong ba đoạn văn.,Ý chính,A,1,2026-08-10 14:08:48.214425,2026-08-10 14:08:48.214425
1191,360,2,"According to the second passage, what detail is mentioned?",detail,Đáp án được xác định bằng cách đối chiếu các thông tin liên quan trong ba đoạn văn.,Thông tin chi tiết,A,2,2026-08-10 14:08:48.214425,2026-08-10 14:08:48.214425
1192,360,3,What does the third passage indicate?,detail,Đáp án được xác định bằng cách đối chiếu các thông tin liên quan trong ba đoạn văn.,Thông tin chi tiết,A,3,2026-08-10 14:08:48.214425,2026-08-10 14:08:48.214425
1193,360,4,What can be inferred from all three passages?,inference,Đáp án được xác định bằng cách đối chiếu các thông tin liên quan trong ba đoạn văn.,Suy luận,A,4,2026-08-10 14:08:48.214425,2026-08-10 14:08:48.214425
1194,360,5,Which statement is supported by the passages?,detail,Đáp án được xác định bằng cách đối chiếu các thông tin liên quan trong ba đoạn văn.,Thông tin chi tiết,A,5,2026-08-10 14:08:48.214425,2026-08-10 14:08:48.214425
1195,361,1,What is the main purpose of the first passage?,main_idea,Đáp án được xác định bằng cách đối chiếu các thông tin liên quan trong ba đoạn văn.,Ý chính,A,1,2026-08-10 14:08:48.214425,2026-08-10 14:08:48.214425
1196,361,2,"According to the second passage, what detail is mentioned?",detail,Đáp án được xác định bằng cách đối chiếu các thông tin liên quan trong ba đoạn văn.,Thông tin chi tiết,A,2,2026-08-10 14:08:48.214425,2026-08-10 14:08:48.214425
1197,361,3,What does the third passage indicate?,detail,Đáp án được xác định bằng cách đối chiếu các thông tin liên quan trong ba đoạn văn.,Thông tin chi tiết,A,3,2026-08-10 14:08:48.214425,2026-08-10 14:08:48.214425
1198,361,4,What can be inferred from all three passages?,inference,Đáp án được xác định bằng cách đối chiếu các thông tin liên quan trong ba đoạn văn.,Suy luận,A,4,2026-08-10 14:08:48.214425,2026-08-10 14:08:48.214425
1199,361,5,Which statement is supported by the passages?,detail,Đáp án được xác định bằng cách đối chiếu các thông tin liên quan trong ba đoạn văn.,Thông tin chi tiết,A,5,2026-08-10 14:08:48.214425,2026-08-10 14:08:48.214425
1200,362,1,What is the main purpose of the first passage?,main_idea,Đáp án được xác định bằng cách đối chiếu các thông tin liên quan trong ba đoạn văn.,Ý chính,A,1,2026-08-10 14:08:48.214425,2026-08-10 14:08:48.214425
1201,362,2,"According to the second passage, what detail is mentioned?",detail,Đáp án được xác định bằng cách đối chiếu các thông tin liên quan trong ba đoạn văn.,Thông tin chi tiết,A,2,2026-08-10 14:08:48.214425,2026-08-10 14:08:48.214425
1202,362,3,What does the third passage indicate?,detail,Đáp án được xác định bằng cách đối chiếu các thông tin liên quan trong ba đoạn văn.,Thông tin chi tiết,A,3,2026-08-10 14:08:48.214425,2026-08-10 14:08:48.214425
1203,362,4,What can be inferred from all three passages?,inference,Đáp án được xác định bằng cách đối chiếu các thông tin liên quan trong ba đoạn văn.,Suy luận,A,4,2026-08-10 14:08:48.214425,2026-08-10 14:08:48.214425
1204,362,5,Which statement is supported by the passages?,detail,Đáp án được xác định bằng cách đối chiếu các thông tin liên quan trong ba đoạn văn.,Thông tin chi tiết,A,5,2026-08-10 14:08:48.214425,2026-08-10 14:08:48.214425
1205,363,1,What is the main purpose of the first passage?,main_idea,Đáp án được xác định bằng cách đối chiếu các thông tin liên quan trong ba đoạn văn.,Ý chính,A,1,2026-08-10 14:08:48.214425,2026-08-10 14:08:48.214425
1206,363,2,"According to the second passage, what detail is mentioned?",detail,Đáp án được xác định bằng cách đối chiếu các thông tin liên quan trong ba đoạn văn.,Thông tin chi tiết,A,2,2026-08-10 14:08:48.214425,2026-08-10 14:08:48.214425
1207,363,3,What does the third passage indicate?,detail,Đáp án được xác định bằng cách đối chiếu các thông tin liên quan trong ba đoạn văn.,Thông tin chi tiết,A,3,2026-08-10 14:08:48.214425,2026-08-10 14:08:48.214425
1208,363,4,What can be inferred from all three passages?,inference,Đáp án được xác định bằng cách đối chiếu các thông tin liên quan trong ba đoạn văn.,Suy luận,A,4,2026-08-10 14:08:48.214425,2026-08-10 14:08:48.214425
1209,363,5,Which statement is supported by the passages?,detail,Đáp án được xác định bằng cách đối chiếu các thông tin liên quan trong ba đoạn văn.,Thông tin chi tiết,A,5,2026-08-10 14:08:48.214425,2026-08-10 14:08:48.214425
1210,364,1,What is the main purpose of the first passage?,main_idea,Đáp án được xác định bằng cách đối chiếu các thông tin liên quan trong ba đoạn văn.,Ý chính,A,1,2026-08-10 14:08:48.214425,2026-08-10 14:08:48.214425
1211,364,2,"According to the second passage, what detail is mentioned?",detail,Đáp án được xác định bằng cách đối chiếu các thông tin liên quan trong ba đoạn văn.,Thông tin chi tiết,A,2,2026-08-10 14:08:48.214425,2026-08-10 14:08:48.214425
1212,364,3,What does the third passage indicate?,detail,Đáp án được xác định bằng cách đối chiếu các thông tin liên quan trong ba đoạn văn.,Thông tin chi tiết,A,3,2026-08-10 14:08:48.214425,2026-08-10 14:08:48.214425
1213,364,4,What can be inferred from all three passages?,inference,Đáp án được xác định bằng cách đối chiếu các thông tin liên quan trong ba đoạn văn.,Suy luận,A,4,2026-08-10 14:08:48.214425,2026-08-10 14:08:48.214425
1214,364,5,Which statement is supported by the passages?,detail,Đáp án được xác định bằng cách đối chiếu các thông tin liên quan trong ba đoạn văn.,Thông tin chi tiết,A,5,2026-08-10 14:08:48.214425,2026-08-10 14:08:48.214425
1215,365,1,What is the main purpose of the first passage?,main_idea,Đáp án được xác định bằng cách đối chiếu các thông tin liên quan trong ba đoạn văn.,Ý chính,A,1,2026-08-10 14:08:48.214425,2026-08-10 14:08:48.214425
1216,365,2,"According to the second passage, what detail is mentioned?",detail,Đáp án được xác định bằng cách đối chiếu các thông tin liên quan trong ba đoạn văn.,Thông tin chi tiết,A,2,2026-08-10 14:08:48.214425,2026-08-10 14:08:48.214425
1217,365,3,What does the third passage indicate?,detail,Đáp án được xác định bằng cách đối chiếu các thông tin liên quan trong ba đoạn văn.,Thông tin chi tiết,A,3,2026-08-10 14:08:48.214425,2026-08-10 14:08:48.214425
1218,365,4,What can be inferred from all three passages?,inference,Đáp án được xác định bằng cách đối chiếu các thông tin liên quan trong ba đoạn văn.,Suy luận,A,4,2026-08-10 14:08:48.214425,2026-08-10 14:08:48.214425
1219,365,5,Which statement is supported by the passages?,detail,Đáp án được xác định bằng cách đối chiếu các thông tin liên quan trong ba đoạn văn.,Thông tin chi tiết,A,5,2026-08-10 14:08:48.214425,2026-08-10 14:08:48.214425
1220,366,1,What is the main purpose of the first passage?,main_idea,Đáp án được xác định bằng cách đối chiếu các thông tin liên quan trong ba đoạn văn.,Ý chính,A,1,2026-08-10 14:08:48.214425,2026-08-10 14:08:48.214425
1221,366,2,"According to the second passage, what detail is mentioned?",detail,Đáp án được xác định bằng cách đối chiếu các thông tin liên quan trong ba đoạn văn.,Thông tin chi tiết,A,2,2026-08-10 14:08:48.214425,2026-08-10 14:08:48.214425
1222,366,3,What does the third passage indicate?,detail,Đáp án được xác định bằng cách đối chiếu các thông tin liên quan trong ba đoạn văn.,Thông tin chi tiết,A,3,2026-08-10 14:08:48.214425,2026-08-10 14:08:48.214425
1223,366,4,What can be inferred from all three passages?,inference,Đáp án được xác định bằng cách đối chiếu các thông tin liên quan trong ba đoạn văn.,Suy luận,A,4,2026-08-10 14:08:48.214425,2026-08-10 14:08:48.214425
1224,366,5,Which statement is supported by the passages?,detail,Đáp án được xác định bằng cách đối chiếu các thông tin liên quan trong ba đoạn văn.,Thông tin chi tiết,A,5,2026-08-10 14:08:48.214425,2026-08-10 14:08:48.214425
1225,367,1,What is the main purpose of the first passage?,main_idea,Đáp án được xác định bằng cách đối chiếu các thông tin liên quan trong ba đoạn văn.,Ý chính,A,1,2026-08-10 14:08:48.214425,2026-08-10 14:08:48.214425
1226,367,2,"According to the second passage, what detail is mentioned?",detail,Đáp án được xác định bằng cách đối chiếu các thông tin liên quan trong ba đoạn văn.,Thông tin chi tiết,A,2,2026-08-10 14:08:48.214425,2026-08-10 14:08:48.214425
1227,367,3,What does the third passage indicate?,detail,Đáp án được xác định bằng cách đối chiếu các thông tin liên quan trong ba đoạn văn.,Thông tin chi tiết,A,3,2026-08-10 14:08:48.214425,2026-08-10 14:08:48.214425
1228,367,4,What can be inferred from all three passages?,inference,Đáp án được xác định bằng cách đối chiếu các thông tin liên quan trong ba đoạn văn.,Suy luận,A,4,2026-08-10 14:08:48.214425,2026-08-10 14:08:48.214425
1229,367,5,Which statement is supported by the passages?,detail,Đáp án được xác định bằng cách đối chiếu các thông tin liên quan trong ba đoạn văn.,Thông tin chi tiết,A,5,2026-08-10 14:08:48.214425,2026-08-10 14:08:48.214425
1230,368,1,What is the main purpose of the first passage?,main_idea,Đáp án được xác định bằng cách đối chiếu các thông tin liên quan trong ba đoạn văn.,Ý chính,A,1,2026-08-10 14:08:48.214425,2026-08-10 14:08:48.214425
1231,368,2,"According to the second passage, what detail is mentioned?",detail,Đáp án được xác định bằng cách đối chiếu các thông tin liên quan trong ba đoạn văn.,Thông tin chi tiết,A,2,2026-08-10 14:08:48.214425,2026-08-10 14:08:48.214425
1232,368,3,What does the third passage indicate?,detail,Đáp án được xác định bằng cách đối chiếu các thông tin liên quan trong ba đoạn văn.,Thông tin chi tiết,A,3,2026-08-10 14:08:48.214425,2026-08-10 14:08:48.214425
1233,368,4,What can be inferred from all three passages?,inference,Đáp án được xác định bằng cách đối chiếu các thông tin liên quan trong ba đoạn văn.,Suy luận,A,4,2026-08-10 14:08:48.214425,2026-08-10 14:08:48.214425
1234,368,5,Which statement is supported by the passages?,detail,Đáp án được xác định bằng cách đối chiếu các thông tin liên quan trong ba đoạn văn.,Thông tin chi tiết,A,5,2026-08-10 14:08:48.214425,2026-08-10 14:08:48.214425
1235,369,1,What is the main purpose of the first passage?,main_idea,Đáp án được xác định bằng cách đối chiếu các thông tin liên quan trong ba đoạn văn.,Ý chính,A,1,2026-08-10 14:08:48.214425,2026-08-10 14:08:48.214425
1236,369,2,"According to the second passage, what detail is mentioned?",detail,Đáp án được xác định bằng cách đối chiếu các thông tin liên quan trong ba đoạn văn.,Thông tin chi tiết,A,2,2026-08-10 14:08:48.214425,2026-08-10 14:08:48.214425
1237,369,3,What does the third passage indicate?,detail,Đáp án được xác định bằng cách đối chiếu các thông tin liên quan trong ba đoạn văn.,Thông tin chi tiết,A,3,2026-08-10 14:08:48.214425,2026-08-10 14:08:48.214425
1238,369,4,What can be inferred from all three passages?,inference,Đáp án được xác định bằng cách đối chiếu các thông tin liên quan trong ba đoạn văn.,Suy luận,A,4,2026-08-10 14:08:48.214425,2026-08-10 14:08:48.214425
1239,369,5,Which statement is supported by the passages?,detail,Đáp án được xác định bằng cách đối chiếu các thông tin liên quan trong ba đoạn văn.,Thông tin chi tiết,A,5,2026-08-10 14:08:48.214425,2026-08-10 14:08:48.214425
1240,370,1,What is the main purpose of the first passage?,main_idea,Đáp án được xác định bằng cách đối chiếu các thông tin liên quan trong ba đoạn văn.,Ý chính,A,1,2026-08-10 14:08:48.214425,2026-08-10 14:08:48.214425
1241,370,2,"According to the second passage, what detail is mentioned?",detail,Đáp án được xác định bằng cách đối chiếu các thông tin liên quan trong ba đoạn văn.,Thông tin chi tiết,A,2,2026-08-10 14:08:48.214425,2026-08-10 14:08:48.214425
1242,370,3,What does the third passage indicate?,detail,Đáp án được xác định bằng cách đối chiếu các thông tin liên quan trong ba đoạn văn.,Thông tin chi tiết,A,3,2026-08-10 14:08:48.214425,2026-08-10 14:08:48.214425
1243,370,4,What can be inferred from all three passages?,inference,Đáp án được xác định bằng cách đối chiếu các thông tin liên quan trong ba đoạn văn.,Suy luận,A,4,2026-08-10 14:08:48.214425,2026-08-10 14:08:48.214425
1244,370,5,Which statement is supported by the passages?,detail,Đáp án được xác định bằng cách đối chiếu các thông tin liên quan trong ba đoạn văn.,Thông tin chi tiết,A,5,2026-08-10 14:08:48.214425,2026-08-10 14:08:48.214425
