id,group_id,question_number,question_text,explanation,display_order,created_at,updated_at,knowledge
1,1,1,Look at the picture and listen to the four statements.,Correct answer: C. Image: /listening/part1/images/q01.jpg,1,2026-08-09 17:24:00.807443,2026-08-09 17:24:00.807443,
2,2,2,Look at the picture and listen to the four statements.,Correct answer: B. Image: /listening/part1/images/q02.jpg,2,2026-08-09 17:24:00.807443,2026-08-09 17:24:00.807443,
3,3,3,Look at the picture and listen to the four statements.,Correct answer: C. Image: /listening/part1/images/q03.jpg,3,2026-08-09 17:24:00.807443,2026-08-09 17:24:00.807443,
4,4,4,Look at the picture and listen to the four statements.,Correct answer: B. Image: /listening/part1/images/q04.jpg,4,2026-08-09 17:24:00.807443,2026-08-09 17:24:00.807443,
5,5,5,Look at the picture and listen to the four statements.,Correct answer: D. Image: /listening/part1/images/q05.jpg,5,2026-08-09 17:24:00.807443,2026-08-09 17:24:00.807443,
6,6,6,Look at the picture and listen to the four statements.,Correct answer: D. Image: /listening/part1/images/q06.jpg,6,2026-08-09 17:24:00.807443,2026-08-09 17:24:00.807443,
7,7,7,Look at the picture and listen to the four statements.,Correct answer: B. Image: /listening/part1/images/q07.jpg,7,2026-08-09 17:24:00.807443,2026-08-09 17:24:00.807443,
8,8,8,Look at the picture and listen to the four statements.,Correct answer: A. Image: /listening/part1/images/q08.jpg,8,2026-08-09 17:24:00.807443,2026-08-09 17:24:00.807443,
10,10,10,Look at the picture and listen to the four statements.,Correct answer: A. Image: /listening/part1/images/q10.jpg,10,2026-08-09 17:24:00.807443,2026-08-09 17:24:00.807443,
11,11,11,Look at the picture and listen to the four statements.,Correct answer: B. Image: /listening/part1/images/q11.jpg,11,2026-08-09 17:24:00.807443,2026-08-09 17:24:00.807443,
12,12,12,Look at the picture and listen to the four statements.,Correct answer: D. Image: /listening/part1/images/q12.jpg,12,2026-08-09 17:24:00.807443,2026-08-09 17:24:00.807443,
13,13,13,Look at the picture and listen to the four statements.,Correct answer: D. Image: /listening/part1/images/q13.jpg,13,2026-08-09 17:24:00.807443,2026-08-09 17:24:00.807443,
14,14,14,Look at the picture and listen to the four statements.,Correct answer: C. Image: /listening/part1/images/q14.jpg,14,2026-08-09 17:24:00.807443,2026-08-09 17:24:00.807443,
15,15,15,Look at the picture and listen to the four statements.,Correct answer: A. Image: /listening/part1/images/q15.jpg,15,2026-08-09 17:24:00.807443,2026-08-09 17:24:00.807443,
16,16,16,Look at the picture and listen to the four statements.,Correct answer: A. Image: /listening/part1/images/q16.jpg,16,2026-08-09 17:24:00.807443,2026-08-09 17:24:00.807443,
17,17,17,Look at the picture and listen to the four statements.,Correct answer: D. Image: /listening/part1/images/q17.jpg,17,2026-08-09 17:24:00.807443,2026-08-09 17:24:00.807443,
18,18,18,Look at the picture and listen to the four statements.,Correct answer: C. Image: /listening/part1/images/q18.jpg,18,2026-08-09 17:24:00.807443,2026-08-09 17:24:00.807443,
19,19,19,Look at the picture and listen to the four statements.,Correct answer: A. Image: /listening/part1/images/q19.jpg,19,2026-08-09 17:24:00.807443,2026-08-09 17:24:00.807443,
20,20,20,Look at the picture and listen to the four statements.,Correct answer: C. Image: /listening/part1/images/q20.jpg,20,2026-08-09 17:24:00.807443,2026-08-09 17:24:00.807443,
21,21,21,Look at the picture and listen to the four statements.,Correct answer: B. Image: /listening/part1/images/q21.jpg,21,2026-08-09 17:24:00.807443,2026-08-09 17:24:00.807443,
22,22,22,Look at the picture and listen to the four statements.,Correct answer: B. Image: /listening/part1/images/q22.jpg,22,2026-08-09 17:24:00.807443,2026-08-09 17:24:00.807443,
23,23,23,Look at the picture and listen to the four statements.,Correct answer: B. Image: /listening/part1/images/q23.jpg,23,2026-08-09 17:24:00.807443,2026-08-09 17:24:00.807443,
24,24,24,Look at the picture and listen to the four statements.,Correct answer: D. Image: /listening/part1/images/q24.jpg,24,2026-08-09 17:24:00.807443,2026-08-09 17:24:00.807443,
25,25,25,Look at the picture and listen to the four statements.,Correct answer: B. Image: /listening/part1/images/q25.jpg,25,2026-08-09 17:24:00.807443,2026-08-09 17:24:00.807443,
26,26,26,Look at the picture and listen to the four statements.,Correct answer: B. Image: /listening/part1/images/q26.jpg,26,2026-08-09 17:24:00.807443,2026-08-09 17:24:00.807443,
27,27,27,Look at the picture and listen to the four statements.,Correct answer: B. Image: /listening/part1/images/q27.jpg,27,2026-08-09 17:24:00.807443,2026-08-09 17:24:00.807443,
28,28,28,Look at the picture and listen to the four statements.,Correct answer: B. Image: /listening/part1/images/q28.jpg,28,2026-08-09 17:24:00.807443,2026-08-09 17:24:00.807443,
29,29,29,Look at the picture and listen to the four statements.,Correct answer: D. Image: /listening/part1/images/q29.jpg,29,2026-08-09 17:24:00.807443,2026-08-09 17:24:00.807443,
30,30,30,Look at the picture and listen to the four statements.,Correct answer: B. Image: /listening/part1/images/q30.jpg,30,2026-08-09 17:24:00.807443,2026-08-09 17:24:00.807443,
31,31,31,Look at the picture and listen to the four statements.,Correct answer: C. Image: /listening/part1/images/q31.jpg,31,2026-08-09 17:24:00.807443,2026-08-09 17:24:00.807443,
32,32,32,Look at the picture and listen to the four statements.,Correct answer: A. Image: /listening/part1/images/q32.jpg,32,2026-08-09 17:24:00.807443,2026-08-09 17:24:00.807443,
33,33,33,Look at the picture and listen to the four statements.,Correct answer: A. Image: /listening/part1/images/q33.jpg,33,2026-08-09 17:24:00.807443,2026-08-09 17:24:00.807443,
34,34,34,Look at the picture and listen to the four statements.,Correct answer: C. Image: /listening/part1/images/q34.jpg,34,2026-08-09 17:24:00.807443,2026-08-09 17:24:00.807443,
35,35,35,Look at the picture and listen to the four statements.,Correct answer: C. Image: /listening/part1/images/q35.jpg,35,2026-08-09 17:24:00.807443,2026-08-09 17:24:00.807443,
36,36,36,Look at the picture and listen to the four statements.,Correct answer: B. Image: /listening/part1/images/q36.jpg,36,2026-08-09 17:24:00.807443,2026-08-09 17:24:00.807443,
37,37,37,Look at the picture and listen to the four statements.,Correct answer: A. Image: /listening/part1/images/q37.jpg,37,2026-08-09 17:24:00.807443,2026-08-09 17:24:00.807443,
38,38,38,Look at the picture and listen to the four statements.,Correct answer: D. Image: /listening/part1/images/q38.jpg,38,2026-08-09 17:24:00.807443,2026-08-09 17:24:00.807443,
39,39,39,Look at the picture and listen to the four statements.,Correct answer: B. Image: /listening/part1/images/q39.jpg,39,2026-08-09 17:24:00.807443,2026-08-09 17:24:00.807443,
40,40,40,Look at the picture and listen to the four statements.,Correct answer: A. Image: /listening/part1/images/q40.jpg,40,2026-08-09 17:24:00.807443,2026-08-09 17:24:00.807443,
41,41,41,Look at the picture and listen to the four statements.,Correct answer: B. Image: /listening/part1/images/q41.jpg,41,2026-08-09 17:24:00.807443,2026-08-09 17:24:00.807443,
42,42,42,Look at the picture and listen to the four statements.,Correct answer: D. Image: /listening/part1/images/q42.jpg,42,2026-08-09 17:24:00.807443,2026-08-09 17:24:00.807443,
43,43,43,Look at the picture and listen to the four statements.,Correct answer: C. Image: /listening/part1/images/q43.jpg,43,2026-08-09 17:24:00.807443,2026-08-09 17:24:00.807443,
44,44,44,Look at the picture and listen to the four statements.,Correct answer: D. Image: /listening/part1/images/q44.jpg,44,2026-08-09 17:24:00.807443,2026-08-09 17:24:00.807443,
45,45,45,Look at the picture and listen to the four statements.,Correct answer: D. Image: /listening/part1/images/q45.jpg,45,2026-08-09 17:24:00.807443,2026-08-09 17:24:00.807443,
46,46,46,Look at the picture and listen to the four statements.,Correct answer: B. Image: /listening/part1/images/q46.jpg,46,2026-08-09 17:24:00.807443,2026-08-09 17:24:00.807443,
47,47,47,Look at the picture and listen to the four statements.,Correct answer: C. Image: /listening/part1/images/q47.jpg,47,2026-08-09 17:24:00.807443,2026-08-09 17:24:00.807443,
48,48,48,Look at the picture and listen to the four statements.,Correct answer: A. Image: /listening/part1/images/q48.jpg,48,2026-08-09 17:24:00.807443,2026-08-09 17:24:00.807443,
49,49,49,Look at the picture and listen to the four statements.,Correct answer: C. Image: /listening/part1/images/q49.jpg,49,2026-08-09 17:24:00.807443,2026-08-09 17:24:00.807443,
50,50,50,Look at the picture and listen to the four statements.,Correct answer: A. Image: /listening/part1/images/q50.jpg,50,2026-08-09 17:24:00.807443,2026-08-09 17:24:00.807443,
51,51,51,Look at the picture and listen to the four statements.,Correct answer: C. Image: /listening/part1/images/q51.jpg,51,2026-08-09 17:24:00.807443,2026-08-09 17:24:00.807443,
52,52,52,Look at the picture and listen to the four statements.,Correct answer: D. Image: /listening/part1/images/q52.jpg,52,2026-08-09 17:24:00.807443,2026-08-09 17:24:00.807443,
53,53,53,Look at the picture and listen to the four statements.,Correct answer: D. Image: /listening/part1/images/q53.jpg,53,2026-08-09 17:24:00.807443,2026-08-09 17:24:00.807443,
54,54,54,Look at the picture and listen to the four statements.,Correct answer: A. Image: /listening/part1/images/q54.jpg,54,2026-08-09 17:24:00.807443,2026-08-09 17:24:00.807443,
55,55,55,Look at the picture and listen to the four statements.,Correct answer: C. Image: /listening/part1/images/q55.jpg,55,2026-08-09 17:24:00.807443,2026-08-09 17:24:00.807443,
56,56,56,Look at the picture and listen to the four statements.,Correct answer: B. Image: /listening/part1/images/q56.jpg,56,2026-08-09 17:24:00.807443,2026-08-09 17:24:00.807443,
57,57,57,Look at the picture and listen to the four statements.,Correct answer: B. Image: /listening/part1/images/q57.jpg,57,2026-08-09 17:24:00.807443,2026-08-09 17:24:00.807443,
58,58,58,Look at the picture and listen to the four statements.,Correct answer: C. Image: /listening/part1/images/q58.jpg,58,2026-08-09 17:24:00.807443,2026-08-09 17:24:00.807443,
59,59,59,Look at the picture and listen to the four statements.,Correct answer: B. Image: /listening/part1/images/q59.jpg,59,2026-08-09 17:24:00.807443,2026-08-09 17:24:00.807443,
60,60,60,Look at the picture and listen to the four statements.,Correct answer: B. Image: /listening/part1/images/q60.jpg,60,2026-08-09 17:24:00.807443,2026-08-09 17:24:00.807443,
61,61,61,Look at the picture and listen to the four statements.,Correct answer: D. Image: /listening/part1/images/q61.jpg,61,2026-08-09 17:24:00.807443,2026-08-09 17:24:00.807443,
62,62,62,Look at the picture and listen to the four statements.,Correct answer: B. Image: /listening/part1/images/q62.jpg,62,2026-08-09 17:24:00.807443,2026-08-09 17:24:00.807443,
63,63,63,Look at the picture and listen to the four statements.,Correct answer: A. Image: /listening/part1/images/q63.jpg,63,2026-08-09 17:24:00.807443,2026-08-09 17:24:00.807443,
64,64,64,Look at the picture and listen to the four statements.,Correct answer: D. Image: /listening/part1/images/q64.jpg,64,2026-08-09 17:24:00.807443,2026-08-09 17:24:00.807443,
65,65,65,Look at the picture and listen to the four statements.,Correct answer: A. Image: /listening/part1/images/q65.jpg,65,2026-08-09 17:24:00.807443,2026-08-09 17:24:00.807443,
66,66,66,Look at the picture and listen to the four statements.,Correct answer: A. Image: /listening/part1/images/q66.jpg,66,2026-08-09 17:24:00.807443,2026-08-09 17:24:00.807443,
67,67,67,Look at the picture and listen to the four statements.,Correct answer: C. Image: /listening/part1/images/q67.jpg,67,2026-08-09 17:24:00.807443,2026-08-09 17:24:00.807443,
68,68,68,Look at the picture and listen to the four statements.,Correct answer: A. Image: /listening/part1/images/q68.jpg,68,2026-08-09 17:24:00.807443,2026-08-09 17:24:00.807443,
69,69,69,Look at the picture and listen to the four statements.,Correct answer: D. Image: /listening/part1/images/q69.jpg,69,2026-08-09 17:24:00.807443,2026-08-09 17:24:00.807443,
70,70,70,Look at the picture and listen to the four statements.,Correct answer: D. Image: /listening/part1/images/q70.jpg,70,2026-08-09 17:24:00.807443,2026-08-09 17:24:00.807443,
71,71,71,Look at the picture and listen to the four statements.,Correct answer: B. Image: /listening/part1/images/q71.jpg,71,2026-08-09 17:24:00.807443,2026-08-09 17:24:00.807443,
72,72,72,Look at the picture and listen to the four statements.,Correct answer: C. Image: /listening/part1/images/q72.jpg,72,2026-08-09 17:24:00.807443,2026-08-09 17:24:00.807443,
73,73,73,Look at the picture and listen to the four statements.,Correct answer: C. Image: /listening/part1/images/q73.jpg,73,2026-08-09 17:24:00.807443,2026-08-09 17:24:00.807443,
74,74,74,Look at the picture and listen to the four statements.,Correct answer: B. Image: /listening/part1/images/q74.jpg,74,2026-08-09 17:24:00.807443,2026-08-09 17:24:00.807443,
75,75,75,Look at the picture and listen to the four statements.,Correct answer: B. Image: /listening/part1/images/q75.jpg,75,2026-08-09 17:24:00.807443,2026-08-09 17:24:00.807443,
76,76,76,Look at the picture and listen to the four statements.,Correct answer: D. Image: /listening/part1/images/q76.jpg,76,2026-08-09 17:24:00.807443,2026-08-09 17:24:00.807443,
77,77,77,Look at the picture and listen to the four statements.,Correct answer: C. Image: /listening/part1/images/q77.jpg,77,2026-08-09 17:24:00.807443,2026-08-09 17:24:00.807443,
78,78,78,Look at the picture and listen to the four statements.,Correct answer: C. Image: /listening/part1/images/q78.jpg,78,2026-08-09 17:24:00.807443,2026-08-09 17:24:00.807443,
79,79,79,Look at the picture and listen to the four statements.,Correct answer: B. Image: /listening/part1/images/q79.jpg,79,2026-08-09 17:24:00.807443,2026-08-09 17:24:00.807443,
80,80,80,Look at the picture and listen to the four statements.,Correct answer: B. Image: /listening/part1/images/q80.jpg,80,2026-08-09 17:24:00.807443,2026-08-09 17:24:00.807443,
81,81,81,Look at the picture and listen to the four statements.,Correct answer: D. Image: /listening/part1/images/q81.jpg,81,2026-08-09 17:24:00.807443,2026-08-09 17:24:00.807443,
82,82,82,Look at the picture and listen to the four statements.,Correct answer: B. Image: /listening/part1/images/q82.jpg,82,2026-08-09 17:24:00.807443,2026-08-09 17:24:00.807443,
83,83,83,Look at the picture and listen to the four statements.,Correct answer: B. Image: /listening/part1/images/q83.jpg,83,2026-08-09 17:24:00.807443,2026-08-09 17:24:00.807443,
84,84,84,Look at the picture and listen to the four statements.,Correct answer: B. Image: /listening/part1/images/q84.jpg,84,2026-08-09 17:24:00.807443,2026-08-09 17:24:00.807443,
85,85,85,Look at the picture and listen to the four statements.,Correct answer: A. Image: /listening/part1/images/q85.jpg,85,2026-08-09 17:24:00.807443,2026-08-09 17:24:00.807443,
86,86,86,Look at the picture and listen to the four statements.,Correct answer: D. Image: /listening/part1/images/q86.jpg,86,2026-08-09 17:24:00.807443,2026-08-09 17:24:00.807443,
87,87,87,Look at the picture and listen to the four statements.,Correct answer: C. Image: /listening/part1/images/q87.jpg,87,2026-08-09 17:24:00.807443,2026-08-09 17:24:00.807443,
88,88,88,Look at the picture and listen to the four statements.,Correct answer: B. Image: /listening/part1/images/q88.jpg,88,2026-08-09 17:24:00.807443,2026-08-09 17:24:00.807443,
89,89,89,Look at the picture and listen to the four statements.,Correct answer: C. Image: /listening/part1/images/q89.jpg,89,2026-08-09 17:24:00.807443,2026-08-09 17:24:00.807443,
90,90,90,Look at the picture and listen to the four statements.,Correct answer: A. Image: /listening/part1/images/q90.jpg,90,2026-08-09 17:24:00.807443,2026-08-09 17:24:00.807443,
91,91,91,Look at the picture and listen to the four statements.,Correct answer: B. Image: /listening/part1/images/q91.jpg,91,2026-08-09 17:24:00.807443,2026-08-09 17:24:00.807443,
92,92,92,Look at the picture and listen to the four statements.,Correct answer: C. Image: /listening/part1/images/q92.jpg,92,2026-08-09 17:24:00.807443,2026-08-09 17:24:00.807443,
93,93,93,Look at the picture and listen to the four statements.,Correct answer: D. Image: /listening/part1/images/q93.jpg,93,2026-08-09 17:24:00.807443,2026-08-09 17:24:00.807443,
94,94,94,Look at the picture and listen to the four statements.,Correct answer: B. Image: /listening/part1/images/q94.jpg,94,2026-08-09 17:24:00.807443,2026-08-09 17:24:00.807443,
95,95,95,Look at the picture and listen to the four statements.,Correct answer: A. Image: /listening/part1/images/q95.jpg,95,2026-08-09 17:24:00.807443,2026-08-09 17:24:00.807443,
96,96,96,Look at the picture and listen to the four statements.,Correct answer: B. Image: /listening/part1/images/q96.jpg,96,2026-08-09 17:24:00.807443,2026-08-09 17:24:00.807443,
97,97,97,Look at the picture and listen to the four statements.,Correct answer: D. Image: /listening/part1/images/q97.jpg,97,2026-08-09 17:24:00.807443,2026-08-09 17:24:00.807443,
98,98,98,Look at the picture and listen to the four statements.,Correct answer: C. Image: /listening/part1/images/q98.jpg,98,2026-08-09 17:24:00.807443,2026-08-09 17:24:00.807443,
99,99,99,Look at the picture and listen to the four statements.,Correct answer: C. Image: /listening/part1/images/q99.jpg,99,2026-08-09 17:24:00.807443,2026-08-09 17:24:00.807443,
100,100,100,Look at the picture and listen to the four statements.,Correct answer: C. Image: /listening/part1/images/q100.jpg,100,2026-08-09 17:24:00.807443,2026-08-09 17:24:00.807443,
201,201,1,What are the speakers mainly discussing?,The speakers are discussing how to prepare printer paper for the office supplies.,1,2026-08-09 21:13:23.227169,2026-08-09 21:13:23.227169,
202,201,2,Where will Daniel get the item?,Daniel says that the item will be obtained from the storage room.,2,2026-08-09 21:13:23.227169,2026-08-09 21:13:23.227169,
203,201,3,When should everything be ready?,Maya says the items should be ready by this afternoon.,3,2026-08-09 21:13:23.227169,2026-08-09 21:13:23.227169,
204,202,1,What are the speakers mainly discussing?,The speakers are discussing how to prepare the sales meeting for the meeting schedule.,1,2026-08-09 21:13:23.227169,2026-08-09 21:13:23.227169,
205,202,2,Where will Brian get the item?,Brian says that the item will be obtained from Room 204.,2,2026-08-09 21:13:23.227169,2026-08-09 21:13:23.227169,
206,202,3,When should everything be ready?,Anna says the items should be ready by tomorrow morning.,3,2026-08-09 21:13:23.227169,2026-08-09 21:13:23.227169,
207,203,1,What are the speakers mainly discussing?,The speakers are discussing how to prepare a hotel room for the business trip.,1,2026-08-09 21:13:23.227169,2026-08-09 21:13:23.227169,
208,203,2,Where will Kevin get the item?,Kevin says that the item will be obtained from the downtown hotel.,2,2026-08-09 21:13:23.227169,2026-08-09 21:13:23.227169,
209,203,3,When should everything be ready?,Laura says the items should be ready by Friday evening.,3,2026-08-09 21:13:23.227169,2026-08-09 21:13:23.227169,
210,204,1,What are the speakers mainly discussing?,The speakers are discussing how to prepare a dinner reservation for the restaurant reservation.,1,2026-08-09 21:13:23.227169,2026-08-09 21:13:23.227169,
211,204,2,Where will Mark get the item?,Mark says that the item will be obtained from the Italian restaurant.,2,2026-08-09 21:13:23.227169,2026-08-09 21:13:23.227169,
212,204,3,When should everything be ready?,Emily says the items should be ready by seven o'clock.,3,2026-08-09 21:13:23.227169,2026-08-09 21:13:23.227169,
213,205,1,What are the speakers mainly discussing?,The speakers are discussing how to prepare train tickets for the train travel.,1,2026-08-09 21:13:23.227169,2026-08-09 21:13:23.227169,
214,205,2,Where will James get the item?,James says that the item will be obtained from the station.,2,2026-08-09 21:13:23.227169,2026-08-09 21:13:23.227169,
215,205,3,When should everything be ready?,Sarah says the items should be ready by Saturday morning.,3,2026-08-09 21:13:23.227169,2026-08-09 21:13:23.227169,
216,206,1,What are the speakers mainly discussing?,The speakers are discussing how to prepare conference registration for the conference.,1,2026-08-09 21:13:23.227169,2026-08-09 21:13:23.227169,
217,206,2,Where will Robert get the item?,Robert says that the item will be obtained from the convention center.,2,2026-08-09 21:13:23.227169,2026-08-09 21:13:23.227169,
218,206,3,When should everything be ready?,Linda says the items should be ready by next Monday.,3,2026-08-09 21:13:23.227169,2026-08-09 21:13:23.227169,
219,207,1,What are the speakers mainly discussing?,The speakers are discussing how to prepare a replacement order for the customer order.,1,2026-08-09 21:13:23.227169,2026-08-09 21:13:23.227169,
220,207,2,Where will Michael get the item?,Michael says that the item will be obtained from the customer service desk.,2,2026-08-09 21:13:23.227169,2026-08-09 21:13:23.227169,
221,207,3,When should everything be ready?,Jessica says the items should be ready by next week.,3,2026-08-09 21:13:23.227169,2026-08-09 21:13:23.227169,
222,208,1,What are the speakers mainly discussing?,The speakers are discussing how to prepare the project report for the project deadline.,1,2026-08-09 21:13:23.227169,2026-08-09 21:13:23.227169,
223,208,2,Where will David get the item?,David says that the item will be obtained from the design office.,2,2026-08-09 21:13:23.227169,2026-08-09 21:13:23.227169,
224,208,3,When should everything be ready?,Rachel says the items should be ready by Friday.,3,2026-08-09 21:13:23.227169,2026-08-09 21:13:23.227169,
225,209,1,What are the speakers mainly discussing?,The speakers are discussing how to prepare the office computer for the equipment repair.,1,2026-08-09 21:13:23.227169,2026-08-09 21:13:23.227169,
226,209,2,Where will Thomas get the item?,Thomas says that the item will be obtained from the IT department.,2,2026-08-09 21:13:23.227169,2026-08-09 21:13:23.227169,
227,209,3,When should everything be ready?,Olivia says the items should be ready by this afternoon.,3,2026-08-09 21:13:23.227169,2026-08-09 21:13:23.227169,
228,210,1,What are the speakers mainly discussing?,The speakers are discussing how to prepare a taxi for the airport plans.,1,2026-08-09 21:13:23.227169,2026-08-09 21:13:23.227169,
229,210,2,Where will Daniel get the item?,Daniel says that the item will be obtained from the airport.,2,2026-08-09 21:13:23.227169,2026-08-09 21:13:23.227169,
230,210,3,When should everything be ready?,Sophie says the items should be ready by six thirty.,3,2026-08-09 21:13:23.227169,2026-08-09 21:13:23.227169,
231,211,1,What are the speakers mainly discussing?,The speakers are discussing how to prepare printer paper for the office supplies.,1,2026-08-09 21:13:23.227169,2026-08-09 21:13:23.227169,
232,211,2,Where will Daniel get the item?,Daniel says that the item will be obtained from the storage room.,2,2026-08-09 21:13:23.227169,2026-08-09 21:13:23.227169,
233,211,3,When should everything be ready?,Maya says the items should be ready by this afternoon.,3,2026-08-09 21:13:23.227169,2026-08-09 21:13:23.227169,
234,212,1,What are the speakers mainly discussing?,The speakers are discussing how to prepare the sales meeting for the meeting schedule.,1,2026-08-09 21:13:23.227169,2026-08-09 21:13:23.227169,
235,212,2,Where will Brian get the item?,Brian says that the item will be obtained from Room 204.,2,2026-08-09 21:13:23.227169,2026-08-09 21:13:23.227169,
236,212,3,When should everything be ready?,Anna says the items should be ready by tomorrow morning.,3,2026-08-09 21:13:23.227169,2026-08-09 21:13:23.227169,
237,213,1,What are the speakers mainly discussing?,The speakers are discussing how to prepare a hotel room for the business trip.,1,2026-08-09 21:13:23.227169,2026-08-09 21:13:23.227169,
238,213,2,Where will Kevin get the item?,Kevin says that the item will be obtained from the downtown hotel.,2,2026-08-09 21:13:23.227169,2026-08-09 21:13:23.227169,
239,213,3,When should everything be ready?,Laura says the items should be ready by Friday evening.,3,2026-08-09 21:13:23.227169,2026-08-09 21:13:23.227169,
240,214,1,What are the speakers mainly discussing?,The speakers are discussing how to prepare a dinner reservation for the restaurant reservation.,1,2026-08-09 21:13:23.227169,2026-08-09 21:13:23.227169,
241,214,2,Where will Mark get the item?,Mark says that the item will be obtained from the Italian restaurant.,2,2026-08-09 21:13:23.227169,2026-08-09 21:13:23.227169,
242,214,3,When should everything be ready?,Emily says the items should be ready by seven o'clock.,3,2026-08-09 21:13:23.227169,2026-08-09 21:13:23.227169,
243,215,1,What are the speakers mainly discussing?,The speakers are discussing how to prepare train tickets for the train travel.,1,2026-08-09 21:13:23.227169,2026-08-09 21:13:23.227169,
244,215,2,Where will James get the item?,James says that the item will be obtained from the station.,2,2026-08-09 21:13:23.227169,2026-08-09 21:13:23.227169,
245,215,3,When should everything be ready?,Sarah says the items should be ready by Saturday morning.,3,2026-08-09 21:13:23.227169,2026-08-09 21:13:23.227169,
246,216,1,What are the speakers mainly discussing?,The speakers are discussing how to prepare conference registration for the conference.,1,2026-08-09 21:13:23.227169,2026-08-09 21:13:23.227169,
247,216,2,Where will Robert get the item?,Robert says that the item will be obtained from the convention center.,2,2026-08-09 21:13:23.227169,2026-08-09 21:13:23.227169,
248,216,3,When should everything be ready?,Linda says the items should be ready by next Monday.,3,2026-08-09 21:13:23.227169,2026-08-09 21:13:23.227169,
249,217,1,What are the speakers mainly discussing?,The speakers are discussing how to prepare a replacement order for the customer order.,1,2026-08-09 21:13:23.227169,2026-08-09 21:13:23.227169,
250,217,2,Where will Michael get the item?,Michael says that the item will be obtained from the customer service desk.,2,2026-08-09 21:13:23.227169,2026-08-09 21:13:23.227169,
251,217,3,When should everything be ready?,Jessica says the items should be ready by next week.,3,2026-08-09 21:13:23.227169,2026-08-09 21:13:23.227169,
252,218,1,What are the speakers mainly discussing?,The speakers are discussing how to prepare the project report for the project deadline.,1,2026-08-09 21:13:23.227169,2026-08-09 21:13:23.227169,
253,218,2,Where will David get the item?,David says that the item will be obtained from the design office.,2,2026-08-09 21:13:23.227169,2026-08-09 21:13:23.227169,
254,218,3,When should everything be ready?,Rachel says the items should be ready by Friday.,3,2026-08-09 21:13:23.227169,2026-08-09 21:13:23.227169,
255,219,1,What are the speakers mainly discussing?,The speakers are discussing how to prepare the office computer for the equipment repair.,1,2026-08-09 21:13:23.227169,2026-08-09 21:13:23.227169,
256,219,2,Where will Thomas get the item?,Thomas says that the item will be obtained from the IT department.,2,2026-08-09 21:13:23.227169,2026-08-09 21:13:23.227169,
257,219,3,When should everything be ready?,Olivia says the items should be ready by this afternoon.,3,2026-08-09 21:13:23.227169,2026-08-09 21:13:23.227169,
258,220,1,What are the speakers mainly discussing?,The speakers are discussing how to prepare a taxi for the airport plans.,1,2026-08-09 21:13:23.227169,2026-08-09 21:13:23.227169,
101,101,1,When will the new computers arrive?,Correct answer: B. On Wednesday afternoon.,1,2026-08-09 20:15:34.476221,2026-08-09 20:15:34.476221,
102,102,2,Who is going to lead the meeting?,Correct answer: A. Ms. Carter is.,2,2026-08-09 20:15:34.476221,2026-08-09 20:15:34.476221,
103,103,3,Where should I put these documents?,Correct answer: C. On the desk by the window.,3,2026-08-09 20:15:34.476221,2026-08-09 20:15:34.476221,
104,104,4,Why was the meeting postponed?,Correct answer: A. Because the manager was ill.,4,2026-08-09 20:15:34.476221,2026-08-09 20:15:34.476221,
105,105,5,How many people are attending the conference?,Correct answer: B. About fifty people.,5,2026-08-09 20:15:34.476221,2026-08-09 20:15:34.476221,
106,106,6,Did you send the invoice to the client?,"Correct answer: A. Yes, I sent it yesterday.",6,2026-08-09 20:15:34.476221,2026-08-09 20:15:34.476221,
107,107,7,What time does the train leave?,Correct answer: C. At 8:45.,7,2026-08-09 20:15:34.476221,2026-08-09 20:15:34.476221,
108,108,8,Could you help me move this table?,"Correct answer: A. Sure, give me a minute.",8,2026-08-09 20:15:34.476221,2026-08-09 20:15:34.476221,
109,109,9,Why don't we order lunch now?,Correct answer: B. Good idea. I'm getting hungry.,9,2026-08-09 20:15:34.476221,2026-08-09 20:15:34.476221,
110,110,10,Where did you buy that printer?,Correct answer: C. At the electronics store.,10,2026-08-09 20:15:34.476221,2026-08-09 20:15:34.476221,
111,111,11,Who ordered the extra chairs?,Correct answer: A. The office manager did.,11,2026-08-09 20:15:34.476221,2026-08-09 20:15:34.476221,
112,112,12,How long will the repairs take?,Correct answer: B. Probably two or three days.,12,2026-08-09 20:15:34.476221,2026-08-09 20:15:34.476221,
113,113,13,Would you like coffee or tea?,"Correct answer: C. Tea, please.",13,2026-08-09 20:15:34.476221,2026-08-09 20:15:34.476221,
114,114,14,When should we submit the report?,Correct answer: A. By Friday afternoon.,14,2026-08-09 20:15:34.476221,2026-08-09 20:15:34.476221,
115,115,15,Have you seen my keys?,Correct answer: B. They're on the kitchen counter.,15,2026-08-09 20:15:34.476221,2026-08-09 20:15:34.476221,
116,116,16,Why are you leaving the office early?,Correct answer: B. I have a doctor's appointment.,16,2026-08-09 20:15:34.476221,2026-08-09 20:15:34.476221,
117,117,17,Where can I find the sales department?,Correct answer: A. On the fourth floor.,17,2026-08-09 20:15:34.476221,2026-08-09 20:15:34.476221,
118,118,18,Did Sarah reserve a table for us?,"Correct answer: B. Yes, for seven o'clock.",18,2026-08-09 20:15:34.476221,2026-08-09 20:15:34.476221,
119,119,19,What are you doing after work?,Correct answer: A. I'm going to the gym.,19,2026-08-09 20:15:34.476221,2026-08-09 20:15:34.476221,
120,120,20,How did you get to the airport?,Correct answer: C. I took a taxi.,20,2026-08-09 20:15:34.476221,2026-08-09 20:15:34.476221,
121,121,21,When is the next staff meeting?,Correct answer: B. Next Tuesday morning.,21,2026-08-09 20:15:34.476221,2026-08-09 20:15:34.476221,
122,122,22,Could you print these forms for me?,Correct answer: A. Of course. How many copies?,22,2026-08-09 20:15:34.476221,2026-08-09 20:15:34.476221,
123,123,23,Who is responsible for ordering supplies?,Correct answer: B. The purchasing department.,23,2026-08-09 20:15:34.476221,2026-08-09 20:15:34.476221,
124,124,24,Why is the elevator out of service?,Correct answer: C. It is being repaired.,24,2026-08-09 20:15:34.476221,2026-08-09 20:15:34.476221,
125,125,25,Where did you park your car?,Correct answer: A. In the underground garage.,25,2026-08-09 20:15:34.476221,2026-08-09 20:15:34.476221,
126,126,26,What kind of computer do you use?,Correct answer: B. I use a laptop.,26,2026-08-09 20:15:34.476221,2026-08-09 20:15:34.476221,
127,127,27,Did the package arrive this morning?,"Correct answer: A. Yes, it was delivered at nine.",27,2026-08-09 20:15:34.476221,2026-08-09 20:15:34.476221,
128,128,28,How often do you visit the branch office?,Correct answer: B. Usually once a month.,28,2026-08-09 20:15:34.476221,2026-08-09 20:15:34.476221,
129,129,29,Would you like me to reserve a hotel room?,"Correct answer: C. Yes, for two nights, please.",29,2026-08-09 20:15:34.476221,2026-08-09 20:15:34.476221,
130,130,30,What happened to the old printer?,Correct answer: A. It stopped working.,30,2026-08-09 20:15:34.476221,2026-08-09 20:15:34.476221,
131,131,31,Where is the nearest bank?,Correct answer: B. There's one across the street.,31,2026-08-09 20:15:34.476221,2026-08-09 20:15:34.476221,
132,132,32,When did you start working here?,Correct answer: A. About three years ago.,32,2026-08-09 20:15:34.476221,2026-08-09 20:15:34.476221,
133,133,33,Why don't you take the afternoon off?,Correct answer: B. The afternoon meeting was canceled.,33,2026-08-09 20:15:34.476221,2026-08-09 20:15:34.476221,
134,134,34,Who will pick up the documents?,Correct answer: B. Mr. Wilson will.,34,2026-08-09 20:15:34.476221,2026-08-09 20:15:34.476221,
135,135,35,How much does this chair cost?,Correct answer: A. It costs about eighty dollars.,35,2026-08-09 20:15:34.476221,2026-08-09 20:15:34.476221,
136,136,36,Have you finished the presentation?,"Correct answer: B. Yes, I finished it this morning.",36,2026-08-09 20:15:34.476221,2026-08-09 20:15:34.476221,
137,137,37,Where should we meet before the tour?,Correct answer: A. At the hotel lobby.,37,2026-08-09 20:15:34.476221,2026-08-09 20:15:34.476221,
138,138,38,What did you think of the new restaurant?,Correct answer: C. The food was excellent.,38,2026-08-09 20:15:34.476221,2026-08-09 20:15:34.476221,
139,139,39,Can you attend the training session?,"Correct answer: A. Yes, I can be there.",39,2026-08-09 20:15:34.476221,2026-08-09 20:15:34.476221,
140,140,40,Why did you call the technician?,Correct answer: B. The air conditioner wasn't working.,40,2026-08-09 20:15:34.476221,2026-08-09 20:15:34.476221,
141,141,41,When can we discuss the new project?,Correct answer: C. How about tomorrow morning?,41,2026-08-09 20:15:34.476221,2026-08-09 20:15:34.476221,
142,142,42,Did you bring the contract with you?,"Correct answer: A. Yes, it's in my briefcase.",42,2026-08-09 20:15:34.476221,2026-08-09 20:15:34.476221,
143,143,43,How are you getting to the conference?,Correct answer: B. I'll take the train.,43,2026-08-09 20:15:34.476221,2026-08-09 20:15:34.476221,
144,144,44,Where can I leave my coat?,Correct answer: C. You can put it over there.,44,2026-08-09 20:15:34.476221,2026-08-09 20:15:34.476221,
145,145,45,Who prepared these reports?,Correct answer: A. The accounting team did.,45,2026-08-09 20:15:34.476221,2026-08-09 20:15:34.476221,
146,146,46,Why is Tom absent today?,Correct answer: B. He is attending a training course.,46,2026-08-09 20:15:34.476221,2026-08-09 20:15:34.476221,
147,147,47,Could I borrow your calculator?,"Correct answer: A. Sure, here you are.",47,2026-08-09 20:15:34.476221,2026-08-09 20:15:34.476221,
148,148,48,What time should I call you?,Correct answer: B. Around six this evening.,48,2026-08-09 20:15:34.476221,2026-08-09 20:15:34.476221,
149,149,49,Where is the customer service desk?,Correct answer: A. Near the main entrance.,49,2026-08-09 20:15:34.476221,2026-08-09 20:15:34.476221,
150,150,50,Have you booked the conference room?,"Correct answer: C. Yes, for Thursday afternoon.",50,2026-08-09 20:15:34.476221,2026-08-09 20:15:34.476221,
151,151,51,How did the interview go?,Correct answer: A. It went very well.,51,2026-08-09 20:15:34.476221,2026-08-09 20:15:34.476221,
152,152,52,When should we leave for the airport?,Correct answer: B. Around seven in the morning.,52,2026-08-09 20:15:34.476221,2026-08-09 20:15:34.476221,
153,153,53,Why did you choose this hotel?,Correct answer: A. It has a convenient location.,53,2026-08-09 20:15:34.476221,2026-08-09 20:15:34.476221,
154,154,54,Who is speaking at the seminar?,Correct answer: C. Professor Adams is.,54,2026-08-09 20:15:34.476221,2026-08-09 20:15:34.476221,
155,155,55,Could you check these numbers for me?,Correct answer: A. Certainly. I'll look at them now.,55,2026-08-09 20:15:34.476221,2026-08-09 20:15:34.476221,
156,156,56,What did you order for dinner?,Correct answer: B. I ordered grilled chicken.,56,2026-08-09 20:15:34.476221,2026-08-09 20:15:34.476221,
157,157,57,Where can I buy a train ticket?,Correct answer: A. At the ticket counter.,57,2026-08-09 20:15:34.476221,2026-08-09 20:15:34.476221,
158,158,58,Did you remember to lock the door?,"Correct answer: B. Yes, I locked it.",58,2026-08-09 20:15:34.476221,2026-08-09 20:15:34.476221,
159,159,59,How many copies do you need?,"Correct answer: C. Just five, please.",59,2026-08-09 20:15:34.476221,2026-08-09 20:15:34.476221,
160,160,60,Why don't we take a break?,Correct answer: A. That's a good idea.,60,2026-08-09 20:15:34.476221,2026-08-09 20:15:34.476221,
161,161,61,When did the store open?,Correct answer: B. Last Saturday.,61,2026-08-09 20:15:34.476221,2026-08-09 20:15:34.476221,
162,162,62,Who can repair this computer?,Correct answer: A. The IT technician can.,62,2026-08-09 20:15:34.476221,2026-08-09 20:15:34.476221,
163,163,63,Where did you have lunch?,Correct answer: B. At the café across the street.,63,2026-08-09 20:15:34.476221,2026-08-09 20:15:34.476221,
164,164,64,Would you like to join us for dinner?,"Correct answer: A. Yes, I'd love to.",64,2026-08-09 20:15:34.476221,2026-08-09 20:15:34.476221,
165,165,65,How often do you exercise?,Correct answer: B. Usually three times a week.,65,2026-08-09 20:15:34.476221,2026-08-09 20:15:34.476221,
166,166,66,Why are there so many people outside?,Correct answer: A. There's a sale at the store.,66,2026-08-09 20:15:34.476221,2026-08-09 20:15:34.476221,
167,167,67,Where should I sign this form?,Correct answer: B. At the bottom of the page.,67,2026-08-09 20:15:34.476221,2026-08-09 20:15:34.476221,
168,168,68,Have you received my email?,"Correct answer: A. Yes, I read it this morning.",68,2026-08-09 20:15:34.476221,2026-08-09 20:15:34.476221,
169,169,69,What is the meeting about?,Correct answer: B. The new marketing plan.,69,2026-08-09 20:15:34.476221,2026-08-09 20:15:34.476221,
170,170,70,Could you close the window?,"Correct answer: A. Sure, no problem.",70,2026-08-09 20:15:34.476221,2026-08-09 20:15:34.476221,
171,171,71,When will the manager return?,Correct answer: B. She should be back tomorrow.,71,2026-08-09 20:15:34.476221,2026-08-09 20:15:34.476221,
172,172,72,Who bought the new equipment?,Correct answer: A. The purchasing manager did.,72,2026-08-09 20:15:34.476221,2026-08-09 20:15:34.476221,
173,173,73,Where can I charge my phone?,Correct answer: B. There's an outlet beside the desk.,73,2026-08-09 20:15:34.476221,2026-08-09 20:15:34.476221,
174,174,74,Why did the customer return the product?,Correct answer: C. It was damaged.,74,2026-08-09 20:15:34.476221,2026-08-09 20:15:34.476221,
175,175,75,How long have you worked here?,Correct answer: A. For almost five years.,75,2026-08-09 20:15:34.476221,2026-08-09 20:15:34.476221,
176,176,76,Did you make a reservation?,"Correct answer: B. Yes, under the name Lee.",76,2026-08-09 20:15:34.476221,2026-08-09 20:15:34.476221,
177,177,77,What should I bring to the presentation?,Correct answer: C. Bring a copy of the report.,77,2026-08-09 20:15:34.476221,2026-08-09 20:15:34.476221,
178,178,78,Where is David working today?,Correct answer: A. He's working at the downtown branch.,78,2026-08-09 20:15:34.476221,2026-08-09 20:15:34.476221,
179,179,79,Would you mind opening the door?,Correct answer: B. Not at all.,79,2026-08-09 20:15:34.476221,2026-08-09 20:15:34.476221,
180,180,80,What time is your flight?,Correct answer: C. At 6:30 this evening.,80,2026-08-09 20:15:34.476221,2026-08-09 20:15:34.476221,
181,181,81,Who is going to give the presentation?,Correct answer: A. Ms. Garcia is.,81,2026-08-09 20:15:34.476221,2026-08-09 20:15:34.476221,
182,182,82,Why is the office so quiet today?,Correct answer: B. Most employees are working from home.,82,2026-08-09 20:15:34.476221,2026-08-09 20:15:34.476221,
183,183,83,How should I send the documents?,"Correct answer: A. By email, please.",83,2026-08-09 20:15:34.476221,2026-08-09 20:15:34.476221,
184,184,84,Where can I find a copy machine?,Correct answer: B. There's one next to the reception desk.,84,2026-08-09 20:15:34.476221,2026-08-09 20:15:34.476221,
185,185,85,Did the manager approve the proposal?,"Correct answer: C. Yes, she approved it yesterday.",85,2026-08-09 20:15:34.476221,2026-08-09 20:15:34.476221,
186,186,86,When can I pick up my order?,Correct answer: A. It should be ready this afternoon.,86,2026-08-09 20:15:34.476221,2026-08-09 20:15:34.476221,
187,187,87,Who will drive us to the airport?,Correct answer: B. James said he would.,87,2026-08-09 20:15:34.476221,2026-08-09 20:15:34.476221,
188,188,88,Could you recommend a good restaurant?,"Correct answer: A. Sure, there's a great Italian place nearby.",88,2026-08-09 20:15:34.476221,2026-08-09 20:15:34.476221,
189,189,89,How much time do we have before the meeting?,Correct answer: B. About twenty minutes.,89,2026-08-09 20:15:34.476221,2026-08-09 20:15:34.476221,
190,190,90,Where did you put the keys to the storage room?,Correct answer: A. I think they're in the top drawer.,90,2026-08-09 20:15:34.476221,2026-08-09 20:15:34.476221,
191,191,91,Why are you going to the post office?,Correct answer: B. I need to mail a package.,91,2026-08-09 20:15:34.476221,2026-08-09 20:15:34.476221,
192,192,92,Have you decided where to hold the event?,"Correct answer: A. Not yet, we're still looking at venues.",92,2026-08-09 20:15:34.476221,2026-08-09 20:15:34.476221,
193,193,93,What did you do with the old files?,Correct answer: B. I moved them to the archive room.,93,2026-08-09 20:15:34.476221,2026-08-09 20:15:34.476221,
194,194,94,When should I expect the delivery?,Correct answer: C. It should arrive tomorrow.,94,2026-08-09 20:15:34.476221,2026-08-09 20:15:34.476221,
195,195,95,Who is responsible for cleaning the office?,Correct answer: A. The cleaning company comes every evening.,95,2026-08-09 20:15:34.476221,2026-08-09 20:15:34.476221,
196,196,96,Could you tell me how to get to the station?,Correct answer: B. Sure. Go straight for two blocks.,96,2026-08-09 20:15:34.476221,2026-08-09 20:15:34.476221,
197,197,97,Why haven't you finished the report?,Correct answer: A. I need some additional information.,97,2026-08-09 20:15:34.476221,2026-08-09 20:15:34.476221,
198,198,98,Where can I return these books?,Correct answer: C. At the library's front desk.,98,2026-08-09 20:15:34.476221,2026-08-09 20:15:34.476221,
199,199,99,Would you like to sit near the window?,"Correct answer: A. Yes, that would be nice.",99,2026-08-09 20:15:34.476221,2026-08-09 20:15:34.476221,
200,200,100,How was the company picnic?,Correct answer: B. It was a lot of fun.,100,2026-08-09 20:15:34.476221,2026-08-09 20:15:34.476221,
259,220,2,Where will Daniel get the item?,Daniel says that the item will be obtained from the airport.,2,2026-08-09 21:13:23.227169,2026-08-09 21:13:23.227169,
260,220,3,When should everything be ready?,Sophie says the items should be ready by six thirty.,3,2026-08-09 21:13:23.227169,2026-08-09 21:13:23.227169,
261,221,1,What are the speakers mainly discussing?,The speakers are discussing how to prepare printer paper for the office supplies.,1,2026-08-09 21:13:23.227169,2026-08-09 21:13:23.227169,
262,221,2,Where will Daniel get the item?,Daniel says that the item will be obtained from the storage room.,2,2026-08-09 21:13:23.227169,2026-08-09 21:13:23.227169,
263,221,3,When should everything be ready?,Maya says the items should be ready by this afternoon.,3,2026-08-09 21:13:23.227169,2026-08-09 21:13:23.227169,
264,222,1,What are the speakers mainly discussing?,The speakers are discussing how to prepare the sales meeting for the meeting schedule.,1,2026-08-09 21:13:23.227169,2026-08-09 21:13:23.227169,
265,222,2,Where will Brian get the item?,Brian says that the item will be obtained from Room 204.,2,2026-08-09 21:13:23.227169,2026-08-09 21:13:23.227169,
266,222,3,When should everything be ready?,Anna says the items should be ready by tomorrow morning.,3,2026-08-09 21:13:23.227169,2026-08-09 21:13:23.227169,
267,223,1,What are the speakers mainly discussing?,The speakers are discussing how to prepare a hotel room for the business trip.,1,2026-08-09 21:13:23.227169,2026-08-09 21:13:23.227169,
268,223,2,Where will Kevin get the item?,Kevin says that the item will be obtained from the downtown hotel.,2,2026-08-09 21:13:23.227169,2026-08-09 21:13:23.227169,
269,223,3,When should everything be ready?,Laura says the items should be ready by Friday evening.,3,2026-08-09 21:13:23.227169,2026-08-09 21:13:23.227169,
270,224,1,What are the speakers mainly discussing?,The speakers are discussing how to prepare a dinner reservation for the restaurant reservation.,1,2026-08-09 21:13:23.227169,2026-08-09 21:13:23.227169,
271,224,2,Where will Mark get the item?,Mark says that the item will be obtained from the Italian restaurant.,2,2026-08-09 21:13:23.227169,2026-08-09 21:13:23.227169,
272,224,3,When should everything be ready?,Emily says the items should be ready by seven o'clock.,3,2026-08-09 21:13:23.227169,2026-08-09 21:13:23.227169,
273,225,1,What are the speakers mainly discussing?,The speakers are discussing how to prepare train tickets for the train travel.,1,2026-08-09 21:13:23.227169,2026-08-09 21:13:23.227169,
274,225,2,Where will James get the item?,James says that the item will be obtained from the station.,2,2026-08-09 21:13:23.227169,2026-08-09 21:13:23.227169,
275,225,3,When should everything be ready?,Sarah says the items should be ready by Saturday morning.,3,2026-08-09 21:13:23.227169,2026-08-09 21:13:23.227169,
276,226,1,What are the speakers mainly discussing?,The speakers are discussing how to prepare conference registration for the conference.,1,2026-08-09 21:13:23.227169,2026-08-09 21:13:23.227169,
277,226,2,Where will Robert get the item?,Robert says that the item will be obtained from the convention center.,2,2026-08-09 21:13:23.227169,2026-08-09 21:13:23.227169,
278,226,3,When should everything be ready?,Linda says the items should be ready by next Monday.,3,2026-08-09 21:13:23.227169,2026-08-09 21:13:23.227169,
279,227,1,What are the speakers mainly discussing?,The speakers are discussing how to prepare a replacement order for the customer order.,1,2026-08-09 21:13:23.227169,2026-08-09 21:13:23.227169,
280,227,2,Where will Michael get the item?,Michael says that the item will be obtained from the customer service desk.,2,2026-08-09 21:13:23.227169,2026-08-09 21:13:23.227169,
281,227,3,When should everything be ready?,Jessica says the items should be ready by next week.,3,2026-08-09 21:13:23.227169,2026-08-09 21:13:23.227169,
282,228,1,What are the speakers mainly discussing?,The speakers are discussing how to prepare the project report for the project deadline.,1,2026-08-09 21:13:23.227169,2026-08-09 21:13:23.227169,
283,228,2,Where will David get the item?,David says that the item will be obtained from the design office.,2,2026-08-09 21:13:23.227169,2026-08-09 21:13:23.227169,
284,228,3,When should everything be ready?,Rachel says the items should be ready by Friday.,3,2026-08-09 21:13:23.227169,2026-08-09 21:13:23.227169,
285,229,1,What are the speakers mainly discussing?,The speakers are discussing how to prepare the office computer for the equipment repair.,1,2026-08-09 21:13:23.227169,2026-08-09 21:13:23.227169,
286,229,2,Where will Thomas get the item?,Thomas says that the item will be obtained from the IT department.,2,2026-08-09 21:13:23.227169,2026-08-09 21:13:23.227169,
287,229,3,When should everything be ready?,Olivia says the items should be ready by this afternoon.,3,2026-08-09 21:13:23.227169,2026-08-09 21:13:23.227169,
288,230,1,What are the speakers mainly discussing?,The speakers are discussing how to prepare a taxi for the airport plans.,1,2026-08-09 21:13:23.227169,2026-08-09 21:13:23.227169,
289,230,2,Where will Daniel get the item?,Daniel says that the item will be obtained from the airport.,2,2026-08-09 21:13:23.227169,2026-08-09 21:13:23.227169,
290,230,3,When should everything be ready?,Sophie says the items should be ready by six thirty.,3,2026-08-09 21:13:23.227169,2026-08-09 21:13:23.227169,
291,231,1,What are the speakers mainly discussing?,The speakers are discussing how to prepare printer paper for the office supplies.,1,2026-08-09 21:13:23.227169,2026-08-09 21:13:23.227169,
292,231,2,Where will Daniel get the item?,Daniel says that the item will be obtained from the storage room.,2,2026-08-09 21:13:23.227169,2026-08-09 21:13:23.227169,
293,231,3,When should everything be ready?,Maya says the items should be ready by this afternoon.,3,2026-08-09 21:13:23.227169,2026-08-09 21:13:23.227169,
294,232,1,What are the speakers mainly discussing?,The speakers are discussing how to prepare the sales meeting for the meeting schedule.,1,2026-08-09 21:13:23.227169,2026-08-09 21:13:23.227169,
295,232,2,Where will Brian get the item?,Brian says that the item will be obtained from Room 204.,2,2026-08-09 21:13:23.227169,2026-08-09 21:13:23.227169,
296,232,3,When should everything be ready?,Anna says the items should be ready by tomorrow morning.,3,2026-08-09 21:13:23.227169,2026-08-09 21:13:23.227169,
297,233,1,What are the speakers mainly discussing?,The speakers are discussing how to prepare a hotel room for the business trip.,1,2026-08-09 21:13:23.227169,2026-08-09 21:13:23.227169,
298,233,2,Where will Kevin get the item?,Kevin says that the item will be obtained from the downtown hotel.,2,2026-08-09 21:13:23.227169,2026-08-09 21:13:23.227169,
299,233,3,When should everything be ready?,Laura says the items should be ready by Friday evening.,3,2026-08-09 21:13:23.227169,2026-08-09 21:13:23.227169,
300,234,1,What are the speakers mainly discussing?,The speakers are discussing how to prepare a dinner reservation for the restaurant reservation.,1,2026-08-09 21:13:23.227169,2026-08-09 21:13:23.227169,
301,234,2,Where will Mark get the item?,Mark says that the item will be obtained from the Italian restaurant.,2,2026-08-09 21:13:23.227169,2026-08-09 21:13:23.227169,
302,234,3,When should everything be ready?,Emily says the items should be ready by seven o'clock.,3,2026-08-09 21:13:23.227169,2026-08-09 21:13:23.227169,
303,235,1,What are the speakers mainly discussing?,The speakers are discussing how to prepare train tickets for the train travel.,1,2026-08-09 21:13:23.227169,2026-08-09 21:13:23.227169,
304,235,2,Where will James get the item?,James says that the item will be obtained from the station.,2,2026-08-09 21:13:23.227169,2026-08-09 21:13:23.227169,
305,235,3,When should everything be ready?,Sarah says the items should be ready by Saturday morning.,3,2026-08-09 21:13:23.227169,2026-08-09 21:13:23.227169,
306,236,1,What are the speakers mainly discussing?,The speakers are discussing how to prepare conference registration for the conference.,1,2026-08-09 21:13:23.227169,2026-08-09 21:13:23.227169,
307,236,2,Where will Robert get the item?,Robert says that the item will be obtained from the convention center.,2,2026-08-09 21:13:23.227169,2026-08-09 21:13:23.227169,
308,236,3,When should everything be ready?,Linda says the items should be ready by next Monday.,3,2026-08-09 21:13:23.227169,2026-08-09 21:13:23.227169,
309,237,1,What are the speakers mainly discussing?,The speakers are discussing how to prepare a replacement order for the customer order.,1,2026-08-09 21:13:23.227169,2026-08-09 21:13:23.227169,
310,237,2,Where will Michael get the item?,Michael says that the item will be obtained from the customer service desk.,2,2026-08-09 21:13:23.227169,2026-08-09 21:13:23.227169,
311,237,3,When should everything be ready?,Jessica says the items should be ready by next week.,3,2026-08-09 21:13:23.227169,2026-08-09 21:13:23.227169,
312,238,1,What are the speakers mainly discussing?,The speakers are discussing how to prepare the project report for the project deadline.,1,2026-08-09 21:13:23.227169,2026-08-09 21:13:23.227169,
313,238,2,Where will David get the item?,David says that the item will be obtained from the design office.,2,2026-08-09 21:13:23.227169,2026-08-09 21:13:23.227169,
314,238,3,When should everything be ready?,Rachel says the items should be ready by Friday.,3,2026-08-09 21:13:23.227169,2026-08-09 21:13:23.227169,
315,239,1,What are the speakers mainly discussing?,The speakers are discussing how to prepare the office computer for the equipment repair.,1,2026-08-09 21:13:23.227169,2026-08-09 21:13:23.227169,
316,239,2,Where will Thomas get the item?,Thomas says that the item will be obtained from the IT department.,2,2026-08-09 21:13:23.227169,2026-08-09 21:13:23.227169,
317,239,3,When should everything be ready?,Olivia says the items should be ready by this afternoon.,3,2026-08-09 21:13:23.227169,2026-08-09 21:13:23.227169,
318,240,1,What are the speakers mainly discussing?,The speakers are discussing how to prepare a taxi for the airport plans.,1,2026-08-09 21:13:23.227169,2026-08-09 21:13:23.227169,
319,240,2,Where will Daniel get the item?,Daniel says that the item will be obtained from the airport.,2,2026-08-09 21:13:23.227169,2026-08-09 21:13:23.227169,
320,240,3,When should everything be ready?,Sophie says the items should be ready by six thirty.,3,2026-08-09 21:13:23.227169,2026-08-09 21:13:23.227169,
321,241,1,What are the speakers mainly discussing?,The speakers are discussing how to prepare printer paper for the office supplies.,1,2026-08-09 21:13:23.227169,2026-08-09 21:13:23.227169,
322,241,2,Where will Daniel get the item?,Daniel says that the item will be obtained from the storage room.,2,2026-08-09 21:13:23.227169,2026-08-09 21:13:23.227169,
323,241,3,When should everything be ready?,Maya says the items should be ready by this afternoon.,3,2026-08-09 21:13:23.227169,2026-08-09 21:13:23.227169,
324,242,1,What are the speakers mainly discussing?,The speakers are discussing how to prepare the sales meeting for the meeting schedule.,1,2026-08-09 21:13:23.227169,2026-08-09 21:13:23.227169,
325,242,2,Where will Brian get the item?,Brian says that the item will be obtained from Room 204.,2,2026-08-09 21:13:23.227169,2026-08-09 21:13:23.227169,
326,242,3,When should everything be ready?,Anna says the items should be ready by tomorrow morning.,3,2026-08-09 21:13:23.227169,2026-08-09 21:13:23.227169,
327,243,1,What are the speakers mainly discussing?,The speakers are discussing how to prepare a hotel room for the business trip.,1,2026-08-09 21:13:23.227169,2026-08-09 21:13:23.227169,
328,243,2,Where will Kevin get the item?,Kevin says that the item will be obtained from the downtown hotel.,2,2026-08-09 21:13:23.227169,2026-08-09 21:13:23.227169,
329,243,3,When should everything be ready?,Laura says the items should be ready by Friday evening.,3,2026-08-09 21:13:23.227169,2026-08-09 21:13:23.227169,
330,244,1,What are the speakers mainly discussing?,The speakers are discussing how to prepare a dinner reservation for the restaurant reservation.,1,2026-08-09 21:13:23.227169,2026-08-09 21:13:23.227169,
331,244,2,Where will Mark get the item?,Mark says that the item will be obtained from the Italian restaurant.,2,2026-08-09 21:13:23.227169,2026-08-09 21:13:23.227169,
332,244,3,When should everything be ready?,Emily says the items should be ready by seven o'clock.,3,2026-08-09 21:13:23.227169,2026-08-09 21:13:23.227169,
333,245,1,What are the speakers mainly discussing?,The speakers are discussing how to prepare train tickets for the train travel.,1,2026-08-09 21:13:23.227169,2026-08-09 21:13:23.227169,
334,245,2,Where will James get the item?,James says that the item will be obtained from the station.,2,2026-08-09 21:13:23.227169,2026-08-09 21:13:23.227169,
335,245,3,When should everything be ready?,Sarah says the items should be ready by Saturday morning.,3,2026-08-09 21:13:23.227169,2026-08-09 21:13:23.227169,
336,246,1,What are the speakers mainly discussing?,The speakers are discussing how to prepare conference registration for the conference.,1,2026-08-09 21:13:23.227169,2026-08-09 21:13:23.227169,
337,246,2,Where will Robert get the item?,Robert says that the item will be obtained from the convention center.,2,2026-08-09 21:13:23.227169,2026-08-09 21:13:23.227169,
338,246,3,When should everything be ready?,Linda says the items should be ready by next Monday.,3,2026-08-09 21:13:23.227169,2026-08-09 21:13:23.227169,
339,247,1,What are the speakers mainly discussing?,The speakers are discussing how to prepare a replacement order for the customer order.,1,2026-08-09 21:13:23.227169,2026-08-09 21:13:23.227169,
340,247,2,Where will Michael get the item?,Michael says that the item will be obtained from the customer service desk.,2,2026-08-09 21:13:23.227169,2026-08-09 21:13:23.227169,
341,247,3,When should everything be ready?,Jessica says the items should be ready by next week.,3,2026-08-09 21:13:23.227169,2026-08-09 21:13:23.227169,
342,248,1,What are the speakers mainly discussing?,The speakers are discussing how to prepare the project report for the project deadline.,1,2026-08-09 21:13:23.227169,2026-08-09 21:13:23.227169,
343,248,2,Where will David get the item?,David says that the item will be obtained from the design office.,2,2026-08-09 21:13:23.227169,2026-08-09 21:13:23.227169,
344,248,3,When should everything be ready?,Rachel says the items should be ready by Friday.,3,2026-08-09 21:13:23.227169,2026-08-09 21:13:23.227169,
345,249,1,What are the speakers mainly discussing?,The speakers are discussing how to prepare the office computer for the equipment repair.,1,2026-08-09 21:13:23.227169,2026-08-09 21:13:23.227169,
346,249,2,Where will Thomas get the item?,Thomas says that the item will be obtained from the IT department.,2,2026-08-09 21:13:23.227169,2026-08-09 21:13:23.227169,
347,249,3,When should everything be ready?,Olivia says the items should be ready by this afternoon.,3,2026-08-09 21:13:23.227169,2026-08-09 21:13:23.227169,
348,250,1,What are the speakers mainly discussing?,The speakers are discussing how to prepare a taxi for the airport plans.,1,2026-08-09 21:13:23.227169,2026-08-09 21:13:23.227169,
349,250,2,Where will Daniel get the item?,Daniel says that the item will be obtained from the airport.,2,2026-08-09 21:13:23.227169,2026-08-09 21:13:23.227169,
350,250,3,When should everything be ready?,Sophie says the items should be ready by six thirty.,3,2026-08-09 21:13:23.227169,2026-08-09 21:13:23.227169,
351,251,1,What are the speakers mainly discussing?,The speakers are discussing how to prepare printer paper for the office supplies.,1,2026-08-09 21:13:23.227169,2026-08-09 21:13:23.227169,
352,251,2,Where will Daniel get the item?,Daniel says that the item will be obtained from the storage room.,2,2026-08-09 21:13:23.227169,2026-08-09 21:13:23.227169,
353,251,3,When should everything be ready?,Maya says the items should be ready by this afternoon.,3,2026-08-09 21:13:23.227169,2026-08-09 21:13:23.227169,
354,252,1,What are the speakers mainly discussing?,The speakers are discussing how to prepare the sales meeting for the meeting schedule.,1,2026-08-09 21:13:23.227169,2026-08-09 21:13:23.227169,
355,252,2,Where will Brian get the item?,Brian says that the item will be obtained from Room 204.,2,2026-08-09 21:13:23.227169,2026-08-09 21:13:23.227169,
356,252,3,When should everything be ready?,Anna says the items should be ready by tomorrow morning.,3,2026-08-09 21:13:23.227169,2026-08-09 21:13:23.227169,
357,253,1,What are the speakers mainly discussing?,The speakers are discussing how to prepare a hotel room for the business trip.,1,2026-08-09 21:13:23.227169,2026-08-09 21:13:23.227169,
358,253,2,Where will Kevin get the item?,Kevin says that the item will be obtained from the downtown hotel.,2,2026-08-09 21:13:23.227169,2026-08-09 21:13:23.227169,
359,253,3,When should everything be ready?,Laura says the items should be ready by Friday evening.,3,2026-08-09 21:13:23.227169,2026-08-09 21:13:23.227169,
360,254,1,What are the speakers mainly discussing?,The speakers are discussing how to prepare a dinner reservation for the restaurant reservation.,1,2026-08-09 21:13:23.227169,2026-08-09 21:13:23.227169,
361,254,2,Where will Mark get the item?,Mark says that the item will be obtained from the Italian restaurant.,2,2026-08-09 21:13:23.227169,2026-08-09 21:13:23.227169,
362,254,3,When should everything be ready?,Emily says the items should be ready by seven o'clock.,3,2026-08-09 21:13:23.227169,2026-08-09 21:13:23.227169,
363,255,1,What are the speakers mainly discussing?,The speakers are discussing how to prepare train tickets for the train travel.,1,2026-08-09 21:13:23.227169,2026-08-09 21:13:23.227169,
364,255,2,Where will James get the item?,James says that the item will be obtained from the station.,2,2026-08-09 21:13:23.227169,2026-08-09 21:13:23.227169,
365,255,3,When should everything be ready?,Sarah says the items should be ready by Saturday morning.,3,2026-08-09 21:13:23.227169,2026-08-09 21:13:23.227169,
366,256,1,What are the speakers mainly discussing?,The speakers are discussing how to prepare conference registration for the conference.,1,2026-08-09 21:13:23.227169,2026-08-09 21:13:23.227169,
367,256,2,Where will Robert get the item?,Robert says that the item will be obtained from the convention center.,2,2026-08-09 21:13:23.227169,2026-08-09 21:13:23.227169,
368,256,3,When should everything be ready?,Linda says the items should be ready by next Monday.,3,2026-08-09 21:13:23.227169,2026-08-09 21:13:23.227169,
369,257,1,What are the speakers mainly discussing?,The speakers are discussing how to prepare a replacement order for the customer order.,1,2026-08-09 21:13:23.227169,2026-08-09 21:13:23.227169,
370,257,2,Where will Michael get the item?,Michael says that the item will be obtained from the customer service desk.,2,2026-08-09 21:13:23.227169,2026-08-09 21:13:23.227169,
371,257,3,When should everything be ready?,Jessica says the items should be ready by next week.,3,2026-08-09 21:13:23.227169,2026-08-09 21:13:23.227169,
372,258,1,What are the speakers mainly discussing?,The speakers are discussing how to prepare the project report for the project deadline.,1,2026-08-09 21:13:23.227169,2026-08-09 21:13:23.227169,
373,258,2,Where will David get the item?,David says that the item will be obtained from the design office.,2,2026-08-09 21:13:23.227169,2026-08-09 21:13:23.227169,
374,258,3,When should everything be ready?,Rachel says the items should be ready by Friday.,3,2026-08-09 21:13:23.227169,2026-08-09 21:13:23.227169,
375,259,1,What are the speakers mainly discussing?,The speakers are discussing how to prepare the office computer for the equipment repair.,1,2026-08-09 21:13:23.227169,2026-08-09 21:13:23.227169,
376,259,2,Where will Thomas get the item?,Thomas says that the item will be obtained from the IT department.,2,2026-08-09 21:13:23.227169,2026-08-09 21:13:23.227169,
377,259,3,When should everything be ready?,Olivia says the items should be ready by this afternoon.,3,2026-08-09 21:13:23.227169,2026-08-09 21:13:23.227169,
378,260,1,What are the speakers mainly discussing?,The speakers are discussing how to prepare a taxi for the airport plans.,1,2026-08-09 21:13:23.227169,2026-08-09 21:13:23.227169,
379,260,2,Where will Daniel get the item?,Daniel says that the item will be obtained from the airport.,2,2026-08-09 21:13:23.227169,2026-08-09 21:13:23.227169,
380,260,3,When should everything be ready?,Sophie says the items should be ready by six thirty.,3,2026-08-09 21:13:23.227169,2026-08-09 21:13:23.227169,
381,261,1,What are the speakers mainly discussing?,The speakers are discussing how to prepare printer paper for the office supplies.,1,2026-08-09 21:13:23.227169,2026-08-09 21:13:23.227169,
382,261,2,Where will Daniel get the item?,Daniel says that the item will be obtained from the storage room.,2,2026-08-09 21:13:23.227169,2026-08-09 21:13:23.227169,
383,261,3,When should everything be ready?,Maya says the items should be ready by this afternoon.,3,2026-08-09 21:13:23.227169,2026-08-09 21:13:23.227169,
384,262,1,What are the speakers mainly discussing?,The speakers are discussing how to prepare the sales meeting for the meeting schedule.,1,2026-08-09 21:13:23.227169,2026-08-09 21:13:23.227169,
385,262,2,Where will Brian get the item?,Brian says that the item will be obtained from Room 204.,2,2026-08-09 21:13:23.227169,2026-08-09 21:13:23.227169,
386,262,3,When should everything be ready?,Anna says the items should be ready by tomorrow morning.,3,2026-08-09 21:13:23.227169,2026-08-09 21:13:23.227169,
387,263,1,What are the speakers mainly discussing?,The speakers are discussing how to prepare a hotel room for the business trip.,1,2026-08-09 21:13:23.227169,2026-08-09 21:13:23.227169,
388,263,2,Where will Kevin get the item?,Kevin says that the item will be obtained from the downtown hotel.,2,2026-08-09 21:13:23.227169,2026-08-09 21:13:23.227169,
389,263,3,When should everything be ready?,Laura says the items should be ready by Friday evening.,3,2026-08-09 21:13:23.227169,2026-08-09 21:13:23.227169,
390,264,1,What are the speakers mainly discussing?,The speakers are discussing how to prepare a dinner reservation for the restaurant reservation.,1,2026-08-09 21:13:23.227169,2026-08-09 21:13:23.227169,
391,264,2,Where will Mark get the item?,Mark says that the item will be obtained from the Italian restaurant.,2,2026-08-09 21:13:23.227169,2026-08-09 21:13:23.227169,
392,264,3,When should everything be ready?,Emily says the items should be ready by seven o'clock.,3,2026-08-09 21:13:23.227169,2026-08-09 21:13:23.227169,
393,265,1,What are the speakers mainly discussing?,The speakers are discussing how to prepare train tickets for the train travel.,1,2026-08-09 21:13:23.227169,2026-08-09 21:13:23.227169,
394,265,2,Where will James get the item?,James says that the item will be obtained from the station.,2,2026-08-09 21:13:23.227169,2026-08-09 21:13:23.227169,
395,265,3,When should everything be ready?,Sarah says the items should be ready by Saturday morning.,3,2026-08-09 21:13:23.227169,2026-08-09 21:13:23.227169,
396,266,1,What are the speakers mainly discussing?,The speakers are discussing how to prepare conference registration for the conference.,1,2026-08-09 21:13:23.227169,2026-08-09 21:13:23.227169,
397,266,2,Where will Robert get the item?,Robert says that the item will be obtained from the convention center.,2,2026-08-09 21:13:23.227169,2026-08-09 21:13:23.227169,
398,266,3,When should everything be ready?,Linda says the items should be ready by next Monday.,3,2026-08-09 21:13:23.227169,2026-08-09 21:13:23.227169,
399,267,1,What are the speakers mainly discussing?,The speakers are discussing how to prepare a replacement order for the customer order.,1,2026-08-09 21:13:23.227169,2026-08-09 21:13:23.227169,
400,267,2,Where will Michael get the item?,Michael says that the item will be obtained from the customer service desk.,2,2026-08-09 21:13:23.227169,2026-08-09 21:13:23.227169,
401,267,3,When should everything be ready?,Jessica says the items should be ready by next week.,3,2026-08-09 21:13:23.227169,2026-08-09 21:13:23.227169,
402,268,1,What are the speakers mainly discussing?,The speakers are discussing how to prepare the project report for the project deadline.,1,2026-08-09 21:13:23.227169,2026-08-09 21:13:23.227169,
403,268,2,Where will David get the item?,David says that the item will be obtained from the design office.,2,2026-08-09 21:13:23.227169,2026-08-09 21:13:23.227169,
404,268,3,When should everything be ready?,Rachel says the items should be ready by Friday.,3,2026-08-09 21:13:23.227169,2026-08-09 21:13:23.227169,
405,269,1,What are the speakers mainly discussing?,The speakers are discussing how to prepare the office computer for the equipment repair.,1,2026-08-09 21:13:23.227169,2026-08-09 21:13:23.227169,
406,269,2,Where will Thomas get the item?,Thomas says that the item will be obtained from the IT department.,2,2026-08-09 21:13:23.227169,2026-08-09 21:13:23.227169,
407,269,3,When should everything be ready?,Olivia says the items should be ready by this afternoon.,3,2026-08-09 21:13:23.227169,2026-08-09 21:13:23.227169,
408,270,1,What are the speakers mainly discussing?,The speakers are discussing how to prepare a taxi for the airport plans.,1,2026-08-09 21:13:23.227169,2026-08-09 21:13:23.227169,
409,270,2,Where will Daniel get the item?,Daniel says that the item will be obtained from the airport.,2,2026-08-09 21:13:23.227169,2026-08-09 21:13:23.227169,
410,270,3,When should everything be ready?,Sophie says the items should be ready by six thirty.,3,2026-08-09 21:13:23.227169,2026-08-09 21:13:23.227169,
411,271,1,What are the speakers mainly discussing?,The speakers are discussing how to prepare printer paper for the office supplies.,1,2026-08-09 21:13:23.227169,2026-08-09 21:13:23.227169,
412,271,2,Where will Daniel get the item?,Daniel says that the item will be obtained from the storage room.,2,2026-08-09 21:13:23.227169,2026-08-09 21:13:23.227169,
413,271,3,When should everything be ready?,Maya says the items should be ready by this afternoon.,3,2026-08-09 21:13:23.227169,2026-08-09 21:13:23.227169,
414,272,1,What are the speakers mainly discussing?,The speakers are discussing how to prepare the sales meeting for the meeting schedule.,1,2026-08-09 21:13:23.227169,2026-08-09 21:13:23.227169,
415,272,2,Where will Brian get the item?,Brian says that the item will be obtained from Room 204.,2,2026-08-09 21:13:23.227169,2026-08-09 21:13:23.227169,
416,272,3,When should everything be ready?,Anna says the items should be ready by tomorrow morning.,3,2026-08-09 21:13:23.227169,2026-08-09 21:13:23.227169,
417,273,1,What are the speakers mainly discussing?,The speakers are discussing how to prepare a hotel room for the business trip.,1,2026-08-09 21:13:23.227169,2026-08-09 21:13:23.227169,
418,273,2,Where will Kevin get the item?,Kevin says that the item will be obtained from the downtown hotel.,2,2026-08-09 21:13:23.227169,2026-08-09 21:13:23.227169,
419,273,3,When should everything be ready?,Laura says the items should be ready by Friday evening.,3,2026-08-09 21:13:23.227169,2026-08-09 21:13:23.227169,
420,274,1,What are the speakers mainly discussing?,The speakers are discussing how to prepare a dinner reservation for the restaurant reservation.,1,2026-08-09 21:13:23.227169,2026-08-09 21:13:23.227169,
421,274,2,Where will Mark get the item?,Mark says that the item will be obtained from the Italian restaurant.,2,2026-08-09 21:13:23.227169,2026-08-09 21:13:23.227169,
422,274,3,When should everything be ready?,Emily says the items should be ready by seven o'clock.,3,2026-08-09 21:13:23.227169,2026-08-09 21:13:23.227169,
423,275,1,What are the speakers mainly discussing?,The speakers are discussing how to prepare train tickets for the train travel.,1,2026-08-09 21:13:23.227169,2026-08-09 21:13:23.227169,
424,275,2,Where will James get the item?,James says that the item will be obtained from the station.,2,2026-08-09 21:13:23.227169,2026-08-09 21:13:23.227169,
425,275,3,When should everything be ready?,Sarah says the items should be ready by Saturday morning.,3,2026-08-09 21:13:23.227169,2026-08-09 21:13:23.227169,
426,276,1,What are the speakers mainly discussing?,The speakers are discussing how to prepare conference registration for the conference.,1,2026-08-09 21:13:23.227169,2026-08-09 21:13:23.227169,
427,276,2,Where will Robert get the item?,Robert says that the item will be obtained from the convention center.,2,2026-08-09 21:13:23.227169,2026-08-09 21:13:23.227169,
428,276,3,When should everything be ready?,Linda says the items should be ready by next Monday.,3,2026-08-09 21:13:23.227169,2026-08-09 21:13:23.227169,
429,277,1,What are the speakers mainly discussing?,The speakers are discussing how to prepare a replacement order for the customer order.,1,2026-08-09 21:13:23.227169,2026-08-09 21:13:23.227169,
430,277,2,Where will Michael get the item?,Michael says that the item will be obtained from the customer service desk.,2,2026-08-09 21:13:23.227169,2026-08-09 21:13:23.227169,
431,277,3,When should everything be ready?,Jessica says the items should be ready by next week.,3,2026-08-09 21:13:23.227169,2026-08-09 21:13:23.227169,
432,278,1,What are the speakers mainly discussing?,The speakers are discussing how to prepare the project report for the project deadline.,1,2026-08-09 21:13:23.227169,2026-08-09 21:13:23.227169,
433,278,2,Where will David get the item?,David says that the item will be obtained from the design office.,2,2026-08-09 21:13:23.227169,2026-08-09 21:13:23.227169,
434,278,3,When should everything be ready?,Rachel says the items should be ready by Friday.,3,2026-08-09 21:13:23.227169,2026-08-09 21:13:23.227169,
435,279,1,What are the speakers mainly discussing?,The speakers are discussing how to prepare the office computer for the equipment repair.,1,2026-08-09 21:13:23.227169,2026-08-09 21:13:23.227169,
436,279,2,Where will Thomas get the item?,Thomas says that the item will be obtained from the IT department.,2,2026-08-09 21:13:23.227169,2026-08-09 21:13:23.227169,
437,279,3,When should everything be ready?,Olivia says the items should be ready by this afternoon.,3,2026-08-09 21:13:23.227169,2026-08-09 21:13:23.227169,
438,280,1,What are the speakers mainly discussing?,The speakers are discussing how to prepare a taxi for the airport plans.,1,2026-08-09 21:13:23.227169,2026-08-09 21:13:23.227169,
439,280,2,Where will Daniel get the item?,Daniel says that the item will be obtained from the airport.,2,2026-08-09 21:13:23.227169,2026-08-09 21:13:23.227169,
440,280,3,When should everything be ready?,Sophie says the items should be ready by six thirty.,3,2026-08-09 21:13:23.227169,2026-08-09 21:13:23.227169,
441,281,1,What are the speakers mainly discussing?,The speakers are discussing how to prepare printer paper for the office supplies.,1,2026-08-09 21:13:23.227169,2026-08-09 21:13:23.227169,
442,281,2,Where will Daniel get the item?,Daniel says that the item will be obtained from the storage room.,2,2026-08-09 21:13:23.227169,2026-08-09 21:13:23.227169,
443,281,3,When should everything be ready?,Maya says the items should be ready by this afternoon.,3,2026-08-09 21:13:23.227169,2026-08-09 21:13:23.227169,
444,282,1,What are the speakers mainly discussing?,The speakers are discussing how to prepare the sales meeting for the meeting schedule.,1,2026-08-09 21:13:23.227169,2026-08-09 21:13:23.227169,
445,282,2,Where will Brian get the item?,Brian says that the item will be obtained from Room 204.,2,2026-08-09 21:13:23.227169,2026-08-09 21:13:23.227169,
446,282,3,When should everything be ready?,Anna says the items should be ready by tomorrow morning.,3,2026-08-09 21:13:23.227169,2026-08-09 21:13:23.227169,
447,283,1,What are the speakers mainly discussing?,The speakers are discussing how to prepare a hotel room for the business trip.,1,2026-08-09 21:13:23.227169,2026-08-09 21:13:23.227169,
448,283,2,Where will Kevin get the item?,Kevin says that the item will be obtained from the downtown hotel.,2,2026-08-09 21:13:23.227169,2026-08-09 21:13:23.227169,
449,283,3,When should everything be ready?,Laura says the items should be ready by Friday evening.,3,2026-08-09 21:13:23.227169,2026-08-09 21:13:23.227169,
450,284,1,What are the speakers mainly discussing?,The speakers are discussing how to prepare a dinner reservation for the restaurant reservation.,1,2026-08-09 21:13:23.227169,2026-08-09 21:13:23.227169,
451,284,2,Where will Mark get the item?,Mark says that the item will be obtained from the Italian restaurant.,2,2026-08-09 21:13:23.227169,2026-08-09 21:13:23.227169,
452,284,3,When should everything be ready?,Emily says the items should be ready by seven o'clock.,3,2026-08-09 21:13:23.227169,2026-08-09 21:13:23.227169,
453,285,1,What are the speakers mainly discussing?,The speakers are discussing how to prepare train tickets for the train travel.,1,2026-08-09 21:13:23.227169,2026-08-09 21:13:23.227169,
454,285,2,Where will James get the item?,James says that the item will be obtained from the station.,2,2026-08-09 21:13:23.227169,2026-08-09 21:13:23.227169,
455,285,3,When should everything be ready?,Sarah says the items should be ready by Saturday morning.,3,2026-08-09 21:13:23.227169,2026-08-09 21:13:23.227169,
456,286,1,What are the speakers mainly discussing?,The speakers are discussing how to prepare conference registration for the conference.,1,2026-08-09 21:13:23.227169,2026-08-09 21:13:23.227169,
457,286,2,Where will Robert get the item?,Robert says that the item will be obtained from the convention center.,2,2026-08-09 21:13:23.227169,2026-08-09 21:13:23.227169,
458,286,3,When should everything be ready?,Linda says the items should be ready by next Monday.,3,2026-08-09 21:13:23.227169,2026-08-09 21:13:23.227169,
459,287,1,What are the speakers mainly discussing?,The speakers are discussing how to prepare a replacement order for the customer order.,1,2026-08-09 21:13:23.227169,2026-08-09 21:13:23.227169,
460,287,2,Where will Michael get the item?,Michael says that the item will be obtained from the customer service desk.,2,2026-08-09 21:13:23.227169,2026-08-09 21:13:23.227169,
461,287,3,When should everything be ready?,Jessica says the items should be ready by next week.,3,2026-08-09 21:13:23.227169,2026-08-09 21:13:23.227169,
462,288,1,What are the speakers mainly discussing?,The speakers are discussing how to prepare the project report for the project deadline.,1,2026-08-09 21:13:23.227169,2026-08-09 21:13:23.227169,
463,288,2,Where will David get the item?,David says that the item will be obtained from the design office.,2,2026-08-09 21:13:23.227169,2026-08-09 21:13:23.227169,
464,288,3,When should everything be ready?,Rachel says the items should be ready by Friday.,3,2026-08-09 21:13:23.227169,2026-08-09 21:13:23.227169,
465,289,1,What are the speakers mainly discussing?,The speakers are discussing how to prepare the office computer for the equipment repair.,1,2026-08-09 21:13:23.227169,2026-08-09 21:13:23.227169,
466,289,2,Where will Thomas get the item?,Thomas says that the item will be obtained from the IT department.,2,2026-08-09 21:13:23.227169,2026-08-09 21:13:23.227169,
467,289,3,When should everything be ready?,Olivia says the items should be ready by this afternoon.,3,2026-08-09 21:13:23.227169,2026-08-09 21:13:23.227169,
468,290,1,What are the speakers mainly discussing?,The speakers are discussing how to prepare a taxi for the airport plans.,1,2026-08-09 21:13:23.227169,2026-08-09 21:13:23.227169,
469,290,2,Where will Daniel get the item?,Daniel says that the item will be obtained from the airport.,2,2026-08-09 21:13:23.227169,2026-08-09 21:13:23.227169,
470,290,3,When should everything be ready?,Sophie says the items should be ready by six thirty.,3,2026-08-09 21:13:23.227169,2026-08-09 21:13:23.227169,
471,291,1,What are the speakers mainly discussing?,The speakers are discussing how to prepare printer paper for the office supplies.,1,2026-08-09 21:13:23.227169,2026-08-09 21:13:23.227169,
472,291,2,Where will Daniel get the item?,Daniel says that the item will be obtained from the storage room.,2,2026-08-09 21:13:23.227169,2026-08-09 21:13:23.227169,
473,291,3,When should everything be ready?,Maya says the items should be ready by this afternoon.,3,2026-08-09 21:13:23.227169,2026-08-09 21:13:23.227169,
474,292,1,What are the speakers mainly discussing?,The speakers are discussing how to prepare the sales meeting for the meeting schedule.,1,2026-08-09 21:13:23.227169,2026-08-09 21:13:23.227169,
475,292,2,Where will Brian get the item?,Brian says that the item will be obtained from Room 204.,2,2026-08-09 21:13:23.227169,2026-08-09 21:13:23.227169,
476,292,3,When should everything be ready?,Anna says the items should be ready by tomorrow morning.,3,2026-08-09 21:13:23.227169,2026-08-09 21:13:23.227169,
477,293,1,What are the speakers mainly discussing?,The speakers are discussing how to prepare a hotel room for the business trip.,1,2026-08-09 21:13:23.227169,2026-08-09 21:13:23.227169,
478,293,2,Where will Kevin get the item?,Kevin says that the item will be obtained from the downtown hotel.,2,2026-08-09 21:13:23.227169,2026-08-09 21:13:23.227169,
479,293,3,When should everything be ready?,Laura says the items should be ready by Friday evening.,3,2026-08-09 21:13:23.227169,2026-08-09 21:13:23.227169,
480,294,1,What are the speakers mainly discussing?,The speakers are discussing how to prepare a dinner reservation for the restaurant reservation.,1,2026-08-09 21:13:23.227169,2026-08-09 21:13:23.227169,
481,294,2,Where will Mark get the item?,Mark says that the item will be obtained from the Italian restaurant.,2,2026-08-09 21:13:23.227169,2026-08-09 21:13:23.227169,
482,294,3,When should everything be ready?,Emily says the items should be ready by seven o'clock.,3,2026-08-09 21:13:23.227169,2026-08-09 21:13:23.227169,
483,295,1,What are the speakers mainly discussing?,The speakers are discussing how to prepare train tickets for the train travel.,1,2026-08-09 21:13:23.227169,2026-08-09 21:13:23.227169,
484,295,2,Where will James get the item?,James says that the item will be obtained from the station.,2,2026-08-09 21:13:23.227169,2026-08-09 21:13:23.227169,
485,295,3,When should everything be ready?,Sarah says the items should be ready by Saturday morning.,3,2026-08-09 21:13:23.227169,2026-08-09 21:13:23.227169,
486,296,1,What are the speakers mainly discussing?,The speakers are discussing how to prepare conference registration for the conference.,1,2026-08-09 21:13:23.227169,2026-08-09 21:13:23.227169,
487,296,2,Where will Robert get the item?,Robert says that the item will be obtained from the convention center.,2,2026-08-09 21:13:23.227169,2026-08-09 21:13:23.227169,
488,296,3,When should everything be ready?,Linda says the items should be ready by next Monday.,3,2026-08-09 21:13:23.227169,2026-08-09 21:13:23.227169,
489,297,1,What are the speakers mainly discussing?,The speakers are discussing how to prepare a replacement order for the customer order.,1,2026-08-09 21:13:23.227169,2026-08-09 21:13:23.227169,
490,297,2,Where will Michael get the item?,Michael says that the item will be obtained from the customer service desk.,2,2026-08-09 21:13:23.227169,2026-08-09 21:13:23.227169,
491,297,3,When should everything be ready?,Jessica says the items should be ready by next week.,3,2026-08-09 21:13:23.227169,2026-08-09 21:13:23.227169,
492,298,1,What are the speakers mainly discussing?,The speakers are discussing how to prepare the project report for the project deadline.,1,2026-08-09 21:13:23.227169,2026-08-09 21:13:23.227169,
493,298,2,Where will David get the item?,David says that the item will be obtained from the design office.,2,2026-08-09 21:13:23.227169,2026-08-09 21:13:23.227169,
494,298,3,When should everything be ready?,Rachel says the items should be ready by Friday.,3,2026-08-09 21:13:23.227169,2026-08-09 21:13:23.227169,
495,299,1,What are the speakers mainly discussing?,The speakers are discussing how to prepare the office computer for the equipment repair.,1,2026-08-09 21:13:23.227169,2026-08-09 21:13:23.227169,
496,299,2,Where will Thomas get the item?,Thomas says that the item will be obtained from the IT department.,2,2026-08-09 21:13:23.227169,2026-08-09 21:13:23.227169,
497,299,3,When should everything be ready?,Olivia says the items should be ready by this afternoon.,3,2026-08-09 21:13:23.227169,2026-08-09 21:13:23.227169,
498,300,1,What are the speakers mainly discussing?,The speakers are discussing how to prepare a taxi for the airport plans.,1,2026-08-09 21:13:23.227169,2026-08-09 21:13:23.227169,
499,300,2,Where will Daniel get the item?,Daniel says that the item will be obtained from the airport.,2,2026-08-09 21:13:23.227169,2026-08-09 21:13:23.227169,
500,300,3,When should everything be ready?,Sophie says the items should be ready by six thirty.,3,2026-08-09 21:13:23.227169,2026-08-09 21:13:23.227169,
501,301,1,What is the announcement mainly about?,The talk states information that directly supports option A.,1,2026-08-09 21:34:42.767896,2026-08-09 21:34:42.767896,
502,301,2,Why will the library close early?,The talk states information that directly supports option A.,2,2026-08-09 21:34:42.767896,2026-08-09 21:34:42.767896,
503,301,3,When will normal opening hours resume?,The talk states information that directly supports option B.,3,2026-08-09 21:34:42.767896,2026-08-09 21:34:42.767896,
504,302,1,What is being announced?,The talk states information that directly supports option A.,1,2026-08-09 21:34:42.767896,2026-08-09 21:34:42.767896,
505,302,2,Where should passengers go?,The talk states information that directly supports option C.,2,2026-08-09 21:34:42.767896,2026-08-09 21:34:42.767896,
506,302,3,What should passengers do before going to the new gate?,The talk states information that directly supports option B.,3,2026-08-09 21:34:42.767896,2026-08-09 21:34:42.767896,
507,303,1,Who is being reminded about the meeting?,The talk states information that directly supports option B.,1,2026-08-09 21:34:42.767896,2026-08-09 21:34:42.767896,
508,303,2,When will the meeting begin?,The talk states information that directly supports option C.,2,2026-08-09 21:34:42.767896,2026-08-09 21:34:42.767896,
509,303,3,What should attendees bring?,The talk states information that directly supports option B.,3,2026-08-09 21:34:42.767896,2026-08-09 21:34:42.767896,
510,304,1,What is being promoted?,The talk states information that directly supports option B.,1,2026-08-09 21:34:42.767896,2026-08-09 21:34:42.767896,
511,304,2,How much does the special menu cost?,The talk states information that directly supports option B.,2,2026-08-09 21:34:42.767896,2026-08-09 21:34:42.767896,
512,304,3,When is the promotion available?,The talk states information that directly supports option B.,3,2026-08-09 21:34:42.767896,2026-08-09 21:34:42.767896,
513,305,1,Where are the listeners?,The talk states information that directly supports option B.,1,2026-08-09 21:34:42.767896,2026-08-09 21:34:42.767896,
514,305,2,When will the tour begin?,The talk states information that directly supports option B.,2,2026-08-09 21:34:42.767896,2026-08-09 21:34:42.767896,
515,305,3,What may visitors do?,The talk states information that directly supports option C.,3,2026-08-09 21:34:42.767896,2026-08-09 21:34:42.767896,
516,306,1,What is the announcement about?,The talk states information that directly supports option A.,1,2026-08-09 21:34:42.767896,2026-08-09 21:34:42.767896,
517,306,2,Where will the express train depart?,The talk states information that directly supports option B.,2,2026-08-09 21:34:42.767896,2026-08-09 21:34:42.767896,
518,306,3,Which platform should Oakville passengers use?,The talk states information that directly supports option D.,3,2026-08-09 21:34:42.767896,2026-08-09 21:34:42.767896,
519,307,1,What will the weather be like today?,The talk states information that directly supports option A.,1,2026-08-09 21:34:42.767896,2026-08-09 21:34:42.767896,
520,307,2,What is expected this evening?,The talk states information that directly supports option B.,2,2026-08-09 21:34:42.767896,2026-08-09 21:34:42.767896,
521,307,3,Who should be especially careful?,The talk states information that directly supports option B.,3,2026-08-09 21:34:42.767896,2026-08-09 21:34:42.767896,
522,308,1,What will be closed tomorrow morning?,The talk states information that directly supports option C.,1,2026-08-09 21:34:42.767896,2026-08-09 21:34:42.767896,
523,308,2,Why will it be closed?,The talk states information that directly supports option A.,2,2026-08-09 21:34:42.767896,2026-08-09 21:34:42.767896,
524,308,3,When will it reopen?,The talk states information that directly supports option C.,3,2026-08-09 21:34:42.767896,2026-08-09 21:34:42.767896,
525,309,1,What is Central Electronics promoting?,The talk states information that directly supports option A.,1,2026-08-09 21:34:42.767896,2026-08-09 21:34:42.767896,
526,309,2,How much are selected laptops discounted?,The talk states information that directly supports option C.,2,2026-08-09 21:34:42.767896,2026-08-09 21:34:42.767896,
527,309,3,When does the sale begin?,The talk states information that directly supports option B.,3,2026-08-09 21:34:42.767896,2026-08-09 21:34:42.767896,
528,310,1,Who should report to Training Room 3?,The talk states information that directly supports option C.,1,2026-08-09 21:34:42.767896,2026-08-09 21:34:42.767896,
529,310,2,When should participants arrive?,The talk states information that directly supports option C.,2,2026-08-09 21:34:42.767896,2026-08-09 21:34:42.767896,
530,310,3,What follows the workshop?,The talk states information that directly supports option B.,3,2026-08-09 21:34:42.767896,2026-08-09 21:34:42.767896,
531,311,1,What is the announcement mainly about?,The talk states information that directly supports option A.,1,2026-08-09 21:34:42.767896,2026-08-09 21:34:42.767896,
532,311,2,Why will the library close early?,The talk states information that directly supports option A.,2,2026-08-09 21:34:42.767896,2026-08-09 21:34:42.767896,
533,311,3,When will normal opening hours resume?,The talk states information that directly supports option B.,3,2026-08-09 21:34:42.767896,2026-08-09 21:34:42.767896,
534,312,1,What is being announced?,The talk states information that directly supports option A.,1,2026-08-09 21:34:42.767896,2026-08-09 21:34:42.767896,
535,312,2,Where should passengers go?,The talk states information that directly supports option C.,2,2026-08-09 21:34:42.767896,2026-08-09 21:34:42.767896,
536,312,3,What should passengers do before going to the new gate?,The talk states information that directly supports option B.,3,2026-08-09 21:34:42.767896,2026-08-09 21:34:42.767896,
537,313,1,Who is being reminded about the meeting?,The talk states information that directly supports option B.,1,2026-08-09 21:34:42.767896,2026-08-09 21:34:42.767896,
538,313,2,When will the meeting begin?,The talk states information that directly supports option C.,2,2026-08-09 21:34:42.767896,2026-08-09 21:34:42.767896,
539,313,3,What should attendees bring?,The talk states information that directly supports option B.,3,2026-08-09 21:34:42.767896,2026-08-09 21:34:42.767896,
540,314,1,What is being promoted?,The talk states information that directly supports option B.,1,2026-08-09 21:34:42.767896,2026-08-09 21:34:42.767896,
541,314,2,How much does the special menu cost?,The talk states information that directly supports option B.,2,2026-08-09 21:34:42.767896,2026-08-09 21:34:42.767896,
542,314,3,When is the promotion available?,The talk states information that directly supports option B.,3,2026-08-09 21:34:42.767896,2026-08-09 21:34:42.767896,
543,315,1,Where are the listeners?,The talk states information that directly supports option B.,1,2026-08-09 21:34:42.767896,2026-08-09 21:34:42.767896,
544,315,2,When will the tour begin?,The talk states information that directly supports option B.,2,2026-08-09 21:34:42.767896,2026-08-09 21:34:42.767896,
545,315,3,What may visitors do?,The talk states information that directly supports option C.,3,2026-08-09 21:34:42.767896,2026-08-09 21:34:42.767896,
546,316,1,What is the announcement about?,The talk states information that directly supports option A.,1,2026-08-09 21:34:42.767896,2026-08-09 21:34:42.767896,
547,316,2,Where will the express train depart?,The talk states information that directly supports option B.,2,2026-08-09 21:34:42.767896,2026-08-09 21:34:42.767896,
548,316,3,Which platform should Oakville passengers use?,The talk states information that directly supports option D.,3,2026-08-09 21:34:42.767896,2026-08-09 21:34:42.767896,
549,317,1,What will the weather be like today?,The talk states information that directly supports option A.,1,2026-08-09 21:34:42.767896,2026-08-09 21:34:42.767896,
550,317,2,What is expected this evening?,The talk states information that directly supports option B.,2,2026-08-09 21:34:42.767896,2026-08-09 21:34:42.767896,
551,317,3,Who should be especially careful?,The talk states information that directly supports option B.,3,2026-08-09 21:34:42.767896,2026-08-09 21:34:42.767896,
552,318,1,What will be closed tomorrow morning?,The talk states information that directly supports option C.,1,2026-08-09 21:34:42.767896,2026-08-09 21:34:42.767896,
553,318,2,Why will it be closed?,The talk states information that directly supports option A.,2,2026-08-09 21:34:42.767896,2026-08-09 21:34:42.767896,
554,318,3,When will it reopen?,The talk states information that directly supports option C.,3,2026-08-09 21:34:42.767896,2026-08-09 21:34:42.767896,
555,319,1,What is Central Electronics promoting?,The talk states information that directly supports option A.,1,2026-08-09 21:34:42.767896,2026-08-09 21:34:42.767896,
556,319,2,How much are selected laptops discounted?,The talk states information that directly supports option C.,2,2026-08-09 21:34:42.767896,2026-08-09 21:34:42.767896,
557,319,3,When does the sale begin?,The talk states information that directly supports option B.,3,2026-08-09 21:34:42.767896,2026-08-09 21:34:42.767896,
558,320,1,Who should report to Training Room 3?,The talk states information that directly supports option C.,1,2026-08-09 21:34:42.767896,2026-08-09 21:34:42.767896,
559,320,2,When should participants arrive?,The talk states information that directly supports option C.,2,2026-08-09 21:34:42.767896,2026-08-09 21:34:42.767896,
560,320,3,What follows the workshop?,The talk states information that directly supports option B.,3,2026-08-09 21:34:42.767896,2026-08-09 21:34:42.767896,
561,321,1,What is the announcement mainly about?,The talk states information that directly supports option A.,1,2026-08-09 21:34:42.767896,2026-08-09 21:34:42.767896,
562,321,2,Why will the library close early?,The talk states information that directly supports option A.,2,2026-08-09 21:34:42.767896,2026-08-09 21:34:42.767896,
563,321,3,When will normal opening hours resume?,The talk states information that directly supports option B.,3,2026-08-09 21:34:42.767896,2026-08-09 21:34:42.767896,
564,322,1,What is being announced?,The talk states information that directly supports option A.,1,2026-08-09 21:34:42.767896,2026-08-09 21:34:42.767896,
565,322,2,Where should passengers go?,The talk states information that directly supports option C.,2,2026-08-09 21:34:42.767896,2026-08-09 21:34:42.767896,
566,322,3,What should passengers do before going to the new gate?,The talk states information that directly supports option B.,3,2026-08-09 21:34:42.767896,2026-08-09 21:34:42.767896,
567,323,1,Who is being reminded about the meeting?,The talk states information that directly supports option B.,1,2026-08-09 21:34:42.767896,2026-08-09 21:34:42.767896,
568,323,2,When will the meeting begin?,The talk states information that directly supports option C.,2,2026-08-09 21:34:42.767896,2026-08-09 21:34:42.767896,
569,323,3,What should attendees bring?,The talk states information that directly supports option B.,3,2026-08-09 21:34:42.767896,2026-08-09 21:34:42.767896,
570,324,1,What is being promoted?,The talk states information that directly supports option B.,1,2026-08-09 21:34:42.767896,2026-08-09 21:34:42.767896,
571,324,2,How much does the special menu cost?,The talk states information that directly supports option B.,2,2026-08-09 21:34:42.767896,2026-08-09 21:34:42.767896,
572,324,3,When is the promotion available?,The talk states information that directly supports option B.,3,2026-08-09 21:34:42.767896,2026-08-09 21:34:42.767896,
573,325,1,Where are the listeners?,The talk states information that directly supports option B.,1,2026-08-09 21:34:42.767896,2026-08-09 21:34:42.767896,
574,325,2,When will the tour begin?,The talk states information that directly supports option B.,2,2026-08-09 21:34:42.767896,2026-08-09 21:34:42.767896,
575,325,3,What may visitors do?,The talk states information that directly supports option C.,3,2026-08-09 21:34:42.767896,2026-08-09 21:34:42.767896,
576,326,1,What is the announcement about?,The talk states information that directly supports option A.,1,2026-08-09 21:34:42.767896,2026-08-09 21:34:42.767896,
577,326,2,Where will the express train depart?,The talk states information that directly supports option B.,2,2026-08-09 21:34:42.767896,2026-08-09 21:34:42.767896,
578,326,3,Which platform should Oakville passengers use?,The talk states information that directly supports option D.,3,2026-08-09 21:34:42.767896,2026-08-09 21:34:42.767896,
579,327,1,What will the weather be like today?,The talk states information that directly supports option A.,1,2026-08-09 21:34:42.767896,2026-08-09 21:34:42.767896,
580,327,2,What is expected this evening?,The talk states information that directly supports option B.,2,2026-08-09 21:34:42.767896,2026-08-09 21:34:42.767896,
581,327,3,Who should be especially careful?,The talk states information that directly supports option B.,3,2026-08-09 21:34:42.767896,2026-08-09 21:34:42.767896,
582,328,1,What will be closed tomorrow morning?,The talk states information that directly supports option C.,1,2026-08-09 21:34:42.767896,2026-08-09 21:34:42.767896,
583,328,2,Why will it be closed?,The talk states information that directly supports option A.,2,2026-08-09 21:34:42.767896,2026-08-09 21:34:42.767896,
584,328,3,When will it reopen?,The talk states information that directly supports option C.,3,2026-08-09 21:34:42.767896,2026-08-09 21:34:42.767896,
585,329,1,What is Central Electronics promoting?,The talk states information that directly supports option A.,1,2026-08-09 21:34:42.767896,2026-08-09 21:34:42.767896,
586,329,2,How much are selected laptops discounted?,The talk states information that directly supports option C.,2,2026-08-09 21:34:42.767896,2026-08-09 21:34:42.767896,
587,329,3,When does the sale begin?,The talk states information that directly supports option B.,3,2026-08-09 21:34:42.767896,2026-08-09 21:34:42.767896,
588,330,1,Who should report to Training Room 3?,The talk states information that directly supports option C.,1,2026-08-09 21:34:42.767896,2026-08-09 21:34:42.767896,
589,330,2,When should participants arrive?,The talk states information that directly supports option C.,2,2026-08-09 21:34:42.767896,2026-08-09 21:34:42.767896,
590,330,3,What follows the workshop?,The talk states information that directly supports option B.,3,2026-08-09 21:34:42.767896,2026-08-09 21:34:42.767896,
591,331,1,What is the announcement mainly about?,The talk states information that directly supports option A.,1,2026-08-09 21:34:42.767896,2026-08-09 21:34:42.767896,
592,331,2,Why will the library close early?,The talk states information that directly supports option A.,2,2026-08-09 21:34:42.767896,2026-08-09 21:34:42.767896,
593,331,3,When will normal opening hours resume?,The talk states information that directly supports option B.,3,2026-08-09 21:34:42.767896,2026-08-09 21:34:42.767896,
594,332,1,What is being announced?,The talk states information that directly supports option A.,1,2026-08-09 21:34:42.767896,2026-08-09 21:34:42.767896,
595,332,2,Where should passengers go?,The talk states information that directly supports option C.,2,2026-08-09 21:34:42.767896,2026-08-09 21:34:42.767896,
596,332,3,What should passengers do before going to the new gate?,The talk states information that directly supports option B.,3,2026-08-09 21:34:42.767896,2026-08-09 21:34:42.767896,
597,333,1,Who is being reminded about the meeting?,The talk states information that directly supports option B.,1,2026-08-09 21:34:42.767896,2026-08-09 21:34:42.767896,
598,333,2,When will the meeting begin?,The talk states information that directly supports option C.,2,2026-08-09 21:34:42.767896,2026-08-09 21:34:42.767896,
599,333,3,What should attendees bring?,The talk states information that directly supports option B.,3,2026-08-09 21:34:42.767896,2026-08-09 21:34:42.767896,
600,334,1,What is being promoted?,The talk states information that directly supports option B.,1,2026-08-09 21:34:42.767896,2026-08-09 21:34:42.767896,
601,334,2,How much does the special menu cost?,The talk states information that directly supports option B.,2,2026-08-09 21:34:42.767896,2026-08-09 21:34:42.767896,
602,334,3,When is the promotion available?,The talk states information that directly supports option B.,3,2026-08-09 21:34:42.767896,2026-08-09 21:34:42.767896,
603,335,1,Where are the listeners?,The talk states information that directly supports option B.,1,2026-08-09 21:34:42.767896,2026-08-09 21:34:42.767896,
604,335,2,When will the tour begin?,The talk states information that directly supports option B.,2,2026-08-09 21:34:42.767896,2026-08-09 21:34:42.767896,
605,335,3,What may visitors do?,The talk states information that directly supports option C.,3,2026-08-09 21:34:42.767896,2026-08-09 21:34:42.767896,
606,336,1,What is the announcement about?,The talk states information that directly supports option A.,1,2026-08-09 21:34:42.767896,2026-08-09 21:34:42.767896,
607,336,2,Where will the express train depart?,The talk states information that directly supports option B.,2,2026-08-09 21:34:42.767896,2026-08-09 21:34:42.767896,
608,336,3,Which platform should Oakville passengers use?,The talk states information that directly supports option D.,3,2026-08-09 21:34:42.767896,2026-08-09 21:34:42.767896,
609,337,1,What will the weather be like today?,The talk states information that directly supports option A.,1,2026-08-09 21:34:42.767896,2026-08-09 21:34:42.767896,
610,337,2,What is expected this evening?,The talk states information that directly supports option B.,2,2026-08-09 21:34:42.767896,2026-08-09 21:34:42.767896,
611,337,3,Who should be especially careful?,The talk states information that directly supports option B.,3,2026-08-09 21:34:42.767896,2026-08-09 21:34:42.767896,
612,338,1,What will be closed tomorrow morning?,The talk states information that directly supports option C.,1,2026-08-09 21:34:42.767896,2026-08-09 21:34:42.767896,
613,338,2,Why will it be closed?,The talk states information that directly supports option A.,2,2026-08-09 21:34:42.767896,2026-08-09 21:34:42.767896,
614,338,3,When will it reopen?,The talk states information that directly supports option C.,3,2026-08-09 21:34:42.767896,2026-08-09 21:34:42.767896,
615,339,1,What is Central Electronics promoting?,The talk states information that directly supports option A.,1,2026-08-09 21:34:42.767896,2026-08-09 21:34:42.767896,
616,339,2,How much are selected laptops discounted?,The talk states information that directly supports option C.,2,2026-08-09 21:34:42.767896,2026-08-09 21:34:42.767896,
617,339,3,When does the sale begin?,The talk states information that directly supports option B.,3,2026-08-09 21:34:42.767896,2026-08-09 21:34:42.767896,
618,340,1,Who should report to Training Room 3?,The talk states information that directly supports option C.,1,2026-08-09 21:34:42.767896,2026-08-09 21:34:42.767896,
619,340,2,When should participants arrive?,The talk states information that directly supports option C.,2,2026-08-09 21:34:42.767896,2026-08-09 21:34:42.767896,
620,340,3,What follows the workshop?,The talk states information that directly supports option B.,3,2026-08-09 21:34:42.767896,2026-08-09 21:34:42.767896,
621,341,1,What is the announcement mainly about?,The talk states information that directly supports option A.,1,2026-08-09 21:34:42.767896,2026-08-09 21:34:42.767896,
622,341,2,Why will the library close early?,The talk states information that directly supports option A.,2,2026-08-09 21:34:42.767896,2026-08-09 21:34:42.767896,
623,341,3,When will normal opening hours resume?,The talk states information that directly supports option B.,3,2026-08-09 21:34:42.767896,2026-08-09 21:34:42.767896,
624,342,1,What is being announced?,The talk states information that directly supports option A.,1,2026-08-09 21:34:42.767896,2026-08-09 21:34:42.767896,
625,342,2,Where should passengers go?,The talk states information that directly supports option C.,2,2026-08-09 21:34:42.767896,2026-08-09 21:34:42.767896,
626,342,3,What should passengers do before going to the new gate?,The talk states information that directly supports option B.,3,2026-08-09 21:34:42.767896,2026-08-09 21:34:42.767896,
627,343,1,Who is being reminded about the meeting?,The talk states information that directly supports option B.,1,2026-08-09 21:34:42.767896,2026-08-09 21:34:42.767896,
628,343,2,When will the meeting begin?,The talk states information that directly supports option C.,2,2026-08-09 21:34:42.767896,2026-08-09 21:34:42.767896,
629,343,3,What should attendees bring?,The talk states information that directly supports option B.,3,2026-08-09 21:34:42.767896,2026-08-09 21:34:42.767896,
630,344,1,What is being promoted?,The talk states information that directly supports option B.,1,2026-08-09 21:34:42.767896,2026-08-09 21:34:42.767896,
631,344,2,How much does the special menu cost?,The talk states information that directly supports option B.,2,2026-08-09 21:34:42.767896,2026-08-09 21:34:42.767896,
632,344,3,When is the promotion available?,The talk states information that directly supports option B.,3,2026-08-09 21:34:42.767896,2026-08-09 21:34:42.767896,
633,345,1,Where are the listeners?,The talk states information that directly supports option B.,1,2026-08-09 21:34:42.767896,2026-08-09 21:34:42.767896,
634,345,2,When will the tour begin?,The talk states information that directly supports option B.,2,2026-08-09 21:34:42.767896,2026-08-09 21:34:42.767896,
635,345,3,What may visitors do?,The talk states information that directly supports option C.,3,2026-08-09 21:34:42.767896,2026-08-09 21:34:42.767896,
636,346,1,What is the announcement about?,The talk states information that directly supports option A.,1,2026-08-09 21:34:42.767896,2026-08-09 21:34:42.767896,
637,346,2,Where will the express train depart?,The talk states information that directly supports option B.,2,2026-08-09 21:34:42.767896,2026-08-09 21:34:42.767896,
638,346,3,Which platform should Oakville passengers use?,The talk states information that directly supports option D.,3,2026-08-09 21:34:42.767896,2026-08-09 21:34:42.767896,
639,347,1,What will the weather be like today?,The talk states information that directly supports option A.,1,2026-08-09 21:34:42.767896,2026-08-09 21:34:42.767896,
640,347,2,What is expected this evening?,The talk states information that directly supports option B.,2,2026-08-09 21:34:42.767896,2026-08-09 21:34:42.767896,
641,347,3,Who should be especially careful?,The talk states information that directly supports option B.,3,2026-08-09 21:34:42.767896,2026-08-09 21:34:42.767896,
642,348,1,What will be closed tomorrow morning?,The talk states information that directly supports option C.,1,2026-08-09 21:34:42.767896,2026-08-09 21:34:42.767896,
643,348,2,Why will it be closed?,The talk states information that directly supports option A.,2,2026-08-09 21:34:42.767896,2026-08-09 21:34:42.767896,
644,348,3,When will it reopen?,The talk states information that directly supports option C.,3,2026-08-09 21:34:42.767896,2026-08-09 21:34:42.767896,
645,349,1,What is Central Electronics promoting?,The talk states information that directly supports option A.,1,2026-08-09 21:34:42.767896,2026-08-09 21:34:42.767896,
646,349,2,How much are selected laptops discounted?,The talk states information that directly supports option C.,2,2026-08-09 21:34:42.767896,2026-08-09 21:34:42.767896,
647,349,3,When does the sale begin?,The talk states information that directly supports option B.,3,2026-08-09 21:34:42.767896,2026-08-09 21:34:42.767896,
648,350,1,Who should report to Training Room 3?,The talk states information that directly supports option C.,1,2026-08-09 21:34:42.767896,2026-08-09 21:34:42.767896,
649,350,2,When should participants arrive?,The talk states information that directly supports option C.,2,2026-08-09 21:34:42.767896,2026-08-09 21:34:42.767896,
650,350,3,What follows the workshop?,The talk states information that directly supports option B.,3,2026-08-09 21:34:42.767896,2026-08-09 21:34:42.767896,
651,351,1,What is the announcement mainly about?,The talk states information that directly supports option A.,1,2026-08-09 21:34:42.767896,2026-08-09 21:34:42.767896,
652,351,2,Why will the library close early?,The talk states information that directly supports option A.,2,2026-08-09 21:34:42.767896,2026-08-09 21:34:42.767896,
653,351,3,When will normal opening hours resume?,The talk states information that directly supports option B.,3,2026-08-09 21:34:42.767896,2026-08-09 21:34:42.767896,
654,352,1,What is being announced?,The talk states information that directly supports option A.,1,2026-08-09 21:34:42.767896,2026-08-09 21:34:42.767896,
655,352,2,Where should passengers go?,The talk states information that directly supports option C.,2,2026-08-09 21:34:42.767896,2026-08-09 21:34:42.767896,
656,352,3,What should passengers do before going to the new gate?,The talk states information that directly supports option B.,3,2026-08-09 21:34:42.767896,2026-08-09 21:34:42.767896,
657,353,1,Who is being reminded about the meeting?,The talk states information that directly supports option B.,1,2026-08-09 21:34:42.767896,2026-08-09 21:34:42.767896,
658,353,2,When will the meeting begin?,The talk states information that directly supports option C.,2,2026-08-09 21:34:42.767896,2026-08-09 21:34:42.767896,
659,353,3,What should attendees bring?,The talk states information that directly supports option B.,3,2026-08-09 21:34:42.767896,2026-08-09 21:34:42.767896,
660,354,1,What is being promoted?,The talk states information that directly supports option B.,1,2026-08-09 21:34:42.767896,2026-08-09 21:34:42.767896,
661,354,2,How much does the special menu cost?,The talk states information that directly supports option B.,2,2026-08-09 21:34:42.767896,2026-08-09 21:34:42.767896,
662,354,3,When is the promotion available?,The talk states information that directly supports option B.,3,2026-08-09 21:34:42.767896,2026-08-09 21:34:42.767896,
663,355,1,Where are the listeners?,The talk states information that directly supports option B.,1,2026-08-09 21:34:42.767896,2026-08-09 21:34:42.767896,
664,355,2,When will the tour begin?,The talk states information that directly supports option B.,2,2026-08-09 21:34:42.767896,2026-08-09 21:34:42.767896,
665,355,3,What may visitors do?,The talk states information that directly supports option C.,3,2026-08-09 21:34:42.767896,2026-08-09 21:34:42.767896,
666,356,1,What is the announcement about?,The talk states information that directly supports option A.,1,2026-08-09 21:34:42.767896,2026-08-09 21:34:42.767896,
667,356,2,Where will the express train depart?,The talk states information that directly supports option B.,2,2026-08-09 21:34:42.767896,2026-08-09 21:34:42.767896,
668,356,3,Which platform should Oakville passengers use?,The talk states information that directly supports option D.,3,2026-08-09 21:34:42.767896,2026-08-09 21:34:42.767896,
669,357,1,What will the weather be like today?,The talk states information that directly supports option A.,1,2026-08-09 21:34:42.767896,2026-08-09 21:34:42.767896,
670,357,2,What is expected this evening?,The talk states information that directly supports option B.,2,2026-08-09 21:34:42.767896,2026-08-09 21:34:42.767896,
671,357,3,Who should be especially careful?,The talk states information that directly supports option B.,3,2026-08-09 21:34:42.767896,2026-08-09 21:34:42.767896,
672,358,1,What will be closed tomorrow morning?,The talk states information that directly supports option C.,1,2026-08-09 21:34:42.767896,2026-08-09 21:34:42.767896,
673,358,2,Why will it be closed?,The talk states information that directly supports option A.,2,2026-08-09 21:34:42.767896,2026-08-09 21:34:42.767896,
674,358,3,When will it reopen?,The talk states information that directly supports option C.,3,2026-08-09 21:34:42.767896,2026-08-09 21:34:42.767896,
675,359,1,What is Central Electronics promoting?,The talk states information that directly supports option A.,1,2026-08-09 21:34:42.767896,2026-08-09 21:34:42.767896,
676,359,2,How much are selected laptops discounted?,The talk states information that directly supports option C.,2,2026-08-09 21:34:42.767896,2026-08-09 21:34:42.767896,
677,359,3,When does the sale begin?,The talk states information that directly supports option B.,3,2026-08-09 21:34:42.767896,2026-08-09 21:34:42.767896,
678,360,1,Who should report to Training Room 3?,The talk states information that directly supports option C.,1,2026-08-09 21:34:42.767896,2026-08-09 21:34:42.767896,
679,360,2,When should participants arrive?,The talk states information that directly supports option C.,2,2026-08-09 21:34:42.767896,2026-08-09 21:34:42.767896,
680,360,3,What follows the workshop?,The talk states information that directly supports option B.,3,2026-08-09 21:34:42.767896,2026-08-09 21:34:42.767896,
681,361,1,What is the announcement mainly about?,The talk states information that directly supports option A.,1,2026-08-09 21:34:42.767896,2026-08-09 21:34:42.767896,
682,361,2,Why will the library close early?,The talk states information that directly supports option A.,2,2026-08-09 21:34:42.767896,2026-08-09 21:34:42.767896,
683,361,3,When will normal opening hours resume?,The talk states information that directly supports option B.,3,2026-08-09 21:34:42.767896,2026-08-09 21:34:42.767896,
684,362,1,What is being announced?,The talk states information that directly supports option A.,1,2026-08-09 21:34:42.767896,2026-08-09 21:34:42.767896,
685,362,2,Where should passengers go?,The talk states information that directly supports option C.,2,2026-08-09 21:34:42.767896,2026-08-09 21:34:42.767896,
686,362,3,What should passengers do before going to the new gate?,The talk states information that directly supports option B.,3,2026-08-09 21:34:42.767896,2026-08-09 21:34:42.767896,
687,363,1,Who is being reminded about the meeting?,The talk states information that directly supports option B.,1,2026-08-09 21:34:42.767896,2026-08-09 21:34:42.767896,
688,363,2,When will the meeting begin?,The talk states information that directly supports option C.,2,2026-08-09 21:34:42.767896,2026-08-09 21:34:42.767896,
689,363,3,What should attendees bring?,The talk states information that directly supports option B.,3,2026-08-09 21:34:42.767896,2026-08-09 21:34:42.767896,
690,364,1,What is being promoted?,The talk states information that directly supports option B.,1,2026-08-09 21:34:42.767896,2026-08-09 21:34:42.767896,
691,364,2,How much does the special menu cost?,The talk states information that directly supports option B.,2,2026-08-09 21:34:42.767896,2026-08-09 21:34:42.767896,
692,364,3,When is the promotion available?,The talk states information that directly supports option B.,3,2026-08-09 21:34:42.767896,2026-08-09 21:34:42.767896,
693,365,1,Where are the listeners?,The talk states information that directly supports option B.,1,2026-08-09 21:34:42.767896,2026-08-09 21:34:42.767896,
694,365,2,When will the tour begin?,The talk states information that directly supports option B.,2,2026-08-09 21:34:42.767896,2026-08-09 21:34:42.767896,
695,365,3,What may visitors do?,The talk states information that directly supports option C.,3,2026-08-09 21:34:42.767896,2026-08-09 21:34:42.767896,
696,366,1,What is the announcement about?,The talk states information that directly supports option A.,1,2026-08-09 21:34:42.767896,2026-08-09 21:34:42.767896,
697,366,2,Where will the express train depart?,The talk states information that directly supports option B.,2,2026-08-09 21:34:42.767896,2026-08-09 21:34:42.767896,
698,366,3,Which platform should Oakville passengers use?,The talk states information that directly supports option D.,3,2026-08-09 21:34:42.767896,2026-08-09 21:34:42.767896,
699,367,1,What will the weather be like today?,The talk states information that directly supports option A.,1,2026-08-09 21:34:42.767896,2026-08-09 21:34:42.767896,
700,367,2,What is expected this evening?,The talk states information that directly supports option B.,2,2026-08-09 21:34:42.767896,2026-08-09 21:34:42.767896,
701,367,3,Who should be especially careful?,The talk states information that directly supports option B.,3,2026-08-09 21:34:42.767896,2026-08-09 21:34:42.767896,
702,368,1,What will be closed tomorrow morning?,The talk states information that directly supports option C.,1,2026-08-09 21:34:42.767896,2026-08-09 21:34:42.767896,
703,368,2,Why will it be closed?,The talk states information that directly supports option A.,2,2026-08-09 21:34:42.767896,2026-08-09 21:34:42.767896,
704,368,3,When will it reopen?,The talk states information that directly supports option C.,3,2026-08-09 21:34:42.767896,2026-08-09 21:34:42.767896,
705,369,1,What is Central Electronics promoting?,The talk states information that directly supports option A.,1,2026-08-09 21:34:42.767896,2026-08-09 21:34:42.767896,
706,369,2,How much are selected laptops discounted?,The talk states information that directly supports option C.,2,2026-08-09 21:34:42.767896,2026-08-09 21:34:42.767896,
707,369,3,When does the sale begin?,The talk states information that directly supports option B.,3,2026-08-09 21:34:42.767896,2026-08-09 21:34:42.767896,
708,370,1,Who should report to Training Room 3?,The talk states information that directly supports option C.,1,2026-08-09 21:34:42.767896,2026-08-09 21:34:42.767896,
709,370,2,When should participants arrive?,The talk states information that directly supports option C.,2,2026-08-09 21:34:42.767896,2026-08-09 21:34:42.767896,
710,370,3,What follows the workshop?,The talk states information that directly supports option B.,3,2026-08-09 21:34:42.767896,2026-08-09 21:34:42.767896,
711,371,1,What is the announcement mainly about?,The talk states information that directly supports option A.,1,2026-08-09 21:34:42.767896,2026-08-09 21:34:42.767896,
712,371,2,Why will the library close early?,The talk states information that directly supports option A.,2,2026-08-09 21:34:42.767896,2026-08-09 21:34:42.767896,
713,371,3,When will normal opening hours resume?,The talk states information that directly supports option B.,3,2026-08-09 21:34:42.767896,2026-08-09 21:34:42.767896,
714,372,1,What is being announced?,The talk states information that directly supports option A.,1,2026-08-09 21:34:42.767896,2026-08-09 21:34:42.767896,
715,372,2,Where should passengers go?,The talk states information that directly supports option C.,2,2026-08-09 21:34:42.767896,2026-08-09 21:34:42.767896,
716,372,3,What should passengers do before going to the new gate?,The talk states information that directly supports option B.,3,2026-08-09 21:34:42.767896,2026-08-09 21:34:42.767896,
717,373,1,Who is being reminded about the meeting?,The talk states information that directly supports option B.,1,2026-08-09 21:34:42.767896,2026-08-09 21:34:42.767896,
718,373,2,When will the meeting begin?,The talk states information that directly supports option C.,2,2026-08-09 21:34:42.767896,2026-08-09 21:34:42.767896,
719,373,3,What should attendees bring?,The talk states information that directly supports option B.,3,2026-08-09 21:34:42.767896,2026-08-09 21:34:42.767896,
720,374,1,What is being promoted?,The talk states information that directly supports option B.,1,2026-08-09 21:34:42.767896,2026-08-09 21:34:42.767896,
721,374,2,How much does the special menu cost?,The talk states information that directly supports option B.,2,2026-08-09 21:34:42.767896,2026-08-09 21:34:42.767896,
722,374,3,When is the promotion available?,The talk states information that directly supports option B.,3,2026-08-09 21:34:42.767896,2026-08-09 21:34:42.767896,
723,375,1,Where are the listeners?,The talk states information that directly supports option B.,1,2026-08-09 21:34:42.767896,2026-08-09 21:34:42.767896,
724,375,2,When will the tour begin?,The talk states information that directly supports option B.,2,2026-08-09 21:34:42.767896,2026-08-09 21:34:42.767896,
725,375,3,What may visitors do?,The talk states information that directly supports option C.,3,2026-08-09 21:34:42.767896,2026-08-09 21:34:42.767896,
726,376,1,What is the announcement about?,The talk states information that directly supports option A.,1,2026-08-09 21:34:42.767896,2026-08-09 21:34:42.767896,
727,376,2,Where will the express train depart?,The talk states information that directly supports option B.,2,2026-08-09 21:34:42.767896,2026-08-09 21:34:42.767896,
728,376,3,Which platform should Oakville passengers use?,The talk states information that directly supports option D.,3,2026-08-09 21:34:42.767896,2026-08-09 21:34:42.767896,
729,377,1,What will the weather be like today?,The talk states information that directly supports option A.,1,2026-08-09 21:34:42.767896,2026-08-09 21:34:42.767896,
730,377,2,What is expected this evening?,The talk states information that directly supports option B.,2,2026-08-09 21:34:42.767896,2026-08-09 21:34:42.767896,
731,377,3,Who should be especially careful?,The talk states information that directly supports option B.,3,2026-08-09 21:34:42.767896,2026-08-09 21:34:42.767896,
732,378,1,What will be closed tomorrow morning?,The talk states information that directly supports option C.,1,2026-08-09 21:34:42.767896,2026-08-09 21:34:42.767896,
733,378,2,Why will it be closed?,The talk states information that directly supports option A.,2,2026-08-09 21:34:42.767896,2026-08-09 21:34:42.767896,
734,378,3,When will it reopen?,The talk states information that directly supports option C.,3,2026-08-09 21:34:42.767896,2026-08-09 21:34:42.767896,
735,379,1,What is Central Electronics promoting?,The talk states information that directly supports option A.,1,2026-08-09 21:34:42.767896,2026-08-09 21:34:42.767896,
736,379,2,How much are selected laptops discounted?,The talk states information that directly supports option C.,2,2026-08-09 21:34:42.767896,2026-08-09 21:34:42.767896,
737,379,3,When does the sale begin?,The talk states information that directly supports option B.,3,2026-08-09 21:34:42.767896,2026-08-09 21:34:42.767896,
738,380,1,Who should report to Training Room 3?,The talk states information that directly supports option C.,1,2026-08-09 21:34:42.767896,2026-08-09 21:34:42.767896,
739,380,2,When should participants arrive?,The talk states information that directly supports option C.,2,2026-08-09 21:34:42.767896,2026-08-09 21:34:42.767896,
740,380,3,What follows the workshop?,The talk states information that directly supports option B.,3,2026-08-09 21:34:42.767896,2026-08-09 21:34:42.767896,
741,381,1,What is the announcement mainly about?,The talk states information that directly supports option A.,1,2026-08-09 21:34:42.767896,2026-08-09 21:34:42.767896,
742,381,2,Why will the library close early?,The talk states information that directly supports option A.,2,2026-08-09 21:34:42.767896,2026-08-09 21:34:42.767896,
743,381,3,When will normal opening hours resume?,The talk states information that directly supports option B.,3,2026-08-09 21:34:42.767896,2026-08-09 21:34:42.767896,
744,382,1,What is being announced?,The talk states information that directly supports option A.,1,2026-08-09 21:34:42.767896,2026-08-09 21:34:42.767896,
745,382,2,Where should passengers go?,The talk states information that directly supports option C.,2,2026-08-09 21:34:42.767896,2026-08-09 21:34:42.767896,
746,382,3,What should passengers do before going to the new gate?,The talk states information that directly supports option B.,3,2026-08-09 21:34:42.767896,2026-08-09 21:34:42.767896,
747,383,1,Who is being reminded about the meeting?,The talk states information that directly supports option B.,1,2026-08-09 21:34:42.767896,2026-08-09 21:34:42.767896,
748,383,2,When will the meeting begin?,The talk states information that directly supports option C.,2,2026-08-09 21:34:42.767896,2026-08-09 21:34:42.767896,
749,383,3,What should attendees bring?,The talk states information that directly supports option B.,3,2026-08-09 21:34:42.767896,2026-08-09 21:34:42.767896,
750,384,1,What is being promoted?,The talk states information that directly supports option B.,1,2026-08-09 21:34:42.767896,2026-08-09 21:34:42.767896,
751,384,2,How much does the special menu cost?,The talk states information that directly supports option B.,2,2026-08-09 21:34:42.767896,2026-08-09 21:34:42.767896,
752,384,3,When is the promotion available?,The talk states information that directly supports option B.,3,2026-08-09 21:34:42.767896,2026-08-09 21:34:42.767896,
753,385,1,Where are the listeners?,The talk states information that directly supports option B.,1,2026-08-09 21:34:42.767896,2026-08-09 21:34:42.767896,
754,385,2,When will the tour begin?,The talk states information that directly supports option B.,2,2026-08-09 21:34:42.767896,2026-08-09 21:34:42.767896,
755,385,3,What may visitors do?,The talk states information that directly supports option C.,3,2026-08-09 21:34:42.767896,2026-08-09 21:34:42.767896,
756,386,1,What is the announcement about?,The talk states information that directly supports option A.,1,2026-08-09 21:34:42.767896,2026-08-09 21:34:42.767896,
757,386,2,Where will the express train depart?,The talk states information that directly supports option B.,2,2026-08-09 21:34:42.767896,2026-08-09 21:34:42.767896,
758,386,3,Which platform should Oakville passengers use?,The talk states information that directly supports option D.,3,2026-08-09 21:34:42.767896,2026-08-09 21:34:42.767896,
759,387,1,What will the weather be like today?,The talk states information that directly supports option A.,1,2026-08-09 21:34:42.767896,2026-08-09 21:34:42.767896,
760,387,2,What is expected this evening?,The talk states information that directly supports option B.,2,2026-08-09 21:34:42.767896,2026-08-09 21:34:42.767896,
761,387,3,Who should be especially careful?,The talk states information that directly supports option B.,3,2026-08-09 21:34:42.767896,2026-08-09 21:34:42.767896,
762,388,1,What will be closed tomorrow morning?,The talk states information that directly supports option C.,1,2026-08-09 21:34:42.767896,2026-08-09 21:34:42.767896,
763,388,2,Why will it be closed?,The talk states information that directly supports option A.,2,2026-08-09 21:34:42.767896,2026-08-09 21:34:42.767896,
764,388,3,When will it reopen?,The talk states information that directly supports option C.,3,2026-08-09 21:34:42.767896,2026-08-09 21:34:42.767896,
765,389,1,What is Central Electronics promoting?,The talk states information that directly supports option A.,1,2026-08-09 21:34:42.767896,2026-08-09 21:34:42.767896,
766,389,2,How much are selected laptops discounted?,The talk states information that directly supports option C.,2,2026-08-09 21:34:42.767896,2026-08-09 21:34:42.767896,
767,389,3,When does the sale begin?,The talk states information that directly supports option B.,3,2026-08-09 21:34:42.767896,2026-08-09 21:34:42.767896,
768,390,1,Who should report to Training Room 3?,The talk states information that directly supports option C.,1,2026-08-09 21:34:42.767896,2026-08-09 21:34:42.767896,
769,390,2,When should participants arrive?,The talk states information that directly supports option C.,2,2026-08-09 21:34:42.767896,2026-08-09 21:34:42.767896,
770,390,3,What follows the workshop?,The talk states information that directly supports option B.,3,2026-08-09 21:34:42.767896,2026-08-09 21:34:42.767896,
771,391,1,What is the announcement mainly about?,The talk states information that directly supports option A.,1,2026-08-09 21:34:42.767896,2026-08-09 21:34:42.767896,
772,391,2,Why will the library close early?,The talk states information that directly supports option A.,2,2026-08-09 21:34:42.767896,2026-08-09 21:34:42.767896,
773,391,3,When will normal opening hours resume?,The talk states information that directly supports option B.,3,2026-08-09 21:34:42.767896,2026-08-09 21:34:42.767896,
774,392,1,What is being announced?,The talk states information that directly supports option A.,1,2026-08-09 21:34:42.767896,2026-08-09 21:34:42.767896,
775,392,2,Where should passengers go?,The talk states information that directly supports option C.,2,2026-08-09 21:34:42.767896,2026-08-09 21:34:42.767896,
776,392,3,What should passengers do before going to the new gate?,The talk states information that directly supports option B.,3,2026-08-09 21:34:42.767896,2026-08-09 21:34:42.767896,
777,393,1,Who is being reminded about the meeting?,The talk states information that directly supports option B.,1,2026-08-09 21:34:42.767896,2026-08-09 21:34:42.767896,
778,393,2,When will the meeting begin?,The talk states information that directly supports option C.,2,2026-08-09 21:34:42.767896,2026-08-09 21:34:42.767896,
779,393,3,What should attendees bring?,The talk states information that directly supports option B.,3,2026-08-09 21:34:42.767896,2026-08-09 21:34:42.767896,
780,394,1,What is being promoted?,The talk states information that directly supports option B.,1,2026-08-09 21:34:42.767896,2026-08-09 21:34:42.767896,
781,394,2,How much does the special menu cost?,The talk states information that directly supports option B.,2,2026-08-09 21:34:42.767896,2026-08-09 21:34:42.767896,
782,394,3,When is the promotion available?,The talk states information that directly supports option B.,3,2026-08-09 21:34:42.767896,2026-08-09 21:34:42.767896,
783,395,1,Where are the listeners?,The talk states information that directly supports option B.,1,2026-08-09 21:34:42.767896,2026-08-09 21:34:42.767896,
784,395,2,When will the tour begin?,The talk states information that directly supports option B.,2,2026-08-09 21:34:42.767896,2026-08-09 21:34:42.767896,
785,395,3,What may visitors do?,The talk states information that directly supports option C.,3,2026-08-09 21:34:42.767896,2026-08-09 21:34:42.767896,
786,396,1,What is the announcement about?,The talk states information that directly supports option A.,1,2026-08-09 21:34:42.767896,2026-08-09 21:34:42.767896,
787,396,2,Where will the express train depart?,The talk states information that directly supports option B.,2,2026-08-09 21:34:42.767896,2026-08-09 21:34:42.767896,
788,396,3,Which platform should Oakville passengers use?,The talk states information that directly supports option D.,3,2026-08-09 21:34:42.767896,2026-08-09 21:34:42.767896,
789,397,1,What will the weather be like today?,The talk states information that directly supports option A.,1,2026-08-09 21:34:42.767896,2026-08-09 21:34:42.767896,
790,397,2,What is expected this evening?,The talk states information that directly supports option B.,2,2026-08-09 21:34:42.767896,2026-08-09 21:34:42.767896,
791,397,3,Who should be especially careful?,The talk states information that directly supports option B.,3,2026-08-09 21:34:42.767896,2026-08-09 21:34:42.767896,
792,398,1,What will be closed tomorrow morning?,The talk states information that directly supports option C.,1,2026-08-09 21:34:42.767896,2026-08-09 21:34:42.767896,
793,398,2,Why will it be closed?,The talk states information that directly supports option A.,2,2026-08-09 21:34:42.767896,2026-08-09 21:34:42.767896,
794,398,3,When will it reopen?,The talk states information that directly supports option C.,3,2026-08-09 21:34:42.767896,2026-08-09 21:34:42.767896,
795,399,1,What is Central Electronics promoting?,The talk states information that directly supports option A.,1,2026-08-09 21:34:42.767896,2026-08-09 21:34:42.767896,
796,399,2,How much are selected laptops discounted?,The talk states information that directly supports option C.,2,2026-08-09 21:34:42.767896,2026-08-09 21:34:42.767896,
797,399,3,When does the sale begin?,The talk states information that directly supports option B.,3,2026-08-09 21:34:42.767896,2026-08-09 21:34:42.767896,
798,400,1,Who should report to Training Room 3?,The talk states information that directly supports option C.,1,2026-08-09 21:34:42.767896,2026-08-09 21:34:42.767896,
799,400,2,When should participants arrive?,The talk states information that directly supports option C.,2,2026-08-09 21:34:42.767896,2026-08-09 21:34:42.767896,
800,400,3,What follows the workshop?,The talk states information that directly supports option B.,3,2026-08-09 21:34:42.767896,2026-08-09 21:34:42.767896,
9,9,9,Look at the picture and listen to the four statements.,Correct answer: C. Image: /listening/part1/images/q09.jpg,9,2026-08-09 17:24:00.807443,2026-08-09 17:24:00.807443,Mẹo Part 1: Hãy chú ý thì hiện tại tiếp diễn (V-ing) để mô tả hành động đang xảy ra trong hình.
